datetime,Global_active_power,y_pred,residual,z_score,abs_error,hour,dayofweek,message
2010-11-20 18:00:00,5.626833,1.7593280244586824,3.8675049375774506,6.7603257204514975,3.8675049375774506,18,5,"[2010-11-20 18:00] Unusual spike on Sat 18:00 (evening peak) detected by residual z-score: actual 5.63 kW vs expected 1.76 kW (Δ +3.87 kW, |z|=6.76). Possible causes: more high-power appliances running at once than usual."
2010-02-21 11:00:00,5.0908,1.3204593037476149,3.770340504754582,5.8841122636946395,3.770340504754582,11,6,"[2010-02-21 11:00] Unusual spike on Sun 11:00 (daytime) detected by residual z-score: actual 5.09 kW vs expected 1.32 kW (Δ +3.77 kW, |z|=5.88). Possible causes: a large appliance running outside its usual schedule, or overlapping medium loads."
2010-01-23 18:00:00,5.2655334,1.7524946063890192,3.5130388408766056,5.998219141607921,3.5130388408766056,18,5,"[2010-01-23 18:00] Unusual spike on Sat 18:00 (evening peak) detected by residual z-score: actual 5.27 kW vs expected 1.75 kW (Δ +3.51 kW, |z|=6.00). Possible causes: more high-power appliances running at once than usual."
2009-01-24 11:00:00,5.0734,2.0279337808323463,3.045466239767019,6.39054473845393,3.045466239767019,11,5,"[2009-01-24 11:00] Unusual spike on Sat 11:00 (daytime) detected by residual z-score: actual 5.07 kW vs expected 2.03 kW (Δ +3.05 kW, |z|=6.39). Possible causes: a large appliance running outside its usual schedule, or overlapping medium loads."
2009-10-23 15:00:00,4.0253,1.0463439429159578,2.9789560830239834,5.147501034503728,2.9789560830239834,15,4,"[2009-10-23 15:00] Unusual spike on Fri 15:00 (daytime) detected by residual z-score: actual 4.03 kW vs expected 1.05 kW (Δ +2.98 kW, |z|=5.15). Possible causes: a large appliance running outside its usual schedule, or overlapping medium loads."
2010-01-15 20:00:00,5.3368,2.3685429228909176,2.968257175528272,5.1681308282205976,2.968257175528272,20,4,"[2010-01-15 20:00] Unusual spike on Fri 20:00 (evening peak) detected by residual z-score: actual 5.34 kW vs expected 2.37 kW (Δ +2.97 kW, |z|=5.17). Possible causes: more high-power appliances running at once than usual."
2009-11-24 19:00:00,4.5056,1.6691812127139745,2.836418762871963,4.715235139049035,2.836418762871963,19,1,"[2009-11-24 19:00] Unusual spike on Tue 19:00 (evening peak) detected by residual z-score: actual 4.51 kW vs expected 1.67 kW (Δ +2.84 kW, |z|=4.72). Possible causes: more high-power appliances running at once than usual."
2007-05-08 12:00:00,4.7191334,1.9321783203616862,2.7869550567135093,5.6077305355806155,2.7869550567135093,12,1,"[2007-05-08 12:00] Unusual spike on Tue 12:00 (daytime) detected by residual z-score: actual 4.72 kW vs expected 1.93 kW (Δ +2.79 kW, |z|=5.61). Possible causes: a large appliance running outside its usual schedule, or overlapping medium loads."
2009-10-24 18:00:00,3.9988666,1.3148537754773033,2.684012782597648,4.303100517498141,2.684012782597648,18,5,"[2009-10-24 18:00] Unusual spike on Sat 18:00 (evening peak) detected by residual z-score: actual 4.00 kW vs expected 1.31 kW (Δ +2.68 kW, |z|=4.30). Possible causes: more high-power appliances running at once than usual."
2010-01-27 17:00:00,4.0798335,1.412591895642672,2.66724161189517,4.008638594919076,2.66724161189517,17,2,"[2010-01-27 17:00] Unusual spike on Wed 17:00 (evening peak) detected by residual z-score: actual 4.08 kW vs expected 1.41 kW (Δ +2.67 kW, |z|=4.01). Possible causes: more high-power appliances running at once than usual."
2010-11-14 15:00:00,4.1565666,1.4900121770579986,2.6665544428150483,4.664036888470888,2.6665544428150483,15,6,"[2010-11-14 15:00] Unusual spike on Sun 15:00 (daytime) detected by residual z-score: actual 4.16 kW vs expected 1.49 kW (Δ +2.67 kW, |z|=4.66). Possible causes: a large appliance running outside its usual schedule, or overlapping medium loads."
2010-06-23 21:00:00,3.9411001,1.2956777519999636,2.64542236854447,5.153121273174283,2.64542236854447,21,2,"[2010-06-23 21:00] Unusual spike on Wed 21:00 (evening peak) detected by residual z-score: actual 3.94 kW vs expected 1.30 kW (Δ +2.65 kW, |z|=5.15). Possible causes: more high-power appliances running at once than usual."
2009-11-11 17:00:00,4.5361667,1.9012720932082692,2.6348945747299632,4.548203067576575,2.6348945747299632,17,2,"[2009-11-11 17:00] Unusual spike on Wed 17:00 (evening peak) detected by residual z-score: actual 4.54 kW vs expected 1.90 kW (Δ +2.63 kW, |z|=4.55). Possible causes: more high-power appliances running at once than usual."
2009-10-17 16:00:00,4.663167,2.097062410484596,2.5661045893322987,4.319476612258805,2.5661045893322987,16,5,"[2009-10-17 16:00] Unusual spike on Sat 16:00 (daytime) detected by residual z-score: actual 4.66 kW vs expected 2.10 kW (Δ +2.57 kW, |z|=4.32). Possible causes: a large appliance running outside its usual schedule, or overlapping medium loads."
2010-11-04 08:00:00,4.4189,1.8573351203755761,2.5615648925943946,4.293403085654679,2.5615648925943946,8,3,"[2010-11-04 08:00] Unusual spike on Thu 08:00 (morning) detected by residual z-score: actual 4.42 kW vs expected 1.86 kW (Δ +2.56 kW, |z|=4.29). Possible causes: a heavy start-of-day routine or several devices switching on at once."
2008-06-18 16:00:00,3.6527,1.0977814863951743,2.5549184609620035,5.401429886884981,2.5549184609620035,16,2,"[2008-06-18 16:00] Unusual spike on Wed 16:00 (daytime) detected by residual z-score: actual 3.65 kW vs expected 1.10 kW (Δ +2.55 kW, |z|=5.40). Possible causes: a large appliance running outside its usual schedule, or overlapping medium loads."
2010-01-09 14:00:00,3.4111667,0.9209096105336478,2.490257057404585,4.3475187074125135,2.490257057404585,14,5,"[2010-01-09 14:00] Unusual spike on Sat 14:00 (daytime) detected by residual z-score: actual 3.41 kW vs expected 0.92 kW (Δ +2.49 kW, |z|=4.35). Possible causes: a large appliance running outside its usual schedule, or overlapping medium loads."
2010-02-21 14:00:00,4.6382,2.1887753730888506,2.4494244331245283,3.623700469228172,2.4494244331245283,14,6,"[2010-02-21 14:00] Unusual spike on Sun 14:00 (daytime) detected by residual z-score: actual 4.64 kW vs expected 2.19 kW (Δ +2.45 kW, |z|=3.62). Possible causes: a large appliance running outside its usual schedule, or overlapping medium loads."
2010-02-17 12:00:00,4.059933,1.6106391224711631,2.4492940631062297,4.526937868160497,2.4492940631062297,12,2,"[2010-02-17 12:00] Unusual spike on Wed 12:00 (daytime) detected by residual z-score: actual 4.06 kW vs expected 1.61 kW (Δ +2.45 kW, |z|=4.53). Possible causes: a large appliance running outside its usual schedule, or overlapping medium loads."
2010-05-08 21:00:00,3.2730334,0.8659816366414849,2.407051743866938,4.576870476886468,2.407051743866938,21,5,"[2010-05-08 21:00] Unusual spike on Sat 21:00 (evening peak) detected by residual z-score: actual 3.27 kW vs expected 0.87 kW (Δ +2.41 kW, |z|=4.58). Possible causes: more high-power appliances running at once than usual."
2009-10-29 15:00:00,3.4380667,1.0347950150654885,2.403271705897036,3.7040051915327723,2.403271705897036,15,3,"[2009-10-29 15:00] Unusual spike on Thu 15:00 (daytime) detected by residual z-score: actual 3.44 kW vs expected 1.03 kW (Δ +2.40 kW, |z|=3.70). Possible causes: a large appliance running outside its usual schedule, or overlapping medium loads."
2010-10-02 20:00:00,3.9403,1.5383892512320276,2.401910736560941,5.553883933005788,2.401910736560941,20,5,"[2010-10-02 20:00] Unusual spike on Sat 20:00 (evening peak) detected by residual z-score: actual 3.94 kW vs expected 1.54 kW (Δ +2.40 kW, |z|=5.55). Possible causes: more high-power appliances running at once than usual."
2009-12-12 17:00:00,4.2413335,1.8399971337856273,2.401336350864031,4.183298102470203,2.401336350864031,17,5,"[2009-12-12 17:00] Unusual spike on Sat 17:00 (evening peak) detected by residual z-score: actual 4.24 kW vs expected 1.84 kW (Δ +2.40 kW, |z|=4.18). Possible causes: more high-power appliances running at once than usual."
2010-02-13 12:00:00,3.9241333,1.538012973242021,2.386120327539229,4.250062010538285,2.386120327539229,12,5,"[2010-02-13 12:00] Unusual spike on Sat 12:00 (daytime) detected by residual z-score: actual 3.92 kW vs expected 1.54 kW (Δ +2.39 kW, |z|=4.25). Possible causes: a large appliance running outside its usual schedule, or overlapping medium loads."
2010-10-18 18:00:00,3.3914669,1.022636898406099,2.3688299575967084,4.169046914594578,2.3688299575967084,18,0,"[2010-10-18 18:00] Unusual spike on Mon 18:00 (evening peak) detected by residual z-score: actual 3.39 kW vs expected 1.02 kW (Δ +2.37 kW, |z|=4.17). Possible causes: more high-power appliances running at once than usual."
2010-03-31 14:00:00,0.49153334,2.764172584700804,-2.272639245677214,-4.655292904901273,2.272639245677214,14,2,"[2010-03-31 14:00] Unusual drop on Wed 14:00 (daytime) detected by residual z-score: actual 0.49 kW vs expected 2.76 kW (Δ -2.27 kW, |z|=4.66). Possible causes: a large appliance running outside its usual schedule, or overlapping medium loads."
2009-08-18 21:00:00,3.8541,1.590665909659073,2.263434079278305,6.5821485937009205,2.263434079278305,21,1,"[2009-08-18 21:00] Unusual spike on Tue 21:00 (evening peak) detected by residual z-score: actual 3.85 kW vs expected 1.59 kW (Δ +2.26 kW, |z|=6.58). Possible causes: more high-power appliances running at once than usual."
2009-11-08 12:00:00,4.3383,2.081117150721071,2.2571830773978254,3.5747127181690925,2.2571830773978254,12,6,"[2009-11-08 12:00] Unusual spike on Sun 12:00 (daytime) detected by residual z-score: actual 4.34 kW vs expected 2.08 kW (Δ +2.26 kW, |z|=3.57). Possible causes: a large appliance running outside its usual schedule, or overlapping medium loads."
2007-03-31 10:00:00,5.1610665,2.9171161484297827,2.243950383705227,4.7649081363801,2.243950383705227,10,5,"[2007-03-31 10:00] Unusual spike on Sat 10:00 (daytime) detected by residual z-score: actual 5.16 kW vs expected 2.92 kW (Δ +2.24 kW, |z|=4.76). Possible causes: a large appliance running outside its usual schedule, or overlapping medium loads."
2010-04-11 20:00:00,3.8161333,1.5786164830393576,2.237516777687571,4.912657955063289,2.237516777687571,20,6,"[2010-04-11 20:00] Unusual spike on Sun 20:00 (evening peak) detected by residual z-score: actual 3.82 kW vs expected 1.58 kW (Δ +2.24 kW, |z|=4.91). Possible causes: more high-power appliances running at once than usual."
2009-05-17 10:00:00,3.7628,1.5421561018301377,2.220643876426088,4.736442895346494,2.220643876426088,10,6,"[2009-05-17 10:00] Unusual spike on Sun 10:00 (daytime) detected by residual z-score: actual 3.76 kW vs expected 1.54 kW (Δ +2.22 kW, |z|=4.74). Possible causes: a large appliance running outside its usual schedule, or overlapping medium loads."
2009-12-24 16:00:00,4.5332665,2.316085168386321,2.21718137595572,3.9818027364572024,2.21718137595572,16,3,"[2009-12-24 16:00] Unusual spike on Thu 16:00 (daytime) detected by residual z-score: actual 4.53 kW vs expected 2.32 kW (Δ +2.22 kW, |z|=3.98). Possible causes: a large appliance running outside its usual schedule, or overlapping medium loads."
2010-11-22 18:00:00,3.1683002,0.9531271904492656,2.2151729613756856,3.904434923872878,2.2151729613756856,18,0,"[2010-11-22 18:00] Unusual spike on Mon 18:00 (evening peak) detected by residual z-score: actual 3.17 kW vs expected 0.95 kW (Δ +2.22 kW, |z|=3.90). Possible causes: more high-power appliances running at once than usual."
2009-12-30 19:00:00,3.7885,1.5760023265549905,2.212497744016909,3.2267911451940607,2.212497744016909,19,2,"[2009-12-30 19:00] Unusual spike on Wed 19:00 (evening peak) detected by residual z-score: actual 3.79 kW vs expected 1.58 kW (Δ +2.21 kW, |z|=3.23). Possible causes: more high-power appliances running at once than usual."
2009-11-26 20:00:00,3.8141668,1.614070141185548,2.200096643100951,3.53358639585893,2.200096643100951,20,3,"[2009-11-26 20:00] Unusual spike on Thu 20:00 (evening peak) detected by residual z-score: actual 3.81 kW vs expected 1.61 kW (Δ +2.20 kW, |z|=3.53). Possible causes: more high-power appliances running at once than usual."
2010-10-30 11:00:00,3.1332333,0.941007070714158,2.1922262380779562,3.620393940702787,2.1922262380779562,11,5,"[2010-10-30 11:00] Unusual spike on Sat 11:00 (daytime) detected by residual z-score: actual 3.13 kW vs expected 0.94 kW (Δ +2.19 kW, |z|=3.62). Possible causes: a large appliance running outside its usual schedule, or overlapping medium loads."
2010-05-29 18:00:00,3.412,1.2296058558125673,2.182394085059625,4.861562586312271,2.182394085059625,18,5,"[2010-05-29 18:00] Unusual spike on Sat 18:00 (evening peak) detected by residual z-score: actual 3.41 kW vs expected 1.23 kW (Δ +2.18 kW, |z|=4.86). Possible causes: more high-power appliances running at once than usual."
2009-12-24 15:00:00,3.5086668,1.3307185690528964,2.1779481847160245,4.1110513047506405,2.1779481847160245,15,3,"[2009-12-24 15:00] Unusual spike on Thu 15:00 (daytime) detected by residual z-score: actual 3.51 kW vs expected 1.33 kW (Δ +2.18 kW, |z|=4.11). Possible causes: a large appliance running outside its usual schedule, or overlapping medium loads."
2008-04-12 18:00:00,5.656433,3.488632938362947,2.167800167105803,4.873455381633872,2.167800167105803,18,5,"[2008-04-12 18:00] Unusual spike on Sat 18:00 (evening peak) detected by residual z-score: actual 5.66 kW vs expected 3.49 kW (Δ +2.17 kW, |z|=4.87). Possible causes: more high-power appliances running at once than usual."
2007-08-26 14:00:00,3.7631998,1.6000708847576726,2.1631289214557063,4.993995718157128,2.1631289214557063,14,6,"[2007-08-26 14:00] Unusual spike on Sun 14:00 (daytime) detected by residual z-score: actual 3.76 kW vs expected 1.60 kW (Δ +2.16 kW, |z|=4.99). Possible causes: a large appliance running outside its usual schedule, or overlapping medium loads."
2010-10-14 19:00:00,4.1177664,1.9581747970361434,2.159591583273915,4.229780913140604,2.159591583273915,19,3,"[2010-10-14 19:00] Unusual spike on Thu 19:00 (evening peak) detected by residual z-score: actual 4.12 kW vs expected 1.96 kW (Δ +2.16 kW, |z|=4.23). Possible causes: more high-power appliances running at once than usual."
2007-01-17 15:00:00,3.8719666,1.72074171830783,2.151224882110261,4.308932879674262,2.151224882110261,15,2,"[2007-01-17 15:00] Unusual spike on Wed 15:00 (daytime) detected by residual z-score: actual 3.87 kW vs expected 1.72 kW (Δ +2.15 kW, |z|=4.31). Possible causes: a large appliance running outside its usual schedule, or overlapping medium loads."
2007-01-10 11:00:00,3.9707668,1.819816420667934,2.1509503620926864,4.453549186708328,2.1509503620926864,11,2,"[2007-01-10 11:00] Unusual spike on Wed 11:00 (daytime) detected by residual z-score: actual 3.97 kW vs expected 1.82 kW (Δ +2.15 kW, |z|=4.45). Possible causes: a large appliance running outside its usual schedule, or overlapping medium loads."
2010-05-15 23:00:00,3.8198333,1.6752390207164094,2.1445942579395965,3.9413782809081823,2.1445942579395965,23,5,"[2010-05-15 23:00] Unusual spike on Sat 23:00 (late evening) detected by residual z-score: actual 3.82 kW vs expected 1.68 kW (Δ +2.14 kW, |z|=3.94). Possible causes: an unusual load combination late at night."
2009-12-06 11:00:00,3.7279,1.5911382956915952,2.1367617325371646,4.632383232817642,2.1367617325371646,11,6,"[2009-12-06 11:00] Unusual spike on Sun 11:00 (daytime) detected by residual z-score: actual 3.73 kW vs expected 1.59 kW (Δ +2.14 kW, |z|=4.63). Possible causes: a large appliance running outside its usual schedule, or overlapping medium loads."
2009-06-07 13:00:00,3.4554667,1.3202298368287304,2.1352369104552054,6.0861307780472425,2.1352369104552054,13,6,"[2009-06-07 13:00] Unusual spike on Sun 13:00 (daytime) detected by residual z-score: actual 3.46 kW vs expected 1.32 kW (Δ +2.14 kW, |z|=6.09). Possible causes: a large appliance running outside its usual schedule, or overlapping medium loads."
2009-11-15 17:00:00,4.2462335,2.1138480533645008,2.1323854099228527,3.9768857115148095,2.1323854099228527,17,6,"[2009-11-15 17:00] Unusual spike on Sun 17:00 (evening peak) detected by residual z-score: actual 4.25 kW vs expected 2.11 kW (Δ +2.13 kW, |z|=3.98). Possible causes: more high-power appliances running at once than usual."
2008-05-18 20:00:00,4.2307,2.106897259381094,2.1238027566406346,4.500870562071859,2.1238027566406346,20,6,"[2008-05-18 20:00] Unusual spike on Sun 20:00 (evening peak) detected by residual z-score: actual 4.23 kW vs expected 2.11 kW (Δ +2.12 kW, |z|=4.50). Possible causes: more high-power appliances running at once than usual."
2010-06-05 22:00:00,3.0245667,0.9041610507462674,2.1204055996443576,4.246448509781352,2.1204055996443576,22,5,"[2010-06-05 22:00] Unusual spike on Sat 22:00 (late evening) detected by residual z-score: actual 3.02 kW vs expected 0.90 kW (Δ +2.12 kW, |z|=4.25). Possible causes: an unusual load combination late at night."
2010-07-01 00:00:00,3.3290334,1.2088729977602826,2.120160377026094,5.137595476917849,2.120160377026094,0,3,"[2010-07-01 00:00] Unusual spike on Thu 00:00 (overnight) detected by residual z-score: actual 3.33 kW vs expected 1.21 kW (Δ +2.12 kW, |z|=5.14). Possible causes: a device left on overnight, standby/defrost cycle, or a heating/cooling unit."
2010-03-08 15:00:00,3.969,1.8505352613625308,2.118464839726947,4.478026434234035,2.118464839726947,15,0,"[2010-03-08 15:00] Unusual spike on Mon 15:00 (daytime) detected by residual z-score: actual 3.97 kW vs expected 1.85 kW (Δ +2.12 kW, |z|=4.48). Possible causes: a large appliance running outside its usual schedule, or overlapping medium loads."
2010-06-06 18:00:00,0.5265333,2.644990988947541,-2.118457683302552,-3.9320867156789405,2.118457683302552,18,6,"[2010-06-06 18:00] Unusual drop on Sun 18:00 (evening peak) detected by residual z-score: actual 0.53 kW vs expected 2.64 kW (Δ -2.12 kW, |z|=3.93). Possible causes: more high-power appliances running at once than usual."
2010-02-20 18:00:00,3.0763001,0.9622224583145628,2.1140776858809938,3.7426678548968964,2.1140776858809938,18,5,"[2010-02-20 18:00] Unusual spike on Sat 18:00 (evening peak) detected by residual z-score: actual 3.08 kW vs expected 0.96 kW (Δ +2.11 kW, |z|=3.74). Possible causes: more high-power appliances running at once than usual."
2006-12-28 21:00:00,5.035333,2.955547324873957,2.079785831711736,,2.079785831711736,21,3,"[2006-12-28 21:00] Unusual spike on Thu 21:00 (evening peak) detected by residual z-score: actual 5.04 kW vs expected 2.96 kW (Δ +2.08 kW, |z|=nan). Possible causes: more high-power appliances running at once than usual."
2009-10-10 19:00:00,2.8749335,0.8101218309458266,2.064811650270604,4.191963760419438,2.064811650270604,19,5,"[2009-10-10 19:00] Unusual spike on Sat 19:00 (evening peak) detected by residual z-score: actual 2.87 kW vs expected 0.81 kW (Δ +2.06 kW, |z|=4.19). Possible causes: more high-power appliances running at once than usual."
2008-05-10 16:00:00,3.9303334,1.8744594060915818,2.0558739698392046,4.295529241973725,2.0558739698392046,16,5,"[2008-05-10 16:00] Unusual spike on Sat 16:00 (daytime) detected by residual z-score: actual 3.93 kW vs expected 1.87 kW (Δ +2.06 kW, |z|=4.30). Possible causes: a large appliance running outside its usual schedule, or overlapping medium loads."
2009-11-21 17:00:00,4.7686334,2.717713284301181,2.0509200813299224,4.080826334547268,2.0509200813299224,17,5,"[2009-11-21 17:00] Unusual spike on Sat 17:00 (evening peak) detected by residual z-score: actual 4.77 kW vs expected 2.72 kW (Δ +2.05 kW, |z|=4.08). Possible causes: more high-power appliances running at once than usual."
2010-01-30 18:00:00,5.1421666,3.0956128773205136,2.046553737211957,3.0965237897984745,2.046553737211957,18,5,"[2010-01-30 18:00] Unusual spike on Sat 18:00 (evening peak) detected by residual z-score: actual 5.14 kW vs expected 3.10 kW (Δ +2.05 kW, |z|=3.10). Possible causes: more high-power appliances running at once than usual."
2010-11-15 12:00:00,3.3210666,1.2806521150781216,2.0404145028875766,3.434486871395179,2.0404145028875766,12,0,"[2010-11-15 12:00] Unusual spike on Mon 12:00 (daytime) detected by residual z-score: actual 3.32 kW vs expected 1.28 kW (Δ +2.04 kW, |z|=3.43). Possible causes: a large appliance running outside its usual schedule, or overlapping medium loads."
2007-12-04 21:00:00,5.0660663,3.0325054565198064,2.0335608085863948,4.18366283914426,2.0335608085863948,21,1,"[2007-12-04 21:00] Unusual spike on Tue 21:00 (evening peak) detected by residual z-score: actual 5.07 kW vs expected 3.03 kW (Δ +2.03 kW, |z|=4.18). Possible causes: more high-power appliances running at once than usual."
2009-12-20 08:00:00,2.7097332,0.6791100018253142,2.030623245931644,4.092011418702586,2.030623245931644,8,6,"[2009-12-20 08:00] Unusual spike on Sun 08:00 (morning) detected by residual z-score: actual 2.71 kW vs expected 0.68 kW (Δ +2.03 kW, |z|=4.09). Possible causes: a heavy start-of-day routine or several devices switching on at once."
2007-05-18 20:00:00,3.9856668,1.9553494669066862,2.030317284954886,4.3888771849854775,2.030317284954886,20,4,"[2007-05-18 20:00] Unusual spike on Fri 20:00 (evening peak) detected by residual z-score: actual 3.99 kW vs expected 1.96 kW (Δ +2.03 kW, |z|=4.39). Possible causes: more high-power appliances running at once than usual."
2010-05-02 19:00:00,3.7739,1.7466866849083014,2.027213347135156,3.8012611417177844,2.027213347135156,19,6,"[2010-05-02 19:00] Unusual spike on Sun 19:00 (evening peak) detected by residual z-score: actual 3.77 kW vs expected 1.75 kW (Δ +2.03 kW, |z|=3.80). Possible causes: more high-power appliances running at once than usual."
2007-10-16 13:00:00,3.6034665,1.5946946737377752,2.0087718370349297,4.110550150523378,2.0087718370349297,13,1,"[2007-10-16 13:00] Unusual spike on Tue 13:00 (daytime) detected by residual z-score: actual 3.60 kW vs expected 1.59 kW (Δ +2.01 kW, |z|=4.11). Possible causes: a large appliance running outside its usual schedule, or overlapping medium loads."
2009-02-11 18:00:00,5.2338004,3.2265743251396253,2.00722608608474,4.214437499279046,2.00722608608474,18,2,"[2009-02-11 18:00] Unusual spike on Wed 18:00 (evening peak) detected by residual z-score: actual 5.23 kW vs expected 3.23 kW (Δ +2.01 kW, |z|=4.21). Possible causes: more high-power appliances running at once than usual."
2009-11-03 13:00:00,2.8421333,0.8375319161331415,2.0046013674819707,3.4608038580297036,2.0046013674819707,13,1,"[2009-11-03 13:00] Unusual spike on Tue 13:00 (daytime) detected by residual z-score: actual 2.84 kW vs expected 0.84 kW (Δ +2.00 kW, |z|=3.46). Possible causes: a large appliance running outside its usual schedule, or overlapping medium loads."
2009-02-11 12:00:00,4.2492666,2.2536725588346838,1.9955940656159998,4.364031215751805,1.9955940656159998,12,2,"[2009-02-11 12:00] Unusual spike on Wed 12:00 (daytime) detected by residual z-score: actual 4.25 kW vs expected 2.25 kW (Δ +2.00 kW, |z|=4.36). Possible causes: a large appliance running outside its usual schedule, or overlapping medium loads."
2009-11-22 20:00:00,5.1151667,3.1238560986940462,1.991310565429489,3.7363207360150654,1.991310565429489,20,6,"[2009-11-22 20:00] Unusual spike on Sun 20:00 (evening peak) detected by residual z-score + isolation forest: actual 5.12 kW vs expected 3.12 kW (Δ +1.99 kW, |z|=3.74). Possible causes: more high-power appliances running at once than usual."
2009-10-31 12:00:00,3.6898665,1.7117444317602337,1.9781221110559284,3.2659586377155376,1.9781221110559284,12,5,"[2009-10-31 12:00] Unusual spike on Sat 12:00 (daytime) detected by residual z-score: actual 3.69 kW vs expected 1.71 kW (Δ +1.98 kW, |z|=3.27). Possible causes: a large appliance running outside its usual schedule, or overlapping medium loads."
2009-01-11 13:00:00,4.0528,2.086848357952138,1.965951820575694,4.294057715989168,1.965951820575694,13,6,"[2009-01-11 13:00] Unusual spike on Sun 13:00 (daytime) detected by residual z-score: actual 4.05 kW vs expected 2.09 kW (Δ +1.97 kW, |z|=4.29). Possible causes: a large appliance running outside its usual schedule, or overlapping medium loads."
2007-11-23 12:00:00,4.1297,2.1656179183553737,1.9640822655130346,4.1375772628108525,1.9640822655130346,12,4,"[2007-11-23 12:00] Unusual spike on Fri 12:00 (daytime) detected by residual z-score: actual 4.13 kW vs expected 2.17 kW (Δ +1.96 kW, |z|=4.14). Possible causes: a large appliance running outside its usual schedule, or overlapping medium loads."
2008-03-18 16:00:00,3.7211,1.7608961795096922,1.9602039124245119,4.090577113377819,1.9602039124245119,16,1,"[2008-03-18 16:00] Unusual spike on Tue 16:00 (daytime) detected by residual z-score: actual 3.72 kW vs expected 1.76 kW (Δ +1.96 kW, |z|=4.09). Possible causes: a large appliance running outside its usual schedule, or overlapping medium loads."
2010-04-17 10:00:00,3.5854669,1.6274588431715673,1.9580080185532862,3.7134661276373775,1.9580080185532862,10,5,"[2010-04-17 10:00] Unusual spike on Sat 10:00 (daytime) detected by residual z-score: actual 3.59 kW vs expected 1.63 kW (Δ +1.96 kW, |z|=3.71). Possible causes: a large appliance running outside its usual schedule, or overlapping medium loads."
2010-01-24 12:00:00,4.4272666,2.4731781535192505,1.9540884442285522,2.9939993897769726,1.9540884442285522,12,6,"[2010-01-24 12:00] Unusual spike on Sun 12:00 (daytime) detected by residual z-score: actual 4.43 kW vs expected 2.47 kW (Δ +1.95 kW, |z|=2.99). Possible causes: a large appliance running outside its usual schedule, or overlapping medium loads."
2008-07-03 21:00:00,3.6561332,1.7045469210386597,1.9515862538575806,5.220878932164055,1.9515862538575806,21,3,"[2008-07-03 21:00] Unusual spike on Thu 21:00 (evening peak) detected by residual z-score: actual 3.66 kW vs expected 1.70 kW (Δ +1.95 kW, |z|=5.22). Possible causes: more high-power appliances running at once than usual."
2010-06-13 10:00:00,2.9332666,0.9831276664582502,1.9501389732512224,3.949420001864502,1.9501389732512224,10,6,"[2010-06-13 10:00] Unusual spike on Sun 10:00 (daytime) detected by residual z-score: actual 2.93 kW vs expected 0.98 kW (Δ +1.95 kW, |z|=3.95). Possible causes: a large appliance running outside its usual schedule, or overlapping medium loads."
2007-01-04 12:00:00,4.066567,2.127439554471579,1.9391273896507353,4.161092798641147,1.9391273896507353,12,3,"[2007-01-04 12:00] Unusual spike on Thu 12:00 (daytime) detected by residual z-score: actual 4.07 kW vs expected 2.13 kW (Δ +1.94 kW, |z|=4.16). Possible causes: a large appliance running outside its usual schedule, or overlapping medium loads."
2010-01-10 15:00:00,4.615967,2.678521035770612,1.9374457611043878,3.171087648932966,1.9374457611043878,15,6,"[2010-01-10 15:00] Unusual spike on Sun 15:00 (daytime) detected by residual z-score: actual 4.62 kW vs expected 2.68 kW (Δ +1.94 kW, |z|=3.17). Possible causes: a large appliance running outside its usual schedule, or overlapping medium loads."
2007-12-23 19:00:00,6.488,4.553564087125781,1.9344358289508792,4.034642330255898,1.9344358289508792,19,6,"[2007-12-23 19:00] Unusual spike on Sun 19:00 (evening peak) detected by residual z-score: actual 6.49 kW vs expected 4.55 kW (Δ +1.93 kW, |z|=4.03). Possible causes: more high-power appliances running at once than usual."
2009-10-24 12:00:00,3.9092667,1.9786864079324993,1.9305803023488728,3.104343856263447,1.9305803023488728,12,5,"[2009-10-24 12:00] Unusual spike on Sat 12:00 (daytime) detected by residual z-score: actual 3.91 kW vs expected 1.98 kW (Δ +1.93 kW, |z|=3.10). Possible causes: a large appliance running outside its usual schedule, or overlapping medium loads."
2010-10-28 20:00:00,0.5319,2.4564483235834995,-1.9245483349322239,-3.16953868636501,1.9245483349322239,20,3,"[2010-10-28 20:00] Unusual drop on Thu 20:00 (evening peak) detected by residual z-score: actual 0.53 kW vs expected 2.46 kW (Δ -1.92 kW, |z|=3.17). Possible causes: more high-power appliances running at once than usual."
2009-05-03 20:00:00,4.2653,2.3415239554359184,1.923775841622187,4.915223668323001,1.923775841622187,20,6,"[2009-05-03 20:00] Unusual spike on Sun 20:00 (evening peak) detected by residual z-score: actual 4.27 kW vs expected 2.34 kW (Δ +1.92 kW, |z|=4.92). Possible causes: more high-power appliances running at once than usual."
2008-11-23 12:00:00,4.1583333,2.237478218235251,1.9208550833089384,4.972077556807064,1.9208550833089384,12,6,"[2008-11-23 12:00] Unusual spike on Sun 12:00 (daytime) detected by residual z-score: actual 4.16 kW vs expected 2.24 kW (Δ +1.92 kW, |z|=4.97). Possible causes: a large appliance running outside its usual schedule, or overlapping medium loads."
2007-12-28 15:00:00,5.025133,3.106647166550042,1.9184859663845284,3.335386010137275,1.9184859663845284,15,4,"[2007-12-28 15:00] Unusual spike on Fri 15:00 (daytime) detected by residual z-score: actual 5.03 kW vs expected 3.11 kW (Δ +1.92 kW, |z|=3.34). Possible causes: a large appliance running outside its usual schedule, or overlapping medium loads."
2010-01-19 19:00:00,4.453767,2.546538652825675,1.9072281699892666,3.918112088878223,1.9072281699892666,19,1,"[2010-01-19 19:00] Unusual spike on Tue 19:00 (evening peak) detected by residual z-score: actual 4.45 kW vs expected 2.55 kW (Δ +1.91 kW, |z|=3.92). Possible causes: more high-power appliances running at once than usual."
2009-11-29 11:00:00,3.4836001,1.5808503835665035,1.9027497560514164,3.1360745750297285,1.9027497560514164,11,6,"[2009-11-29 11:00] Unusual spike on Sun 11:00 (daytime) detected by residual z-score: actual 3.48 kW vs expected 1.58 kW (Δ +1.90 kW, |z|=3.14). Possible causes: a large appliance running outside its usual schedule, or overlapping medium loads."
2009-02-22 16:00:00,3.7188,1.8167436998281739,1.9020563680734375,5.112394678399895,1.9020563680734375,16,6,"[2009-02-22 16:00] Unusual spike on Sun 16:00 (daytime) detected by residual z-score: actual 3.72 kW vs expected 1.82 kW (Δ +1.90 kW, |z|=5.11). Possible causes: a large appliance running outside its usual schedule, or overlapping medium loads."
2007-10-01 09:00:00,3.3244002,1.428712082409416,1.8956881041292803,3.5556854535209443,1.8956881041292803,9,0,"[2007-10-01 09:00] Unusual spike on Mon 09:00 (morning) detected by residual z-score: actual 3.32 kW vs expected 1.43 kW (Δ +1.90 kW, |z|=3.56). Possible causes: a heavy start-of-day routine or several devices switching on at once."
2009-09-27 20:00:00,2.7971,0.9026598359206549,1.894440231218017,4.735154413141094,1.894440231218017,20,6,"[2009-09-27 20:00] Unusual spike on Sun 20:00 (evening peak) detected by residual z-score: actual 2.80 kW vs expected 0.90 kW (Δ +1.89 kW, |z|=4.74). Possible causes: more high-power appliances running at once than usual."
2009-10-11 11:00:00,3.9956334,2.103959979150353,1.891673384573402,3.5989326919837628,1.891673384573402,11,6,"[2009-10-11 11:00] Unusual spike on Sun 11:00 (daytime) detected by residual z-score: actual 4.00 kW vs expected 2.10 kW (Δ +1.89 kW, |z|=3.60). Possible causes: a large appliance running outside its usual schedule, or overlapping medium loads."
2010-02-03 21:00:00,4.5192003,2.6306221408111417,1.8885781842010654,3.1702518612118586,1.8885781842010654,21,2,"[2010-02-03 21:00] Unusual spike on Wed 21:00 (evening peak) detected by residual z-score: actual 4.52 kW vs expected 2.63 kW (Δ +1.89 kW, |z|=3.17). Possible causes: more high-power appliances running at once than usual."
2010-02-13 14:00:00,4.1739335,2.2891896636190157,1.8847438423929472,3.225179427457917,1.8847438423929472,14,5,"[2010-02-13 14:00] Unusual spike on Sat 14:00 (daytime) detected by residual z-score: actual 4.17 kW vs expected 2.29 kW (Δ +1.88 kW, |z|=3.23). Possible causes: a large appliance running outside its usual schedule, or overlapping medium loads."
2009-05-16 14:00:00,3.7777,1.898238376398688,1.8794615709584896,4.288475020077765,1.8794615709584896,14,5,"[2009-05-16 14:00] Unusual spike on Sat 14:00 (daytime) detected by residual z-score: actual 3.78 kW vs expected 1.90 kW (Δ +1.88 kW, |z|=4.29). Possible causes: a large appliance running outside its usual schedule, or overlapping medium loads."
2007-01-20 13:00:00,4.2510333,2.3719326705864967,1.8791006355353295,3.8757439192146355,1.8791006355353295,13,5,"[2007-01-20 13:00] Unusual spike on Sat 13:00 (daytime) detected by residual z-score: actual 4.25 kW vs expected 2.37 kW (Δ +1.88 kW, |z|=3.88). Possible causes: a large appliance running outside its usual schedule, or overlapping medium loads."
2010-10-26 11:00:00,3.0101001,1.1327108423496446,1.877389283916835,3.4992403408313897,1.877389283916835,11,1,"[2010-10-26 11:00] Unusual spike on Tue 11:00 (daytime) detected by residual z-score: actual 3.01 kW vs expected 1.13 kW (Δ +1.88 kW, |z|=3.50). Possible causes: a large appliance running outside its usual schedule, or overlapping medium loads."
2010-05-08 22:00:00,0.5933,2.4693994626693705,-1.8760994777374247,-3.641605207438982,1.8760994777374247,22,5,"[2010-05-08 22:00] Unusual drop on Sat 22:00 (late evening) detected by residual z-score: actual 0.59 kW vs expected 2.47 kW (Δ -1.88 kW, |z|=3.64). Possible causes: an unusual load combination late at night."
2010-05-13 18:00:00,2.9792333,1.113247503688726,1.8659857612343698,3.309526397024266,1.8659857612343698,18,3,"[2010-05-13 18:00] Unusual spike on Thu 18:00 (evening peak) detected by residual z-score: actual 2.98 kW vs expected 1.11 kW (Δ +1.87 kW, |z|=3.31). Possible causes: more high-power appliances running at once than usual."
2009-12-21 19:00:00,3.3253,1.460842747651745,1.8644572306044807,3.751641924607364,1.8644572306044807,19,0,"[2009-12-21 19:00] Unusual spike on Mon 19:00 (evening peak) detected by residual z-score: actual 3.33 kW vs expected 1.46 kW (Δ +1.86 kW, |z|=3.75). Possible causes: more high-power appliances running at once than usual."
2008-12-20 13:00:00,3.494,1.6304794062472194,1.8635205517911106,4.175145688030401,1.8635205517911106,13,5,"[2008-12-20 13:00] Unusual spike on Sat 13:00 (daytime) detected by residual z-score: actual 3.49 kW vs expected 1.63 kW (Δ +1.86 kW, |z|=4.18). Possible causes: a large appliance running outside its usual schedule, or overlapping medium loads."
2010-11-04 19:00:00,4.0537667,2.1913381047674205,1.8624286226800892,3.0019017111575983,1.8624286226800892,19,3,"[2010-11-04 19:00] Unusual spike on Thu 19:00 (evening peak) detected by residual z-score: actual 4.05 kW vs expected 2.19 kW (Δ +1.86 kW, |z|=3.00). Possible causes: more high-power appliances running at once than usual."
2008-04-20 21:00:00,5.6713004,3.80956927630806,1.861731134916305,4.223086553807788,1.861731134916305,21,6,"[2008-04-20 21:00] Unusual spike on Sun 21:00 (evening peak) detected by residual z-score: actual 5.67 kW vs expected 3.81 kW (Δ +1.86 kW, |z|=4.22). Possible causes: more high-power appliances running at once than usual."
2008-01-30 20:00:00,0.4572,2.3168361528306334,-1.8596361620812742,-4.209350763185202,1.8596361620812742,20,2,"[2008-01-30 20:00] Unusual drop on Wed 20:00 (evening peak) detected by residual z-score: actual 0.46 kW vs expected 2.32 kW (Δ -1.86 kW, |z|=4.21). Possible causes: more high-power appliances running at once than usual."
2010-03-08 07:00:00,2.9262335,1.069020465360559,1.8572130646839966,4.438581807042481,1.8572130646839966,7,0,"[2010-03-08 07:00] Unusual spike on Mon 07:00 (morning) detected by residual z-score: actual 2.93 kW vs expected 1.07 kW (Δ +1.86 kW, |z|=4.44). Possible causes: a heavy start-of-day routine or several devices switching on at once."
2009-12-10 19:00:00,3.161,1.3083056928225354,1.852694320528905,3.3884699284117823,1.852694320528905,19,3,"[2009-12-10 19:00] Unusual spike on Thu 19:00 (evening peak) detected by residual z-score: actual 3.16 kW vs expected 1.31 kW (Δ +1.85 kW, |z|=3.39). Possible causes: more high-power appliances running at once than usual."
2010-02-24 08:00:00,3.3562667,1.5063174536022428,1.8499492833820101,2.5976669763615585,1.8499492833820101,8,2,"[2010-02-24 08:00] Unusual spike on Wed 08:00 (morning) detected by residual z-score: actual 3.36 kW vs expected 1.51 kW (Δ +1.85 kW, |z|=2.60). Possible causes: a heavy start-of-day routine or several devices switching on at once."
2008-12-21 16:00:00,3.4079,1.560526302905431,1.8473737920805309,4.31001684535345,1.8473737920805309,16,6,"[2008-12-21 16:00] Unusual spike on Sun 16:00 (daytime) detected by residual z-score: actual 3.41 kW vs expected 1.56 kW (Δ +1.85 kW, |z|=4.31). Possible causes: a large appliance running outside its usual schedule, or overlapping medium loads."
2008-01-12 18:00:00,5.1968,3.3506897173097743,1.8461105146238195,4.071901618008898,1.8461105146238195,18,5,"[2008-01-12 18:00] Unusual spike on Sat 18:00 (evening peak) detected by residual z-score: actual 5.20 kW vs expected 3.35 kW (Δ +1.85 kW, |z|=4.07). Possible causes: more high-power appliances running at once than usual."
2010-04-06 20:00:00,3.1991,1.3544077248843303,1.8446922926632772,3.826192610737203,1.8446922926632772,20,1,"[2010-04-06 20:00] Unusual spike on Tue 20:00 (evening peak) detected by residual z-score: actual 3.20 kW vs expected 1.35 kW (Δ +1.84 kW, |z|=3.83). Possible causes: more high-power appliances running at once than usual."
2009-11-04 20:00:00,1.2261001,3.068626104219271,-1.8425260170534385,-2.8922509910215912,1.8425260170534385,20,2,"[2009-11-04 20:00] Unusual drop on Wed 20:00 (evening peak) detected by residual z-score: actual 1.23 kW vs expected 3.07 kW (Δ -1.84 kW, |z|=2.89). Possible causes: more high-power appliances running at once than usual."
2009-11-27 20:00:00,0.40966666,2.2499088430915104,-1.8402421856436955,-2.8972862588908317,1.8402421856436955,20,4,"[2009-11-27 20:00] Unusual drop on Fri 20:00 (evening peak) detected by residual z-score: actual 0.41 kW vs expected 2.25 kW (Δ -1.84 kW, |z|=2.90). Possible causes: more high-power appliances running at once than usual."
2010-06-09 13:00:00,2.4124,0.5733033611272415,1.8390966461206832,3.351037686575659,1.8390966461206832,13,2,"[2010-06-09 13:00] Unusual spike on Wed 13:00 (daytime) detected by residual z-score: actual 2.41 kW vs expected 0.57 kW (Δ +1.84 kW, |z|=3.35). Possible causes: a large appliance running outside its usual schedule, or overlapping medium loads."
2009-05-10 16:00:00,3.7205665,1.8817241057251326,1.8388424054290422,4.645098303167574,1.8388424054290422,16,6,"[2009-05-10 16:00] Unusual spike on Sun 16:00 (daytime) detected by residual z-score: actual 3.72 kW vs expected 1.88 kW (Δ +1.84 kW, |z|=4.65). Possible causes: a large appliance running outside its usual schedule, or overlapping medium loads."
2010-10-18 09:00:00,3.6570666,1.8183600956682566,1.8387064879651662,3.6550306250594295,1.8387064879651662,9,0,"[2010-10-18 09:00] Unusual spike on Mon 09:00 (morning) detected by residual z-score: actual 3.66 kW vs expected 1.82 kW (Δ +1.84 kW, |z|=3.66). Possible causes: a heavy start-of-day routine or several devices switching on at once."
2007-03-20 21:00:00,5.2927003,3.4564685174413254,1.8362317732386062,3.757344596070979,1.8362317732386062,21,1,"[2007-03-20 21:00] Unusual spike on Tue 21:00 (evening peak) detected by residual z-score: actual 5.29 kW vs expected 3.46 kW (Δ +1.84 kW, |z|=3.76). Possible causes: more high-power appliances running at once than usual."
2007-12-18 12:00:00,4.5145664,2.6816225150396265,1.8329439064691626,3.9588810152933402,1.8329439064691626,12,1,"[2007-12-18 12:00] Unusual spike on Tue 12:00 (daytime) detected by residual z-score: actual 4.51 kW vs expected 2.68 kW (Δ +1.83 kW, |z|=3.96). Possible causes: a large appliance running outside its usual schedule, or overlapping medium loads."
2010-01-29 19:00:00,0.44476667,2.276249278087954,-1.8314826076224846,-2.754091638008152,1.8314826076224846,19,4,"[2010-01-29 19:00] Unusual drop on Fri 19:00 (evening peak) detected by residual z-score: actual 0.44 kW vs expected 2.28 kW (Δ -1.83 kW, |z|=2.75). Possible causes: more high-power appliances running at once than usual."
2009-02-23 22:00:00,4.4941664,2.665705410806338,1.8284609634002051,4.25838495041904,1.8284609634002051,22,0,"[2009-02-23 22:00] Unusual spike on Mon 22:00 (late evening) detected by residual z-score: actual 4.49 kW vs expected 2.67 kW (Δ +1.83 kW, |z|=4.26). Possible causes: an unusual load combination late at night."
2007-11-07 19:00:00,4.483367,2.6558126968700564,1.8275542693775022,4.5135756014132795,1.8275542693775022,19,2,"[2007-11-07 19:00] Unusual spike on Wed 19:00 (evening peak) detected by residual z-score: actual 4.48 kW vs expected 2.66 kW (Δ +1.83 kW, |z|=4.51). Possible causes: more high-power appliances running at once than usual."
2007-11-13 15:00:00,4.6386666,2.8129902770486934,1.8256763527425663,3.609125400800725,1.8256763527425663,15,1,"[2007-11-13 15:00] Unusual spike on Tue 15:00 (daytime) detected by residual z-score: actual 4.64 kW vs expected 2.81 kW (Δ +1.83 kW, |z|=3.61). Possible causes: a large appliance running outside its usual schedule, or overlapping medium loads."
2010-07-14 23:00:00,3.1291,1.3069681171837524,1.8221319671210572,4.003071568782517,1.8221319671210572,23,2,"[2010-07-14 23:00] Unusual spike on Wed 23:00 (late evening) detected by residual z-score: actual 3.13 kW vs expected 1.31 kW (Δ +1.82 kW, |z|=4.00). Possible causes: an unusual load combination late at night."
2007-12-06 20:00:00,4.7390337,2.918087834039633,1.8209458649960117,3.3602531092454133,1.8209458649960117,20,3,"[2007-12-06 20:00] Unusual spike on Thu 20:00 (evening peak) detected by residual z-score: actual 4.74 kW vs expected 2.92 kW (Δ +1.82 kW, |z|=3.36). Possible causes: more high-power appliances running at once than usual."
2010-01-09 18:00:00,4.3008666,2.4828587616275324,1.818007842223786,3.1493831696796533,1.818007842223786,18,5,"[2010-01-09 18:00] Unusual spike on Sat 18:00 (evening peak) detected by residual z-score: actual 4.30 kW vs expected 2.48 kW (Δ +1.82 kW, |z|=3.15). Possible causes: more high-power appliances running at once than usual."
2008-07-16 21:00:00,3.8391669,2.0213653173330526,1.817801562320878,4.079475473113563,1.817801562320878,21,2,"[2008-07-16 21:00] Unusual spike on Wed 21:00 (evening peak) detected by residual z-score: actual 3.84 kW vs expected 2.02 kW (Δ +1.82 kW, |z|=4.08). Possible causes: more high-power appliances running at once than usual."
2010-05-16 14:00:00,3.4861667,1.6692642528229913,1.816902462798957,3.1892117110113647,1.816902462798957,14,6,"[2010-05-16 14:00] Unusual spike on Sun 14:00 (daytime) detected by residual z-score: actual 3.49 kW vs expected 1.67 kW (Δ +1.82 kW, |z|=3.19). Possible causes: a large appliance running outside its usual schedule, or overlapping medium loads."
2010-07-25 23:00:00,2.8313668,1.020791726511482,1.8105750509085619,4.440981817848473,1.8105750509085619,23,6,"[2010-07-25 23:00] Unusual spike on Sun 23:00 (late evening) detected by residual z-score: actual 2.83 kW vs expected 1.02 kW (Δ +1.81 kW, |z|=4.44). Possible causes: an unusual load combination late at night."
2007-07-14 19:00:00,3.7519,1.9423076837755437,1.8095922738813166,4.794407528399423,1.8095922738813166,19,5,"[2007-07-14 19:00] Unusual spike on Sat 19:00 (evening peak) detected by residual z-score: actual 3.75 kW vs expected 1.94 kW (Δ +1.81 kW, |z|=4.79). Possible causes: more high-power appliances running at once than usual."
2009-12-28 18:00:00,3.1514,1.3424029537709488,1.8089971354929673,2.8396864203050867,1.8089971354929673,18,0,"[2009-12-28 18:00] Unusual spike on Mon 18:00 (evening peak) detected by residual z-score: actual 3.15 kW vs expected 1.34 kW (Δ +1.81 kW, |z|=2.84). Possible causes: more high-power appliances running at once than usual."
2009-01-28 15:00:00,4.209367,2.402055664579936,1.807311133820943,3.6039027854609174,1.807311133820943,15,2,"[2009-01-28 15:00] Unusual spike on Wed 15:00 (daytime) detected by residual z-score: actual 4.21 kW vs expected 2.40 kW (Δ +1.81 kW, |z|=3.60). Possible causes: a large appliance running outside its usual schedule, or overlapping medium loads."
2010-09-17 21:00:00,0.57383335,2.376061461063011,-1.8022281146961285,-3.838852809629548,1.8022281146961285,21,4,"[2010-09-17 21:00] Unusual drop on Fri 21:00 (evening peak) detected by residual z-score: actual 0.57 kW vs expected 2.38 kW (Δ -1.80 kW, |z|=3.84). Possible causes: more high-power appliances running at once than usual."
2009-03-01 09:00:00,3.2769,1.4768910209374146,1.8000090320868773,3.794828223864113,1.8000090320868773,9,6,"[2009-03-01 09:00] Unusual spike on Sun 09:00 (morning) detected by residual z-score: actual 3.28 kW vs expected 1.48 kW (Δ +1.80 kW, |z|=3.79). Possible causes: a heavy start-of-day routine or several devices switching on at once."
2009-02-20 17:00:00,3.4247668,1.6268787932832702,1.7978879856626526,5.118486178850402,1.7978879856626526,17,4,"[2009-02-20 17:00] Unusual spike on Fri 17:00 (evening peak) detected by residual z-score: actual 3.42 kW vs expected 1.63 kW (Δ +1.80 kW, |z|=5.12). Possible causes: more high-power appliances running at once than usual."
2009-09-24 20:00:00,3.6871998,1.8905757284889055,1.7966241025200056,4.541014871026144,1.7966241025200056,20,3,"[2009-09-24 20:00] Unusual spike on Thu 20:00 (evening peak) detected by residual z-score: actual 3.69 kW vs expected 1.89 kW (Δ +1.80 kW, |z|=4.54). Possible causes: more high-power appliances running at once than usual."
2008-10-17 20:00:00,4.9791,3.1887148667596965,1.7903853605962605,4.24101094779277,1.7903853605962605,20,4,"[2008-10-17 20:00] Unusual spike on Fri 20:00 (evening peak) detected by residual z-score: actual 4.98 kW vs expected 3.19 kW (Δ +1.79 kW, |z|=4.24). Possible causes: more high-power appliances running at once than usual."
2010-04-30 17:00:00,2.8436332,1.061439284114199,1.7821938907820412,3.732503079616009,1.7821938907820412,17,4,"[2010-04-30 17:00] Unusual spike on Fri 17:00 (evening peak) detected by residual z-score: actual 2.84 kW vs expected 1.06 kW (Δ +1.78 kW, |z|=3.73). Possible causes: more high-power appliances running at once than usual."
2009-09-30 13:00:00,2.3265333,0.5470150594719181,1.7795182580939999,3.9657295945541446,1.7795182580939999,13,2,"[2009-09-30 13:00] Unusual spike on Wed 13:00 (daytime) detected by residual z-score: actual 2.33 kW vs expected 0.55 kW (Δ +1.78 kW, |z|=3.97). Possible causes: a large appliance running outside its usual schedule, or overlapping medium loads."
2009-03-01 15:00:00,4.1059833,2.329902171804389,1.776081085489312,3.4920295232469334,1.776081085489312,15,6,"[2009-03-01 15:00] Unusual spike on Sun 15:00 (daytime) detected by residual z-score: actual 4.11 kW vs expected 2.33 kW (Δ +1.78 kW, |z|=3.49). Possible causes: a large appliance running outside its usual schedule, or overlapping medium loads."
2007-05-05 14:00:00,3.2350335,1.4593512295765163,1.7756822825389622,5.208485696433248,1.7756822825389622,14,5,"[2007-05-05 14:00] Unusual spike on Sat 14:00 (daytime) detected by residual z-score: actual 3.24 kW vs expected 1.46 kW (Δ +1.78 kW, |z|=5.21). Possible causes: a large appliance running outside its usual schedule, or overlapping medium loads."
2010-02-15 20:00:00,4.6196337,2.846253067076179,1.7733806075454028,3.4556491935258187,1.7733806075454028,20,0,"[2010-02-15 20:00] Unusual spike on Mon 20:00 (evening peak) detected by residual z-score: actual 4.62 kW vs expected 2.85 kW (Δ +1.77 kW, |z|=3.46). Possible causes: more high-power appliances running at once than usual."
2007-09-26 21:00:00,4.821867,3.0491379337674074,1.7727290553683348,4.012333408072937,1.7727290553683348,21,2,"[2007-09-26 21:00] Unusual spike on Wed 21:00 (evening peak) detected by residual z-score: actual 4.82 kW vs expected 3.05 kW (Δ +1.77 kW, |z|=4.01). Possible causes: more high-power appliances running at once than usual."
2010-11-22 10:00:00,3.1053667,1.3343525750838416,1.771014131764303,3.1407292331521224,1.771014131764303,10,0,"[2010-11-22 10:00] Unusual spike on Mon 10:00 (daytime) detected by residual z-score: actual 3.11 kW vs expected 1.33 kW (Δ +1.77 kW, |z|=3.14). Possible causes: a large appliance running outside its usual schedule, or overlapping medium loads."
2010-02-19 19:00:00,2.7030334,0.934184587474985,1.76884885979064,2.983019957228361,1.76884885979064,19,4,"[2010-02-19 19:00] Unusual spike on Fri 19:00 (evening peak) detected by residual z-score: actual 2.70 kW vs expected 0.93 kW (Δ +1.77 kW, |z|=2.98). Possible causes: more high-power appliances running at once than usual."
2010-04-14 13:00:00,2.3073,0.5393729181319451,1.7679271726578498,3.749472399387015,1.7679271726578498,13,2,"[2010-04-14 13:00] Unusual spike on Wed 13:00 (daytime) detected by residual z-score: actual 2.31 kW vs expected 0.54 kW (Δ +1.77 kW, |z|=3.75). Possible causes: a large appliance running outside its usual schedule, or overlapping medium loads."
2010-01-01 16:00:00,2.8009334,1.0366203403657372,1.7643130206877295,2.9640919879767376,1.7643130206877295,16,4,"[2010-01-01 16:00] Unusual spike on Fri 16:00 (daytime) detected by residual z-score: actual 2.80 kW vs expected 1.04 kW (Δ +1.76 kW, |z|=2.96). Possible causes: a large appliance running outside its usual schedule, or overlapping medium loads."
2009-10-07 19:00:00,2.9758668,1.2121585269013289,1.7637082676848528,3.6651018490428307,1.7637082676848528,19,2,"[2009-10-07 19:00] Unusual spike on Wed 19:00 (evening peak) detected by residual z-score: actual 2.98 kW vs expected 1.21 kW (Δ +1.76 kW, |z|=3.67). Possible causes: more high-power appliances running at once than usual."
2007-04-07 21:00:00,3.2970335,1.5352522200108247,1.7617813283442778,3.8718582319669776,1.7617813283442778,21,5,"[2007-04-07 21:00] Unusual spike on Sat 21:00 (evening peak) detected by residual z-score: actual 3.30 kW vs expected 1.54 kW (Δ +1.76 kW, |z|=3.87). Possible causes: more high-power appliances running at once than usual."
2008-06-07 13:00:00,3.9011664,2.140916102398154,1.7602503366582423,4.110395329266929,1.7602503366582423,13,5,"[2008-06-07 13:00] Unusual spike on Sat 13:00 (daytime) detected by residual z-score: actual 3.90 kW vs expected 2.14 kW (Δ +1.76 kW, |z|=4.11). Possible causes: a large appliance running outside its usual schedule, or overlapping medium loads."
2009-10-21 17:00:00,3.2634332,1.5043235667486494,1.75910965125367,3.2041281032436277,1.75910965125367,17,2,"[2009-10-21 17:00] Unusual spike on Wed 17:00 (evening peak) detected by residual z-score: actual 3.26 kW vs expected 1.50 kW (Δ +1.76 kW, |z|=3.20). Possible causes: more high-power appliances running at once than usual."
2009-09-12 21:00:00,4.300333,2.546388374501881,1.7539446485694081,4.895434994406429,1.7539446485694081,21,5,"[2009-09-12 21:00] Unusual spike on Sat 21:00 (evening peak) detected by residual z-score: actual 4.30 kW vs expected 2.55 kW (Δ +1.75 kW, |z|=4.90). Possible causes: more high-power appliances running at once than usual."
2008-12-06 10:00:00,4.2289,2.4751115201799228,1.753788435569589,4.304930613502192,1.753788435569589,10,5,"[2008-12-06 10:00] Unusual spike on Sat 10:00 (daytime) detected by residual z-score: actual 4.23 kW vs expected 2.48 kW (Δ +1.75 kW, |z|=4.30). Possible causes: a large appliance running outside its usual schedule, or overlapping medium loads."
2008-04-22 13:00:00,2.6795335,0.935119978599682,1.7444135029982184,3.8160627048379516,1.7444135029982184,13,1,"[2008-04-22 13:00] Unusual spike on Tue 13:00 (daytime) detected by residual z-score: actual 2.68 kW vs expected 0.94 kW (Δ +1.74 kW, |z|=3.82). Possible causes: a large appliance running outside its usual schedule, or overlapping medium loads."
2010-10-18 12:00:00,3.8364334,2.093574399868064,1.7428590107764674,3.302148009234719,1.7428590107764674,12,0,"[2010-10-18 12:00] Unusual spike on Mon 12:00 (daytime) detected by residual z-score: actual 3.84 kW vs expected 2.09 kW (Δ +1.74 kW, |z|=3.30). Possible causes: a large appliance running outside its usual schedule, or overlapping medium loads."
2010-03-15 19:00:00,2.9292333,1.1880133944988316,1.74121991810798,3.220620560668568,1.74121991810798,19,0,"[2010-03-15 19:00] Unusual spike on Mon 19:00 (evening peak) detected by residual z-score: actual 2.93 kW vs expected 1.19 kW (Δ +1.74 kW, |z|=3.22). Possible causes: more high-power appliances running at once than usual."
2010-11-10 10:00:00,3.3720002,1.6311808444087197,1.7408193730290245,2.9504826543813025,1.7408193730290245,10,2,"[2010-11-10 10:00] Unusual spike on Wed 10:00 (daytime) detected by residual z-score: actual 3.37 kW vs expected 1.63 kW (Δ +1.74 kW, |z|=2.95). Possible causes: a large appliance running outside its usual schedule, or overlapping medium loads."
2010-03-12 20:00:00,0.90183336,2.6400901746161223,-1.738256819189334,-3.303326386540707,1.738256819189334,20,4,"[2010-03-12 20:00] Unusual drop on Fri 20:00 (evening peak) detected by residual z-score: actual 0.90 kW vs expected 2.64 kW (Δ -1.74 kW, |z|=3.30). Possible causes: more high-power appliances running at once than usual."
2008-04-07 19:00:00,3.1154666,1.3792694194323527,1.7361971752636922,4.493552293442964,1.7361971752636922,19,0,"[2008-04-07 19:00] Unusual spike on Mon 19:00 (evening peak) detected by residual z-score: actual 3.12 kW vs expected 1.38 kW (Δ +1.74 kW, |z|=4.49). Possible causes: more high-power appliances running at once than usual."
2010-06-06 12:00:00,2.4814334,0.7467377903880351,1.73469560118301,3.318130679014981,1.73469560118301,12,6,"[2010-06-06 12:00] Unusual spike on Sun 12:00 (daytime) detected by residual z-score: actual 2.48 kW vs expected 0.75 kW (Δ +1.73 kW, |z|=3.32). Possible causes: a large appliance running outside its usual schedule, or overlapping medium loads."
2009-03-24 19:00:00,3.7412,2.0078304087561474,1.733369561489214,4.42847836882079,1.733369561489214,19,1,"[2009-03-24 19:00] Unusual spike on Tue 19:00 (evening peak) detected by residual z-score: actual 3.74 kW vs expected 2.01 kW (Δ +1.73 kW, |z|=4.43). Possible causes: more high-power appliances running at once than usual."
2007-03-24 19:00:00,5.0158668,3.287854802367152,1.7280119540720569,3.759931943427611,1.7280119540720569,19,5,"[2007-03-24 19:00] Unusual spike on Sat 19:00 (evening peak) detected by residual z-score: actual 5.02 kW vs expected 3.29 kW (Δ +1.73 kW, |z|=3.76). Possible causes: more high-power appliances running at once than usual."
2010-05-12 18:00:00,0.68693334,2.4127809710420727,-1.7258476323999523,-3.272829480304639,1.7258476323999523,18,2,"[2010-05-12 18:00] Unusual drop on Wed 18:00 (evening peak) detected by residual z-score: actual 0.69 kW vs expected 2.41 kW (Δ -1.73 kW, |z|=3.27). Possible causes: more high-power appliances running at once than usual."
2007-10-23 16:00:00,2.8887668,1.1643124555602713,1.7244543100342111,3.9987800885545415,1.7244543100342111,16,1,"[2007-10-23 16:00] Unusual spike on Tue 16:00 (daytime) detected by residual z-score: actual 2.89 kW vs expected 1.16 kW (Δ +1.72 kW, |z|=4.00). Possible causes: a large appliance running outside its usual schedule, or overlapping medium loads."
2010-03-01 11:00:00,2.3966334,0.6755390702261,1.7210943163858383,3.423102039508981,1.7210943163858383,11,0,"[2010-03-01 11:00] Unusual spike on Mon 11:00 (daytime) detected by residual z-score: actual 2.40 kW vs expected 0.68 kW (Δ +1.72 kW, |z|=3.42). Possible causes: a large appliance running outside its usual schedule, or overlapping medium loads."
2010-05-02 12:00:00,3.5630667,1.8424900590013262,1.7205766619611982,3.470750021532455,1.7205766619611982,12,6,"[2010-05-02 12:00] Unusual spike on Sun 12:00 (daytime) detected by residual z-score: actual 3.56 kW vs expected 1.84 kW (Δ +1.72 kW, |z|=3.47). Possible causes: a large appliance running outside its usual schedule, or overlapping medium loads."
2010-02-03 12:00:00,3.1722667,1.4552881642995619,1.716978557425902,2.7573617200940364,1.716978557425902,12,2,"[2010-02-03 12:00] Unusual spike on Wed 12:00 (daytime) detected by residual z-score: actual 3.17 kW vs expected 1.46 kW (Δ +1.72 kW, |z|=2.76). Possible causes: a large appliance running outside its usual schedule, or overlapping medium loads."
2008-04-29 12:00:00,4.5891666,2.8730017509628163,1.7161648902725353,4.3680380393556355,1.7161648902725353,12,1,"[2008-04-29 12:00] Unusual spike on Tue 12:00 (daytime) detected by residual z-score: actual 4.59 kW vs expected 2.87 kW (Δ +1.72 kW, |z|=4.37). Possible causes: a large appliance running outside its usual schedule, or overlapping medium loads."
2007-12-01 17:00:00,3.6698668,1.9564156744313324,1.7134511258768952,3.7792963119523497,1.7134511258768952,17,5,"[2007-12-01 17:00] Unusual spike on Sat 17:00 (evening peak) detected by residual z-score: actual 3.67 kW vs expected 1.96 kW (Δ +1.71 kW, |z|=3.78). Possible causes: more high-power appliances running at once than usual."
2008-03-28 19:00:00,3.8259666,2.118948556207934,1.7070180403954596,3.2775608181202305,1.7070180403954596,19,4,"[2008-03-28 19:00] Unusual spike on Fri 19:00 (evening peak) detected by residual z-score: actual 3.83 kW vs expected 2.12 kW (Δ +1.71 kW, |z|=3.28). Possible causes: more high-power appliances running at once than usual."
2009-10-30 17:00:00,1.2415,2.9481403300677145,-1.7066403100405538,-2.6597372865368394,1.7066403100405538,17,4,"[2009-10-30 17:00] Unusual drop on Fri 17:00 (evening peak) detected by residual z-score: actual 1.24 kW vs expected 2.95 kW (Δ -1.71 kW, |z|=2.66). Possible causes: more high-power appliances running at once than usual."
2010-11-04 10:00:00,3.6266332,1.9242244961783728,1.702408671088473,2.7825158509551358,1.702408671088473,10,3,"[2010-11-04 10:00] Unusual spike on Thu 10:00 (daytime) detected by residual z-score: actual 3.63 kW vs expected 1.92 kW (Δ +1.70 kW, |z|=2.78). Possible causes: a large appliance running outside its usual schedule, or overlapping medium loads."
2010-02-04 19:00:00,2.6916666,0.9914107245384132,1.7002558785499657,2.738988659626867,1.7002558785499657,19,3,"[2010-02-04 19:00] Unusual spike on Thu 19:00 (evening peak) detected by residual z-score: actual 2.69 kW vs expected 0.99 kW (Δ +1.70 kW, |z|=2.74). Possible causes: more high-power appliances running at once than usual."
2007-05-27 14:00:00,3.8568335,2.1569055429248367,1.6999279150219406,4.015573737068423,1.6999279150219406,14,6,"[2007-05-27 14:00] Unusual spike on Sun 14:00 (daytime) detected by residual z-score: actual 3.86 kW vs expected 2.16 kW (Δ +1.70 kW, |z|=4.02). Possible causes: a large appliance running outside its usual schedule, or overlapping medium loads."
2009-12-06 14:00:00,3.1999002,1.500709411332689,1.6991907389663832,3.572450782166534,1.6991907389663832,14,6,"[2009-12-06 14:00] Unusual spike on Sun 14:00 (daytime) detected by residual z-score: actual 3.20 kW vs expected 1.50 kW (Δ +1.70 kW, |z|=3.57). Possible causes: a large appliance running outside its usual schedule, or overlapping medium loads."
2009-11-12 19:00:00,3.5821333,1.8835461852114994,1.698587107940356,3.0516151304162826,1.698587107940356,19,3,"[2009-11-12 19:00] Unusual spike on Thu 19:00 (evening peak) detected by residual z-score: actual 3.58 kW vs expected 1.88 kW (Δ +1.70 kW, |z|=3.05). Possible causes: more high-power appliances running at once than usual."
2010-11-11 07:00:00,0.64593333,2.3442981031124033,-1.6983647730533518,-3.001266981391083,1.6983647730533518,7,3,"[2010-11-11 07:00] Unusual drop on Thu 07:00 (morning) detected by residual z-score: actual 0.65 kW vs expected 2.34 kW (Δ -1.70 kW, |z|=3.00). Possible causes: a heavy start-of-day routine or several devices switching on at once."
2010-03-13 17:00:00,2.8752668,1.1773077923422663,1.6979589980477483,2.842249101820499,1.6979589980477483,17,5,"[2010-03-13 17:00] Unusual spike on Sat 17:00 (evening peak) detected by residual z-score: actual 2.88 kW vs expected 1.18 kW (Δ +1.70 kW, |z|=2.84). Possible causes: more high-power appliances running at once than usual."
2010-10-23 21:00:00,3.3083,1.6114305646848388,1.696869453625708,3.0167476150626222,1.696869453625708,21,5,"[2010-10-23 21:00] Unusual spike on Sat 21:00 (evening peak) detected by residual z-score: actual 3.31 kW vs expected 1.61 kW (Δ +1.70 kW, |z|=3.02). Possible causes: more high-power appliances running at once than usual."
2010-05-01 14:00:00,2.5500998,0.8538121157115035,1.6962877339894242,3.27184694798986,1.6962877339894242,14,5,"[2010-05-01 14:00] Unusual spike on Sat 14:00 (daytime) detected by residual z-score: actual 2.55 kW vs expected 0.85 kW (Δ +1.70 kW, |z|=3.27). Possible causes: a large appliance running outside its usual schedule, or overlapping medium loads."
2009-11-03 19:00:00,4.1258335,2.4334636538119137,1.6923698575406254,2.7691323225836193,1.6923698575406254,19,1,"[2009-11-03 19:00] Unusual spike on Tue 19:00 (evening peak) detected by residual z-score: actual 4.13 kW vs expected 2.43 kW (Δ +1.69 kW, |z|=2.77). Possible causes: more high-power appliances running at once than usual."
2009-11-03 20:00:00,4.8308334,3.139073707762601,1.6917597272959926,2.7171527799330484,1.6917597272959926,20,1,"[2009-11-03 20:00] Unusual spike on Tue 20:00 (evening peak) detected by residual z-score: actual 4.83 kW vs expected 3.14 kW (Δ +1.69 kW, |z|=2.72). Possible causes: more high-power appliances running at once than usual."
2009-12-06 17:00:00,3.1087334,1.4192746976898767,1.689458717913761,3.3708347690841247,1.689458717913761,17,6,"[2009-12-06 17:00] Unusual spike on Sun 17:00 (evening peak) detected by residual z-score: actual 3.11 kW vs expected 1.42 kW (Δ +1.69 kW, |z|=3.37). Possible causes: more high-power appliances running at once than usual."
2010-01-09 20:00:00,1.9819,3.6709590047604332,-1.6890590280300866,-2.889148148336048,1.6890590280300866,20,5,"[2010-01-09 20:00] Unusual drop on Sat 20:00 (evening peak) detected by residual z-score: actual 1.98 kW vs expected 3.67 kW (Δ -1.69 kW, |z|=2.89). Possible causes: more high-power appliances running at once than usual."
2008-06-13 14:00:00,3.0503001,1.3623695269596874,1.6879305943476857,3.80645049445805,1.6879305943476857,14,4,"[2008-06-13 14:00] Unusual spike on Fri 14:00 (daytime) detected by residual z-score: actual 3.05 kW vs expected 1.36 kW (Δ +1.69 kW, |z|=3.81). Possible causes: a large appliance running outside its usual schedule, or overlapping medium loads."
2007-11-24 11:00:00,3.7799668,2.0936044854193754,1.6863623457879,3.3880458193483154,1.6863623457879,11,5,"[2007-11-24 11:00] Unusual spike on Sat 11:00 (daytime) detected by residual z-score: actual 3.78 kW vs expected 2.09 kW (Δ +1.69 kW, |z|=3.39). Possible causes: a large appliance running outside its usual schedule, or overlapping medium loads."
2007-12-16 12:00:00,4.561633,2.8772687957652026,1.6843643142811842,3.6312926404690953,1.6843643142811842,12,6,"[2007-12-16 12:00] Unusual spike on Sun 12:00 (daytime) detected by residual z-score: actual 4.56 kW vs expected 2.88 kW (Δ +1.68 kW, |z|=3.63). Possible causes: a large appliance running outside its usual schedule, or overlapping medium loads."
2010-10-14 09:00:00,3.2096,1.526520819224675,1.6830791525465651,3.3772719781277396,1.6830791525465651,9,3,"[2010-10-14 09:00] Unusual spike on Thu 09:00 (morning) detected by residual z-score: actual 3.21 kW vs expected 1.53 kW (Δ +1.68 kW, |z|=3.38). Possible causes: a heavy start-of-day routine or several devices switching on at once."
2010-09-20 12:00:00,2.1722667,0.49273929312223097,1.679527428603233,3.7611303957165645,1.679527428603233,12,0,"[2010-09-20 12:00] Unusual spike on Mon 12:00 (daytime) detected by residual z-score: actual 2.17 kW vs expected 0.49 kW (Δ +1.68 kW, |z|=3.76). Possible causes: a large appliance running outside its usual schedule, or overlapping medium loads."
2007-10-19 11:00:00,4.328467,2.6545288444945414,1.6739380477478902,3.4173454100078593,1.6739380477478902,11,4,"[2007-10-19 11:00] Unusual spike on Fri 11:00 (daytime) detected by residual z-score: actual 4.33 kW vs expected 2.65 kW (Δ +1.67 kW, |z|=3.42). Possible causes: a large appliance running outside its usual schedule, or overlapping medium loads."
2008-03-25 13:00:00,3.4982998,1.8249380765731116,1.6733617605393152,3.2388932259025704,1.6733617605393152,13,1,"[2008-03-25 13:00] Unusual spike on Tue 13:00 (daytime) detected by residual z-score: actual 3.50 kW vs expected 1.82 kW (Δ +1.67 kW, |z|=3.24). Possible causes: a large appliance running outside its usual schedule, or overlapping medium loads."
2007-12-22 14:00:00,4.2451,2.5723503890974113,1.6727496322648934,3.6306230072352266,1.6727496322648934,14,5,"[2007-12-22 14:00] Unusual spike on Sat 14:00 (daytime) detected by residual z-score: actual 4.25 kW vs expected 2.57 kW (Δ +1.67 kW, |z|=3.63). Possible causes: a large appliance running outside its usual schedule, or overlapping medium loads."
2009-11-28 17:00:00,3.282,1.6108812642919796,1.6711188005578739,2.7395683759518925,1.6711188005578739,17,5,"[2009-11-28 17:00] Unusual spike on Sat 17:00 (evening peak) detected by residual z-score: actual 3.28 kW vs expected 1.61 kW (Δ +1.67 kW, |z|=2.74). Possible causes: more high-power appliances running at once than usual."
2008-02-15 21:00:00,3.8652334,2.1946947760609703,1.6705386452647133,3.7470823835176925,1.6705386452647133,21,4,"[2008-02-15 21:00] Unusual spike on Fri 21:00 (evening peak) detected by residual z-score: actual 3.87 kW vs expected 2.19 kW (Δ +1.67 kW, |z|=3.75). Possible causes: more high-power appliances running at once than usual."
2010-01-10 19:00:00,1.5557667,3.2198258385582816,-1.6640591368599784,-2.7967494191188553,1.6640591368599784,19,6,"[2010-01-10 19:00] Unusual drop on Sun 19:00 (evening peak) detected by residual z-score + isolation forest: actual 1.56 kW vs expected 3.22 kW (Δ -1.66 kW, |z|=2.80). Possible causes: more high-power appliances running at once than usual."
2010-01-03 10:00:00,3.0858998,1.4266182794004094,1.6592815504640925,2.7317558863374827,1.6592815504640925,10,6,"[2010-01-03 10:00] Unusual spike on Sun 10:00 (daytime) detected by residual z-score: actual 3.09 kW vs expected 1.43 kW (Δ +1.66 kW, |z|=2.73). Possible causes: a large appliance running outside its usual schedule, or overlapping medium loads."
2007-03-16 18:00:00,3.4346335,1.7755992690437257,1.6590342243797362,3.4382180895846757,1.6590342243797362,18,4,"[2007-03-16 18:00] Unusual spike on Fri 18:00 (evening peak) detected by residual z-score: actual 3.43 kW vs expected 1.78 kW (Δ +1.66 kW, |z|=3.44). Possible causes: more high-power appliances running at once than usual."
2008-03-04 16:00:00,3.4114,1.755038141883831,1.6563619378433418,4.785136429638545,1.6563619378433418,16,1,"[2008-03-04 16:00] Unusual spike on Tue 16:00 (daytime) detected by residual z-score: actual 3.41 kW vs expected 1.76 kW (Δ +1.66 kW, |z|=4.79). Possible causes: a large appliance running outside its usual schedule, or overlapping medium loads."
2010-03-27 19:00:00,1.2546333,2.91084204613833,-1.65620873868136,-3.91856788032018,1.65620873868136,19,5,"[2010-03-27 19:00] Unusual drop on Sat 19:00 (evening peak) detected by residual z-score: actual 1.25 kW vs expected 2.91 kW (Δ -1.66 kW, |z|=3.92). Possible causes: more high-power appliances running at once than usual."
2010-10-24 14:00:00,3.734,2.078961874391888,1.6550380931831854,2.6967242735916277,1.6550380931831854,14,6,"[2010-10-24 14:00] Unusual spike on Sun 14:00 (daytime) detected by residual z-score: actual 3.73 kW vs expected 2.08 kW (Δ +1.66 kW, |z|=2.70). Possible causes: a large appliance running outside its usual schedule, or overlapping medium loads."
2010-06-21 16:00:00,0.3795,2.0290011783707,-1.64950117670177,-3.546277842157652,1.64950117670177,16,0,"[2010-06-21 16:00] Unusual drop on Mon 16:00 (daytime) detected by residual z-score: actual 0.38 kW vs expected 2.03 kW (Δ -1.65 kW, |z|=3.55). Possible causes: a large appliance running outside its usual schedule, or overlapping medium loads."
2008-11-09 17:00:00,3.8533666,2.2059254775255495,1.647441135862512,3.6223236513779984,1.647441135862512,17,6,"[2008-11-09 17:00] Unusual spike on Sun 17:00 (evening peak) detected by residual z-score: actual 3.85 kW vs expected 2.21 kW (Δ +1.65 kW, |z|=3.62). Possible causes: more high-power appliances running at once than usual."
2009-01-02 10:00:00,3.3686666,1.7255405886765691,1.643126060188177,3.9041067956225755,1.643126060188177,10,4,"[2009-01-02 10:00] Unusual spike on Fri 10:00 (daytime) detected by residual z-score: actual 3.37 kW vs expected 1.73 kW (Δ +1.64 kW, |z|=3.90). Possible causes: a large appliance running outside its usual schedule, or overlapping medium loads."
2008-02-08 12:00:00,3.0393667,1.398580755286321,1.6407859668206126,3.9413793921848392,1.6407859668206126,12,4,"[2008-02-08 12:00] Unusual spike on Fri 12:00 (daytime) detected by residual z-score: actual 3.04 kW vs expected 1.40 kW (Δ +1.64 kW, |z|=3.94). Possible causes: a large appliance running outside its usual schedule, or overlapping medium loads."
2007-01-07 18:00:00,5.211533,3.5717155854819684,1.6398174841286273,3.7259022348666684,1.6398174841286273,18,6,"[2007-01-07 18:00] Unusual spike on Sun 18:00 (evening peak) detected by residual z-score: actual 5.21 kW vs expected 3.57 kW (Δ +1.64 kW, |z|=3.73). Possible causes: more high-power appliances running at once than usual."
2009-10-14 16:00:00,2.1501665,0.5115696619787422,1.6385968495569023,2.8876831836112378,1.6385968495569023,16,2,"[2009-10-14 16:00] Unusual spike on Wed 16:00 (daytime) detected by residual z-score: actual 2.15 kW vs expected 0.51 kW (Δ +1.64 kW, |z|=2.89). Possible causes: a large appliance running outside its usual schedule, or overlapping medium loads."
2007-12-14 12:00:00,4.4302998,2.7946551928976486,1.6356445660134842,3.803607153896295,1.6356445660134842,12,4,"[2007-12-14 12:00] Unusual spike on Fri 12:00 (daytime) detected by residual z-score: actual 4.43 kW vs expected 2.79 kW (Δ +1.64 kW, |z|=3.80). Possible causes: a large appliance running outside its usual schedule, or overlapping medium loads."
2010-05-08 01:00:00,2.1358333,0.5016114463633948,1.634221817033822,3.168863604564802,1.634221817033822,1,5,"[2010-05-08 01:00] Unusual spike on Sat 01:00 (overnight) detected by residual z-score: actual 2.14 kW vs expected 0.50 kW (Δ +1.63 kW, |z|=3.17). Possible causes: a device left on overnight, standby/defrost cycle, or a heating/cooling unit."
2008-03-07 11:00:00,4.5097337,2.8780161427622595,1.631717534148141,3.4534469877592255,1.631717534148141,11,4,"[2008-03-07 11:00] Unusual spike on Fri 11:00 (daytime) detected by residual z-score: actual 4.51 kW vs expected 2.88 kW (Δ +1.63 kW, |z|=3.45). Possible causes: a large appliance running outside its usual schedule, or overlapping medium loads."
2007-06-25 21:00:00,3.5683334,1.937587716298315,1.6307456710765629,5.698760249788469,1.6307456710765629,21,0,"[2007-06-25 21:00] Unusual spike on Mon 21:00 (evening peak) detected by residual z-score: actual 3.57 kW vs expected 1.94 kW (Δ +1.63 kW, |z|=5.70). Possible causes: more high-power appliances running at once than usual."
2007-11-27 10:00:00,4.0636,2.4360461687076853,1.6275538946162893,3.2810102378832107,1.6275538946162893,10,1,"[2007-11-27 10:00] Unusual spike on Tue 10:00 (daytime) detected by residual z-score: actual 4.06 kW vs expected 2.44 kW (Δ +1.63 kW, |z|=3.28). Possible causes: a large appliance running outside its usual schedule, or overlapping medium loads."
2009-12-24 17:00:00,4.6709666,3.044856859450806,1.6261097657628172,2.829998000523197,1.6261097657628172,17,3,"[2009-12-24 17:00] Unusual spike on Thu 17:00 (evening peak) detected by residual z-score: actual 4.67 kW vs expected 3.04 kW (Δ +1.63 kW, |z|=2.83). Possible causes: more high-power appliances running at once than usual."
2007-11-17 18:00:00,4.912367,3.288837435551782,1.6235294315136475,3.6629178790303683,1.6235294315136475,18,5,"[2007-11-17 18:00] Unusual spike on Sat 18:00 (evening peak) detected by residual z-score: actual 4.91 kW vs expected 3.29 kW (Δ +1.62 kW, |z|=3.66). Possible causes: more high-power appliances running at once than usual."
2008-11-15 15:00:00,4.1835,2.5614043510179476,1.6220954620618864,3.367366606844008,1.6220954620618864,15,5,"[2008-11-15 15:00] Unusual spike on Sat 15:00 (daytime) detected by residual z-score: actual 4.18 kW vs expected 2.56 kW (Δ +1.62 kW, |z|=3.37). Possible causes: a large appliance running outside its usual schedule, or overlapping medium loads."
2010-10-07 11:00:00,2.0634665,0.44207005619224576,1.621396492727432,2.7468549218155873,1.621396492727432,11,3,"[2010-10-07 11:00] Unusual spike on Thu 11:00 (daytime) detected by residual z-score: actual 2.06 kW vs expected 0.44 kW (Δ +1.62 kW, |z|=2.75). Possible causes: a large appliance running outside its usual schedule, or overlapping medium loads."
2010-11-18 18:00:00,2.7284331,1.1077241695230864,1.6207089626485445,3.1947829254847937,1.6207089626485445,18,3,"[2010-11-18 18:00] Unusual spike on Thu 18:00 (evening peak) detected by residual z-score: actual 2.73 kW vs expected 1.11 kW (Δ +1.62 kW, |z|=3.19). Possible causes: more high-power appliances running at once than usual."
2010-10-31 05:00:00,2.9103,1.290635552029742,1.6196644643734563,2.7400094186860926,1.6196644643734563,5,6,"[2010-10-31 05:00] Unusual spike on Sun 05:00 (overnight) detected by residual z-score: actual 2.91 kW vs expected 1.29 kW (Δ +1.62 kW, |z|=2.74). Possible causes: a device left on overnight, standby/defrost cycle, or a heating/cooling unit."
2009-12-29 14:00:00,3.2436998,1.6240979830673574,1.6196018059798838,2.5675791705212085,1.6196018059798838,14,1,"[2009-12-29 14:00] Unusual spike on Tue 14:00 (daytime) detected by residual z-score: actual 3.24 kW vs expected 1.62 kW (Δ +1.62 kW, |z|=2.57). Possible causes: a large appliance running outside its usual schedule, or overlapping medium loads."
2008-04-18 10:00:00,3.119,1.5036491820418363,1.6153507759964938,3.548351253558758,1.6153507759964938,10,4,"[2008-04-18 10:00] Unusual spike on Fri 10:00 (daytime) detected by residual z-score: actual 3.12 kW vs expected 1.50 kW (Δ +1.62 kW, |z|=3.55). Possible causes: a large appliance running outside its usual schedule, or overlapping medium loads."
2008-07-06 22:00:00,3.3371332,1.722074516820893,1.6150586523533013,4.547707314846638,1.6150586523533013,22,6,"[2008-07-06 22:00] Unusual spike on Sun 22:00 (late evening) detected by residual z-score: actual 3.34 kW vs expected 1.72 kW (Δ +1.62 kW, |z|=4.55). Possible causes: an unusual load combination late at night."
2009-03-08 21:00:00,3.8504667,2.2365384489271265,1.6139282792833227,3.986898308866001,1.6139282792833227,21,6,"[2009-03-08 21:00] Unusual spike on Sun 21:00 (evening peak) detected by residual z-score: actual 3.85 kW vs expected 2.24 kW (Δ +1.61 kW, |z|=3.99). Possible causes: more high-power appliances running at once than usual."
2008-11-08 22:00:00,3.7183,2.106570326213687,1.6117297779275486,3.9255404098111626,1.6117297779275486,22,5,"[2008-11-08 22:00] Unusual spike on Sat 22:00 (late evening) detected by residual z-score: actual 3.72 kW vs expected 2.11 kW (Δ +1.61 kW, |z|=3.93). Possible causes: an unusual load combination late at night."
2009-12-30 22:00:00,0.9102667,2.5202726708339016,-1.6100059734271328,-2.4880005921005486,1.6100059734271328,22,2,"[2009-12-30 22:00] Unusual drop on Wed 22:00 (late evening) detected by residual z-score: actual 0.91 kW vs expected 2.52 kW (Δ -1.61 kW, |z|=2.49). Possible causes: an unusual load combination late at night."
2009-10-27 21:00:00,0.72253335,2.3309230938394707,-1.6083897486169976,-2.5218161746302807,1.6083897486169976,21,1,"[2009-10-27 21:00] Unusual drop on Tue 21:00 (evening peak) detected by residual z-score: actual 0.72 kW vs expected 2.33 kW (Δ -1.61 kW, |z|=2.52). Possible causes: more high-power appliances running at once than usual."
2010-05-26 19:00:00,2.6902,1.0825837815370256,1.6076163088712996,3.809344527502657,1.6076163088712996,19,2,"[2010-05-26 19:00] Unusual spike on Wed 19:00 (evening peak) detected by residual z-score: actual 2.69 kW vs expected 1.08 kW (Δ +1.61 kW, |z|=3.81). Possible causes: more high-power appliances running at once than usual."
2009-12-25 15:00:00,3.662,2.0560980460191924,1.605901894853,2.5588535227959954,1.605901894853,15,4,"[2009-12-25 15:00] Unusual spike on Fri 15:00 (daytime) detected by residual z-score: actual 3.66 kW vs expected 2.06 kW (Δ +1.61 kW, |z|=2.56). Possible causes: a large appliance running outside its usual schedule, or overlapping medium loads."
2009-12-19 20:00:00,0.6323,2.235284400839937,-1.6029843815757157,-3.2275711371311897,1.6029843815757157,20,5,"[2009-12-19 20:00] Unusual drop on Sat 20:00 (evening peak) detected by residual z-score: actual 0.63 kW vs expected 2.24 kW (Δ -1.60 kW, |z|=3.23). Possible causes: more high-power appliances running at once than usual."
2007-02-22 21:00:00,6.363867,4.761525324852454,1.6023414811778194,2.980834033413237,1.6023414811778194,21,3,"[2007-02-22 21:00] Unusual spike on Thu 21:00 (evening peak) detected by residual z-score: actual 6.36 kW vs expected 4.76 kW (Δ +1.60 kW, |z|=2.98). Possible causes: more high-power appliances running at once than usual."
2010-01-23 22:00:00,3.7643666,2.164285223935203,1.6000814028042991,2.632392933767112,1.6000814028042991,22,5,"[2010-01-23 22:00] Unusual spike on Sat 22:00 (late evening) detected by residual z-score + isolation forest: actual 3.76 kW vs expected 2.16 kW (Δ +1.60 kW, |z|=2.63). Possible causes: an unusual load combination late at night."
2009-04-12 20:00:00,5.0983,3.498361715361028,1.5999382648025464,4.018325383754466,1.5999382648025464,20,6,"[2009-04-12 20:00] Unusual spike on Sun 20:00 (evening peak) detected by residual z-score: actual 5.10 kW vs expected 3.50 kW (Δ +1.60 kW, |z|=4.02). Possible causes: more high-power appliances running at once than usual."
2008-01-14 20:00:00,5.1368666,3.5372744968059906,1.5995920727130524,3.397286795627163,1.5995920727130524,20,0,"[2008-01-14 20:00] Unusual spike on Mon 20:00 (evening peak) detected by residual z-score: actual 5.14 kW vs expected 3.54 kW (Δ +1.60 kW, |z|=3.40). Possible causes: more high-power appliances running at once than usual."
2010-03-21 19:00:00,2.5237665,0.9247848850249931,1.598981632614167,3.6952464414078747,1.598981632614167,19,6,"[2010-03-21 19:00] Unusual spike on Sun 19:00 (evening peak) detected by residual z-score: actual 2.52 kW vs expected 0.92 kW (Δ +1.60 kW, |z|=3.70). Possible causes: more high-power appliances running at once than usual."
2008-03-11 12:00:00,3.6876333,2.0896000620830497,1.598033213902668,3.0349270040375727,1.598033213902668,12,1,"[2008-03-11 12:00] Unusual spike on Tue 12:00 (daytime) detected by residual z-score: actual 3.69 kW vs expected 2.09 kW (Δ +1.60 kW, |z|=3.03). Possible causes: a large appliance running outside its usual schedule, or overlapping medium loads."
2007-12-22 20:00:00,4.9255,3.329191347017742,1.5963085690589183,3.4499981190793885,1.5963085690589183,20,5,"[2007-12-22 20:00] Unusual spike on Sat 20:00 (evening peak) detected by residual z-score: actual 4.93 kW vs expected 3.33 kW (Δ +1.60 kW, |z|=3.45). Possible causes: more high-power appliances running at once than usual."
2008-04-06 11:00:00,3.6800666,2.08738603477195,1.5926805507688213,4.058948248918884,1.5926805507688213,11,6,"[2008-04-06 11:00] Unusual spike on Sun 11:00 (daytime) detected by residual z-score: actual 3.68 kW vs expected 2.09 kW (Δ +1.59 kW, |z|=4.06). Possible causes: a large appliance running outside its usual schedule, or overlapping medium loads."
2009-11-07 13:00:00,2.2775667,0.6868369380031372,1.5907297333683228,2.710306508804158,1.5907297333683228,13,5,"[2009-11-07 13:00] Unusual spike on Sat 13:00 (daytime) detected by residual z-score: actual 2.28 kW vs expected 0.69 kW (Δ +1.59 kW, |z|=2.71). Possible causes: a large appliance running outside its usual schedule, or overlapping medium loads."
2010-05-12 17:00:00,3.0760665,1.4862690830379635,1.5897974109500737,3.0574403405590056,1.5897974109500737,17,2,"[2010-05-12 17:00] Unusual spike on Wed 17:00 (evening peak) detected by residual z-score: actual 3.08 kW vs expected 1.49 kW (Δ +1.59 kW, |z|=3.06). Possible causes: more high-power appliances running at once than usual."
2008-11-29 19:00:00,3.9017668,2.312424113139665,1.5893426638989094,3.395625647310831,1.5893426638989094,19,5,"[2008-11-29 19:00] Unusual spike on Sat 19:00 (evening peak) detected by residual z-score: actual 3.90 kW vs expected 2.31 kW (Δ +1.59 kW, |z|=3.40). Possible causes: more high-power appliances running at once than usual."
2010-07-26 00:00:00,0.34063333,1.9297394251134878,-1.5891060923841482,-3.4837970858343974,1.5891060923841482,0,0,"[2010-07-26 00:00] Unusual drop on Mon 00:00 (overnight) detected by residual z-score: actual 0.34 kW vs expected 1.93 kW (Δ -1.59 kW, |z|=3.48). Possible causes: a device left on overnight, standby/defrost cycle, or a heating/cooling unit."
2010-10-04 12:00:00,2.3162665,0.7281201337292943,1.588146402983352,2.9181756752375096,1.588146402983352,12,0,"[2010-10-04 12:00] Unusual spike on Mon 12:00 (daytime) detected by residual z-score: actual 2.32 kW vs expected 0.73 kW (Δ +1.59 kW, |z|=2.92). Possible causes: a large appliance running outside its usual schedule, or overlapping medium loads."
2008-03-05 21:00:00,4.6487665,3.063083933159315,1.5856825844798452,3.7832316890776743,1.5856825844798452,21,2,"[2008-03-05 21:00] Unusual spike on Wed 21:00 (evening peak) detected by residual z-score: actual 4.65 kW vs expected 3.06 kW (Δ +1.59 kW, |z|=3.78). Possible causes: more high-power appliances running at once than usual."
2008-02-17 14:00:00,3.9196665,2.336621623543499,1.5830449051582831,3.4945789517262305,1.5830449051582831,14,6,"[2008-02-17 14:00] Unusual spike on Sun 14:00 (daytime) detected by residual z-score: actual 3.92 kW vs expected 2.34 kW (Δ +1.58 kW, |z|=3.49). Possible causes: a large appliance running outside its usual schedule, or overlapping medium loads."
2007-12-05 11:00:00,3.0458333,1.4636157319061645,1.5822176173217408,3.1546534650406475,1.5822176173217408,11,2,"[2007-12-05 11:00] Unusual spike on Wed 11:00 (daytime) detected by residual z-score: actual 3.05 kW vs expected 1.46 kW (Δ +1.58 kW, |z|=3.15). Possible causes: a large appliance running outside its usual schedule, or overlapping medium loads."
2008-12-13 16:00:00,4.011,2.430253634989206,1.5807465214133818,3.674682188407322,1.5807465214133818,16,5,"[2008-12-13 16:00] Unusual spike on Sat 16:00 (daytime) detected by residual z-score: actual 4.01 kW vs expected 2.43 kW (Δ +1.58 kW, |z|=3.67). Possible causes: a large appliance running outside its usual schedule, or overlapping medium loads."
2009-12-12 21:00:00,1.0483667,2.628827609152756,-1.5804609433126071,-2.654948535442142,1.5804609433126071,21,5,"[2009-12-12 21:00] Unusual drop on Sat 21:00 (evening peak) detected by residual z-score: actual 1.05 kW vs expected 2.63 kW (Δ -1.58 kW, |z|=2.65). Possible causes: more high-power appliances running at once than usual."
2007-03-15 15:00:00,2.6659331,1.0857080747240768,1.580225057447554,3.482877697520477,1.580225057447554,15,3,"[2007-03-15 15:00] Unusual spike on Thu 15:00 (daytime) detected by residual z-score: actual 2.67 kW vs expected 1.09 kW (Δ +1.58 kW, |z|=3.48). Possible causes: a large appliance running outside its usual schedule, or overlapping medium loads."
2007-02-03 18:00:00,5.0211334,3.4423204270723873,1.5788129957791752,3.2264177635585063,1.5788129957791752,18,5,"[2007-02-03 18:00] Unusual spike on Sat 18:00 (evening peak) detected by residual z-score: actual 5.02 kW vs expected 3.44 kW (Δ +1.58 kW, |z|=3.23). Possible causes: more high-power appliances running at once than usual."
2007-11-10 17:00:00,3.0532334,1.4807027243467075,1.572530660739352,3.4957095936072644,1.572530660739352,17,5,"[2007-11-10 17:00] Unusual spike on Sat 17:00 (evening peak) detected by residual z-score: actual 3.05 kW vs expected 1.48 kW (Δ +1.57 kW, |z|=3.50). Possible causes: more high-power appliances running at once than usual."
2007-12-24 17:00:00,3.9947667,2.426407733575745,1.568358978612976,3.0115387087612016,1.568358978612976,17,0,"[2007-12-24 17:00] Unusual spike on Mon 17:00 (evening peak) detected by residual z-score: actual 3.99 kW vs expected 2.43 kW (Δ +1.57 kW, |z|=3.01). Possible causes: more high-power appliances running at once than usual."
2010-02-07 00:00:00,1.0587,2.626344546136623,-1.5676445806596333,-2.827329641397896,1.5676445806596333,0,6,"[2010-02-07 00:00] Unusual drop on Sun 00:00 (overnight) detected by residual z-score + isolation forest: actual 1.06 kW vs expected 2.63 kW (Δ -1.57 kW, |z|=2.83). Possible causes: a device left on overnight, standby/defrost cycle, or a heating/cooling unit."
2009-11-22 01:00:00,0.49543333,2.0572477952665413,-1.5618144647306527,-2.9929272766051187,1.5618144647306527,1,6,"[2009-11-22 01:00] Unusual drop on Sun 01:00 (overnight) detected by residual z-score: actual 0.50 kW vs expected 2.06 kW (Δ -1.56 kW, |z|=2.99). Possible causes: a device left on overnight, standby/defrost cycle, or a heating/cooling unit."
2009-03-22 12:00:00,2.900267,1.3392850060661257,1.5609818796913206,3.922660122775144,1.5609818796913206,12,6,"[2009-03-22 12:00] Unusual spike on Sun 12:00 (daytime) detected by residual z-score: actual 2.90 kW vs expected 1.34 kW (Δ +1.56 kW, |z|=3.92). Possible causes: a large appliance running outside its usual schedule, or overlapping medium loads."
2009-01-18 11:00:00,3.5334666,1.9732592988319857,1.5602072786979215,3.4930296872658704,1.5602072786979215,11,6,"[2009-01-18 11:00] Unusual spike on Sun 11:00 (daytime) detected by residual z-score: actual 3.53 kW vs expected 1.97 kW (Δ +1.56 kW, |z|=3.49). Possible causes: a large appliance running outside its usual schedule, or overlapping medium loads."
2010-11-21 18:00:00,0.45113334,2.010056685236869,-1.5589233446397164,-2.63077241153238,1.5589233446397164,18,6,"[2010-11-21 18:00] Unusual drop on Sun 18:00 (evening peak) detected by residual z-score: actual 0.45 kW vs expected 2.01 kW (Δ -1.56 kW, |z|=2.63). Possible causes: more high-power appliances running at once than usual."
2008-01-19 12:00:00,3.1359334,1.5774539535466021,1.5584794456538373,3.2302709863767,1.5584794456538373,12,5,"[2008-01-19 12:00] Unusual spike on Sat 12:00 (daytime) detected by residual z-score: actual 3.14 kW vs expected 1.58 kW (Δ +1.56 kW, |z|=3.23). Possible causes: a large appliance running outside its usual schedule, or overlapping medium loads."
2008-02-23 13:00:00,2.5683334,1.0099692580670145,1.5583641293078634,3.5160116314325047,1.5583641293078634,13,5,"[2008-02-23 13:00] Unusual spike on Sat 13:00 (daytime) detected by residual z-score: actual 2.57 kW vs expected 1.01 kW (Δ +1.56 kW, |z|=3.52). Possible causes: a large appliance running outside its usual schedule, or overlapping medium loads."
2010-05-12 14:00:00,2.9855335,1.4310784123721934,1.5544550635036611,3.058029030162796,1.5544550635036611,14,2,"[2010-05-12 14:00] Unusual spike on Wed 14:00 (daytime) detected by residual z-score: actual 2.99 kW vs expected 1.43 kW (Δ +1.55 kW, |z|=3.06). Possible causes: a large appliance running outside its usual schedule, or overlapping medium loads."
2010-11-02 23:00:00,2.2864668,0.7326416079994533,1.553825228929868,2.758144710088358,1.553825228929868,23,1,"[2010-11-02 23:00] Unusual spike on Tue 23:00 (late evening) detected by residual z-score: actual 2.29 kW vs expected 0.73 kW (Δ +1.55 kW, |z|=2.76). Possible causes: an unusual load combination late at night."
2007-10-30 13:00:00,3.3570333,1.8092930331457864,1.547740219570278,3.7104024279150614,1.547740219570278,13,1,"[2007-10-30 13:00] Unusual spike on Tue 13:00 (daytime) detected by residual z-score: actual 3.36 kW vs expected 1.81 kW (Δ +1.55 kW, |z|=3.71). Possible causes: a large appliance running outside its usual schedule, or overlapping medium loads."
2010-03-11 21:00:00,3.9463665,2.401309771825746,1.545056776712462,2.8856869008068857,1.545056776712462,21,3,"[2010-03-11 21:00] Unusual spike on Thu 21:00 (evening peak) detected by residual z-score: actual 3.95 kW vs expected 2.40 kW (Δ +1.55 kW, |z|=2.89). Possible causes: more high-power appliances running at once than usual."
2008-05-30 11:00:00,3.414,1.8691068060337819,1.5448932282984935,4.091755622846686,1.5448932282984935,11,4,"[2008-05-30 11:00] Unusual spike on Fri 11:00 (daytime) detected by residual z-score: actual 3.41 kW vs expected 1.87 kW (Δ +1.54 kW, |z|=4.09). Possible causes: a large appliance running outside its usual schedule, or overlapping medium loads."
2010-05-08 09:00:00,2.4222333,0.8787082751685369,1.5435250679558528,2.8860132877747042,1.5435250679558528,9,5,"[2010-05-08 09:00] Unusual spike on Sat 09:00 (morning) detected by residual z-score: actual 2.42 kW vs expected 0.88 kW (Δ +1.54 kW, |z|=2.89). Possible causes: a heavy start-of-day routine or several devices switching on at once."
2008-07-24 21:00:00,2.8657,1.3239604165449652,1.5417395899400201,4.515604749557183,1.5417395899400201,21,3,"[2008-07-24 21:00] Unusual spike on Thu 21:00 (evening peak) detected by residual z-score: actual 2.87 kW vs expected 1.32 kW (Δ +1.54 kW, |z|=4.52). Possible causes: more high-power appliances running at once than usual."
2007-06-26 22:00:00,3.5617998,2.0204687561374413,1.5413310084957375,5.191675875262388,1.5413310084957375,22,1,"[2007-06-26 22:00] Unusual spike on Tue 22:00 (late evening) detected by residual z-score: actual 3.56 kW vs expected 2.02 kW (Δ +1.54 kW, |z|=5.19). Possible causes: an unusual load combination late at night."
2009-01-10 17:00:00,3.7685666,2.228381545595211,1.5401850628337441,3.5984629180195515,1.5401850628337441,17,5,"[2009-01-10 17:00] Unusual spike on Sat 17:00 (evening peak) detected by residual z-score: actual 3.77 kW vs expected 2.23 kW (Δ +1.54 kW, |z|=3.60). Possible causes: more high-power appliances running at once than usual."
2007-12-26 19:00:00,0.9464,2.484656914788383,-1.538256928044456,-3.043904322986118,1.538256928044456,19,2,"[2007-12-26 19:00] Unusual drop on Wed 19:00 (evening peak) detected by residual z-score: actual 0.95 kW vs expected 2.48 kW (Δ -1.54 kW, |z|=3.04). Possible causes: more high-power appliances running at once than usual."
2010-04-16 12:00:00,2.0859666,0.5483827969402539,1.5375837901263965,3.0974992675749946,1.5375837901263965,12,4,"[2010-04-16 12:00] Unusual spike on Fri 12:00 (daytime) detected by residual z-score: actual 2.09 kW vs expected 0.55 kW (Δ +1.54 kW, |z|=3.10). Possible causes: a large appliance running outside its usual schedule, or overlapping medium loads."
2010-10-28 00:00:00,2.0628,0.528298199431159,1.5345017311413507,2.7744541394843685,1.5345017311413507,0,3,"[2010-10-28 00:00] Unusual spike on Thu 00:00 (overnight) detected by residual z-score: actual 2.06 kW vs expected 0.53 kW (Δ +1.53 kW, |z|=2.77). Possible causes: a device left on overnight, standby/defrost cycle, or a heating/cooling unit."
2009-12-05 23:00:00,3.0397668,1.5056791693708593,1.5340876191118067,3.3207754921974284,1.5340876191118067,23,5,"[2009-12-05 23:00] Unusual spike on Sat 23:00 (late evening) detected by residual z-score: actual 3.04 kW vs expected 1.51 kW (Δ +1.53 kW, |z|=3.32). Possible causes: an unusual load combination late at night."
2008-11-23 18:00:00,6.560533,5.027740416107385,1.5327926306150275,3.684169118193907,1.5327926306150275,18,6,"[2008-11-23 18:00] Unusual spike on Sun 18:00 (evening peak) detected by residual z-score + isolation forest: actual 6.56 kW vs expected 5.03 kW (Δ +1.53 kW, |z|=3.68). Possible causes: more high-power appliances running at once than usual."
2008-10-08 14:00:00,2.6150668,1.0826459448160501,1.5324208219228415,3.8485793618995494,1.5324208219228415,14,2,"[2008-10-08 14:00] Unusual spike on Wed 14:00 (daytime) detected by residual z-score: actual 2.62 kW vs expected 1.08 kW (Δ +1.53 kW, |z|=3.85). Possible causes: a large appliance running outside its usual schedule, or overlapping medium loads."
2008-06-24 11:00:00,2.986833,1.4544853453743374,1.5323477501761997,3.147700380371874,1.5323477501761997,11,1,"[2008-06-24 11:00] Unusual spike on Tue 11:00 (daytime) detected by residual z-score: actual 2.99 kW vs expected 1.45 kW (Δ +1.53 kW, |z|=3.15). Possible causes: a large appliance running outside its usual schedule, or overlapping medium loads."
2007-11-02 17:00:00,3.0781,1.5462243139230112,1.5318756521261832,4.018934418593914,1.5318756521261832,17,4,"[2007-11-02 17:00] Unusual spike on Fri 17:00 (evening peak) detected by residual z-score: actual 3.08 kW vs expected 1.55 kW (Δ +1.53 kW, |z|=4.02). Possible causes: more high-power appliances running at once than usual."
2007-09-24 18:00:00,0.6062667,2.136877043627816,-1.530610366248208,-3.760362746698861,1.530610366248208,18,0,"[2007-09-24 18:00] Unusual drop on Mon 18:00 (evening peak) detected by residual z-score: actual 0.61 kW vs expected 2.14 kW (Δ -1.53 kW, |z|=3.76). Possible causes: more high-power appliances running at once than usual."
2007-06-03 13:00:00,3.7925,2.262502740106774,1.5299972789667122,3.3483753530911087,1.5299972789667122,13,6,"[2007-06-03 13:00] Unusual spike on Sun 13:00 (daytime) detected by residual z-score: actual 3.79 kW vs expected 2.26 kW (Δ +1.53 kW, |z|=3.35). Possible causes: a large appliance running outside its usual schedule, or overlapping medium loads."
2009-10-30 16:00:00,3.4557,1.9271035156961396,1.5285964049581573,2.4424187231191192,1.5285964049581573,16,4,"[2009-10-30 16:00] Unusual spike on Fri 16:00 (daytime) detected by residual z-score: actual 3.46 kW vs expected 1.93 kW (Δ +1.53 kW, |z|=2.44). Possible causes: a large appliance running outside its usual schedule, or overlapping medium loads."
2007-10-12 12:00:00,3.562,2.0334831882123496,1.5285168480272744,3.660606375863507,1.5285168480272744,12,4,"[2007-10-12 12:00] Unusual spike on Fri 12:00 (daytime) detected by residual z-score: actual 3.56 kW vs expected 2.03 kW (Δ +1.53 kW, |z|=3.66). Possible causes: a large appliance running outside its usual schedule, or overlapping medium loads."
2009-08-13 20:00:00,3.7175333,2.18916663996294,1.5283667100279046,5.902364514557086,1.5283667100279046,20,3,"[2009-08-13 20:00] Unusual spike on Thu 20:00 (evening peak) detected by residual z-score: actual 3.72 kW vs expected 2.19 kW (Δ +1.53 kW, |z|=5.90). Possible causes: more high-power appliances running at once than usual."
2007-10-14 14:00:00,4.1698003,2.6423182929210554,1.5274819886036028,3.372586507033025,1.5274819886036028,14,6,"[2007-10-14 14:00] Unusual spike on Sun 14:00 (daytime) detected by residual z-score: actual 4.17 kW vs expected 2.64 kW (Δ +1.53 kW, |z|=3.37). Possible causes: a large appliance running outside its usual schedule, or overlapping medium loads."
2008-03-13 20:00:00,4.6837,3.157259295874708,1.5264407888115712,3.004883341284458,1.5264407888115712,20,3,"[2008-03-13 20:00] Unusual spike on Thu 20:00 (evening peak) detected by residual z-score: actual 4.68 kW vs expected 3.16 kW (Δ +1.53 kW, |z|=3.00). Possible causes: more high-power appliances running at once than usual."
2010-10-03 11:00:00,3.395,1.868735840975159,1.5262641399513546,3.146594623127978,1.5262641399513546,11,6,"[2010-10-03 11:00] Unusual spike on Sun 11:00 (daytime) detected by residual z-score: actual 3.39 kW vs expected 1.87 kW (Δ +1.53 kW, |z|=3.15). Possible causes: a large appliance running outside its usual schedule, or overlapping medium loads."
2010-04-14 12:00:00,0.44406664,1.969581676756698,-1.5255150330417933,-3.2020424531696743,1.5255150330417933,12,2,"[2010-04-14 12:00] Unusual drop on Wed 12:00 (daytime) detected by residual z-score: actual 0.44 kW vs expected 1.97 kW (Δ -1.53 kW, |z|=3.20). Possible causes: a large appliance running outside its usual schedule, or overlapping medium loads."
2009-04-26 12:00:00,3.2172666,1.6934507913206835,1.5238157682801465,3.890886089622966,1.5238157682801465,12,6,"[2009-04-26 12:00] Unusual spike on Sun 12:00 (daytime) detected by residual z-score: actual 3.22 kW vs expected 1.69 kW (Δ +1.52 kW, |z|=3.89). Possible causes: a large appliance running outside its usual schedule, or overlapping medium loads."
2007-11-09 13:00:00,3.8873,2.364505597657937,1.5227944168379124,3.497293081666005,1.5227944168379124,13,4,"[2007-11-09 13:00] Unusual spike on Fri 13:00 (daytime) detected by residual z-score: actual 3.89 kW vs expected 2.36 kW (Δ +1.52 kW, |z|=3.50). Possible causes: a large appliance running outside its usual schedule, or overlapping medium loads."
2009-09-19 13:00:00,3.3284,1.8098580287323662,1.5185418678893379,3.5492016596114073,1.5185418678893379,13,5,"[2009-09-19 13:00] Unusual spike on Sat 13:00 (daytime) detected by residual z-score: actual 3.33 kW vs expected 1.81 kW (Δ +1.52 kW, |z|=3.55). Possible causes: a large appliance running outside its usual schedule, or overlapping medium loads."
2009-12-30 11:00:00,3.3673332,1.8497153241200601,1.517617849631771,2.311316923470984,1.517617849631771,11,2,"[2009-12-30 11:00] Unusual spike on Wed 11:00 (daytime) detected by residual z-score: actual 3.37 kW vs expected 1.85 kW (Δ +1.52 kW, |z|=2.31). Possible causes: a large appliance running outside its usual schedule, or overlapping medium loads."
2007-02-03 14:00:00,3.9272335,2.409793002506896,1.5174404550584115,3.2040893293218815,1.5174404550584115,14,5,"[2007-02-03 14:00] Unusual spike on Sat 14:00 (daytime) detected by residual z-score: actual 3.93 kW vs expected 2.41 kW (Δ +1.52 kW, |z|=3.20). Possible causes: a large appliance running outside its usual schedule, or overlapping medium loads."
2010-01-20 14:00:00,0.7147,2.230145723304909,-1.5154457397081074,-2.911779551674071,1.5154457397081074,14,2,"[2010-01-20 14:00] Unusual drop on Wed 14:00 (daytime) detected by residual z-score: actual 0.71 kW vs expected 2.23 kW (Δ -1.52 kW, |z|=2.91). Possible causes: a large appliance running outside its usual schedule, or overlapping medium loads."
2010-02-06 18:00:00,3.8774333,2.3646739497405163,1.5127593502777943,2.6197811306400207,1.5127593502777943,18,5,"[2010-02-06 18:00] Unusual spike on Sat 18:00 (evening peak) detected by residual z-score: actual 3.88 kW vs expected 2.36 kW (Δ +1.51 kW, |z|=2.62). Possible causes: more high-power appliances running at once than usual."
2010-01-25 19:00:00,3.7133334,2.201095442331627,1.5122379259697647,2.287691378546266,1.5122379259697647,19,0,"[2010-01-25 19:00] Unusual spike on Mon 19:00 (evening peak) detected by residual z-score: actual 3.71 kW vs expected 2.20 kW (Δ +1.51 kW, |z|=2.29). Possible causes: more high-power appliances running at once than usual."
2007-12-30 14:00:00,4.1388,2.626988698363715,1.5118114458318415,2.558603934740332,1.5118114458318415,14,6,"[2007-12-30 14:00] Unusual spike on Sun 14:00 (daytime) detected by residual z-score: actual 4.14 kW vs expected 2.63 kW (Δ +1.51 kW, |z|=2.56). Possible causes: a large appliance running outside its usual schedule, or overlapping medium loads."
2009-10-14 07:00:00,3.3853333,1.8752596730396318,1.510073626597209,2.7347212280994424,1.510073626597209,7,2,"[2009-10-14 07:00] Unusual spike on Wed 07:00 (morning) detected by residual z-score: actual 3.39 kW vs expected 1.88 kW (Δ +1.51 kW, |z|=2.73). Possible causes: a heavy start-of-day routine or several devices switching on at once."
2010-01-06 15:00:00,0.4619333,1.9718352773070658,-1.5099019625068033,-2.415112100903607,1.5099019625068033,15,2,"[2010-01-06 15:00] Unusual drop on Wed 15:00 (daytime) detected by residual z-score: actual 0.46 kW vs expected 1.97 kW (Δ -1.51 kW, |z|=2.42). Possible causes: a large appliance running outside its usual schedule, or overlapping medium loads."
2010-05-16 19:00:00,3.1688666,1.6616965662450331,1.5071700681238633,2.5617570224052986,1.5071700681238633,19,6,"[2010-05-16 19:00] Unusual spike on Sun 19:00 (evening peak) detected by residual z-score: actual 3.17 kW vs expected 1.66 kW (Δ +1.51 kW, |z|=2.56). Possible causes: more high-power appliances running at once than usual."
2010-10-03 12:00:00,0.9115667,2.4173916924678496,-1.5058250177585295,-3.214578275529706,1.5058250177585295,12,6,"[2010-10-03 12:00] Unusual drop on Sun 12:00 (daytime) detected by residual z-score: actual 0.91 kW vs expected 2.42 kW (Δ -1.51 kW, |z|=3.21). Possible causes: a large appliance running outside its usual schedule, or overlapping medium loads."
2009-09-16 12:00:00,3.1045668,1.6006317137541441,1.5039350987611146,3.504239959017163,1.5039350987611146,12,2,"[2009-09-16 12:00] Unusual spike on Wed 12:00 (daytime) detected by residual z-score: actual 3.10 kW vs expected 1.60 kW (Δ +1.50 kW, |z|=3.50). Possible causes: a large appliance running outside its usual schedule, or overlapping medium loads."
2009-10-04 12:00:00,2.5187,1.0147655623558758,1.503934322058797,2.988896968140645,1.503934322058797,12,6,"[2009-10-04 12:00] Unusual spike on Sun 12:00 (daytime) detected by residual z-score: actual 2.52 kW vs expected 1.01 kW (Δ +1.50 kW, |z|=2.99). Possible causes: a large appliance running outside its usual schedule, or overlapping medium loads."
2009-06-24 18:00:00,2.7345002,1.2309444131776202,1.5035557565764082,4.664977615733682,1.5035557565764082,18,2,"[2009-06-24 18:00] Unusual spike on Wed 18:00 (evening peak) detected by residual z-score: actual 2.73 kW vs expected 1.23 kW (Δ +1.50 kW, |z|=4.66). Possible causes: more high-power appliances running at once than usual."
2010-10-27 12:00:00,0.39769998,1.900366610776661,-1.5026666288487893,-2.6599429883453185,1.5026666288487893,12,2,"[2010-10-27 12:00] Unusual drop on Wed 12:00 (daytime) detected by residual z-score: actual 0.40 kW vs expected 1.90 kW (Δ -1.50 kW, |z|=2.66). Possible causes: a large appliance running outside its usual schedule, or overlapping medium loads."
2010-01-27 21:00:00,4.0640664,2.5618323701278736,1.5022340399368237,2.208343204816415,1.5022340399368237,21,2,"[2010-01-27 21:00] Unusual spike on Wed 21:00 (evening peak) detected by residual z-score + isolation forest: actual 4.06 kW vs expected 2.56 kW (Δ +1.50 kW, |z|=2.21). Possible causes: more high-power appliances running at once than usual."
2008-04-12 14:00:00,3.5082333,2.007570950249695,1.5006623585424195,3.6551704200025807,1.5006623585424195,14,5,"[2008-04-12 14:00] Unusual spike on Sat 14:00 (daytime) detected by residual z-score: actual 3.51 kW vs expected 2.01 kW (Δ +1.50 kW, |z|=3.66). Possible causes: a large appliance running outside its usual schedule, or overlapping medium loads."
2010-01-01 17:00:00,1.1622001,2.662106653864846,-1.4999065605954978,-2.560857396854851,1.4999065605954978,17,4,"[2010-01-01 17:00] Unusual drop on Fri 17:00 (evening peak) detected by residual z-score: actual 1.16 kW vs expected 2.66 kW (Δ -1.50 kW, |z|=2.56). Possible causes: more high-power appliances running at once than usual."
2008-04-08 10:00:00,4.311,2.81228282535286,1.498717044947433,3.649419433441362,1.498717044947433,10,1,"[2008-04-08 10:00] Unusual spike on Tue 10:00 (daytime) detected by residual z-score: actual 4.31 kW vs expected 2.81 kW (Δ +1.50 kW, |z|=3.65). Possible causes: a large appliance running outside its usual schedule, or overlapping medium loads."
2009-04-04 15:00:00,3.2343667,1.7398165472252536,1.4945501081244779,3.578181126445287,1.4945501081244779,15,5,"[2009-04-04 15:00] Unusual spike on Sat 15:00 (daytime) detected by residual z-score: actual 3.23 kW vs expected 1.74 kW (Δ +1.49 kW, |z|=3.58). Possible causes: a large appliance running outside its usual schedule, or overlapping medium loads."
2008-01-08 08:00:00,0.35223335,1.8466960849024558,-1.4944627346255088,-3.434743870117409,1.4944627346255088,8,1,"[2008-01-08 08:00] Unusual drop on Tue 08:00 (morning) detected by residual z-score: actual 0.35 kW vs expected 1.85 kW (Δ -1.49 kW, |z|=3.43). Possible causes: a heavy start-of-day routine or several devices switching on at once."
2010-11-09 17:00:00,2.2828,0.7890907142709307,1.4937092449118086,2.5839354046873284,1.4937092449118086,17,1,"[2010-11-09 17:00] Unusual spike on Tue 17:00 (evening peak) detected by residual z-score: actual 2.28 kW vs expected 0.79 kW (Δ +1.49 kW, |z|=2.58). Possible causes: more high-power appliances running at once than usual."
2009-02-28 20:00:00,0.70250005,2.1882095830053703,-1.4857095377058402,-3.3910289406501968,1.4857095377058402,20,5,"[2009-02-28 20:00] Unusual drop on Sat 20:00 (evening peak) detected by residual z-score: actual 0.70 kW vs expected 2.19 kW (Δ -1.49 kW, |z|=3.39). Possible causes: more high-power appliances running at once than usual."
2010-03-07 17:00:00,2.4348667,0.9508862690364239,1.4839803977573993,3.939741894805818,1.4839803977573993,17,6,"[2010-03-07 17:00] Unusual spike on Sun 17:00 (evening peak) detected by residual z-score: actual 2.43 kW vs expected 0.95 kW (Δ +1.48 kW, |z|=3.94). Possible causes: more high-power appliances running at once than usual."
2008-03-28 11:00:00,3.4577,1.9741500295685723,1.4835499845458076,2.8196594572488,1.4835499845458076,11,4,"[2008-03-28 11:00] Unusual spike on Fri 11:00 (daytime) detected by residual z-score: actual 3.46 kW vs expected 1.97 kW (Δ +1.48 kW, |z|=2.82). Possible causes: a large appliance running outside its usual schedule, or overlapping medium loads."
2007-01-13 10:00:00,3.1700332,1.6867100549847753,1.483323161491665,3.0974995050853282,1.483323161491665,10,5,"[2007-01-13 10:00] Unusual spike on Sat 10:00 (daytime) detected by residual z-score: actual 3.17 kW vs expected 1.69 kW (Δ +1.48 kW, |z|=3.10). Possible causes: a large appliance running outside its usual schedule, or overlapping medium loads."
2010-09-16 20:00:00,2.9843,1.5024181724010424,1.4818817257465406,3.528148511722861,1.4818817257465406,20,3,"[2010-09-16 20:00] Unusual spike on Thu 20:00 (evening peak) detected by residual z-score: actual 2.98 kW vs expected 1.50 kW (Δ +1.48 kW, |z|=3.53). Possible causes: more high-power appliances running at once than usual."
2007-09-10 20:00:00,3.3248668,1.8431383357799078,1.4817284359180902,3.405918812569732,1.4817284359180902,20,0,"[2007-09-10 20:00] Unusual spike on Mon 20:00 (evening peak) detected by residual z-score: actual 3.32 kW vs expected 1.84 kW (Δ +1.48 kW, |z|=3.41). Possible causes: more high-power appliances running at once than usual."
2010-05-30 17:00:00,2.586,1.106356973857677,1.4796429918100475,3.114382788065932,1.4796429918100475,17,6,"[2010-05-30 17:00] Unusual spike on Sun 17:00 (evening peak) detected by residual z-score: actual 2.59 kW vs expected 1.11 kW (Δ +1.48 kW, |z|=3.11). Possible causes: more high-power appliances running at once than usual."
2008-03-23 13:00:00,3.1971333,1.717850512865841,1.4792827898227576,3.1647551444910262,1.4792827898227576,13,6,"[2008-03-23 13:00] Unusual spike on Sun 13:00 (daytime) detected by residual z-score: actual 3.20 kW vs expected 1.72 kW (Δ +1.48 kW, |z|=3.16). Possible causes: a large appliance running outside its usual schedule, or overlapping medium loads."
2008-04-25 13:00:00,3.0977666,1.6186784880074092,1.4790881497947148,3.355635394785831,1.4790881497947148,13,4,"[2008-04-25 13:00] Unusual spike on Fri 13:00 (daytime) detected by residual z-score: actual 3.10 kW vs expected 1.62 kW (Δ +1.48 kW, |z|=3.36). Possible causes: a large appliance running outside its usual schedule, or overlapping medium loads."
2008-11-05 13:00:00,4.4276667,2.948610166749371,1.479056497374164,4.40363407159138,1.479056497374164,13,2,"[2008-11-05 13:00] Unusual spike on Wed 13:00 (daytime) detected by residual z-score: actual 4.43 kW vs expected 2.95 kW (Δ +1.48 kW, |z|=4.40). Possible causes: a large appliance running outside its usual schedule, or overlapping medium loads."
2007-06-08 20:00:00,4.200567,2.7231807497446248,1.4773860189016155,3.0051566723558025,1.4773860189016155,20,4,"[2007-06-08 20:00] Unusual spike on Fri 20:00 (evening peak) detected by residual z-score: actual 4.20 kW vs expected 2.72 kW (Δ +1.48 kW, |z|=3.01). Possible causes: more high-power appliances running at once than usual."
2010-06-22 17:00:00,2.0802667,0.6030867449645125,1.4771799691315568,3.0121461126921996,1.4771799691315568,17,1,"[2010-06-22 17:00] Unusual spike on Tue 17:00 (evening peak) detected by residual z-score: actual 2.08 kW vs expected 0.60 kW (Δ +1.48 kW, |z|=3.01). Possible causes: more high-power appliances running at once than usual."
2009-10-14 17:00:00,0.7716,2.2480784684157427,-1.4764784604048784,-2.607134907723374,1.4764784604048784,17,2,"[2009-10-14 17:00] Unusual drop on Wed 17:00 (evening peak) detected by residual z-score: actual 0.77 kW vs expected 2.25 kW (Δ -1.48 kW, |z|=2.61). Possible causes: more high-power appliances running at once than usual."
2010-08-27 14:00:00,2.9965668,1.5208408754196663,1.4757258970412712,5.1173835567099015,1.4757258970412712,14,4,"[2010-08-27 14:00] Unusual spike on Fri 14:00 (daytime) detected by residual z-score: actual 3.00 kW vs expected 1.52 kW (Δ +1.48 kW, |z|=5.12). Possible causes: a large appliance running outside its usual schedule, or overlapping medium loads."
2010-09-17 16:00:00,2.9641669,1.4892716370669297,1.474895242587001,3.4159209602297476,1.474895242587001,16,4,"[2010-09-17 16:00] Unusual spike on Fri 16:00 (daytime) detected by residual z-score: actual 2.96 kW vs expected 1.49 kW (Δ +1.47 kW, |z|=3.42). Possible causes: a large appliance running outside its usual schedule, or overlapping medium loads."
2007-07-20 18:00:00,2.8128333,1.338593468047106,1.4742398411264779,4.372917344214332,1.4742398411264779,18,4,"[2007-07-20 18:00] Unusual spike on Fri 18:00 (evening peak) detected by residual z-score: actual 2.81 kW vs expected 1.34 kW (Δ +1.47 kW, |z|=4.37). Possible causes: more high-power appliances running at once than usual."
2007-03-28 17:00:00,0.8610667,2.3352526356184713,-1.4741859365904562,-3.486883696171546,1.4741859365904562,17,2,"[2007-03-28 17:00] Unusual drop on Wed 17:00 (evening peak) detected by residual z-score: actual 0.86 kW vs expected 2.34 kW (Δ -1.47 kW, |z|=3.49). Possible causes: more high-power appliances running at once than usual."
2008-02-23 17:00:00,2.8683002,1.39563818686223,1.472662012646437,3.3634194125678065,1.472662012646437,17,5,"[2008-02-23 17:00] Unusual spike on Sat 17:00 (evening peak) detected by residual z-score: actual 2.87 kW vs expected 1.40 kW (Δ +1.47 kW, |z|=3.36). Possible causes: more high-power appliances running at once than usual."
2009-10-20 19:00:00,3.0431666,1.5707125178594479,1.4724541195612064,2.676786834218418,1.4724541195612064,19,1,"[2009-10-20 19:00] Unusual spike on Tue 19:00 (evening peak) detected by residual z-score: actual 3.04 kW vs expected 1.57 kW (Δ +1.47 kW, |z|=2.68). Possible causes: more high-power appliances running at once than usual."
2010-02-05 19:00:00,2.5551333,1.0847442519027084,1.4703890908402115,2.457190849993782,1.4703890908402115,19,4,"[2010-02-05 19:00] Unusual spike on Fri 19:00 (evening peak) detected by residual z-score: actual 2.56 kW vs expected 1.08 kW (Δ +1.47 kW, |z|=2.46). Possible causes: more high-power appliances running at once than usual."
2009-09-14 11:00:00,3.0472,1.5772260142186252,1.4699739503046902,3.789632261717128,1.4699739503046902,11,0,"[2009-09-14 11:00] Unusual spike on Mon 11:00 (daytime) detected by residual z-score: actual 3.05 kW vs expected 1.58 kW (Δ +1.47 kW, |z|=3.79). Possible causes: a large appliance running outside its usual schedule, or overlapping medium loads."
2010-11-15 14:00:00,0.42953333,1.8978444134482808,-1.4683110808619924,-2.496813132819035,1.4683110808619924,14,0,"[2010-11-15 14:00] Unusual drop on Mon 14:00 (daytime) detected by residual z-score: actual 0.43 kW vs expected 1.90 kW (Δ -1.47 kW, |z|=2.50). Possible causes: a large appliance running outside its usual schedule, or overlapping medium loads."
2008-06-15 12:00:00,3.1753335,1.7091433019210098,1.4661901979874374,3.3463481348200537,1.4661901979874374,12,6,"[2008-06-15 12:00] Unusual spike on Sun 12:00 (daytime) detected by residual z-score: actual 3.18 kW vs expected 1.71 kW (Δ +1.47 kW, |z|=3.35). Possible causes: a large appliance running outside its usual schedule, or overlapping medium loads."
2008-03-16 18:00:00,3.0460334,1.5815612716859497,1.4644721107298218,3.1314837042390478,1.4644721107298218,18,6,"[2008-03-16 18:00] Unusual spike on Sun 18:00 (evening peak) detected by residual z-score: actual 3.05 kW vs expected 1.58 kW (Δ +1.46 kW, |z|=3.13). Possible causes: more high-power appliances running at once than usual."
2007-01-28 12:00:00,4.195833,2.7317424187015256,1.4640907874752322,3.234256765199246,1.4640907874752322,12,6,"[2007-01-28 12:00] Unusual spike on Sun 12:00 (daytime) detected by residual z-score: actual 4.20 kW vs expected 2.73 kW (Δ +1.46 kW, |z|=3.23). Possible causes: a large appliance running outside its usual schedule, or overlapping medium loads."
2007-05-13 12:00:00,2.6795335,1.2155571416978592,1.4639763399000412,3.0026173682008,1.4639763399000412,12,6,"[2007-05-13 12:00] Unusual spike on Sun 12:00 (daytime) detected by residual z-score: actual 2.68 kW vs expected 1.22 kW (Δ +1.46 kW, |z|=3.00). Possible causes: a large appliance running outside its usual schedule, or overlapping medium loads."
2010-03-08 08:00:00,3.4103,1.9474702074099854,1.4628298089932128,3.407264685560207,1.4628298089932128,8,0,"[2010-03-08 08:00] Unusual spike on Mon 08:00 (morning) detected by residual z-score: actual 3.41 kW vs expected 1.95 kW (Δ +1.46 kW, |z|=3.41). Possible causes: a heavy start-of-day routine or several devices switching on at once."
2010-11-20 11:00:00,2.6911333,1.2287347427317925,1.4623985179951362,2.949386867451009,1.4623985179951362,11,5,"[2010-11-20 11:00] Unusual spike on Sat 11:00 (daytime) detected by residual z-score: actual 2.69 kW vs expected 1.23 kW (Δ +1.46 kW, |z|=2.95). Possible causes: a large appliance running outside its usual schedule, or overlapping medium loads."
2010-11-06 11:00:00,2.4701335,1.0081232167089824,1.462010326305544,2.4096995057070845,1.462010326305544,11,5,"[2010-11-06 11:00] Unusual spike on Sat 11:00 (daytime) detected by residual z-score: actual 2.47 kW vs expected 1.01 kW (Δ +1.46 kW, |z|=2.41). Possible causes: a large appliance running outside its usual schedule, or overlapping medium loads."
2009-10-18 18:00:00,2.7207,1.2630106849893865,1.4576893405690852,2.6773676648999367,1.4576893405690852,18,6,"[2009-10-18 18:00] Unusual spike on Sun 18:00 (evening peak) detected by residual z-score: actual 2.72 kW vs expected 1.26 kW (Δ +1.46 kW, |z|=2.68). Possible causes: more high-power appliances running at once than usual."
2008-03-22 16:00:00,3.0853665,1.6285050646803216,1.4568614228227301,3.306937225660444,1.4568614228227301,16,5,"[2008-03-22 16:00] Unusual spike on Sat 16:00 (daytime) detected by residual z-score: actual 3.09 kW vs expected 1.63 kW (Δ +1.46 kW, |z|=3.31). Possible causes: a large appliance running outside its usual schedule, or overlapping medium loads."
2010-05-01 11:00:00,2.6106,1.155610527487788,1.454989467171636,2.9477435985920426,1.454989467171636,11,5,"[2010-05-01 11:00] Unusual spike on Sat 11:00 (daytime) detected by residual z-score: actual 2.61 kW vs expected 1.16 kW (Δ +1.45 kW, |z|=2.95). Possible causes: a large appliance running outside its usual schedule, or overlapping medium loads."
2010-01-30 12:00:00,0.45303333,1.907589727847883,-1.4545563997915476,-2.207332416351381,1.4545563997915476,12,5,"[2010-01-30 12:00] Unusual drop on Sat 12:00 (daytime) detected by residual z-score: actual 0.45 kW vs expected 1.91 kW (Δ -1.45 kW, |z|=2.21). Possible causes: a large appliance running outside its usual schedule, or overlapping medium loads."
2007-02-14 12:00:00,3.4512668,1.997394592834714,1.4538721727597683,3.5140091301204395,1.4538721727597683,12,2,"[2007-02-14 12:00] Unusual spike on Wed 12:00 (daytime) detected by residual z-score: actual 3.45 kW vs expected 2.00 kW (Δ +1.45 kW, |z|=3.51). Possible causes: a large appliance running outside its usual schedule, or overlapping medium loads."
2010-05-09 10:00:00,2.589,1.135584430523528,1.4534155561250315,2.6253835695164467,1.4534155561250315,10,6,"[2010-05-09 10:00] Unusual spike on Sun 10:00 (daytime) detected by residual z-score: actual 2.59 kW vs expected 1.14 kW (Δ +1.45 kW, |z|=2.63). Possible causes: a large appliance running outside its usual schedule, or overlapping medium loads."
2007-04-07 12:00:00,0.5024667,1.9537005278248494,-1.4512338492054646,-3.259285735444468,1.4512338492054646,12,5,"[2007-04-07 12:00] Unusual drop on Sat 12:00 (daytime) detected by residual z-score: actual 0.50 kW vs expected 1.95 kW (Δ -1.45 kW, |z|=3.26). Possible causes: a large appliance running outside its usual schedule, or overlapping medium loads."
2007-10-21 11:00:00,2.2947335,0.8440013250530025,1.4507321992695072,3.200751148009736,1.4507321992695072,11,6,"[2007-10-21 11:00] Unusual spike on Sun 11:00 (daytime) detected by residual z-score: actual 2.29 kW vs expected 0.84 kW (Δ +1.45 kW, |z|=3.20). Possible causes: a large appliance running outside its usual schedule, or overlapping medium loads."
2010-10-10 19:00:00,3.4917998,2.0433026451865284,1.4484971862038525,3.0167167175829053,1.4484971862038525,19,6,"[2010-10-10 19:00] Unusual spike on Sun 19:00 (evening peak) detected by residual z-score: actual 3.49 kW vs expected 2.04 kW (Δ +1.45 kW, |z|=3.02). Possible causes: more high-power appliances running at once than usual."
2008-09-14 12:00:00,3.5746,2.126440073360219,1.4481599079477645,3.7306814932209194,1.4481599079477645,12,6,"[2008-09-14 12:00] Unusual spike on Sun 12:00 (daytime) detected by residual z-score: actual 3.57 kW vs expected 2.13 kW (Δ +1.45 kW, |z|=3.73). Possible causes: a large appliance running outside its usual schedule, or overlapping medium loads."
2010-11-08 07:00:00,2.6106668,1.1629097464895088,1.4477570053720634,2.5112826059607483,1.4477570053720634,7,0,"[2010-11-08 07:00] Unusual spike on Mon 07:00 (morning) detected by residual z-score: actual 2.61 kW vs expected 1.16 kW (Δ +1.45 kW, |z|=2.51). Possible causes: a heavy start-of-day routine or several devices switching on at once."
2008-12-23 21:00:00,0.71513337,2.1614606569644796,-1.446327287995516,-3.218297357254209,1.446327287995516,21,1,"[2008-12-23 21:00] Unusual drop on Tue 21:00 (evening peak) detected by residual z-score: actual 0.72 kW vs expected 2.16 kW (Δ -1.45 kW, |z|=3.22). Possible causes: more high-power appliances running at once than usual."
2009-10-17 14:00:00,2.7726667,1.326613086415842,1.4460536063179226,2.5616048692744493,1.4460536063179226,14,5,"[2009-10-17 14:00] Unusual spike on Sat 14:00 (daytime) detected by residual z-score: actual 2.77 kW vs expected 1.33 kW (Δ +1.45 kW, |z|=2.56). Possible causes: a large appliance running outside its usual schedule, or overlapping medium loads."
2010-07-21 23:00:00,2.8781333,1.4344105391494564,1.4437227578170964,4.130571916618317,1.4437227578170964,23,2,"[2010-07-21 23:00] Unusual spike on Wed 23:00 (late evening) detected by residual z-score: actual 2.88 kW vs expected 1.43 kW (Δ +1.44 kW, |z|=4.13). Possible causes: an unusual load combination late at night."
2010-05-05 21:00:00,3.1246998,1.6818295967691201,1.442870234239791,2.650309109663525,1.442870234239791,21,2,"[2010-05-05 21:00] Unusual spike on Wed 21:00 (evening peak) detected by residual z-score: actual 3.12 kW vs expected 1.68 kW (Δ +1.44 kW, |z|=2.65). Possible causes: more high-power appliances running at once than usual."
2010-02-06 23:00:00,3.4749,2.0323929718666554,1.4425070353812695,2.4641767278775077,1.4425070353812695,23,5,"[2010-02-06 23:00] Unusual spike on Sat 23:00 (late evening) detected by residual z-score: actual 3.47 kW vs expected 2.03 kW (Δ +1.44 kW, |z|=2.46). Possible causes: an unusual load combination late at night."
2009-11-20 07:00:00,2.5564,1.1139388106695862,1.4424612499841003,2.924085030132345,1.4424612499841003,7,4,"[2009-11-20 07:00] Unusual spike on Fri 07:00 (morning) detected by residual z-score: actual 2.56 kW vs expected 1.11 kW (Δ +1.44 kW, |z|=2.92). Possible causes: a heavy start-of-day routine or several devices switching on at once."
2007-01-07 15:00:00,3.7707667,2.329646026516951,1.4411207085599531,3.4379576467730835,1.4411207085599531,15,6,"[2007-01-07 15:00] Unusual spike on Sun 15:00 (daytime) detected by residual z-score: actual 3.77 kW vs expected 2.33 kW (Δ +1.44 kW, |z|=3.44). Possible causes: a large appliance running outside its usual schedule, or overlapping medium loads."
2009-12-29 20:00:00,0.71500003,2.1549896909809116,-1.4399896576023106,-2.3637819766758947,1.4399896576023106,20,1,"[2009-12-29 20:00] Unusual drop on Tue 20:00 (evening peak) detected by residual z-score: actual 0.72 kW vs expected 2.15 kW (Δ -1.44 kW, |z|=2.36). Possible causes: more high-power appliances running at once than usual."
2009-10-03 17:00:00,3.1209998,1.6815641284735636,1.4394356846062704,3.0158717391485186,1.4394356846062704,17,5,"[2009-10-03 17:00] Unusual spike on Sat 17:00 (evening peak) detected by residual z-score: actual 3.12 kW vs expected 1.68 kW (Δ +1.44 kW, |z|=3.02). Possible causes: more high-power appliances running at once than usual."
2007-02-19 18:00:00,3.4106667,1.9715824212078377,1.4390842829700188,2.8584085096866803,1.4390842829700188,18,0,"[2007-02-19 18:00] Unusual spike on Mon 18:00 (evening peak) detected by residual z-score: actual 3.41 kW vs expected 1.97 kW (Δ +1.44 kW, |z|=2.86). Possible causes: more high-power appliances running at once than usual."
2008-03-08 19:00:00,4.4196334,2.9809612356294686,1.4386721528898185,2.7829422773209913,1.4386721528898185,19,5,"[2008-03-08 19:00] Unusual spike on Sat 19:00 (evening peak) detected by residual z-score: actual 4.42 kW vs expected 2.98 kW (Δ +1.44 kW, |z|=2.78). Possible causes: more high-power appliances running at once than usual."
2008-03-05 18:00:00,3.4016669,1.9640903073498697,1.437576572304061,3.617551468279772,1.437576572304061,18,2,"[2008-03-05 18:00] Unusual spike on Wed 18:00 (evening peak) detected by residual z-score: actual 3.40 kW vs expected 1.96 kW (Δ +1.44 kW, |z|=3.62). Possible causes: more high-power appliances running at once than usual."
2008-03-11 18:00:00,3.1846335,1.747068058576555,1.437565434846907,2.742709925641494,1.437565434846907,18,1,"[2008-03-11 18:00] Unusual spike on Tue 18:00 (evening peak) detected by residual z-score: actual 3.18 kW vs expected 1.75 kW (Δ +1.44 kW, |z|=2.74). Possible causes: more high-power appliances running at once than usual."
2007-10-13 19:00:00,4.7327666,3.2956137434396853,1.4371528848256956,3.273619844214234,1.4371528848256956,19,5,"[2007-10-13 19:00] Unusual spike on Sat 19:00 (evening peak) detected by residual z-score: actual 4.73 kW vs expected 3.30 kW (Δ +1.44 kW, |z|=3.27). Possible causes: more high-power appliances running at once than usual."
2007-06-02 20:00:00,0.73546666,2.172450947658248,-1.4369842885891866,-3.3079380778485037,1.4369842885891866,20,5,"[2007-06-02 20:00] Unusual drop on Sat 20:00 (evening peak) detected by residual z-score: actual 0.74 kW vs expected 2.17 kW (Δ -1.44 kW, |z|=3.31). Possible causes: more high-power appliances running at once than usual."
2010-11-06 07:00:00,2.6104333,1.1766760169240862,1.4337573231485456,2.300030581641691,1.4337573231485456,7,5,"[2010-11-06 07:00] Unusual spike on Sat 07:00 (morning) detected by residual z-score: actual 2.61 kW vs expected 1.18 kW (Δ +1.43 kW, |z|=2.30). Possible causes: a heavy start-of-day routine or several devices switching on at once."
2009-11-22 09:00:00,0.4435,1.8769384437841827,-1.4334384316248352,-2.6835575296028034,1.4334384316248352,9,6,"[2009-11-22 09:00] Unusual drop on Sun 09:00 (morning) detected by residual z-score: actual 0.44 kW vs expected 1.88 kW (Δ -1.43 kW, |z|=2.68). Possible causes: a heavy start-of-day routine or several devices switching on at once."
2010-03-13 14:00:00,3.0405667,1.6085241615320018,1.43204252128355,2.4533744263317816,1.43204252128355,14,5,"[2010-03-13 14:00] Unusual spike on Sat 14:00 (daytime) detected by residual z-score: actual 3.04 kW vs expected 1.61 kW (Δ +1.43 kW, |z|=2.45). Possible causes: a large appliance running outside its usual schedule, or overlapping medium loads."
2008-01-26 19:00:00,6.0138,4.58308434692845,1.4307157972671067,3.4730675417713415,1.4307157972671067,19,5,"[2008-01-26 19:00] Unusual spike on Sat 19:00 (evening peak) detected by residual z-score: actual 6.01 kW vs expected 4.58 kW (Δ +1.43 kW, |z|=3.47). Possible causes: more high-power appliances running at once than usual."
2007-07-28 19:00:00,2.9890666,1.5614175662832386,1.427649034516322,3.4089941798672863,1.427649034516322,19,5,"[2007-07-28 19:00] Unusual spike on Sat 19:00 (evening peak) detected by residual z-score: actual 2.99 kW vs expected 1.56 kW (Δ +1.43 kW, |z|=3.41). Possible causes: more high-power appliances running at once than usual."
2010-07-01 01:00:00,0.867,2.293985709749114,-1.4269857259615772,-3.2371765833916353,1.4269857259615772,1,3,"[2010-07-01 01:00] Unusual drop on Thu 01:00 (overnight) detected by residual z-score: actual 0.87 kW vs expected 2.29 kW (Δ -1.43 kW, |z|=3.24). Possible causes: a device left on overnight, standby/defrost cycle, or a heating/cooling unit."
2009-01-31 16:00:00,3.4074333,1.9811312470610083,1.4263020243470728,3.0652053616870907,1.4263020243470728,16,5,"[2009-01-31 16:00] Unusual spike on Sat 16:00 (daytime) detected by residual z-score: actual 3.41 kW vs expected 1.98 kW (Δ +1.43 kW, |z|=3.07). Possible causes: a large appliance running outside its usual schedule, or overlapping medium loads."
2009-04-09 19:00:00,3.3968666,1.9745698169927286,1.4222967429895712,3.683846189056545,1.4222967429895712,19,3,"[2009-04-09 19:00] Unusual spike on Thu 19:00 (evening peak) detected by residual z-score: actual 3.40 kW vs expected 1.97 kW (Δ +1.42 kW, |z|=3.68). Possible causes: more high-power appliances running at once than usual."
2007-09-06 21:00:00,2.6461334,1.2247314579899276,1.421401964861635,3.445982345565581,1.421401964861635,21,3,"[2007-09-06 21:00] Unusual spike on Thu 21:00 (evening peak) detected by residual z-score: actual 2.65 kW vs expected 1.22 kW (Δ +1.42 kW, |z|=3.45). Possible causes: more high-power appliances running at once than usual."
2009-06-10 13:00:00,2.3652,0.944505348973408,1.4206946937512015,3.7117904295542603,1.4206946937512015,13,2,"[2009-06-10 13:00] Unusual spike on Wed 13:00 (daytime) detected by residual z-score: actual 2.37 kW vs expected 0.94 kW (Δ +1.42 kW, |z|=3.71). Possible causes: a large appliance running outside its usual schedule, or overlapping medium loads."
2009-01-16 17:00:00,4.1512666,2.730700705552887,1.4205658693067322,3.302526015712289,1.4205658693067322,17,4,"[2009-01-16 17:00] Unusual spike on Fri 17:00 (evening peak) detected by residual z-score: actual 4.15 kW vs expected 2.73 kW (Δ +1.42 kW, |z|=3.30). Possible causes: more high-power appliances running at once than usual."
2009-01-18 14:00:00,3.7168665,2.299404953917592,1.4174615393075056,3.3486641778224064,1.4174615393075056,14,6,"[2009-01-18 14:00] Unusual spike on Sun 14:00 (daytime) detected by residual z-score: actual 3.72 kW vs expected 2.30 kW (Δ +1.42 kW, |z|=3.35). Possible causes: a large appliance running outside its usual schedule, or overlapping medium loads."
2010-05-29 10:00:00,2.6568668,1.240437935031675,1.4164288538324608,3.4126357247089514,1.4164288538324608,10,5,"[2010-05-29 10:00] Unusual spike on Sat 10:00 (daytime) detected by residual z-score: actual 2.66 kW vs expected 1.24 kW (Δ +1.42 kW, |z|=3.41). Possible causes: a large appliance running outside its usual schedule, or overlapping medium loads."
2007-04-21 18:00:00,2.4504,1.0359817872958919,1.4144183267635564,3.9263950423438825,1.4144183267635564,18,5,"[2007-04-21 18:00] Unusual spike on Sat 18:00 (evening peak) detected by residual z-score: actual 2.45 kW vs expected 1.04 kW (Δ +1.41 kW, |z|=3.93). Possible causes: more high-power appliances running at once than usual."
2009-03-11 14:00:00,3.3269334,1.9137633120947555,1.413170071846895,3.2025930562760467,1.413170071846895,14,2,"[2009-03-11 14:00] Unusual spike on Wed 14:00 (daytime) detected by residual z-score: actual 3.33 kW vs expected 1.91 kW (Δ +1.41 kW, |z|=3.20). Possible causes: a large appliance running outside its usual schedule, or overlapping medium loads."
2007-01-05 11:00:00,0.35583335,1.768680792851024,-1.412847441238933,-3.273606684735818,1.412847441238933,11,4,"[2007-01-05 11:00] Unusual drop on Fri 11:00 (daytime) detected by residual z-score: actual 0.36 kW vs expected 1.77 kW (Δ -1.41 kW, |z|=3.27). Possible causes: a large appliance running outside its usual schedule, or overlapping medium loads."
2010-03-24 11:00:00,3.1818666,1.7717064404185912,1.4101602053943971,3.2654354784383233,1.4101602053943971,11,2,"[2010-03-24 11:00] Unusual spike on Wed 11:00 (daytime) detected by residual z-score: actual 3.18 kW vs expected 1.77 kW (Δ +1.41 kW, |z|=3.27). Possible causes: a large appliance running outside its usual schedule, or overlapping medium loads."
2009-10-24 15:00:00,0.5198333,1.927528567746337,-1.4076952414066153,-2.247596308861755,1.4076952414066153,15,5,"[2009-10-24 15:00] Unusual drop on Sat 15:00 (daytime) detected by isolation forest: actual 0.52 kW vs expected 1.93 kW (Δ -1.41 kW, |z|=2.25). Possible causes: a large appliance running outside its usual schedule, or overlapping medium loads."
2008-12-10 17:00:00,3.7416666,2.3345982600247748,1.4070682953798883,3.2324015097156797,1.4070682953798883,17,2,"[2008-12-10 17:00] Unusual spike on Wed 17:00 (evening peak) detected by residual z-score: actual 3.74 kW vs expected 2.33 kW (Δ +1.41 kW, |z|=3.23). Possible causes: more high-power appliances running at once than usual."
2007-11-06 11:00:00,3.2140334,1.8108257389902156,1.4032076262594182,3.6074055982708453,1.4032076262594182,11,1,"[2007-11-06 11:00] Unusual spike on Tue 11:00 (daytime) detected by residual z-score: actual 3.21 kW vs expected 1.81 kW (Δ +1.40 kW, |z|=3.61). Possible causes: a large appliance running outside its usual schedule, or overlapping medium loads."
2008-01-29 12:00:00,3.9499002,2.5474059392760875,1.4024942110229848,3.250378486405305,1.4024942110229848,12,1,"[2008-01-29 12:00] Unusual spike on Tue 12:00 (daytime) detected by residual z-score: actual 3.95 kW vs expected 2.55 kW (Δ +1.40 kW, |z|=3.25). Possible causes: a large appliance running outside its usual schedule, or overlapping medium loads."
2007-07-23 13:00:00,0.4112,1.8135953517228203,-1.4023953647881584,-3.4348544698263224,1.4023953647881584,13,0,"[2007-07-23 13:00] Unusual drop on Mon 13:00 (daytime) detected by residual z-score: actual 0.41 kW vs expected 1.81 kW (Δ -1.40 kW, |z|=3.43). Possible causes: a large appliance running outside its usual schedule, or overlapping medium loads."
2009-12-25 17:00:00,3.2292,1.8278749140231219,1.4013249722988996,2.164116485608872,1.4013249722988996,17,4,"[2009-12-25 17:00] Unusual spike on Fri 17:00 (evening peak) detected by isolation forest: actual 3.23 kW vs expected 1.83 kW (Δ +1.40 kW, |z|=2.16). Possible causes: more high-power appliances running at once than usual."
2008-06-13 12:00:00,2.0556998,0.6559790293553404,1.399720795931525,3.355701641194959,1.399720795931525,12,4,"[2008-06-13 12:00] Unusual spike on Fri 12:00 (daytime) detected by residual z-score: actual 2.06 kW vs expected 0.66 kW (Δ +1.40 kW, |z|=3.36). Possible causes: a large appliance running outside its usual schedule, or overlapping medium loads."
2007-05-16 12:00:00,2.8142002,1.415141548822989,1.3990586140645842,3.298846762687175,1.3990586140645842,12,2,"[2007-05-16 12:00] Unusual spike on Wed 12:00 (daytime) detected by residual z-score: actual 2.81 kW vs expected 1.42 kW (Δ +1.40 kW, |z|=3.30). Possible causes: a large appliance running outside its usual schedule, or overlapping medium loads."
2008-05-06 14:00:00,2.1996999,0.8008358558168887,1.3988640228757383,3.294957936695277,1.3988640228757383,14,1,"[2008-05-06 14:00] Unusual spike on Tue 14:00 (daytime) detected by residual z-score: actual 2.20 kW vs expected 0.80 kW (Δ +1.40 kW, |z|=3.29). Possible causes: a large appliance running outside its usual schedule, or overlapping medium loads."
2009-04-11 19:00:00,4.3047333,2.9102606898890486,1.3944725864781389,3.619424688141935,1.3944725864781389,19,5,"[2009-04-11 19:00] Unusual spike on Sat 19:00 (evening peak) detected by residual z-score: actual 4.30 kW vs expected 2.91 kW (Δ +1.39 kW, |z|=3.62). Possible causes: more high-power appliances running at once than usual."
2008-05-27 16:00:00,3.0297,1.6371634629300857,1.392536577887175,3.8663794362626884,1.392536577887175,16,1,"[2008-05-27 16:00] Unusual spike on Tue 16:00 (daytime) detected by residual z-score: actual 3.03 kW vs expected 1.64 kW (Δ +1.39 kW, |z|=3.87). Possible causes: a large appliance running outside its usual schedule, or overlapping medium loads."
2007-02-16 06:00:00,3.3264666,1.936794700404825,1.3896718599589446,3.1174405859656553,1.3896718599589446,6,4,"[2007-02-16 06:00] Unusual spike on Fri 06:00 (morning) detected by residual z-score: actual 3.33 kW vs expected 1.94 kW (Δ +1.39 kW, |z|=3.12). Possible causes: a heavy start-of-day routine or several devices switching on at once."
2010-07-11 23:00:00,2.5947669,1.208002627140413,1.3867642280994552,3.3922371905708815,1.3867642280994552,23,6,"[2010-07-11 23:00] Unusual spike on Sun 23:00 (late evening) detected by residual z-score: actual 2.59 kW vs expected 1.21 kW (Δ +1.39 kW, |z|=3.39). Possible causes: an unusual load combination late at night."
2009-02-14 11:00:00,3.4953,2.109208032652402,1.386092021897769,3.0081060420950285,1.386092021897769,11,5,"[2009-02-14 11:00] Unusual spike on Sat 11:00 (daytime) detected by residual z-score: actual 3.50 kW vs expected 2.11 kW (Δ +1.39 kW, |z|=3.01). Possible causes: a large appliance running outside its usual schedule, or overlapping medium loads."
2007-01-31 15:00:00,3.7652001,2.3805607634018546,1.3846393746901864,3.250177292366999,1.3846393746901864,15,2,"[2007-01-31 15:00] Unusual spike on Wed 15:00 (daytime) detected by residual z-score: actual 3.77 kW vs expected 2.38 kW (Δ +1.38 kW, |z|=3.25). Possible causes: a large appliance running outside its usual schedule, or overlapping medium loads."
2008-04-22 09:00:00,0.31363335,1.6946929722699753,-1.3810596197518936,-3.055590796498544,1.3810596197518936,9,1,"[2008-04-22 09:00] Unusual drop on Tue 09:00 (morning) detected by residual z-score: actual 0.31 kW vs expected 1.69 kW (Δ -1.38 kW, |z|=3.06). Possible causes: a heavy start-of-day routine or several devices switching on at once."
2009-04-11 11:00:00,3.4521668,2.071206702836305,1.380960092894286,3.525157335049043,1.380960092894286,11,5,"[2009-04-11 11:00] Unusual spike on Sat 11:00 (daytime) detected by residual z-score: actual 3.45 kW vs expected 2.07 kW (Δ +1.38 kW, |z|=3.53). Possible causes: a large appliance running outside its usual schedule, or overlapping medium loads."
2007-06-08 10:00:00,3.1212666,1.7436703268017952,1.3775962766680534,3.081707251149943,1.3775962766680534,10,4,"[2007-06-08 10:00] Unusual spike on Fri 10:00 (daytime) detected by residual z-score: actual 3.12 kW vs expected 1.74 kW (Δ +1.38 kW, |z|=3.08). Possible causes: a large appliance running outside its usual schedule, or overlapping medium loads."
2009-01-25 20:00:00,1.2553,2.6328092020498577,-1.37750915703643,-2.943833879081747,1.37750915703643,20,6,"[2009-01-25 20:00] Unusual drop on Sun 20:00 (evening peak) detected by isolation forest: actual 1.26 kW vs expected 2.63 kW (Δ -1.38 kW, |z|=2.94). Possible causes: more high-power appliances running at once than usual."
2008-03-23 21:00:00,1.7224001,3.0982901288977622,-1.3758900596610069,-2.908592565408068,1.3758900596610069,21,6,"[2008-03-23 21:00] Unusual drop on Sun 21:00 (evening peak) detected by isolation forest: actual 1.72 kW vs expected 3.10 kW (Δ -1.38 kW, |z|=2.91). Possible causes: more high-power appliances running at once than usual."
2010-07-14 22:00:00,3.1088667,1.7334728721412325,1.375393819448123,3.203773445199848,1.375393819448123,22,2,"[2010-07-14 22:00] Unusual spike on Wed 22:00 (late evening) detected by residual z-score: actual 3.11 kW vs expected 1.73 kW (Δ +1.38 kW, |z|=3.20). Possible causes: an unusual load combination late at night."
2009-04-14 19:00:00,2.6756332,1.303189405352106,1.372443786710272,3.081678121461563,1.372443786710272,19,1,"[2009-04-14 19:00] Unusual spike on Tue 19:00 (evening peak) detected by residual z-score: actual 2.68 kW vs expected 1.30 kW (Δ +1.37 kW, |z|=3.08). Possible causes: more high-power appliances running at once than usual."
2008-10-01 11:00:00,2.9313333,1.5607855398043227,1.3705477636472154,4.184291294492863,1.3705477636472154,11,2,"[2008-10-01 11:00] Unusual spike on Wed 11:00 (daytime) detected by residual z-score: actual 2.93 kW vs expected 1.56 kW (Δ +1.37 kW, |z|=4.18). Possible causes: a large appliance running outside its usual schedule, or overlapping medium loads."
2008-07-12 15:00:00,3.9929335,2.6232424894436,1.3696910222904086,3.568709148789248,1.3696910222904086,15,5,"[2008-07-12 15:00] Unusual spike on Sat 15:00 (daytime) detected by residual z-score: actual 3.99 kW vs expected 2.62 kW (Δ +1.37 kW, |z|=3.57). Possible causes: a large appliance running outside its usual schedule, or overlapping medium loads."
2007-03-04 16:00:00,3.3447,1.9756820214530857,1.369018076584634,5.506891207054021,1.369018076584634,16,6,"[2007-03-04 16:00] Unusual spike on Sun 16:00 (daytime) detected by residual z-score: actual 3.34 kW vs expected 1.98 kW (Δ +1.37 kW, |z|=5.51). Possible causes: a large appliance running outside its usual schedule, or overlapping medium loads."
2008-06-04 07:00:00,3.4474332,2.0789355792889337,1.3684976539721747,3.5916453224347933,1.3684976539721747,7,2,"[2008-06-04 07:00] Unusual spike on Wed 07:00 (morning) detected by residual z-score: actual 3.45 kW vs expected 2.08 kW (Δ +1.37 kW, |z|=3.59). Possible causes: a heavy start-of-day routine or several devices switching on at once."
2007-04-21 21:00:00,3.5402334,2.1733578728349197,1.3668755008070481,3.5907732702552706,1.3668755008070481,21,5,"[2007-04-21 21:00] Unusual spike on Sat 21:00 (evening peak) detected by residual z-score: actual 3.54 kW vs expected 2.17 kW (Δ +1.37 kW, |z|=3.59). Possible causes: more high-power appliances running at once than usual."
2008-02-16 14:00:00,3.2235,1.8582562299540786,1.3652437833973619,3.0892935579549765,1.3652437833973619,14,5,"[2008-02-16 14:00] Unusual spike on Sat 14:00 (daytime) detected by residual z-score: actual 3.22 kW vs expected 1.86 kW (Δ +1.37 kW, |z|=3.09). Possible causes: a large appliance running outside its usual schedule, or overlapping medium loads."
2010-08-29 21:00:00,3.2345002,1.8697855083111374,1.3647146614428909,3.2102391416075307,1.3647146614428909,21,6,"[2010-08-29 21:00] Unusual spike on Sun 21:00 (evening peak) detected by residual z-score: actual 3.23 kW vs expected 1.87 kW (Δ +1.36 kW, |z|=3.21). Possible causes: more high-power appliances running at once than usual."
2008-01-22 09:00:00,0.40019998,1.763980661675977,-1.363780682132291,-3.093096376877384,1.363780682132291,9,1,"[2008-01-22 09:00] Unusual drop on Tue 09:00 (morning) detected by residual z-score: actual 0.40 kW vs expected 1.76 kW (Δ -1.36 kW, |z|=3.09). Possible causes: a heavy start-of-day routine or several devices switching on at once."
2007-04-20 21:00:00,2.8842666,1.5219238153179635,1.362342799595977,4.209546280735298,1.362342799595977,21,4,"[2007-04-20 21:00] Unusual spike on Fri 21:00 (evening peak) detected by residual z-score: actual 2.88 kW vs expected 1.52 kW (Δ +1.36 kW, |z|=4.21). Possible causes: more high-power appliances running at once than usual."
2007-05-06 10:00:00,0.37766665,1.738679557627349,-1.3610129054247428,-3.4928912203739517,1.3610129054247428,10,6,"[2007-05-06 10:00] Unusual drop on Sun 10:00 (daytime) detected by residual z-score: actual 0.38 kW vs expected 1.74 kW (Δ -1.36 kW, |z|=3.49). Possible causes: a large appliance running outside its usual schedule, or overlapping medium loads."
2009-04-08 14:00:00,2.2545667,0.8937866708199345,1.3607799986441769,3.6612325218420665,1.3607799986441769,14,2,"[2009-04-08 14:00] Unusual spike on Wed 14:00 (daytime) detected by residual z-score: actual 2.25 kW vs expected 0.89 kW (Δ +1.36 kW, |z|=3.66). Possible causes: a large appliance running outside its usual schedule, or overlapping medium loads."
2008-03-02 11:00:00,2.9585,1.6002573082157912,1.3582426002314745,5.105774563677869,1.3582426002314745,11,6,"[2008-03-02 11:00] Unusual spike on Sun 11:00 (daytime) detected by residual z-score: actual 2.96 kW vs expected 1.60 kW (Δ +1.36 kW, |z|=5.11). Possible causes: a large appliance running outside its usual schedule, or overlapping medium loads."
2008-10-12 18:00:00,2.4508333,1.0936999918036856,1.3571333288139902,3.7100020541302636,1.3571333288139902,18,6,"[2008-10-12 18:00] Unusual spike on Sun 18:00 (evening peak) detected by residual z-score: actual 2.45 kW vs expected 1.09 kW (Δ +1.36 kW, |z|=3.71). Possible causes: more high-power appliances running at once than usual."
2007-01-31 11:00:00,2.8378334,1.4807924505425667,1.357040953998449,3.2841279134012784,1.357040953998449,11,2,"[2007-01-31 11:00] Unusual spike on Wed 11:00 (daytime) detected by residual z-score: actual 2.84 kW vs expected 1.48 kW (Δ +1.36 kW, |z|=3.28). Possible causes: a large appliance running outside its usual schedule, or overlapping medium loads."
2007-09-09 14:00:00,3.1095335,1.7534263633655973,1.3561071849895052,3.157383353322842,1.3561071849895052,14,6,"[2007-09-09 14:00] Unusual spike on Sun 14:00 (daytime) detected by residual z-score: actual 3.11 kW vs expected 1.75 kW (Δ +1.36 kW, |z|=3.16). Possible causes: a large appliance running outside its usual schedule, or overlapping medium loads."
2008-02-10 11:00:00,0.38373333,1.738765522698288,-1.355032190541153,-3.289925244756761,1.355032190541153,11,6,"[2008-02-10 11:00] Unusual drop on Sun 11:00 (daytime) detected by residual z-score: actual 0.38 kW vs expected 1.74 kW (Δ -1.36 kW, |z|=3.29). Possible causes: a large appliance running outside its usual schedule, or overlapping medium loads."
2007-09-02 19:00:00,0.964,2.3187722930125076,-1.354772306363948,-3.4398237235960565,1.354772306363948,19,6,"[2007-09-02 19:00] Unusual drop on Sun 19:00 (evening peak) detected by residual z-score: actual 0.96 kW vs expected 2.32 kW (Δ -1.35 kW, |z|=3.44). Possible causes: more high-power appliances running at once than usual."
2007-02-16 08:00:00,0.335,1.683647246013918,-1.3486472376692678,-3.1764116836506067,1.3486472376692678,8,4,"[2007-02-16 08:00] Unusual drop on Fri 08:00 (morning) detected by residual z-score: actual 0.34 kW vs expected 1.68 kW (Δ -1.35 kW, |z|=3.18). Possible causes: a heavy start-of-day routine or several devices switching on at once."
2008-06-08 21:00:00,3.3245666,1.9759276418527927,1.3486389608541165,3.0446361029810265,1.3486389608541165,21,6,"[2008-06-08 21:00] Unusual spike on Sun 21:00 (evening peak) detected by residual z-score: actual 3.32 kW vs expected 1.98 kW (Δ +1.35 kW, |z|=3.04). Possible causes: more high-power appliances running at once than usual."
2008-09-17 10:00:00,2.9383333,1.5898784227331841,1.3484548502007758,3.544740175689885,1.3484548502007758,10,2,"[2008-09-17 10:00] Unusual spike on Wed 10:00 (daytime) detected by residual z-score: actual 2.94 kW vs expected 1.59 kW (Δ +1.35 kW, |z|=3.54). Possible causes: a large appliance running outside its usual schedule, or overlapping medium loads."
2007-10-31 12:00:00,2.7496333,1.4049902288584752,1.3446430833668666,3.4753891187878474,1.3446430833668666,12,2,"[2007-10-31 12:00] Unusual spike on Wed 12:00 (daytime) detected by residual z-score: actual 2.75 kW vs expected 1.40 kW (Δ +1.34 kW, |z|=3.48). Possible causes: a large appliance running outside its usual schedule, or overlapping medium loads."
2007-11-22 19:00:00,4.583067,3.2396895908305323,1.3433773494770849,3.04036933705684,1.3433773494770849,19,3,"[2007-11-22 19:00] Unusual spike on Thu 19:00 (evening peak) detected by residual z-score: actual 4.58 kW vs expected 3.24 kW (Δ +1.34 kW, |z|=3.04). Possible causes: more high-power appliances running at once than usual."
2010-04-24 21:00:00,3.1433334,1.8009642918924627,1.342369143166131,3.1690686705214217,1.342369143166131,21,5,"[2010-04-24 21:00] Unusual spike on Sat 21:00 (evening peak) detected by residual z-score: actual 3.14 kW vs expected 1.80 kW (Δ +1.34 kW, |z|=3.17). Possible causes: more high-power appliances running at once than usual."
2007-06-17 18:00:00,3.9889,2.6466456535728096,1.342254292639959,3.352712937205992,1.342254292639959,18,6,"[2007-06-17 18:00] Unusual spike on Sun 18:00 (evening peak) detected by residual z-score: actual 3.99 kW vs expected 2.65 kW (Δ +1.34 kW, |z|=3.35). Possible causes: more high-power appliances running at once than usual."
2010-03-23 19:00:00,2.4463,1.1054262395697543,1.3408737901848844,3.2276730347710347,1.3408737901848844,19,1,"[2010-03-23 19:00] Unusual spike on Tue 19:00 (evening peak) detected by residual z-score: actual 2.45 kW vs expected 1.11 kW (Δ +1.34 kW, |z|=3.23). Possible causes: more high-power appliances running at once than usual."
2008-03-21 16:00:00,3.6328332,2.292194521268824,1.3406387211475579,3.1550744996209645,1.3406387211475579,16,4,"[2008-03-21 16:00] Unusual spike on Fri 16:00 (daytime) detected by residual z-score: actual 3.63 kW vs expected 2.29 kW (Δ +1.34 kW, |z|=3.16). Possible causes: a large appliance running outside its usual schedule, or overlapping medium loads."
2010-01-23 23:00:00,1.5229334,2.8633008551254076,-1.3403674912109178,-2.2546230108800156,1.3403674912109178,23,5,"[2010-01-23 23:00] Unusual drop on Sat 23:00 (late evening) detected by isolation forest: actual 1.52 kW vs expected 2.86 kW (Δ -1.34 kW, |z|=2.25). Possible causes: an unusual load combination late at night."
2008-06-06 20:00:00,3.0635667,1.7269355889152567,1.3366310958076437,3.2811921108245294,1.3366310958076437,20,4,"[2008-06-06 20:00] Unusual spike on Fri 20:00 (evening peak) detected by residual z-score: actual 3.06 kW vs expected 1.73 kW (Δ +1.34 kW, |z|=3.28). Possible causes: more high-power appliances running at once than usual."
2009-06-16 18:00:00,2.4945,1.160806175624146,1.3336937461745602,3.8539275785858287,1.3336937461745602,18,1,"[2009-06-16 18:00] Unusual spike on Tue 18:00 (evening peak) detected by residual z-score: actual 2.49 kW vs expected 1.16 kW (Δ +1.33 kW, |z|=3.85). Possible causes: more high-power appliances running at once than usual."
2008-11-16 03:00:00,0.49863333,1.8305831266710646,-1.3319498015711195,-3.034969808511497,1.3319498015711195,3,6,"[2008-11-16 03:00] Unusual drop on Sun 03:00 (overnight) detected by residual z-score: actual 0.50 kW vs expected 1.83 kW (Δ -1.33 kW, |z|=3.03). Possible causes: a device left on overnight, standby/defrost cycle, or a heating/cooling unit."
2008-07-15 15:00:00,1.8742001,0.5431016813584725,1.331098424308642,3.144520411105108,1.331098424308642,15,1,"[2008-07-15 15:00] Unusual spike on Tue 15:00 (daytime) detected by residual z-score: actual 1.87 kW vs expected 0.54 kW (Δ +1.33 kW, |z|=3.14). Possible causes: a large appliance running outside its usual schedule, or overlapping medium loads."
2009-09-09 13:00:00,2.0181,0.6888327296971074,1.329267293572546,3.9562039504107993,1.329267293572546,13,2,"[2009-09-09 13:00] Unusual spike on Wed 13:00 (daytime) detected by residual z-score: actual 2.02 kW vs expected 0.69 kW (Δ +1.33 kW, |z|=3.96). Possible causes: a large appliance running outside its usual schedule, or overlapping medium loads."
2009-09-15 19:00:00,2.2414668,0.9203202149893506,1.3211465456460254,3.2883517457945763,1.3211465456460254,19,1,"[2009-09-15 19:00] Unusual spike on Tue 19:00 (evening peak) detected by residual z-score: actual 2.24 kW vs expected 0.92 kW (Δ +1.32 kW, |z|=3.29). Possible causes: more high-power appliances running at once than usual."
2007-10-12 14:00:00,0.45146665,1.772361310386997,-1.3208946606162604,-3.123337103205009,1.3208946606162604,14,4,"[2007-10-12 14:00] Unusual drop on Fri 14:00 (daytime) detected by residual z-score: actual 0.45 kW vs expected 1.77 kW (Δ -1.32 kW, |z|=3.12). Possible causes: a large appliance running outside its usual schedule, or overlapping medium loads."
2008-01-07 07:00:00,2.6031668,1.2836554882405402,1.3195113303782342,3.1815679241419623,1.3195113303782342,7,0,"[2008-01-07 07:00] Unusual spike on Mon 07:00 (morning) detected by residual z-score: actual 2.60 kW vs expected 1.28 kW (Δ +1.32 kW, |z|=3.18). Possible causes: a heavy start-of-day routine or several devices switching on at once."
2008-01-08 12:00:00,3.2639334,1.9447056818374093,1.319227738343865,3.100121335237985,1.319227738343865,12,1,"[2008-01-08 12:00] Unusual spike on Tue 12:00 (daytime) detected by residual z-score: actual 3.26 kW vs expected 1.94 kW (Δ +1.32 kW, |z|=3.10). Possible causes: a large appliance running outside its usual schedule, or overlapping medium loads."
2009-03-01 17:00:00,1.3540332,2.6727760409253905,-1.318742809190161,-2.8934161906837486,1.318742809190161,17,6,"[2009-03-01 17:00] Unusual drop on Sun 17:00 (evening peak) detected by isolation forest: actual 1.35 kW vs expected 2.67 kW (Δ -1.32 kW, |z|=2.89). Possible causes: more high-power appliances running at once than usual."
2009-04-18 20:00:00,0.496,1.8120164333075885,-1.3160164414138202,-3.0932924269807835,1.3160164414138202,20,5,"[2009-04-18 20:00] Unusual drop on Sat 20:00 (evening peak) detected by residual z-score: actual 0.50 kW vs expected 1.81 kW (Δ -1.32 kW, |z|=3.09). Possible causes: more high-power appliances running at once than usual."
2008-12-07 12:00:00,3.3864667,2.0707130981471473,1.3157536434147423,3.193500618627482,1.3157536434147423,12,6,"[2008-12-07 12:00] Unusual spike on Sun 12:00 (daytime) detected by residual z-score: actual 3.39 kW vs expected 2.07 kW (Δ +1.32 kW, |z|=3.19). Possible causes: a large appliance running outside its usual schedule, or overlapping medium loads."
2008-11-23 17:00:00,4.2059665,2.8908939838648173,1.315072488760915,3.303912067994161,1.315072488760915,17,6,"[2008-11-23 17:00] Unusual spike on Sun 17:00 (evening peak) detected by residual z-score: actual 4.21 kW vs expected 2.89 kW (Δ +1.32 kW, |z|=3.30). Possible causes: more high-power appliances running at once than usual."
2007-04-27 21:00:00,3.1033332,1.788479187187093,1.3148540475998942,3.0707559815398002,1.3148540475998942,21,4,"[2007-04-27 21:00] Unusual spike on Fri 21:00 (evening peak) detected by residual z-score: actual 3.10 kW vs expected 1.79 kW (Δ +1.31 kW, |z|=3.07). Possible causes: more high-power appliances running at once than usual."
2008-09-07 17:00:00,0.55656666,1.871014591697202,-1.3144479360613683,-3.1980789507295677,1.3144479360613683,17,6,"[2008-09-07 17:00] Unusual drop on Sun 17:00 (evening peak) detected by residual z-score: actual 0.56 kW vs expected 1.87 kW (Δ -1.31 kW, |z|=3.20). Possible causes: more high-power appliances running at once than usual."
2008-07-31 22:00:00,3.0313668,1.7211834708229814,1.3101833542807784,4.225394395712168,1.3101833542807784,22,3,"[2008-07-31 22:00] Unusual spike on Thu 22:00 (late evening) detected by residual z-score: actual 3.03 kW vs expected 1.72 kW (Δ +1.31 kW, |z|=4.23). Possible causes: an unusual load combination late at night."
2008-07-12 13:00:00,2.8162334,1.5081245996499255,1.3081087968802259,3.5073300937813467,1.3081087968802259,13,5,"[2008-07-12 13:00] Unusual spike on Sat 13:00 (daytime) detected by residual z-score: actual 2.82 kW vs expected 1.51 kW (Δ +1.31 kW, |z|=3.51). Possible causes: a large appliance running outside its usual schedule, or overlapping medium loads."
2009-07-08 08:00:00,3.0504,1.7433172391886251,1.3070827795033915,3.596536236566012,1.3070827795033915,8,2,"[2009-07-08 08:00] Unusual spike on Wed 08:00 (morning) detected by residual z-score: actual 3.05 kW vs expected 1.74 kW (Δ +1.31 kW, |z|=3.60). Possible causes: a heavy start-of-day routine or several devices switching on at once."
2009-01-16 20:00:00,6.5196333,5.213310763442592,1.3063225297092638,2.8912686982573117,1.3063225297092638,20,4,"[2009-01-16 20:00] Unusual spike on Fri 20:00 (evening peak) detected by isolation forest: actual 6.52 kW vs expected 5.21 kW (Δ +1.31 kW, |z|=2.89). Possible causes: more high-power appliances running at once than usual."
2007-05-25 21:00:00,4.4747334,3.1689911662555046,1.3057421864056282,3.173152941086986,1.3057421864056282,21,4,"[2007-05-25 21:00] Unusual spike on Fri 21:00 (evening peak) detected by residual z-score: actual 4.47 kW vs expected 3.17 kW (Δ +1.31 kW, |z|=3.17). Possible causes: more high-power appliances running at once than usual."
2007-09-21 19:00:00,3.5337667,2.231227807887669,1.3025389386333273,3.4569521104574292,1.3025389386333273,19,4,"[2007-09-21 19:00] Unusual spike on Fri 19:00 (evening peak) detected by residual z-score: actual 3.53 kW vs expected 2.23 kW (Δ +1.30 kW, |z|=3.46). Possible causes: more high-power appliances running at once than usual."
2009-03-20 19:00:00,3.1276333,1.825418373546992,1.3022149596591848,3.4611058981352483,1.3022149596591848,19,4,"[2009-03-20 19:00] Unusual spike on Fri 19:00 (evening peak) detected by residual z-score: actual 3.13 kW vs expected 1.83 kW (Δ +1.30 kW, |z|=3.46). Possible causes: more high-power appliances running at once than usual."
2009-05-28 19:00:00,2.6585667,1.3573134276044305,1.3012532857286994,3.8189783971026183,1.3012532857286994,19,3,"[2009-05-28 19:00] Unusual spike on Thu 19:00 (evening peak) detected by residual z-score: actual 2.66 kW vs expected 1.36 kW (Δ +1.30 kW, |z|=3.82). Possible causes: more high-power appliances running at once than usual."
2007-01-26 08:00:00,0.5117667,1.8120506971944192,-1.3002840250600198,-3.0658992925866366,1.3002840250600198,8,4,"[2007-01-26 08:00] Unusual drop on Fri 08:00 (morning) detected by residual z-score: actual 0.51 kW vs expected 1.81 kW (Δ -1.30 kW, |z|=3.07). Possible causes: a heavy start-of-day routine or several devices switching on at once."
2009-12-24 23:00:00,3.8465335,2.546681596831747,1.2998519400792636,2.159701351224213,1.2998519400792636,23,3,"[2009-12-24 23:00] Unusual spike on Thu 23:00 (late evening) detected by isolation forest: actual 3.85 kW vs expected 2.55 kW (Δ +1.30 kW, |z|=2.16). Possible causes: an unusual load combination late at night."
2007-07-23 12:00:00,2.7018666,1.4049752257189139,1.296891401020588,3.5073238745126436,1.296891401020588,12,0,"[2007-07-23 12:00] Unusual spike on Mon 12:00 (daytime) detected by residual z-score: actual 2.70 kW vs expected 1.40 kW (Δ +1.30 kW, |z|=3.51). Possible causes: a large appliance running outside its usual schedule, or overlapping medium loads."
2010-10-01 17:00:00,0.35443336,1.6504957840821302,-1.2960624263665235,-3.748514815416434,1.2960624263665235,17,4,"[2010-10-01 17:00] Unusual drop on Fri 17:00 (evening peak) detected by residual z-score: actual 0.35 kW vs expected 1.65 kW (Δ -1.30 kW, |z|=3.75). Possible causes: more high-power appliances running at once than usual."
2009-03-08 19:00:00,1.6009,2.8963095969664154,-1.2954095429884491,-3.295970590475409,1.2954095429884491,19,6,"[2009-03-08 19:00] Unusual drop on Sun 19:00 (evening peak) detected by residual z-score: actual 1.60 kW vs expected 2.90 kW (Δ -1.30 kW, |z|=3.30). Possible causes: more high-power appliances running at once than usual."
2009-01-03 11:00:00,3.7428,2.448392339426885,1.294407657902827,3.007997550179567,1.294407657902827,11,5,"[2009-01-03 11:00] Unusual spike on Sat 11:00 (daytime) detected by residual z-score: actual 3.74 kW vs expected 2.45 kW (Δ +1.29 kW, |z|=3.01). Possible causes: a large appliance running outside its usual schedule, or overlapping medium loads."
2008-10-28 18:00:00,1.7671,0.47462136486169115,1.2924786116779208,3.7055532314119626,1.2924786116779208,18,1,"[2008-10-28 18:00] Unusual spike on Tue 18:00 (evening peak) detected by residual z-score: actual 1.77 kW vs expected 0.47 kW (Δ +1.29 kW, |z|=3.71). Possible causes: more high-power appliances running at once than usual."
2007-05-04 20:00:00,3.1560667,1.8655783348002253,1.2904883213124456,4.049235695407847,1.2904883213124456,20,4,"[2007-05-04 20:00] Unusual spike on Fri 20:00 (evening peak) detected by residual z-score: actual 3.16 kW vs expected 1.87 kW (Δ +1.29 kW, |z|=4.05). Possible causes: more high-power appliances running at once than usual."
2007-10-09 15:00:00,2.6725001,1.3846461163243418,1.2878540171900625,3.255168123142821,1.2878540171900625,15,1,"[2007-10-09 15:00] Unusual spike on Tue 15:00 (daytime) detected by residual z-score: actual 2.67 kW vs expected 1.38 kW (Δ +1.29 kW, |z|=3.26). Possible causes: a large appliance running outside its usual schedule, or overlapping medium loads."
2008-11-23 20:00:00,6.310567,5.024352719056644,1.2862141831040006,2.999493512605521,1.2862141831040006,20,6,"[2008-11-23 20:00] Unusual spike on Sun 20:00 (evening peak) detected by isolation forest: actual 6.31 kW vs expected 5.02 kW (Δ +1.29 kW, |z|=3.00). Possible causes: more high-power appliances running at once than usual."
2010-08-15 16:00:00,1.8561,0.5714047009209247,1.2846952622672467,6.3496835170077,1.2846952622672467,16,6,"[2010-08-15 16:00] Unusual spike on Sun 16:00 (daytime) detected by residual z-score: actual 1.86 kW vs expected 0.57 kW (Δ +1.28 kW, |z|=6.35). Possible causes: a large appliance running outside its usual schedule, or overlapping medium loads."
2007-03-13 21:00:00,0.64753336,1.9309013859024038,-1.2833680287590017,-3.029901079146473,1.2833680287590017,21,1,"[2007-03-13 21:00] Unusual drop on Tue 21:00 (evening peak) detected by residual z-score: actual 0.65 kW vs expected 1.93 kW (Δ -1.28 kW, |z|=3.03). Possible causes: more high-power appliances running at once than usual."
2007-05-17 11:00:00,2.2560334,0.9731883429246083,1.282845077638136,3.163132911288156,1.282845077638136,11,3,"[2007-05-17 11:00] Unusual spike on Thu 11:00 (daytime) detected by residual z-score: actual 2.26 kW vs expected 0.97 kW (Δ +1.28 kW, |z|=3.16). Possible causes: a large appliance running outside its usual schedule, or overlapping medium loads."
2007-12-01 21:00:00,5.1395664,3.8587155343696127,1.2808508871391764,2.686108467049602,1.2808508871391764,21,5,"[2007-12-01 21:00] Unusual spike on Sat 21:00 (evening peak) detected by isolation forest: actual 5.14 kW vs expected 3.86 kW (Δ +1.28 kW, |z|=2.69). Possible causes: more high-power appliances running at once than usual."
2007-04-26 08:00:00,2.9603665,1.6799700811761957,1.280396406326856,3.0018694470886382,1.280396406326856,8,3,"[2007-04-26 08:00] Unusual spike on Thu 08:00 (morning) detected by residual z-score: actual 2.96 kW vs expected 1.68 kW (Δ +1.28 kW, |z|=3.00). Possible causes: a heavy start-of-day routine or several devices switching on at once."
2007-06-29 21:00:00,3.1199667,1.840083747935575,1.279882997441012,3.6502176244447213,1.279882997441012,21,4,"[2007-06-29 21:00] Unusual spike on Fri 21:00 (evening peak) detected by residual z-score: actual 3.12 kW vs expected 1.84 kW (Δ +1.28 kW, |z|=3.65). Possible causes: more high-power appliances running at once than usual."
2008-11-09 06:00:00,2.5350668,1.2570721756812286,1.2779946673516083,3.018381545649227,1.2779946673516083,6,6,"[2008-11-09 06:00] Unusual spike on Sun 06:00 (morning) detected by residual z-score: actual 2.54 kW vs expected 1.26 kW (Δ +1.28 kW, |z|=3.02). Possible causes: a heavy start-of-day routine or several devices switching on at once."
2009-04-26 18:00:00,0.5728333,1.848281723253993,-1.2754484236171522,-3.3124129145967474,1.2754484236171522,18,6,"[2009-04-26 18:00] Unusual drop on Sun 18:00 (evening peak) detected by residual z-score: actual 0.57 kW vs expected 1.85 kW (Δ -1.28 kW, |z|=3.31). Possible causes: more high-power appliances running at once than usual."
2007-09-19 17:00:00,2.9622333,1.689226598030323,1.273006706947094,3.4250319215865233,1.273006706947094,17,2,"[2007-09-19 17:00] Unusual spike on Wed 17:00 (evening peak) detected by residual z-score: actual 2.96 kW vs expected 1.69 kW (Δ +1.27 kW, |z|=3.43). Possible causes: more high-power appliances running at once than usual."
2007-04-22 09:00:00,3.3467667,2.0750499457740443,1.2717167645073277,3.1600824518228734,1.2717167645073277,9,6,"[2007-04-22 09:00] Unusual spike on Sun 09:00 (morning) detected by residual z-score: actual 3.35 kW vs expected 2.08 kW (Δ +1.27 kW, |z|=3.16). Possible causes: a heavy start-of-day routine or several devices switching on at once."
2008-11-04 20:00:00,4.4461336,3.181869642682997,1.264263970903429,3.9893395638757183,1.264263970903429,20,1,"[2008-11-04 20:00] Unusual spike on Tue 20:00 (evening peak) detected by residual z-score: actual 4.45 kW vs expected 3.18 kW (Δ +1.26 kW, |z|=3.99). Possible causes: more high-power appliances running at once than usual."
2007-03-07 18:00:00,2.5424001,1.2816922191239206,1.2607079025649222,3.4907598413037766,1.2607079025649222,18,2,"[2007-03-07 18:00] Unusual spike on Wed 18:00 (evening peak) detected by residual z-score: actual 2.54 kW vs expected 1.28 kW (Δ +1.26 kW, |z|=3.49). Possible causes: more high-power appliances running at once than usual."
2010-08-28 12:00:00,2.5922332,1.331890382922783,1.2603427980769728,3.5333970833025266,1.2603427980769728,12,5,"[2010-08-28 12:00] Unusual spike on Sat 12:00 (daytime) detected by residual z-score: actual 2.59 kW vs expected 1.33 kW (Δ +1.26 kW, |z|=3.53). Possible causes: a large appliance running outside its usual schedule, or overlapping medium loads."
2007-05-06 08:00:00,2.9134333,1.653394775724638,1.2600385376451129,3.3429066950651665,1.2600385376451129,8,6,"[2007-05-06 08:00] Unusual spike on Sun 08:00 (morning) detected by residual z-score: actual 2.91 kW vs expected 1.65 kW (Δ +1.26 kW, |z|=3.34). Possible causes: a heavy start-of-day routine or several devices switching on at once."
2007-03-25 17:00:00,0.35351667,1.6131140292424107,-1.259597361161127,-3.028385558574822,1.259597361161127,17,6,"[2007-03-25 17:00] Unusual drop on Sun 17:00 (evening peak) detected by residual z-score: actual 0.35 kW vs expected 1.61 kW (Δ -1.26 kW, |z|=3.03). Possible causes: more high-power appliances running at once than usual."
2007-03-05 19:00:00,5.6449,4.386757864769139,1.2581419803541518,3.891092142641568,1.2581419803541518,19,0,"[2007-03-05 19:00] Unusual spike on Mon 19:00 (evening peak) detected by residual z-score + isolation forest: actual 5.64 kW vs expected 4.39 kW (Δ +1.26 kW, |z|=3.89). Possible causes: more high-power appliances running at once than usual."
2007-07-22 20:00:00,0.3455,1.6035035905213968,-1.2580035981507913,-3.390696819019339,1.2580035981507913,20,6,"[2007-07-22 20:00] Unusual drop on Sun 20:00 (evening peak) detected by residual z-score: actual 0.35 kW vs expected 1.60 kW (Δ -1.26 kW, |z|=3.39). Possible causes: more high-power appliances running at once than usual."
2007-06-02 17:00:00,2.6615,1.4043773598799731,1.2571226172318433,3.0261344234963903,1.2571226172318433,17,5,"[2007-06-02 17:00] Unusual spike on Sat 17:00 (evening peak) detected by residual z-score: actual 2.66 kW vs expected 1.40 kW (Δ +1.26 kW, |z|=3.03). Possible causes: more high-power appliances running at once than usual."
2008-12-31 19:00:00,3.1530335,1.8964613873821312,1.2565721075672096,3.556900024880913,1.2565721075672096,19,2,"[2008-12-31 19:00] Unusual spike on Wed 19:00 (evening peak) detected by residual z-score: actual 3.15 kW vs expected 1.90 kW (Δ +1.26 kW, |z|=3.56). Possible causes: more high-power appliances running at once than usual."
2007-09-25 08:00:00,3.3475,2.091149084363027,1.2563510014676615,3.11965731088155,1.2563510014676615,8,1,"[2007-09-25 08:00] Unusual spike on Tue 08:00 (morning) detected by residual z-score: actual 3.35 kW vs expected 2.09 kW (Δ +1.26 kW, |z|=3.12). Possible causes: a heavy start-of-day routine or several devices switching on at once."
2010-07-22 15:00:00,0.36683333,1.6226860841636899,-1.2558527549629452,-3.1054578341560295,1.2558527549629452,15,3,"[2010-07-22 15:00] Unusual drop on Thu 15:00 (daytime) detected by residual z-score: actual 0.37 kW vs expected 1.62 kW (Δ -1.26 kW, |z|=3.11). Possible causes: a large appliance running outside its usual schedule, or overlapping medium loads."
2007-06-14 23:00:00,3.1514666,1.8962568278198153,1.25520978022767,3.075675223016515,1.25520978022767,23,3,"[2007-06-14 23:00] Unusual spike on Thu 23:00 (late evening) detected by residual z-score: actual 3.15 kW vs expected 1.90 kW (Δ +1.26 kW, |z|=3.08). Possible causes: an unusual load combination late at night."
2007-07-08 17:00:00,2.0980668,0.8428574353147777,1.2552093714784351,3.4433603341027093,1.2552093714784351,17,6,"[2007-07-08 17:00] Unusual spike on Sun 17:00 (evening peak) detected by residual z-score: actual 2.10 kW vs expected 0.84 kW (Δ +1.26 kW, |z|=3.44). Possible causes: more high-power appliances running at once than usual."
2009-07-31 19:00:00,2.9812331,1.7308677989387797,1.2503653210258199,4.2393130323908945,1.2503653210258199,19,4,"[2009-07-31 19:00] Unusual spike on Fri 19:00 (evening peak) detected by residual z-score: actual 2.98 kW vs expected 1.73 kW (Δ +1.25 kW, |z|=4.24). Possible causes: more high-power appliances running at once than usual."
2009-07-05 19:00:00,2.3997667,1.150580592577184,1.2491860910013073,3.5814372776022765,1.2491860910013073,19,6,"[2009-07-05 19:00] Unusual spike on Sun 19:00 (evening peak) detected by residual z-score: actual 2.40 kW vs expected 1.15 kW (Δ +1.25 kW, |z|=3.58). Possible causes: more high-power appliances running at once than usual."
2008-10-15 15:00:00,2.2851,1.0385105166253452,1.2465894665899868,3.209251477045723,1.2465894665899868,15,2,"[2008-10-15 15:00] Unusual spike on Wed 15:00 (daytime) detected by residual z-score: actual 2.29 kW vs expected 1.04 kW (Δ +1.25 kW, |z|=3.21). Possible causes: a large appliance running outside its usual schedule, or overlapping medium loads."
2009-05-08 18:00:00,2.9731333,1.7268992038085391,1.246234121768243,3.4251482327243714,1.246234121768243,18,4,"[2009-05-08 18:00] Unusual spike on Fri 18:00 (evening peak) detected by residual z-score: actual 2.97 kW vs expected 1.73 kW (Δ +1.25 kW, |z|=3.43). Possible causes: more high-power appliances running at once than usual."
2008-11-05 08:00:00,3.5736,2.331896205820788,1.2417038479664435,4.008440374585534,1.2417038479664435,8,2,"[2008-11-05 08:00] Unusual spike on Wed 08:00 (morning) detected by residual z-score: actual 3.57 kW vs expected 2.33 kW (Δ +1.24 kW, |z|=4.01). Possible causes: a heavy start-of-day routine or several devices switching on at once."
2008-05-03 00:00:00,2.8899,1.6486490266112461,1.241250942489706,3.324727325926414,1.241250942489706,0,5,"[2008-05-03 00:00] Unusual spike on Sat 00:00 (overnight) detected by residual z-score: actual 2.89 kW vs expected 1.65 kW (Δ +1.24 kW, |z|=3.32). Possible causes: a device left on overnight, standby/defrost cycle, or a heating/cooling unit."
2009-09-12 19:00:00,3.0616667,1.8206288082725575,1.2410379187934826,3.678381746479271,1.2410379187934826,19,5,"[2009-09-12 19:00] Unusual spike on Sat 19:00 (evening peak) detected by residual z-score: actual 3.06 kW vs expected 1.82 kW (Δ +1.24 kW, |z|=3.68). Possible causes: more high-power appliances running at once than usual."
2008-09-26 19:00:00,2.9346666,1.7014947514531011,1.233171882152856,3.4981097356496687,1.233171882152856,19,4,"[2008-09-26 19:00] Unusual spike on Fri 19:00 (evening peak) detected by residual z-score: actual 2.93 kW vs expected 1.70 kW (Δ +1.23 kW, |z|=3.50). Possible causes: more high-power appliances running at once than usual."
2007-08-04 23:00:00,2.206,0.974494447470937,1.2315056421744486,4.1384635451540355,1.2315056421744486,23,5,"[2007-08-04 23:00] Unusual spike on Sat 23:00 (late evening) detected by residual z-score: actual 2.21 kW vs expected 0.97 kW (Δ +1.23 kW, |z|=4.14). Possible causes: an unusual load combination late at night."
2008-05-03 02:00:00,0.6719333,1.902216485692017,-1.2302831923494266,-3.0054624094668827,1.2302831923494266,2,5,"[2008-05-03 02:00] Unusual drop on Sat 02:00 (overnight) detected by residual z-score: actual 0.67 kW vs expected 1.90 kW (Δ -1.23 kW, |z|=3.01). Possible causes: a device left on overnight, standby/defrost cycle, or a heating/cooling unit."
2008-06-03 19:00:00,2.1401,0.9102243794931256,1.2298756227956926,3.425951827829794,1.2298756227956926,19,1,"[2008-06-03 19:00] Unusual spike on Tue 19:00 (evening peak) detected by residual z-score: actual 2.14 kW vs expected 0.91 kW (Δ +1.23 kW, |z|=3.43). Possible causes: more high-power appliances running at once than usual."
2007-11-20 16:00:00,0.35459998,1.5840713268362503,-1.229471344336174,-3.0795198462995663,1.229471344336174,16,1,"[2007-11-20 16:00] Unusual drop on Tue 16:00 (daytime) detected by residual z-score: actual 0.35 kW vs expected 1.58 kW (Δ -1.23 kW, |z|=3.08). Possible causes: a large appliance running outside its usual schedule, or overlapping medium loads."
2009-04-25 22:00:00,3.0034666,1.7759214260146714,1.2275451801254653,3.308553890444007,1.2275451801254653,22,5,"[2009-04-25 22:00] Unusual spike on Sat 22:00 (late evening) detected by residual z-score: actual 3.00 kW vs expected 1.78 kW (Δ +1.23 kW, |z|=3.31). Possible causes: an unusual load combination late at night."
2009-01-18 21:00:00,4.8607,3.6365021185784214,1.224198011884225,2.7805057743149826,1.224198011884225,21,6,"[2009-01-18 21:00] Unusual spike on Sun 21:00 (evening peak) detected by isolation forest: actual 4.86 kW vs expected 3.64 kW (Δ +1.22 kW, |z|=2.78). Possible causes: more high-power appliances running at once than usual."
2008-10-05 13:00:00,2.9872668,1.7688826128875035,1.2183841660584194,3.132337288257462,1.2183841660584194,13,6,"[2008-10-05 13:00] Unusual spike on Sun 13:00 (daytime) detected by residual z-score: actual 2.99 kW vs expected 1.77 kW (Δ +1.22 kW, |z|=3.13). Possible causes: a large appliance running outside its usual schedule, or overlapping medium loads."
2007-05-26 10:00:00,0.43776667,1.655333789276955,-1.21756711809623,-3.042458829451434,1.21756711809623,10,5,"[2007-05-26 10:00] Unusual drop on Sat 10:00 (daytime) detected by residual z-score: actual 0.44 kW vs expected 1.66 kW (Δ -1.22 kW, |z|=3.04). Possible causes: a large appliance running outside its usual schedule, or overlapping medium loads."
2009-02-23 07:00:00,3.5425334,2.3254404326111833,1.2170929650633773,3.0762208774950746,1.2170929650633773,7,0,"[2009-02-23 07:00] Unusual spike on Mon 07:00 (morning) detected by residual z-score: actual 3.54 kW vs expected 2.33 kW (Δ +1.22 kW, |z|=3.08). Possible causes: a heavy start-of-day routine or several devices switching on at once."
2007-10-09 21:00:00,3.9673333,2.7509479796427154,1.216385337160263,3.007642987688633,1.216385337160263,21,1,"[2007-10-09 21:00] Unusual spike on Tue 21:00 (evening peak) detected by residual z-score: actual 3.97 kW vs expected 2.75 kW (Δ +1.22 kW, |z|=3.01). Possible causes: more high-power appliances running at once than usual."
2008-11-04 17:00:00,2.1328666,0.9213094635176017,1.2115571574998545,3.8978924904065253,1.2115571574998545,17,1,"[2008-11-04 17:00] Unusual spike on Tue 17:00 (evening peak) detected by residual z-score: actual 2.13 kW vs expected 0.92 kW (Δ +1.21 kW, |z|=3.90). Possible causes: more high-power appliances running at once than usual."
2009-04-25 10:00:00,3.2228332,2.016662743588431,1.2061704129972624,3.2561558111655553,1.2061704129972624,10,5,"[2009-04-25 10:00] Unusual spike on Sat 10:00 (daytime) detected by residual z-score: actual 3.22 kW vs expected 2.02 kW (Δ +1.21 kW, |z|=3.26). Possible causes: a large appliance running outside its usual schedule, or overlapping medium loads."
2008-09-14 11:00:00,2.2990668,1.0930132057549968,1.2060535762426838,3.2563334462828477,1.2060535762426838,11,6,"[2008-09-14 11:00] Unusual spike on Sun 11:00 (daytime) detected by residual z-score: actual 2.30 kW vs expected 1.09 kW (Δ +1.21 kW, |z|=3.26). Possible causes: a large appliance running outside its usual schedule, or overlapping medium loads."
2008-09-03 20:00:00,2.9144332,1.7089568637366432,1.2054763771538597,4.092486280052752,1.2054763771538597,20,2,"[2008-09-03 20:00] Unusual spike on Wed 20:00 (evening peak) detected by residual z-score: actual 2.91 kW vs expected 1.71 kW (Δ +1.21 kW, |z|=4.09). Possible causes: more high-power appliances running at once than usual."
2007-08-25 00:00:00,3.5055,2.3019560008108875,1.2035440773904065,3.3831632531870337,1.2035440773904065,0,5,"[2007-08-25 00:00] Unusual spike on Sat 00:00 (overnight) detected by residual z-score: actual 3.51 kW vs expected 2.30 kW (Δ +1.20 kW, |z|=3.38). Possible causes: a device left on overnight, standby/defrost cycle, or a heating/cooling unit."
2008-09-13 18:00:00,0.34726667,1.5478955136358576,-1.2006288395941096,-3.261247328169923,1.2006288395941096,18,5,"[2008-09-13 18:00] Unusual drop on Sat 18:00 (evening peak) detected by residual z-score: actual 0.35 kW vs expected 1.55 kW (Δ -1.20 kW, |z|=3.26). Possible causes: more high-power appliances running at once than usual."
2009-12-25 16:00:00,1.5948334,2.792349517991225,-1.1975161439677877,-1.9806746252083813,1.1975161439677877,16,4,"[2009-12-25 16:00] Unusual drop on Fri 16:00 (daytime) detected by isolation forest: actual 1.59 kW vs expected 2.79 kW (Δ -1.20 kW, |z|=1.98). Possible causes: a large appliance running outside its usual schedule, or overlapping medium loads."
2007-04-17 20:00:00,2.7206666,1.5251135395200577,1.1955531074373398,4.603933249035958,1.1955531074373398,20,1,"[2007-04-17 20:00] Unusual spike on Tue 20:00 (evening peak) detected by residual z-score: actual 2.72 kW vs expected 1.53 kW (Δ +1.20 kW, |z|=4.60). Possible causes: more high-power appliances running at once than usual."
2007-03-08 19:00:00,3.5261,2.3346036825818697,1.1914962376909575,3.0090009669392157,1.1914962376909575,19,3,"[2007-03-08 19:00] Unusual spike on Thu 19:00 (evening peak) detected by residual z-score: actual 3.53 kW vs expected 2.33 kW (Δ +1.19 kW, |z|=3.01). Possible causes: more high-power appliances running at once than usual."
2008-09-14 20:00:00,3.3028333,2.1152822630285435,1.1875510556817837,3.182529925004155,1.1875510556817837,20,6,"[2008-09-14 20:00] Unusual spike on Sun 20:00 (evening peak) detected by residual z-score: actual 3.30 kW vs expected 2.12 kW (Δ +1.19 kW, |z|=3.18). Possible causes: more high-power appliances running at once than usual."
2008-12-31 20:00:00,4.178967,2.9922321723637593,1.1867348266901958,3.237414618163908,1.1867348266901958,20,2,"[2008-12-31 20:00] Unusual spike on Wed 20:00 (evening peak) detected by residual z-score: actual 4.18 kW vs expected 2.99 kW (Δ +1.19 kW, |z|=3.24). Possible causes: more high-power appliances running at once than usual."
2007-11-06 21:00:00,0.87116665,2.053723585327175,-1.1825569388466146,-3.0957114752867048,1.1825569388466146,21,1,"[2007-11-06 21:00] Unusual drop on Tue 21:00 (evening peak) detected by residual z-score: actual 0.87 kW vs expected 2.05 kW (Δ -1.18 kW, |z|=3.10). Possible causes: more high-power appliances running at once than usual."
2008-09-06 10:00:00,2.5822668,1.3999081231106283,1.182358684445524,3.198585728594271,1.182358684445524,10,5,"[2008-09-06 10:00] Unusual spike on Sat 10:00 (daytime) detected by residual z-score: actual 2.58 kW vs expected 1.40 kW (Δ +1.18 kW, |z|=3.20). Possible causes: a large appliance running outside its usual schedule, or overlapping medium loads."
2008-09-27 18:00:00,2.9797332,1.8023136653101428,1.1774195633733289,3.357374942185326,1.1774195633733289,18,5,"[2008-09-27 18:00] Unusual spike on Sat 18:00 (evening peak) detected by residual z-score: actual 2.98 kW vs expected 1.80 kW (Δ +1.18 kW, |z|=3.36). Possible causes: more high-power appliances running at once than usual."
2009-07-14 13:00:00,0.2823,1.4587543052025398,-1.1764543097801765,-3.5665059327796484,1.1764543097801765,13,1,"[2009-07-14 13:00] Unusual drop on Tue 13:00 (daytime) detected by residual z-score: actual 0.28 kW vs expected 1.46 kW (Δ -1.18 kW, |z|=3.57). Possible causes: a large appliance running outside its usual schedule, or overlapping medium loads."
2007-07-21 23:00:00,1.8496333,0.6732168384611441,1.1764164976060556,3.990840747885447,1.1764164976060556,23,5,"[2007-07-21 23:00] Unusual spike on Sat 23:00 (late evening) detected by residual z-score: actual 1.85 kW vs expected 0.67 kW (Δ +1.18 kW, |z|=3.99). Possible causes: an unusual load combination late at night."
2009-03-28 18:00:00,4.3750334,3.2009269676497003,1.174106410951374,3.14218228061203,1.174106410951374,18,5,"[2009-03-28 18:00] Unusual spike on Sat 18:00 (evening peak) detected by residual z-score: actual 4.38 kW vs expected 3.20 kW (Δ +1.17 kW, |z|=3.14). Possible causes: more high-power appliances running at once than usual."
2009-02-08 21:00:00,1.3849334,2.5572714360833357,-1.1723380836129378,-2.7628374502293678,1.1723380836129378,21,6,"[2009-02-08 21:00] Unusual drop on Sun 21:00 (evening peak) detected by isolation forest: actual 1.38 kW vs expected 2.56 kW (Δ -1.17 kW, |z|=2.76). Possible causes: more high-power appliances running at once than usual."
2010-07-10 09:00:00,1.9883333,0.8177009218042408,1.1706324226552929,3.115954472805715,1.1706324226552929,9,5,"[2010-07-10 09:00] Unusual spike on Sat 09:00 (morning) detected by residual z-score: actual 1.99 kW vs expected 0.82 kW (Δ +1.17 kW, |z|=3.12). Possible causes: a heavy start-of-day routine or several devices switching on at once."
2007-02-04 00:00:00,5.0733333,3.90497967679677,1.1683535866004466,2.407137276529784,1.1683535866004466,0,6,"[2007-02-04 00:00] Unusual spike on Sun 00:00 (overnight) detected by isolation forest: actual 5.07 kW vs expected 3.90 kW (Δ +1.17 kW, |z|=2.41). Possible causes: a device left on overnight, standby/defrost cycle, or a heating/cooling unit."
2008-09-22 20:00:00,4.2912335,3.123026097475507,1.1682074421057917,3.062739276643022,1.1682074421057917,20,0,"[2008-09-22 20:00] Unusual spike on Mon 20:00 (evening peak) detected by residual z-score: actual 4.29 kW vs expected 3.12 kW (Δ +1.17 kW, |z|=3.06). Possible causes: more high-power appliances running at once than usual."
2009-07-14 12:00:00,2.7453334,1.5796518727939648,1.1656815603572803,4.016415994519924,1.1656815603572803,12,1,"[2009-07-14 12:00] Unusual spike on Tue 12:00 (daytime) detected by residual z-score: actual 2.75 kW vs expected 1.58 kW (Δ +1.17 kW, |z|=4.02). Possible causes: a large appliance running outside its usual schedule, or overlapping medium loads."
2008-09-02 19:00:00,2.4147668,1.2533800692726436,1.1613867192100225,5.071815280028908,1.1613867192100225,19,1,"[2008-09-02 19:00] Unusual spike on Tue 19:00 (evening peak) detected by residual z-score: actual 2.41 kW vs expected 1.25 kW (Δ +1.16 kW, |z|=5.07). Possible causes: more high-power appliances running at once than usual."
2007-07-04 20:00:00,1.0106666,2.169559432582186,-1.1588928237717613,-3.0273549175626875,1.1588928237717613,20,2,"[2007-07-04 20:00] Unusual drop on Wed 20:00 (evening peak) detected by residual z-score: actual 1.01 kW vs expected 2.17 kW (Δ -1.16 kW, |z|=3.03). Possible causes: more high-power appliances running at once than usual."
2006-12-24 18:00:00,0.5052,1.6640456039848912,-1.1588455755653966,,1.1588455755653966,18,6,"[2006-12-24 18:00] Unusual drop on Sun 18:00 (evening peak) detected by isolation forest: actual 0.51 kW vs expected 1.66 kW (Δ -1.16 kW, |z|=nan). Possible causes: more high-power appliances running at once than usual."
2007-12-09 21:00:00,1.6000333,2.7552214406158635,-1.155188157382221,-2.3625651674408656,1.155188157382221,21,6,"[2007-12-09 21:00] Unusual drop on Sun 21:00 (evening peak) detected by isolation forest: actual 1.60 kW vs expected 2.76 kW (Δ -1.16 kW, |z|=2.36). Possible causes: more high-power appliances running at once than usual."
2007-09-24 15:00:00,1.6588666,0.5090795396100732,1.1497871042955663,3.00929513511022,1.1497871042955663,15,0,"[2007-09-24 15:00] Unusual spike on Mon 15:00 (daytime) detected by residual z-score: actual 1.66 kW vs expected 0.51 kW (Δ +1.15 kW, |z|=3.01). Possible causes: a large appliance running outside its usual schedule, or overlapping medium loads."
2007-07-06 21:00:00,4.272233,3.12269312041379,1.149539888924589,3.4568626576403148,1.149539888924589,21,4,"[2007-07-06 21:00] Unusual spike on Fri 21:00 (evening peak) detected by residual z-score: actual 4.27 kW vs expected 3.12 kW (Δ +1.15 kW, |z|=3.46). Possible causes: more high-power appliances running at once than usual."
2009-09-05 20:00:00,0.47206667,1.6189310129114967,-1.1468643422552924,-3.06626414095881,1.1468643422552924,20,5,"[2009-09-05 20:00] Unusual drop on Sat 20:00 (evening peak) detected by residual z-score: actual 0.47 kW vs expected 1.62 kW (Δ -1.15 kW, |z|=3.07). Possible causes: more high-power appliances running at once than usual."
2007-02-11 16:00:00,0.4385,1.5813927424614667,-1.14289275533607,-2.816485498137854,1.14289275533607,16,6,"[2007-02-11 16:00] Unusual drop on Sun 16:00 (daytime) detected by isolation forest: actual 0.44 kW vs expected 1.58 kW (Δ -1.14 kW, |z|=2.82). Possible causes: a large appliance running outside its usual schedule, or overlapping medium loads."
2010-01-30 19:00:00,2.7153,3.8568860841072,-1.1415860009467997,-1.8283446356218203,1.1415860009467997,19,5,"[2010-01-30 19:00] Unusual drop on Sat 19:00 (evening peak) detected by isolation forest: actual 2.72 kW vs expected 3.86 kW (Δ -1.14 kW, |z|=1.83). Possible causes: more high-power appliances running at once than usual."
2009-12-24 19:00:00,4.6752334,3.5372757090925693,1.1379576550126553,1.9272619014109333,1.1379576550126553,19,3,"[2009-12-24 19:00] Unusual spike on Thu 19:00 (evening peak) detected by isolation forest: actual 4.68 kW vs expected 3.54 kW (Δ +1.14 kW, |z|=1.93). Possible causes: more high-power appliances running at once than usual."
2007-01-17 18:00:00,1.6687,2.7973244607036274,-1.128624480921523,-2.402080377693924,1.128624480921523,18,2,"[2007-01-17 18:00] Unusual drop on Wed 18:00 (evening peak) detected by isolation forest: actual 1.67 kW vs expected 2.80 kW (Δ -1.13 kW, |z|=2.40). Possible causes: more high-power appliances running at once than usual."
2009-06-06 19:00:00,2.5557666,1.431162684724111,1.1246038977649027,3.462375255340941,1.1246038977649027,19,5,"[2009-06-06 19:00] Unusual spike on Sat 19:00 (evening peak) detected by residual z-score: actual 2.56 kW vs expected 1.43 kW (Δ +1.12 kW, |z|=3.46). Possible causes: more high-power appliances running at once than usual."
2009-08-30 14:00:00,2.7425334,1.6191902097012933,1.123343235656983,3.090099589615847,1.123343235656983,14,6,"[2009-08-30 14:00] Unusual spike on Sun 14:00 (daytime) detected by residual z-score: actual 2.74 kW vs expected 1.62 kW (Δ +1.12 kW, |z|=3.09). Possible causes: a large appliance running outside its usual schedule, or overlapping medium loads."
2010-10-01 12:00:00,2.4493668,1.3271548376350697,1.1222119703025524,3.444520687692065,1.1222119703025524,12,4,"[2010-10-01 12:00] Unusual spike on Fri 12:00 (daytime) detected by residual z-score: actual 2.45 kW vs expected 1.33 kW (Δ +1.12 kW, |z|=3.44). Possible causes: a large appliance running outside its usual schedule, or overlapping medium loads."
2008-10-02 09:00:00,2.6601999,1.5404420179739962,1.1197578626259794,3.189801334626029,1.1197578626259794,9,3,"[2008-10-02 09:00] Unusual spike on Thu 09:00 (morning) detected by residual z-score: actual 2.66 kW vs expected 1.54 kW (Δ +1.12 kW, |z|=3.19). Possible causes: a heavy start-of-day routine or several devices switching on at once."
2010-02-21 18:00:00,1.9771333,3.096754485172288,-1.1196212110939188,-1.6562097116747656,1.1196212110939188,18,6,"[2010-02-21 18:00] Unusual drop on Sun 18:00 (evening peak) detected by isolation forest: actual 1.98 kW vs expected 3.10 kW (Δ -1.12 kW, |z|=1.66). Possible causes: more high-power appliances running at once than usual."
2010-08-27 16:00:00,0.7748334,1.8902986023585866,-1.1154652211825917,-3.344446682414829,1.1154652211825917,16,4,"[2010-08-27 16:00] Unusual drop on Fri 16:00 (daytime) detected by residual z-score: actual 0.77 kW vs expected 1.89 kW (Δ -1.12 kW, |z|=3.34). Possible causes: a large appliance running outside its usual schedule, or overlapping medium loads."
2007-08-12 22:00:00,2.7658334,1.6542858343235785,1.1115475435145563,3.4683148599671796,1.1115475435145563,22,6,"[2007-08-12 22:00] Unusual spike on Sun 22:00 (late evening) detected by residual z-score: actual 2.77 kW vs expected 1.65 kW (Δ +1.11 kW, |z|=3.47). Possible causes: an unusual load combination late at night."
2007-09-02 18:00:00,2.9593,1.8483780749660395,1.110921966232691,3.011462756186517,1.110921966232691,18,6,"[2007-09-02 18:00] Unusual spike on Sun 18:00 (evening peak) detected by residual z-score: actual 2.96 kW vs expected 1.85 kW (Δ +1.11 kW, |z|=3.01). Possible causes: more high-power appliances running at once than usual."
2009-06-25 09:00:00,0.2821333,1.3918751616515888,-1.1097418506183399,-3.3604231514957807,1.1097418506183399,9,3,"[2009-06-25 09:00] Unusual drop on Thu 09:00 (morning) detected by residual z-score: actual 0.28 kW vs expected 1.39 kW (Δ -1.11 kW, |z|=3.36). Possible causes: a heavy start-of-day routine or several devices switching on at once."
2007-06-27 21:00:00,4.5979667,3.4937026691074946,1.1042640018824956,3.672808517104071,1.1042640018824956,21,2,"[2007-06-27 21:00] Unusual spike on Wed 21:00 (evening peak) detected by residual z-score: actual 4.60 kW vs expected 3.49 kW (Δ +1.10 kW, |z|=3.67). Possible causes: more high-power appliances running at once than usual."
2007-05-01 18:00:00,1.8551333,0.7524163991070233,1.102716895952181,3.3698950369356035,1.102716895952181,18,1,"[2007-05-01 18:00] Unusual spike on Tue 18:00 (evening peak) detected by residual z-score: actual 1.86 kW vs expected 0.75 kW (Δ +1.10 kW, |z|=3.37). Possible causes: more high-power appliances running at once than usual."
2009-07-31 17:00:00,1.8858,0.7830902697587367,1.1027097342466954,3.9930511362245134,1.1027097342466954,17,4,"[2009-07-31 17:00] Unusual spike on Fri 17:00 (evening peak) detected by residual z-score: actual 1.89 kW vs expected 0.78 kW (Δ +1.10 kW, |z|=3.99). Possible causes: more high-power appliances running at once than usual."
2010-08-27 18:00:00,2.8016331,1.6996493426056787,1.1019837769774512,3.4612670290327325,1.1019837769774512,18,4,"[2010-08-27 18:00] Unusual spike on Fri 18:00 (evening peak) detected by residual z-score: actual 2.80 kW vs expected 1.70 kW (Δ +1.10 kW, |z|=3.46). Possible causes: more high-power appliances running at once than usual."
2007-11-02 11:00:00,2.2435,1.1415922971123242,1.1019076971656299,3.1200373835452604,1.1019076971656299,11,4,"[2007-11-02 11:00] Unusual spike on Fri 11:00 (daytime) detected by residual z-score: actual 2.24 kW vs expected 1.14 kW (Δ +1.10 kW, |z|=3.12). Possible causes: a large appliance running outside its usual schedule, or overlapping medium loads."
2007-07-05 22:00:00,2.7036333,1.6022904809109395,1.101342827499705,3.1604587684276253,1.101342827499705,22,3,"[2007-07-05 22:00] Unusual spike on Thu 22:00 (late evening) detected by residual z-score: actual 2.70 kW vs expected 1.60 kW (Δ +1.10 kW, |z|=3.16). Possible causes: an unusual load combination late at night."
2007-11-04 17:00:00,2.5039668,1.4041289798067,1.0998378285123918,3.1871096501193237,1.0998378285123918,17,6,"[2007-11-04 17:00] Unusual spike on Sun 17:00 (evening peak) detected by residual z-score: actual 2.50 kW vs expected 1.40 kW (Δ +1.10 kW, |z|=3.19). Possible causes: more high-power appliances running at once than usual."
2009-06-27 11:00:00,0.6684,1.7681048237491823,-1.0997048341442324,-3.1805936083592417,1.0997048341442324,11,5,"[2009-06-27 11:00] Unusual drop on Sat 11:00 (daytime) detected by residual z-score: actual 0.67 kW vs expected 1.77 kW (Δ -1.10 kW, |z|=3.18). Possible causes: a large appliance running outside its usual schedule, or overlapping medium loads."
2009-06-16 15:00:00,0.38950002,1.485204481287771,-1.0957044593532617,-3.271765479224902,1.0957044593532617,15,1,"[2009-06-16 15:00] Unusual drop on Tue 15:00 (daytime) detected by residual z-score: actual 0.39 kW vs expected 1.49 kW (Δ -1.10 kW, |z|=3.27). Possible causes: a large appliance running outside its usual schedule, or overlapping medium loads."
2010-02-13 15:00:00,2.0057333,3.0987113570994973,-1.092978105527842,-1.9248434426388223,1.092978105527842,15,5,"[2010-02-13 15:00] Unusual drop on Sat 15:00 (daytime) detected by isolation forest: actual 2.01 kW vs expected 3.10 kW (Δ -1.09 kW, |z|=1.92). Possible causes: a large appliance running outside its usual schedule, or overlapping medium loads."
2008-10-19 01:00:00,5.7590666,4.666838052429776,1.0922285292962979,2.3909141754546748,1.0922285292962979,1,6,"[2008-10-19 01:00] Unusual spike on Sun 01:00 (overnight) detected by isolation forest: actual 5.76 kW vs expected 4.67 kW (Δ +1.09 kW, |z|=2.39). Possible causes: a device left on overnight, standby/defrost cycle, or a heating/cooling unit."
2009-05-27 21:00:00,2.9227,1.8361354372304597,1.0865644910532317,3.0770736377397174,1.0865644910532317,21,2,"[2009-05-27 21:00] Unusual spike on Wed 21:00 (evening peak) detected by residual z-score: actual 2.92 kW vs expected 1.84 kW (Δ +1.09 kW, |z|=3.08). Possible causes: more high-power appliances running at once than usual."
2009-12-24 18:00:00,4.5629334,3.477545281745404,1.0853881632314026,1.851820760064876,1.0853881632314026,18,3,"[2009-12-24 18:00] Unusual spike on Thu 18:00 (evening peak) detected by isolation forest: actual 4.56 kW vs expected 3.48 kW (Δ +1.09 kW, |z|=1.85). Possible causes: more high-power appliances running at once than usual."
2006-12-23 23:00:00,5.5624666,4.4800178191217235,1.0824488022772023,,1.0824488022772023,23,5,"[2006-12-23 23:00] Unusual spike on Sat 23:00 (late evening) detected by isolation forest: actual 5.56 kW vs expected 4.48 kW (Δ +1.08 kW, |z|=nan). Possible causes: an unusual load combination late at night."
2007-06-16 10:00:00,2.1951334,1.1172885257307386,1.0778449219163562,3.035875928019431,1.0778449219163562,10,5,"[2007-06-16 10:00] Unusual spike on Sat 10:00 (daytime) detected by residual z-score: actual 2.20 kW vs expected 1.12 kW (Δ +1.08 kW, |z|=3.04). Possible causes: a large appliance running outside its usual schedule, or overlapping medium loads."
2009-09-04 21:00:00,0.6337334,1.710314138929274,-1.0765807471674942,-3.016117146340697,1.0765807471674942,21,4,"[2009-09-04 21:00] Unusual drop on Fri 21:00 (evening peak) detected by residual z-score: actual 0.63 kW vs expected 1.71 kW (Δ -1.08 kW, |z|=3.02). Possible causes: more high-power appliances running at once than usual."
2008-10-01 17:00:00,1.8549333,0.7820033921523164,1.0729298697190215,3.2491938206158495,1.0729298697190215,17,2,"[2008-10-01 17:00] Unusual spike on Wed 17:00 (evening peak) detected by residual z-score: actual 1.85 kW vs expected 0.78 kW (Δ +1.07 kW, |z|=3.25). Possible causes: more high-power appliances running at once than usual."
2008-10-19 02:00:00,1.1960334,2.26735146048807,-1.0713181019141564,-2.457475664729532,1.0713181019141564,2,6,"[2008-10-19 02:00] Unusual drop on Sun 02:00 (overnight) detected by isolation forest: actual 1.20 kW vs expected 2.27 kW (Δ -1.07 kW, |z|=2.46). Possible causes: a device left on overnight, standby/defrost cycle, or a heating/cooling unit."
2009-07-15 10:00:00,0.21846667,1.2850920245392559,-1.0666253552181957,-3.295816526410687,1.0666253552181957,10,2,"[2009-07-15 10:00] Unusual drop on Wed 10:00 (daytime) detected by residual z-score: actual 0.22 kW vs expected 1.29 kW (Δ -1.07 kW, |z|=3.30). Possible causes: a large appliance running outside its usual schedule, or overlapping medium loads."
2007-08-12 23:00:00,4.6344,3.5689285527761068,1.0654713381235514,3.2026222633446615,1.0654713381235514,23,6,"[2007-08-12 23:00] Unusual spike on Sun 23:00 (late evening) detected by residual z-score: actual 4.63 kW vs expected 3.57 kW (Δ +1.07 kW, |z|=3.20). Possible causes: an unusual load combination late at night."
2008-07-01 19:00:00,2.9667,1.9075361791330605,1.0591638979238243,3.0660269364780537,1.0591638979238243,19,1,"[2008-07-01 19:00] Unusual spike on Tue 19:00 (evening peak) detected by residual z-score: actual 2.97 kW vs expected 1.91 kW (Δ +1.06 kW, |z|=3.07). Possible causes: more high-power appliances running at once than usual."
2006-12-29 23:00:00,1.1646667,2.215094460365384,-1.0504278076859408,,1.0504278076859408,23,4,"[2006-12-29 23:00] Unusual drop on Fri 23:00 (late evening) detected by isolation forest: actual 1.16 kW vs expected 2.22 kW (Δ -1.05 kW, |z|=nan). Possible causes: an unusual load combination late at night."
2007-01-13 22:00:00,5.8142667,4.767066443148332,1.0472002385228105,2.047849227045707,1.0472002385228105,22,5,"[2007-01-13 22:00] Unusual spike on Sat 22:00 (late evening) detected by isolation forest: actual 5.81 kW vs expected 4.77 kW (Δ +1.05 kW, |z|=2.05). Possible causes: an unusual load combination late at night."
2007-12-28 17:00:00,6.3336663,5.291619732807674,1.0420465918078046,1.7340848988290178,1.0420465918078046,17,4,"[2007-12-28 17:00] Unusual spike on Fri 17:00 (evening peak) detected by isolation forest: actual 6.33 kW vs expected 5.29 kW (Δ +1.04 kW, |z|=1.73). Possible causes: more high-power appliances running at once than usual."
2007-07-22 10:00:00,2.5654333,1.529893266471303,1.0355399973073836,3.3434053119127225,1.0355399973073836,10,6,"[2007-07-22 10:00] Unusual spike on Sun 10:00 (daytime) detected by residual z-score: actual 2.57 kW vs expected 1.53 kW (Δ +1.04 kW, |z|=3.34). Possible causes: a large appliance running outside its usual schedule, or overlapping medium loads."
2008-12-06 13:00:00,4.6615,3.6291530620287267,1.0323469150830897,2.5081294954432845,1.0323469150830897,13,5,"[2008-12-06 13:00] Unusual spike on Sat 13:00 (daytime) detected by isolation forest: actual 4.66 kW vs expected 3.63 kW (Δ +1.03 kW, |z|=2.51). Possible causes: a large appliance running outside its usual schedule, or overlapping medium loads."
2009-07-31 20:00:00,0.8223,1.8490723705895475,-1.0267723537095121,-3.189686162329915,1.0267723537095121,20,4,"[2009-07-31 20:00] Unusual drop on Fri 20:00 (evening peak) detected by residual z-score: actual 0.82 kW vs expected 1.85 kW (Δ -1.03 kW, |z|=3.19). Possible causes: more high-power appliances running at once than usual."
2010-01-15 22:00:00,1.1301333,2.154057656747249,-1.0239243855299027,-1.865566835040479,1.0239243855299027,22,4,"[2010-01-15 22:00] Unusual drop on Fri 22:00 (late evening) detected by isolation forest: actual 1.13 kW vs expected 2.15 kW (Δ -1.02 kW, |z|=1.87). Possible causes: an unusual load combination late at night."
2008-10-24 21:00:00,5.3568664,4.333365190568858,1.0235011691418352,2.2691851700242562,1.0235011691418352,21,4,"[2008-10-24 21:00] Unusual spike on Fri 21:00 (evening peak) detected by isolation forest: actual 5.36 kW vs expected 4.33 kW (Δ +1.02 kW, |z|=2.27). Possible causes: more high-power appliances running at once than usual."
2009-07-05 09:00:00,2.0231667,1.0011634578644546,1.022003198629686,3.043610447400385,1.022003198629686,9,6,"[2009-07-05 09:00] Unusual spike on Sun 09:00 (morning) detected by residual z-score: actual 2.02 kW vs expected 1.00 kW (Δ +1.02 kW, |z|=3.04). Possible causes: a heavy start-of-day routine or several devices switching on at once."
2010-10-01 16:00:00,1.7117667,0.6904944264154567,1.0212722934026586,3.08956813771232,1.0212722934026586,16,4,"[2010-10-01 16:00] Unusual spike on Fri 16:00 (daytime) detected by residual z-score: actual 1.71 kW vs expected 0.69 kW (Δ +1.02 kW, |z|=3.09). Possible causes: a large appliance running outside its usual schedule, or overlapping medium loads."
2009-10-11 14:00:00,1.5718,2.5922693197485653,-1.0204693262335507,-2.0171392308402174,1.0204693262335507,14,6,"[2009-10-11 14:00] Unusual drop on Sun 14:00 (daytime) detected by isolation forest: actual 1.57 kW vs expected 2.59 kW (Δ -1.02 kW, |z|=2.02). Possible causes: a large appliance running outside its usual schedule, or overlapping medium loads."
2010-01-30 20:00:00,3.9136,2.8958069850383534,1.0177929829181895,1.4745812839279542,1.0177929829181895,20,5,"[2010-01-30 20:00] Unusual spike on Sat 20:00 (evening peak) detected by isolation forest: actual 3.91 kW vs expected 2.90 kW (Δ +1.02 kW, |z|=1.47). Possible causes: more high-power appliances running at once than usual."
2009-11-22 22:00:00,1.7074333,2.7209123195022635,-1.0134789765686087,-1.9925672090336501,1.0134789765686087,22,6,"[2009-11-22 22:00] Unusual drop on Sun 22:00 (late evening) detected by isolation forest: actual 1.71 kW vs expected 2.72 kW (Δ -1.01 kW, |z|=1.99). Possible causes: an unusual load combination late at night."
2009-08-11 10:00:00,0.28026667,1.2856589382313386,-1.0053922658585206,-4.399646404802089,1.0053922658585206,10,1,"[2009-08-11 10:00] Unusual drop on Tue 10:00 (daytime) detected by residual z-score: actual 0.28 kW vs expected 1.29 kW (Δ -1.01 kW, |z|=4.40). Possible causes: a large appliance running outside its usual schedule, or overlapping medium loads."
2007-12-26 00:00:00,1.4389666,2.440503924194273,-1.00153729230493,-2.0592667297177036,1.00153729230493,0,2,"[2007-12-26 00:00] Unusual drop on Wed 00:00 (overnight) detected by isolation forest: actual 1.44 kW vs expected 2.44 kW (Δ -1.00 kW, |z|=2.06). Possible causes: a device left on overnight, standby/defrost cycle, or a heating/cooling unit."
2007-03-06 22:00:00,0.4897,1.4866249429715375,-0.9969249534142712,-3.042818632767063,0.9969249534142712,22,1,"[2007-03-06 22:00] Unusual drop on Tue 22:00 (late evening) detected by residual z-score: actual 0.49 kW vs expected 1.49 kW (Δ -1.00 kW, |z|=3.04). Possible causes: an unusual load combination late at night."
2010-09-30 18:00:00,2.0233333,1.0272935771911045,0.9960397338898281,3.273067440685187,0.9960397338898281,18,3,"[2010-09-30 18:00] Unusual spike on Thu 18:00 (evening peak) detected by residual z-score: actual 2.02 kW vs expected 1.03 kW (Δ +1.00 kW, |z|=3.27). Possible causes: more high-power appliances running at once than usual."
2009-01-02 20:00:00,1.4126334,2.4032942261709875,-0.9906608071341223,-2.384679655648893,0.9906608071341223,20,4,"[2009-01-02 20:00] Unusual drop on Fri 20:00 (evening peak) detected by isolation forest: actual 1.41 kW vs expected 2.40 kW (Δ -0.99 kW, |z|=2.38). Possible causes: more high-power appliances running at once than usual."
2008-11-05 21:00:00,4.1899667,3.20087888627978,0.9890877923396046,2.8091299311506677,0.9890877923396046,21,2,"[2008-11-05 21:00] Unusual spike on Wed 21:00 (evening peak) detected by isolation forest: actual 4.19 kW vs expected 3.20 kW (Δ +0.99 kW, |z|=2.81). Possible causes: more high-power appliances running at once than usual."
2008-03-01 21:00:00,0.8905,1.8733491461693041,-0.9828491371093981,-3.3372242140693342,0.9828491371093981,21,5,"[2008-03-01 21:00] Unusual drop on Sat 21:00 (evening peak) detected by residual z-score: actual 0.89 kW vs expected 1.87 kW (Δ -0.98 kW, |z|=3.34). Possible causes: more high-power appliances running at once than usual."
2007-08-24 14:00:00,2.5672998,1.5849317255164685,0.9823681173180041,3.0273266250633064,0.9823681173180041,14,4,"[2007-08-24 14:00] Unusual spike on Fri 14:00 (daytime) detected by residual z-score: actual 2.57 kW vs expected 1.58 kW (Δ +0.98 kW, |z|=3.03). Possible causes: a large appliance running outside its usual schedule, or overlapping medium loads."
2010-08-15 19:00:00,0.9298667,1.906227356733939,-0.9763606851717441,-4.218270223605962,0.9763606851717441,19,6,"[2010-08-15 19:00] Unusual drop on Sun 19:00 (evening peak) detected by residual z-score: actual 0.93 kW vs expected 1.91 kW (Δ -0.98 kW, |z|=4.22). Possible causes: more high-power appliances running at once than usual."
2007-01-21 19:00:00,5.3304334,4.3602790606861,0.9701543079967614,1.9791518945201538,0.9701543079967614,19,6,"[2007-01-21 19:00] Unusual spike on Sun 19:00 (evening peak) detected by isolation forest: actual 5.33 kW vs expected 4.36 kW (Δ +0.97 kW, |z|=1.98). Possible causes: more high-power appliances running at once than usual."
2008-09-02 17:00:00,1.6957334,0.7293813003267162,0.9663521276746876,4.7351396719536964,0.9663521276746876,17,1,"[2008-09-02 17:00] Unusual spike on Tue 17:00 (evening peak) detected by residual z-score: actual 1.70 kW vs expected 0.73 kW (Δ +0.97 kW, |z|=4.74). Possible causes: more high-power appliances running at once than usual."
2007-12-02 15:00:00,4.4101663,3.4495991817791833,0.9605670818011389,1.8989829010802155,0.9605670818011389,15,6,"[2007-12-02 15:00] Unusual spike on Sun 15:00 (daytime) detected by isolation forest: actual 4.41 kW vs expected 3.45 kW (Δ +0.96 kW, |z|=1.90). Possible causes: a large appliance running outside its usual schedule, or overlapping medium loads."
2007-01-07 21:00:00,4.7383666,3.7796752823070414,0.9586913215442769,2.142438595778745,0.9586913215442769,21,6,"[2007-01-07 21:00] Unusual spike on Sun 21:00 (evening peak) detected by isolation forest: actual 4.74 kW vs expected 3.78 kW (Δ +0.96 kW, |z|=2.14). Possible causes: more high-power appliances running at once than usual."
2008-08-31 21:00:00,3.1787333,2.2209629093832794,0.9577704394631561,7.654635097445396,0.9577704394631561,21,6,"[2008-08-31 21:00] Unusual spike on Sun 21:00 (evening peak) detected by residual z-score: actual 3.18 kW vs expected 2.22 kW (Δ +0.96 kW, |z|=7.65). Possible causes: more high-power appliances running at once than usual."
2008-07-29 08:00:00,1.9135,0.9572521937872636,0.9562477575753463,3.2077427135718533,0.9562477575753463,8,1,"[2008-07-29 08:00] Unusual spike on Tue 08:00 (morning) detected by residual z-score: actual 1.91 kW vs expected 0.96 kW (Δ +0.96 kW, |z|=3.21). Possible causes: a heavy start-of-day routine or several devices switching on at once."
2007-03-31 20:00:00,4.7660336,3.8127596497396734,0.9532739997049067,2.0167053282231553,0.9532739997049067,20,5,"[2007-03-31 20:00] Unusual spike on Sat 20:00 (evening peak) detected by isolation forest: actual 4.77 kW vs expected 3.81 kW (Δ +0.95 kW, |z|=2.02). Possible causes: more high-power appliances running at once than usual."
2009-11-15 20:00:00,2.0405,2.991310561826481,-0.9508106362130775,-1.702185068134663,0.9508106362130775,20,6,"[2009-11-15 20:00] Unusual drop on Sun 20:00 (evening peak) detected by isolation forest: actual 2.04 kW vs expected 2.99 kW (Δ -0.95 kW, |z|=1.70). Possible causes: more high-power appliances running at once than usual."
2009-08-09 21:00:00,2.2347333,1.2844346813356038,0.9502986617887859,5.822484428370489,0.9502986617887859,21,6,"[2009-08-09 21:00] Unusual spike on Sun 21:00 (evening peak) detected by residual z-score: actual 2.23 kW vs expected 1.28 kW (Δ +0.95 kW, |z|=5.82). Possible causes: more high-power appliances running at once than usual."
2007-04-20 08:00:00,0.5313333,1.478933194903799,-0.9475998676104029,-3.040633180641656,0.9475998676104029,8,4,"[2007-04-20 08:00] Unusual drop on Fri 08:00 (morning) detected by residual z-score: actual 0.53 kW vs expected 1.48 kW (Δ -0.95 kW, |z|=3.04). Possible causes: a heavy start-of-day routine or several devices switching on at once."
2007-03-05 14:00:00,2.5973,1.6572132095632341,0.9400868430795881,3.151772405131514,0.9400868430795881,14,0,"[2007-03-05 14:00] Unusual spike on Mon 14:00 (daytime) detected by residual z-score: actual 2.60 kW vs expected 1.66 kW (Δ +0.94 kW, |z|=3.15). Possible causes: a large appliance running outside its usual schedule, or overlapping medium loads."
2006-12-23 17:00:00,5.4525332,4.512897192014878,0.9396360530717915,,0.9396360530717915,17,5,"[2006-12-23 17:00] Unusual spike on Sat 17:00 (evening peak) detected by isolation forest: actual 5.45 kW vs expected 4.51 kW (Δ +0.94 kW, |z|=nan). Possible causes: more high-power appliances running at once than usual."
2007-08-09 00:00:00,2.6874,1.7484147436505,0.9389853589648565,3.0774090082174803,0.9389853589648565,0,3,"[2007-08-09 00:00] Unusual spike on Thu 00:00 (overnight) detected by residual z-score: actual 2.69 kW vs expected 1.75 kW (Δ +0.94 kW, |z|=3.08). Possible causes: a device left on overnight, standby/defrost cycle, or a heating/cooling unit."
2010-01-09 21:00:00,2.9857666,2.0548341584899785,0.9309324907562373,1.5583008695448215,0.9309324907562373,21,5,"[2010-01-09 21:00] Unusual spike on Sat 21:00 (evening peak) detected by isolation forest: actual 2.99 kW vs expected 2.05 kW (Δ +0.93 kW, |z|=1.56). Possible causes: more high-power appliances running at once than usual."
2008-01-13 00:00:00,4.6702,3.742417185243832,0.9277826858194005,1.9688780617615882,0.9277826858194005,0,6,"[2008-01-13 00:00] Unusual spike on Sun 00:00 (overnight) detected by isolation forest: actual 4.67 kW vs expected 3.74 kW (Δ +0.93 kW, |z|=1.97). Possible causes: a device left on overnight, standby/defrost cycle, or a heating/cooling unit."
2010-08-25 10:00:00,0.33676666,1.260086165963343,-0.9233195057498726,-4.064146935936384,0.9233195057498726,10,2,"[2010-08-25 10:00] Unusual drop on Wed 10:00 (daytime) detected by residual z-score: actual 0.34 kW vs expected 1.26 kW (Δ -0.92 kW, |z|=4.06). Possible causes: a large appliance running outside its usual schedule, or overlapping medium loads."
2007-08-20 15:00:00,1.8436667,0.9223835689500062,0.9212831037565978,3.1278254957169302,0.9212831037565978,15,0,"[2007-08-20 15:00] Unusual spike on Mon 15:00 (daytime) detected by residual z-score: actual 1.84 kW vs expected 0.92 kW (Δ +0.92 kW, |z|=3.13). Possible causes: a large appliance running outside its usual schedule, or overlapping medium loads."
2007-01-21 22:00:00,2.3277333,3.2409630363853568,-0.9132297581108206,-2.0300956851174705,0.9132297581108206,22,6,"[2007-01-21 22:00] Unusual drop on Sun 22:00 (late evening) detected by isolation forest: actual 2.33 kW vs expected 3.24 kW (Δ -0.91 kW, |z|=2.03). Possible causes: an unusual load combination late at night."
2009-01-31 19:00:00,4.5035663,3.5908106246331597,0.9127556404730415,1.871848444612852,0.9127556404730415,19,5,"[2009-01-31 19:00] Unusual spike on Sat 19:00 (evening peak) detected by isolation forest: actual 4.50 kW vs expected 3.59 kW (Δ +0.91 kW, |z|=1.87). Possible causes: more high-power appliances running at once than usual."
2009-08-09 17:00:00,2.2341666,1.3221497723177578,0.9120168498441075,6.540336790716904,0.9120168498441075,17,6,"[2009-08-09 17:00] Unusual spike on Sun 17:00 (evening peak) detected by residual z-score: actual 2.23 kW vs expected 1.32 kW (Δ +0.91 kW, |z|=6.54). Possible causes: more high-power appliances running at once than usual."
2008-01-13 18:00:00,4.1215663,3.2103176857417832,0.9112486098819961,1.8930975331270752,0.9112486098819961,18,6,"[2008-01-13 18:00] Unusual spike on Sun 18:00 (evening peak) detected by isolation forest: actual 4.12 kW vs expected 3.21 kW (Δ +0.91 kW, |z|=1.89). Possible causes: more high-power appliances running at once than usual."
2010-08-16 11:00:00,0.2498,1.1590955372711667,-0.9092955406567105,-3.5769792046410913,0.9092955406567105,11,0,"[2010-08-16 11:00] Unusual drop on Mon 11:00 (daytime) detected by residual z-score: actual 0.25 kW vs expected 1.16 kW (Δ -0.91 kW, |z|=3.58). Possible causes: a large appliance running outside its usual schedule, or overlapping medium loads."
2007-03-04 19:00:00,5.4321337,4.523690888203269,0.9084427864183127,3.346591167983605,0.9084427864183127,19,6,"[2007-03-04 19:00] Unusual spike on Sun 19:00 (evening peak) detected by residual z-score + isolation forest: actual 5.43 kW vs expected 4.52 kW (Δ +0.91 kW, |z|=3.35). Possible causes: more high-power appliances running at once than usual."
2010-02-06 20:00:00,2.5582335,3.4636437642925735,-0.9054102647655959,-1.7018086451792223,0.9054102647655959,20,5,"[2010-02-06 20:00] Unusual drop on Sat 20:00 (evening peak) detected by isolation forest: actual 2.56 kW vs expected 3.46 kW (Δ -0.91 kW, |z|=1.70). Possible causes: more high-power appliances running at once than usual."
2009-08-10 22:00:00,2.7808335,1.8782392797150547,0.9025942030272549,4.685413149857215,0.9025942030272549,22,0,"[2009-08-10 22:00] Unusual spike on Mon 22:00 (late evening) detected by residual z-score: actual 2.78 kW vs expected 1.88 kW (Δ +0.90 kW, |z|=4.69). Possible causes: an unusual load combination late at night."
2010-08-27 09:00:00,1.6963,0.7938150461227831,0.9024849836318556,3.7241533510576734,0.9024849836318556,9,4,"[2010-08-27 09:00] Unusual spike on Fri 09:00 (morning) detected by residual z-score: actual 1.70 kW vs expected 0.79 kW (Δ +0.90 kW, |z|=3.72). Possible causes: a heavy start-of-day routine or several devices switching on at once."
2009-11-21 21:00:00,2.2437668,3.1435741481082973,-0.8998073634403285,-1.857378081559928,0.8998073634403285,21,5,"[2009-11-21 21:00] Unusual drop on Sat 21:00 (evening peak) detected by isolation forest: actual 2.24 kW vs expected 3.14 kW (Δ -0.90 kW, |z|=1.86). Possible causes: more high-power appliances running at once than usual."
2010-08-17 09:00:00,1.8965334,1.0005984937200065,0.8959348762979988,3.304687034866625,0.8959348762979988,9,1,"[2010-08-17 09:00] Unusual spike on Tue 09:00 (morning) detected by residual z-score: actual 1.90 kW vs expected 1.00 kW (Δ +0.90 kW, |z|=3.30). Possible causes: a heavy start-of-day routine or several devices switching on at once."
2008-11-05 16:00:00,3.5904,2.6972780833648016,0.8931218971802424,2.608395112799488,0.8931218971802424,16,2,"[2008-11-05 16:00] Unusual spike on Wed 16:00 (daytime) detected by isolation forest: actual 3.59 kW vs expected 2.70 kW (Δ +0.89 kW, |z|=2.61). Possible causes: a large appliance running outside its usual schedule, or overlapping medium loads."
2008-04-13 01:00:00,1.4389999,2.327946625058192,-0.8889467337770642,-2.1318462931132642,0.8889467337770642,1,6,"[2008-04-13 01:00] Unusual drop on Sun 01:00 (overnight) detected by isolation forest: actual 1.44 kW vs expected 2.33 kW (Δ -0.89 kW, |z|=2.13). Possible causes: a device left on overnight, standby/defrost cycle, or a heating/cooling unit."
2007-12-02 21:00:00,3.4203334,2.531807854767795,0.8885255306997344,1.7346694569229113,0.8885255306997344,21,6,"[2007-12-02 21:00] Unusual spike on Sun 21:00 (evening peak) detected by isolation forest: actual 3.42 kW vs expected 2.53 kW (Δ +0.89 kW, |z|=1.73). Possible causes: more high-power appliances running at once than usual."
2007-12-08 21:00:00,1.6035666,2.491328192266764,-0.8877615456908363,-1.84808195009215,0.8877615456908363,21,5,"[2007-12-08 21:00] Unusual drop on Sat 21:00 (evening peak) detected by isolation forest: actual 1.60 kW vs expected 2.49 kW (Δ -0.89 kW, |z|=1.85). Possible causes: more high-power appliances running at once than usual."
2009-12-25 00:00:00,1.6607,2.5455740642895357,-0.8848741007198946,-1.5712213587287989,0.8848741007198946,0,4,"[2009-12-25 00:00] Unusual drop on Fri 00:00 (overnight) detected by isolation forest: actual 1.66 kW vs expected 2.55 kW (Δ -0.88 kW, |z|=1.57). Possible causes: a device left on overnight, standby/defrost cycle, or a heating/cooling unit."
2008-10-19 00:00:00,5.1555,4.2710605095672864,0.88443942558286,1.9639290358363806,0.88443942558286,0,6,"[2008-10-19 00:00] Unusual spike on Sun 00:00 (overnight) detected by isolation forest: actual 5.16 kW vs expected 4.27 kW (Δ +0.88 kW, |z|=1.96). Possible causes: a device left on overnight, standby/defrost cycle, or a heating/cooling unit."
2008-01-22 16:00:00,1.1749667,2.0583303846218044,-0.8833636916973049,-1.9871418918059724,0.8833636916973049,16,1,"[2008-01-22 16:00] Unusual drop on Tue 16:00 (daytime) detected by isolation forest: actual 1.17 kW vs expected 2.06 kW (Δ -0.88 kW, |z|=1.99). Possible causes: a large appliance running outside its usual schedule, or overlapping medium loads."
2010-08-25 08:00:00,1.8391334,0.9560849977893217,0.8830483840542452,4.6766848841645245,0.8830483840542452,8,2,"[2010-08-25 08:00] Unusual spike on Wed 08:00 (morning) detected by residual z-score: actual 1.84 kW vs expected 0.96 kW (Δ +0.88 kW, |z|=4.68). Possible causes: a heavy start-of-day routine or several devices switching on at once."
2007-02-18 00:00:00,4.4649997,3.5871306088587427,0.8778690668919897,1.7834543485366952,0.8778690668919897,0,6,"[2007-02-18 00:00] Unusual spike on Sun 00:00 (overnight) detected by isolation forest: actual 4.46 kW vs expected 3.59 kW (Δ +0.88 kW, |z|=1.78). Possible causes: a device left on overnight, standby/defrost cycle, or a heating/cooling unit."
2009-06-23 22:00:00,2.1336334,1.2587916184474934,0.8748417567203532,3.062435465701603,0.8748417567203532,22,1,"[2009-06-23 22:00] Unusual spike on Tue 22:00 (late evening) detected by residual z-score: actual 2.13 kW vs expected 1.26 kW (Δ +0.87 kW, |z|=3.06). Possible causes: an unusual load combination late at night."
2007-12-29 17:00:00,1.6061333,2.4801876158704776,-0.874054274081232,-1.6641340635560318,0.874054274081232,17,5,"[2007-12-29 17:00] Unusual drop on Sat 17:00 (evening peak) detected by isolation forest: actual 1.61 kW vs expected 2.48 kW (Δ -0.87 kW, |z|=1.66). Possible causes: more high-power appliances running at once than usual."
2009-11-23 00:00:00,0.315,1.1868144909839504,-0.8718144933681362,-1.7134892370112298,0.8718144933681362,0,0,"[2009-11-23 00:00] Unusual drop on Mon 00:00 (overnight) detected by isolation forest: actual 0.31 kW vs expected 1.19 kW (Δ -0.87 kW, |z|=1.71). Possible causes: a device left on overnight, standby/defrost cycle, or a heating/cooling unit."
2008-02-03 16:00:00,0.6462333,1.513393421669206,-0.8671601014329999,-1.8893904431992548,0.8671601014329999,16,6,"[2008-02-03 16:00] Unusual drop on Sun 16:00 (daytime) detected by isolation forest: actual 0.65 kW vs expected 1.51 kW (Δ -0.87 kW, |z|=1.89). Possible causes: a large appliance running outside its usual schedule, or overlapping medium loads."
2010-08-27 12:00:00,2.1425333,1.2895705058304936,0.8529627964766353,3.3527476407880257,0.8529627964766353,12,4,"[2010-08-27 12:00] Unusual spike on Fri 12:00 (daytime) detected by residual z-score: actual 2.14 kW vs expected 1.29 kW (Δ +0.85 kW, |z|=3.35). Possible causes: a large appliance running outside its usual schedule, or overlapping medium loads."
2007-02-18 15:00:00,1.6473,2.500191631983952,-0.8528916270248454,-1.8479985611701617,0.8528916270248454,15,6,"[2007-02-18 15:00] Unusual drop on Sun 15:00 (daytime) detected by isolation forest: actual 1.65 kW vs expected 2.50 kW (Δ -0.85 kW, |z|=1.85). Possible causes: a large appliance running outside its usual schedule, or overlapping medium loads."
2010-08-10 01:00:00,1.2490001,0.39639533208838523,0.8526047403908628,4.476099345388675,0.8526047403908628,1,1,"[2010-08-10 01:00] Unusual spike on Tue 01:00 (overnight) detected by residual z-score: actual 1.25 kW vs expected 0.40 kW (Δ +0.85 kW, |z|=4.48). Possible causes: a device left on overnight, standby/defrost cycle, or a heating/cooling unit."
2008-09-03 13:00:00,1.6602999,0.8086374782521523,0.8516624189417564,3.1442788308383722,0.8516624189417564,13,2,"[2008-09-03 13:00] Unusual spike on Wed 13:00 (daytime) detected by residual z-score: actual 1.66 kW vs expected 0.81 kW (Δ +0.85 kW, |z|=3.14). Possible causes: a large appliance running outside its usual schedule, or overlapping medium loads."
2007-03-04 13:00:00,1.3428667,0.4986793468972015,0.8441873122672272,3.9031225854310834,0.8441873122672272,13,6,"[2007-03-04 13:00] Unusual spike on Sun 13:00 (daytime) detected by residual z-score: actual 1.34 kW vs expected 0.50 kW (Δ +0.84 kW, |z|=3.90). Possible causes: a large appliance running outside its usual schedule, or overlapping medium loads."
2007-04-17 07:00:00,1.8215001,0.9781158898555725,0.8433841730869324,3.5005169097555453,0.8433841730869324,7,1,"[2007-04-17 07:00] Unusual spike on Tue 07:00 (morning) detected by residual z-score: actual 1.82 kW vs expected 0.98 kW (Δ +0.84 kW, |z|=3.50). Possible causes: a heavy start-of-day routine or several devices switching on at once."
2010-02-15 23:00:00,1.2293334,2.0720702963999282,-0.8427368956736099,-1.6250232167844596,0.8427368956736099,23,0,"[2010-02-15 23:00] Unusual drop on Mon 23:00 (late evening) detected by isolation forest: actual 1.23 kW vs expected 2.07 kW (Δ -0.84 kW, |z|=1.63). Possible causes: an unusual load combination late at night."
2007-03-04 15:00:00,1.9034667,1.0620127155594448,0.8414539859481236,3.807626297826904,0.8414539859481236,15,6,"[2007-03-04 15:00] Unusual spike on Sun 15:00 (daytime) detected by residual z-score: actual 1.90 kW vs expected 1.06 kW (Δ +0.84 kW, |z|=3.81). Possible causes: a large appliance running outside its usual schedule, or overlapping medium loads."
2007-12-01 20:00:00,3.6209333,2.7799753489743653,0.8409579453218994,1.7909481425586884,0.8409579453218994,20,5,"[2007-12-01 20:00] Unusual spike on Sat 20:00 (evening peak) detected by isolation forest: actual 3.62 kW vs expected 2.78 kW (Δ +0.84 kW, |z|=1.79). Possible causes: more high-power appliances running at once than usual."
2009-07-28 13:00:00,0.22836666,1.0671836666794472,-0.8388170085879021,-3.1015960540415604,0.8388170085879021,13,1,"[2009-07-28 13:00] Unusual drop on Tue 13:00 (daytime) detected by residual z-score: actual 0.23 kW vs expected 1.07 kW (Δ -0.84 kW, |z|=3.10). Possible causes: a large appliance running outside its usual schedule, or overlapping medium loads."
2010-01-19 22:00:00,1.6050667,2.4427803500515584,-0.8377136929852131,-1.7687870912839778,0.8377136929852131,22,1,"[2010-01-19 22:00] Unusual drop on Tue 22:00 (late evening) detected by isolation forest: actual 1.61 kW vs expected 2.44 kW (Δ -0.84 kW, |z|=1.77). Possible causes: an unusual load combination late at night."
2007-12-29 20:00:00,2.4215667,3.2584254652846614,-0.8368587405074397,-1.591936433979865,0.8368587405074397,20,5,"[2007-12-29 20:00] Unusual drop on Sat 20:00 (evening peak) detected by isolation forest: actual 2.42 kW vs expected 3.26 kW (Δ -0.84 kW, |z|=1.59). Possible causes: more high-power appliances running at once than usual."
2007-12-28 19:00:00,2.5198667,3.354641809824583,-0.834775104883787,-1.545707837659836,0.834775104883787,19,4,"[2007-12-28 19:00] Unusual drop on Fri 19:00 (evening peak) detected by isolation forest: actual 2.52 kW vs expected 3.35 kW (Δ -0.83 kW, |z|=1.55). Possible causes: more high-power appliances running at once than usual."
2008-12-06 14:00:00,1.5779334,2.4124098571270243,-0.8344764264553324,-1.9958836591816032,0.8344764264553324,14,5,"[2008-12-06 14:00] Unusual drop on Sat 14:00 (daytime) detected by isolation forest: actual 1.58 kW vs expected 2.41 kW (Δ -0.83 kW, |z|=2.00). Possible causes: a large appliance running outside its usual schedule, or overlapping medium loads."
2007-02-10 22:00:00,4.6905,3.85926306176887,0.831236720793386,1.9675179409946628,0.831236720793386,22,5,"[2007-02-10 22:00] Unusual spike on Sat 22:00 (late evening) detected by isolation forest: actual 4.69 kW vs expected 3.86 kW (Δ +0.83 kW, |z|=1.97). Possible causes: an unusual load combination late at night."
2007-12-02 17:00:00,2.0336332,2.86321384960096,-0.8295806174842606,-1.9001550968651644,0.8295806174842606,17,6,"[2007-12-02 17:00] Unusual drop on Sun 17:00 (evening peak) detected by isolation forest: actual 2.03 kW vs expected 2.86 kW (Δ -0.83 kW, |z|=1.90). Possible causes: more high-power appliances running at once than usual."
2007-01-22 19:00:00,3.6992333,2.8728191304500243,0.8264141630833008,1.621325527877805,0.8264141630833008,19,0,"[2007-01-22 19:00] Unusual spike on Mon 19:00 (evening peak) detected by isolation forest: actual 3.70 kW vs expected 2.87 kW (Δ +0.83 kW, |z|=1.62). Possible causes: more high-power appliances running at once than usual."
2008-08-04 18:00:00,2.1712,1.3460147765244252,0.8251852604781382,3.11415844061519,0.8251852604781382,18,0,"[2008-08-04 18:00] Unusual spike on Mon 18:00 (evening peak) detected by residual z-score: actual 2.17 kW vs expected 1.35 kW (Δ +0.83 kW, |z|=3.11). Possible causes: more high-power appliances running at once than usual."
2009-07-14 11:00:00,1.2340666,0.41070083838751026,0.8233657671804219,3.054797587502793,0.8233657671804219,11,1,"[2009-07-14 11:00] Unusual spike on Tue 11:00 (daytime) detected by residual z-score: actual 1.23 kW vs expected 0.41 kW (Δ +0.82 kW, |z|=3.05). Possible causes: a large appliance running outside its usual schedule, or overlapping medium loads."
2009-07-28 18:00:00,1.4864668,0.665477573054452,0.8209891923492956,3.311642966394526,0.8209891923492956,18,1,"[2009-07-28 18:00] Unusual spike on Tue 18:00 (evening peak) detected by residual z-score: actual 1.49 kW vs expected 0.67 kW (Δ +0.82 kW, |z|=3.31). Possible causes: more high-power appliances running at once than usual."
2009-01-18 19:00:00,4.5730333,3.7603494085541813,0.8126839242705257,1.7945665705952907,0.8126839242705257,19,6,"[2009-01-18 19:00] Unusual spike on Sun 19:00 (evening peak) detected by isolation forest: actual 4.57 kW vs expected 3.76 kW (Δ +0.81 kW, |z|=1.79). Possible causes: more high-power appliances running at once than usual."
2008-03-13 22:00:00,0.66286665,1.4751130121184506,-0.8122463601065792,-1.7126039543780682,0.8122463601065792,22,3,"[2008-03-13 22:00] Unusual drop on Thu 22:00 (late evening) detected by isolation forest: actual 0.66 kW vs expected 1.48 kW (Δ -0.81 kW, |z|=1.71). Possible causes: an unusual load combination late at night."
2007-04-18 21:00:00,1.8114667,1.0021241051647567,0.8093425887134171,3.0254964377564,0.8093425887134171,21,2,"[2007-04-18 21:00] Unusual spike on Wed 21:00 (evening peak) detected by residual z-score: actual 1.81 kW vs expected 1.00 kW (Δ +0.81 kW, |z|=3.03). Possible causes: more high-power appliances running at once than usual."
2007-04-01 21:00:00,3.9473665,3.1381633806379905,0.8092030954209695,1.7483319186878667,0.8092030954209695,21,6,"[2007-04-01 21:00] Unusual spike on Sun 21:00 (evening peak) detected by isolation forest: actual 3.95 kW vs expected 3.14 kW (Δ +0.81 kW, |z|=1.75). Possible causes: more high-power appliances running at once than usual."
2009-01-17 20:00:00,2.5505333,3.3573504074094886,-0.8068171127317543,-1.9933118253512814,0.8068171127317543,20,5,"[2009-01-17 20:00] Unusual drop on Sat 20:00 (evening peak) detected by isolation forest: actual 2.55 kW vs expected 3.36 kW (Δ -0.81 kW, |z|=1.99). Possible causes: more high-power appliances running at once than usual."
2009-07-26 07:00:00,1.2570332,0.4508933389621124,0.8061398899120942,3.2690546354932213,0.8061398899120942,7,6,"[2009-07-26 07:00] Unusual spike on Sun 07:00 (morning) detected by residual z-score: actual 1.26 kW vs expected 0.45 kW (Δ +0.81 kW, |z|=3.27). Possible causes: a heavy start-of-day routine or several devices switching on at once."
2007-03-31 21:00:00,2.5596666,3.3621230089187764,-0.8024563753128193,-1.8348366423670168,0.8024563753128193,21,5,"[2007-03-31 21:00] Unusual drop on Sat 21:00 (evening peak) detected by isolation forest: actual 2.56 kW vs expected 3.36 kW (Δ -0.80 kW, |z|=1.83). Possible causes: more high-power appliances running at once than usual."
2007-02-03 19:00:00,5.8146667,5.015356082997855,0.7993106650490196,1.5738715644435746,0.7993106650490196,19,5,"[2007-02-03 19:00] Unusual spike on Sat 19:00 (evening peak) detected by isolation forest: actual 5.81 kW vs expected 5.02 kW (Δ +0.80 kW, |z|=1.57). Possible causes: more high-power appliances running at once than usual."
2007-01-14 03:00:00,1.1217333,1.9190896789502672,-0.7973563711118272,-1.7720230050838266,0.7973563711118272,3,6,"[2007-01-14 03:00] Unusual drop on Sun 03:00 (overnight) detected by isolation forest: actual 1.12 kW vs expected 1.92 kW (Δ -0.80 kW, |z|=1.77). Possible causes: a device left on overnight, standby/defrost cycle, or a heating/cooling unit."
2007-01-20 22:00:00,1.0950334,1.890211875116539,-0.7951784679052354,-1.7951509426434504,0.7951784679052354,22,5,"[2007-01-20 22:00] Unusual drop on Sat 22:00 (late evening) detected by isolation forest: actual 1.10 kW vs expected 1.89 kW (Δ -0.80 kW, |z|=1.80). Possible causes: an unusual load combination late at night."
2007-10-13 21:00:00,2.4085667,3.2034849152473455,-0.7949182019142156,-1.79789030909757,0.7949182019142156,21,5,"[2007-10-13 21:00] Unusual drop on Sat 21:00 (evening peak) detected by isolation forest: actual 2.41 kW vs expected 3.20 kW (Δ -0.79 kW, |z|=1.80). Possible causes: more high-power appliances running at once than usual."
2008-12-01 00:00:00,0.38986668,1.1847078281620724,-0.7948411482552273,-2.2445947161139634,0.7948411482552273,0,0,"[2008-12-01 00:00] Unusual drop on Mon 00:00 (overnight) detected by isolation forest: actual 0.39 kW vs expected 1.18 kW (Δ -0.79 kW, |z|=2.24). Possible causes: a device left on overnight, standby/defrost cycle, or a heating/cooling unit."
2007-12-02 20:00:00,2.1350334,2.928592893660778,-0.7935595245964469,-1.7985004943585778,0.7935595245964469,20,6,"[2007-12-02 20:00] Unusual drop on Sun 20:00 (evening peak) detected by isolation forest: actual 2.14 kW vs expected 2.93 kW (Δ -0.79 kW, |z|=1.80). Possible causes: more high-power appliances running at once than usual."
2007-04-01 20:00:00,2.2098334,3.002608438056305,-0.7927750544961243,-1.810417886825282,0.7927750544961243,20,6,"[2007-04-01 20:00] Unusual drop on Sun 20:00 (evening peak) detected by isolation forest: actual 2.21 kW vs expected 3.00 kW (Δ -0.79 kW, |z|=1.81). Possible causes: more high-power appliances running at once than usual."
2010-08-15 18:00:00,2.1767,1.384305488067347,0.7923946271365103,3.7011036423996417,0.7923946271365103,18,6,"[2010-08-15 18:00] Unusual spike on Sun 18:00 (evening peak) detected by residual z-score: actual 2.18 kW vs expected 1.38 kW (Δ +0.79 kW, |z|=3.70). Possible causes: more high-power appliances running at once than usual."
2008-08-31 17:00:00,2.8879666,2.09897802684164,0.7889886060013778,9.16336310312945,0.7889886060013778,17,6,"[2008-08-31 17:00] Unusual spike on Sun 17:00 (evening peak) detected by residual z-score: actual 2.89 kW vs expected 2.10 kW (Δ +0.79 kW, |z|=9.16). Possible causes: more high-power appliances running at once than usual."
2008-02-02 20:00:00,4.6890335,3.9036243376844637,0.7854091706163175,1.6964635471936926,0.7854091706163175,20,5,"[2008-02-02 20:00] Unusual spike on Sat 20:00 (evening peak) detected by isolation forest: actual 4.69 kW vs expected 3.90 kW (Δ +0.79 kW, |z|=1.70). Possible causes: more high-power appliances running at once than usual."
2007-03-04 17:00:00,4.087167,3.3018607131075726,0.7853060730862751,3.0749457591501295,0.7853060730862751,17,6,"[2007-03-04 17:00] Unusual spike on Sun 17:00 (evening peak) detected by residual z-score: actual 4.09 kW vs expected 3.30 kW (Δ +0.79 kW, |z|=3.07). Possible causes: more high-power appliances running at once than usual."
2008-09-03 11:00:00,1.6952,0.9103222746528933,0.7848776917777708,3.0379796316280587,0.7848776917777708,11,2,"[2008-09-03 11:00] Unusual spike on Wed 11:00 (daytime) detected by residual z-score: actual 1.70 kW vs expected 0.91 kW (Δ +0.78 kW, |z|=3.04). Possible causes: a large appliance running outside its usual schedule, or overlapping medium loads."
2007-12-29 00:00:00,3.9483333,3.1639974025294135,0.7843358608678033,1.263862924184042,0.7843358608678033,0,5,"[2007-12-29 00:00] Unusual spike on Sat 00:00 (overnight) detected by isolation forest: actual 3.95 kW vs expected 3.16 kW (Δ +0.78 kW, |z|=1.26). Possible causes: a device left on overnight, standby/defrost cycle, or a heating/cooling unit."
2008-09-03 16:00:00,0.37293333,1.1532850444503575,-0.7803517162986546,-3.00271057696953,0.7803517162986546,16,2,"[2008-09-03 16:00] Unusual drop on Wed 16:00 (daytime) detected by residual z-score: actual 0.37 kW vs expected 1.15 kW (Δ -0.78 kW, |z|=3.00). Possible causes: a large appliance running outside its usual schedule, or overlapping medium loads."
2007-01-21 21:00:00,5.9107666,5.131423125029219,0.7793434765332812,1.5283173469595057,0.7793434765332812,21,6,"[2007-01-21 21:00] Unusual spike on Sun 21:00 (evening peak) detected by isolation forest: actual 5.91 kW vs expected 5.13 kW (Δ +0.78 kW, |z|=1.53). Possible causes: more high-power appliances running at once than usual."
2010-08-04 04:00:00,1.1549333,0.38439671644007184,0.7705366169568397,3.8910583142697086,0.7705366169568397,4,2,"[2010-08-04 04:00] Unusual spike on Wed 04:00 (overnight) detected by residual z-score: actual 1.15 kW vs expected 0.38 kW (Δ +0.77 kW, |z|=3.89). Possible causes: a device left on overnight, standby/defrost cycle, or a heating/cooling unit."
2010-08-06 03:00:00,1.2259,0.45613861255755944,0.7697614414204068,4.29860685867634,0.7697614414204068,3,4,"[2010-08-06 03:00] Unusual spike on Fri 03:00 (overnight) detected by residual z-score: actual 1.23 kW vs expected 0.46 kW (Δ +0.77 kW, |z|=4.30). Possible causes: a device left on overnight, standby/defrost cycle, or a heating/cooling unit."
2008-03-13 21:00:00,5.014167,4.2447884154278315,0.7693784165423834,1.4586910770352743,0.7693784165423834,21,3,"[2008-03-13 21:00] Unusual spike on Thu 21:00 (evening peak) detected by isolation forest: actual 5.01 kW vs expected 4.24 kW (Δ +0.77 kW, |z|=1.46). Possible causes: more high-power appliances running at once than usual."
2006-12-26 22:00:00,0.8636,1.6295776787684488,-0.76597766312819,,0.76597766312819,22,1,"[2006-12-26 22:00] Unusual drop on Tue 22:00 (late evening) detected by isolation forest: actual 0.86 kW vs expected 1.63 kW (Δ -0.77 kW, |z|=nan). Possible causes: an unusual load combination late at night."
2007-02-23 00:00:00,1.0169333,1.7818746177266982,-0.7649412957738784,-1.633277918596098,0.7649412957738784,0,4,"[2007-02-23 00:00] Unusual drop on Fri 00:00 (overnight) detected by isolation forest: actual 1.02 kW vs expected 1.78 kW (Δ -0.76 kW, |z|=1.63). Possible causes: a device left on overnight, standby/defrost cycle, or a heating/cooling unit."
2007-12-22 22:00:00,4.1412997,3.3768525181288735,0.7644472064499839,1.5805228819790165,0.7644472064499839,22,5,"[2007-12-22 22:00] Unusual spike on Sat 22:00 (late evening) detected by isolation forest: actual 4.14 kW vs expected 3.38 kW (Δ +0.76 kW, |z|=1.58). Possible causes: an unusual load combination late at night."
2007-12-31 13:00:00,1.5065333,2.268046564780194,-0.7615132996663636,-1.4749012163814692,0.7615132996663636,13,0,"[2007-12-31 13:00] Unusual drop on Mon 13:00 (daytime) detected by isolation forest: actual 1.51 kW vs expected 2.27 kW (Δ -0.76 kW, |z|=1.47). Possible causes: a large appliance running outside its usual schedule, or overlapping medium loads."
2010-01-24 18:00:00,1.2204,1.98003392483658,-0.7596339490599076,-1.2995696620347992,0.7596339490599076,18,6,"[2010-01-24 18:00] Unusual drop on Sun 18:00 (evening peak) detected by isolation forest: actual 1.22 kW vs expected 1.98 kW (Δ -0.76 kW, |z|=1.30). Possible causes: more high-power appliances running at once than usual."
2008-01-12 22:00:00,4.4352665,3.6781428137903127,0.7571236809606638,1.6312041670591602,0.7571236809606638,22,5,"[2008-01-12 22:00] Unusual spike on Sat 22:00 (late evening) detected by isolation forest: actual 4.44 kW vs expected 3.68 kW (Δ +0.76 kW, |z|=1.63). Possible causes: an unusual load combination late at night."
2007-03-11 10:00:00,1.3698334,2.1253103326951535,-0.7554769825135739,-1.8892597890110965,0.7554769825135739,10,6,"[2007-03-11 10:00] Unusual drop on Sun 10:00 (daytime) detected by isolation forest: actual 1.37 kW vs expected 2.13 kW (Δ -0.76 kW, |z|=1.89). Possible causes: a large appliance running outside its usual schedule, or overlapping medium loads."
2009-11-03 21:00:00,2.6956334,3.443435957274058,-0.7478025458665871,-1.170932653415735,0.7478025458665871,21,1,"[2009-11-03 21:00] Unusual drop on Tue 21:00 (evening peak) detected by isolation forest: actual 2.70 kW vs expected 3.44 kW (Δ -0.75 kW, |z|=1.17). Possible causes: more high-power appliances running at once than usual."
2009-04-11 22:00:00,3.0514998,2.3074754521465843,0.7440243914508278,1.8927031871275963,0.7440243914508278,22,5,"[2009-04-11 22:00] Unusual spike on Sat 22:00 (late evening) detected by isolation forest: actual 3.05 kW vs expected 2.31 kW (Δ +0.74 kW, |z|=1.89). Possible causes: an unusual load combination late at night."
2007-12-02 22:00:00,1.1964667,1.9394755260858572,-0.7430088417444265,-1.6911250142440442,0.7430088417444265,22,6,"[2007-12-02 22:00] Unusual drop on Sun 22:00 (late evening) detected by isolation forest: actual 1.20 kW vs expected 1.94 kW (Δ -0.74 kW, |z|=1.69). Possible causes: an unusual load combination late at night."
2007-01-21 20:00:00,6.0765667,5.334626164648726,0.7419405315182663,1.4700917436576892,0.7419405315182663,20,6,"[2007-01-21 20:00] Unusual spike on Sun 20:00 (evening peak) detected by isolation forest: actual 6.08 kW vs expected 5.33 kW (Δ +0.74 kW, |z|=1.47). Possible causes: more high-power appliances running at once than usual."
2007-01-28 19:00:00,2.4970002,3.2339374307371447,-0.7369372132994005,-1.7036576550478255,0.7369372132994005,19,6,"[2007-01-28 19:00] Unusual drop on Sun 19:00 (evening peak) detected by isolation forest: actual 2.50 kW vs expected 3.23 kW (Δ -0.74 kW, |z|=1.70). Possible causes: more high-power appliances running at once than usual."
2009-01-17 21:00:00,3.6657999,2.9330909298294445,0.7327089263564686,1.6242590363698348,0.7327089263564686,21,5,"[2009-01-17 21:00] Unusual spike on Sat 21:00 (evening peak) detected by isolation forest: actual 3.67 kW vs expected 2.93 kW (Δ +0.73 kW, |z|=1.62). Possible causes: more high-power appliances running at once than usual."
2007-12-02 01:00:00,2.5591333,1.8295416998492107,0.7295915913952962,1.479641322207651,0.7295915913952962,1,6,"[2007-12-02 01:00] Unusual spike on Sun 01:00 (overnight) detected by isolation forest: actual 2.56 kW vs expected 1.83 kW (Δ +0.73 kW, |z|=1.48). Possible causes: a device left on overnight, standby/defrost cycle, or a heating/cooling unit."
2007-12-09 22:00:00,0.6278667,1.3557903626842946,-0.7279236772938222,-1.4961974213384992,0.7279236772938222,22,6,"[2007-12-09 22:00] Unusual drop on Sun 22:00 (late evening) detected by isolation forest: actual 0.63 kW vs expected 1.36 kW (Δ -0.73 kW, |z|=1.50). Possible causes: an unusual load combination late at night."
2007-04-16 21:00:00,2.9034665,2.1765088150562226,0.7269576480327666,3.1223561570769367,0.7269576480327666,21,0,"[2007-04-16 21:00] Unusual spike on Mon 21:00 (evening peak) detected by residual z-score: actual 2.90 kW vs expected 2.18 kW (Δ +0.73 kW, |z|=3.12). Possible causes: more high-power appliances running at once than usual."
2007-12-24 19:00:00,1.5239667,2.245676067686089,-0.7217093976497733,-1.543563667892418,0.7217093976497733,19,0,"[2007-12-24 19:00] Unusual drop on Mon 19:00 (evening peak) detected by isolation forest: actual 1.52 kW vs expected 2.25 kW (Δ -0.72 kW, |z|=1.54). Possible causes: more high-power appliances running at once than usual."
2006-12-24 14:00:00,1.3715333,2.0906374795024716,-0.7191042048518979,,0.7191042048518979,14,6,"[2006-12-24 14:00] Unusual drop on Sun 14:00 (daytime) detected by isolation forest: actual 1.37 kW vs expected 2.09 kW (Δ -0.72 kW, |z|=nan). Possible causes: a large appliance running outside its usual schedule, or overlapping medium loads."
2009-11-22 17:00:00,2.6160002,1.9016870287566825,0.7143131467193917,1.3569354626908672,0.7143131467193917,17,6,"[2009-11-22 17:00] Unusual spike on Sun 17:00 (evening peak) detected by isolation forest: actual 2.62 kW vs expected 1.90 kW (Δ +0.71 kW, |z|=1.36). Possible causes: more high-power appliances running at once than usual."
2008-11-04 22:00:00,0.85003334,1.56148838776965,-0.7114550449313626,-1.9264285386248716,0.7114550449313626,22,1,"[2008-11-04 22:00] Unusual drop on Tue 22:00 (late evening) detected by isolation forest: actual 0.85 kW vs expected 1.56 kW (Δ -0.71 kW, |z|=1.93). Possible causes: an unusual load combination late at night."
2007-11-04 21:00:00,3.0963,2.389425311851673,0.7068745748518181,1.977940071332497,0.7068745748518181,21,6,"[2007-11-04 21:00] Unusual spike on Sun 21:00 (evening peak) detected by isolation forest: actual 3.10 kW vs expected 2.39 kW (Δ +0.71 kW, |z|=1.98). Possible causes: more high-power appliances running at once than usual."
2010-08-27 04:00:00,1.1094334,0.40290360633453387,0.706529806217346,3.15447635041158,0.706529806217346,4,4,"[2010-08-27 04:00] Unusual spike on Fri 04:00 (overnight) detected by residual z-score: actual 1.11 kW vs expected 0.40 kW (Δ +0.71 kW, |z|=3.15). Possible causes: a device left on overnight, standby/defrost cycle, or a heating/cooling unit."
2007-04-16 20:00:00,1.3047,0.6019546190936808,0.7027453978817221,3.1369096364202567,0.7027453978817221,20,0,"[2007-04-16 20:00] Unusual spike on Mon 20:00 (evening peak) detected by residual z-score: actual 1.30 kW vs expected 0.60 kW (Δ +0.70 kW, |z|=3.14). Possible causes: more high-power appliances running at once than usual."
2010-05-16 00:00:00,1.8755333,2.5781304764131905,-0.7025971340517403,-1.3287691666110353,0.7025971340517403,0,6,"[2010-05-16 00:00] Unusual drop on Sun 00:00 (overnight) detected by isolation forest: actual 1.88 kW vs expected 2.58 kW (Δ -0.70 kW, |z|=1.33). Possible causes: a device left on overnight, standby/defrost cycle, or a heating/cooling unit."
2008-11-15 20:00:00,4.0635667,3.361632910968991,0.7019337737539093,1.3401602852996612,0.7019337737539093,20,5,"[2008-11-15 20:00] Unusual spike on Sat 20:00 (evening peak) detected by isolation forest: actual 4.06 kW vs expected 3.36 kW (Δ +0.70 kW, |z|=1.34). Possible causes: more high-power appliances running at once than usual."
2010-08-23 07:00:00,1.3092667,0.6080024336270885,0.7012642528124257,3.2616206128455385,0.7012642528124257,7,0,"[2010-08-23 07:00] Unusual spike on Mon 07:00 (morning) detected by residual z-score: actual 1.31 kW vs expected 0.61 kW (Δ +0.70 kW, |z|=3.26). Possible causes: a heavy start-of-day routine or several devices switching on at once."
2010-08-23 09:00:00,0.6013667,1.3015409940026266,-0.7001742952607137,-3.043575020636988,0.7001742952607137,9,0,"[2010-08-23 09:00] Unusual drop on Mon 09:00 (morning) detected by residual z-score: actual 0.60 kW vs expected 1.30 kW (Δ -0.70 kW, |z|=3.04). Possible causes: a heavy start-of-day routine or several devices switching on at once."
2008-04-13 00:00:00,3.3346667,2.638213284465755,0.6964534445076338,1.4804283840491208,0.6964534445076338,0,6,"[2008-04-13 00:00] Unusual spike on Sun 00:00 (overnight) detected by isolation forest: actual 3.33 kW vs expected 2.64 kW (Δ +0.70 kW, |z|=1.48). Possible causes: a device left on overnight, standby/defrost cycle, or a heating/cooling unit."
2009-11-22 21:00:00,4.459,3.7625983798819775,0.6964017307442432,1.240211296228201,0.6964017307442432,21,6,"[2009-11-22 21:00] Unusual spike on Sun 21:00 (evening peak) detected by isolation forest: actual 4.46 kW vs expected 3.76 kW (Δ +0.70 kW, |z|=1.24). Possible causes: more high-power appliances running at once than usual."
2007-02-22 09:00:00,1.635,2.329288905459679,-0.694288914996422,-1.5736321158163569,0.694288914996422,9,3,"[2007-02-22 09:00] Unusual drop on Thu 09:00 (morning) detected by isolation forest: actual 1.63 kW vs expected 2.33 kW (Δ -0.69 kW, |z|=1.57). Possible causes: a heavy start-of-day routine or several devices switching on at once."
2007-03-11 19:00:00,4.6315,3.9374839424935293,0.6940158248099375,1.439733405374915,0.6940158248099375,19,6,"[2007-03-11 19:00] Unusual spike on Sun 19:00 (evening peak) detected by isolation forest: actual 4.63 kW vs expected 3.94 kW (Δ +0.69 kW, |z|=1.44). Possible causes: more high-power appliances running at once than usual."
2010-08-08 02:00:00,1.1826333,0.4955662076766263,0.6870670730774631,4.03753338581576,0.6870670730774631,2,6,"[2010-08-08 02:00] Unusual spike on Sun 02:00 (overnight) detected by residual z-score: actual 1.18 kW vs expected 0.50 kW (Δ +0.69 kW, |z|=4.04). Possible causes: a device left on overnight, standby/defrost cycle, or a heating/cooling unit."
2007-11-18 20:00:00,4.216367,3.530410032092163,0.6859567357911378,1.4438081193948813,0.6859567357911378,20,6,"[2007-11-18 20:00] Unusual spike on Sun 20:00 (evening peak) detected by isolation forest: actual 4.22 kW vs expected 3.53 kW (Δ +0.69 kW, |z|=1.44). Possible causes: more high-power appliances running at once than usual."
2010-01-24 15:00:00,2.9273667,2.242350479852576,0.6850162536984494,0.98141438180065,0.6850162536984494,15,6,"[2010-01-24 15:00] Unusual spike on Sun 15:00 (daytime) detected by isolation forest: actual 2.93 kW vs expected 2.24 kW (Δ +0.69 kW, |z|=0.98). Possible causes: a large appliance running outside its usual schedule, or overlapping medium loads."
2009-12-24 20:00:00,4.3939333,3.712471798464628,0.6814614977389852,1.125700179306441,0.6814614977389852,20,3,"[2009-12-24 20:00] Unusual spike on Thu 20:00 (evening peak) detected by isolation forest: actual 4.39 kW vs expected 3.71 kW (Δ +0.68 kW, |z|=1.13). Possible causes: more high-power appliances running at once than usual."
2008-01-13 22:00:00,0.6088,1.2898327887250371,-0.6810327947331853,-1.547091539306747,0.6810327947331853,22,6,"[2008-01-13 22:00] Unusual drop on Sun 22:00 (late evening) detected by isolation forest: actual 0.61 kW vs expected 1.29 kW (Δ -0.68 kW, |z|=1.55). Possible causes: an unusual load combination late at night."
2006-12-29 21:00:00,4.3137336,3.6358360466915407,0.6778975310367308,,0.6778975310367308,21,4,"[2006-12-29 21:00] Unusual spike on Fri 21:00 (evening peak) detected by isolation forest: actual 4.31 kW vs expected 3.64 kW (Δ +0.68 kW, |z|=nan). Possible causes: more high-power appliances running at once than usual."
2008-04-12 21:00:00,3.4392333,2.764689243326182,0.6745440597438863,1.4540825444015224,0.6745440597438863,21,5,"[2008-04-12 21:00] Unusual spike on Sat 21:00 (evening peak) detected by isolation forest: actual 3.44 kW vs expected 2.76 kW (Δ +0.67 kW, |z|=1.45). Possible causes: more high-power appliances running at once than usual."
2008-12-21 22:00:00,0.82123333,1.4925821126307341,-0.6713487804735991,-1.6386445979964328,0.6713487804735991,22,6,"[2008-12-21 22:00] Unusual drop on Sun 22:00 (late evening) detected by isolation forest: actual 0.82 kW vs expected 1.49 kW (Δ -0.67 kW, |z|=1.64). Possible causes: an unusual load combination late at night."
2007-03-04 22:00:00,1.3349999,2.002373020611769,-0.667373101674086,-2.405097182988703,0.667373101674086,22,6,"[2007-03-04 22:00] Unusual drop on Sun 22:00 (late evening) detected by isolation forest: actual 1.33 kW vs expected 2.00 kW (Δ -0.67 kW, |z|=2.41). Possible causes: an unusual load combination late at night."
2009-01-28 21:00:00,1.7506001,2.4175218593324197,-0.6669217597688211,-1.2966711091041787,0.6669217597688211,21,2,"[2009-01-28 21:00] Unusual drop on Wed 21:00 (evening peak) detected by isolation forest: actual 1.75 kW vs expected 2.42 kW (Δ -0.67 kW, |z|=1.30). Possible causes: more high-power appliances running at once than usual."
2010-08-14 23:00:00,1.0143666,0.3496712246084007,0.6646954021311012,3.8659581290370357,0.6646954021311012,23,5,"[2010-08-14 23:00] Unusual spike on Sat 23:00 (late evening) detected by residual z-score: actual 1.01 kW vs expected 0.35 kW (Δ +0.66 kW, |z|=3.87). Possible causes: an unusual load combination late at night."
2007-03-25 20:00:00,4.446767,3.782647926400694,0.6641189269318257,1.4242463713329825,0.6641189269318257,20,6,"[2007-03-25 20:00] Unusual spike on Sun 20:00 (evening peak) detected by isolation forest: actual 4.45 kW vs expected 3.78 kW (Δ +0.66 kW, |z|=1.42). Possible causes: more high-power appliances running at once than usual."
2009-08-09 22:00:00,0.8042,1.46831645366579,-0.6641164600554079,-3.609585388636018,0.6641164600554079,22,6,"[2009-08-09 22:00] Unusual drop on Sun 22:00 (late evening) detected by residual z-score: actual 0.80 kW vs expected 1.47 kW (Δ -0.66 kW, |z|=3.61). Possible causes: an unusual load combination late at night."
2007-12-16 20:00:00,3.7671666,3.10496819531069,0.6621984192217809,1.4649853527422887,0.6621984192217809,20,6,"[2007-12-16 20:00] Unusual spike on Sun 20:00 (evening peak) detected by isolation forest: actual 3.77 kW vs expected 3.10 kW (Δ +0.66 kW, |z|=1.46). Possible causes: more high-power appliances running at once than usual."
2007-02-18 22:00:00,0.7909,1.447567519575748,-0.6566675275866123,-1.4624948486662104,0.6566675275866123,22,6,"[2007-02-18 22:00] Unusual drop on Sun 22:00 (late evening) detected by isolation forest: actual 0.79 kW vs expected 1.45 kW (Δ -0.66 kW, |z|=1.46). Possible causes: an unusual load combination late at night."
2007-12-27 22:00:00,3.4538999,2.7990319122323877,0.6548679481496924,1.1338645218707573,0.6548679481496924,22,3,"[2007-12-27 22:00] Unusual spike on Thu 22:00 (late evening) detected by isolation forest: actual 3.45 kW vs expected 2.80 kW (Δ +0.65 kW, |z|=1.13). Possible causes: an unusual load combination late at night."
2007-02-18 03:00:00,1.3753667,2.028068356774642,-0.6527016689999838,-1.4774156900624411,0.6527016689999838,3,6,"[2007-02-18 03:00] Unusual drop on Sun 03:00 (overnight) detected by isolation forest: actual 1.38 kW vs expected 2.03 kW (Δ -0.65 kW, |z|=1.48). Possible causes: a device left on overnight, standby/defrost cycle, or a heating/cooling unit."
2008-11-16 17:00:00,1.0673667,1.719784868770604,-0.6524181495246935,-1.5901647854185736,0.6524181495246935,17,6,"[2008-11-16 17:00] Unusual drop on Sun 17:00 (evening peak) detected by isolation forest: actual 1.07 kW vs expected 1.72 kW (Δ -0.65 kW, |z|=1.59). Possible causes: more high-power appliances running at once than usual."
2008-11-24 01:00:00,1.4167,2.068320442723688,-0.6516204371923768,-1.6155548347460624,0.6516204371923768,1,0,"[2008-11-24 01:00] Unusual drop on Mon 01:00 (overnight) detected by isolation forest: actual 1.42 kW vs expected 2.07 kW (Δ -0.65 kW, |z|=1.62). Possible causes: a device left on overnight, standby/defrost cycle, or a heating/cooling unit."
2006-12-30 18:00:00,3.8627,3.2111098501708075,0.6515901353333429,1.2607867439025058,0.6515901353333429,18,5,"[2006-12-30 18:00] Unusual spike on Sat 18:00 (evening peak) detected by isolation forest: actual 3.86 kW vs expected 3.21 kW (Δ +0.65 kW, |z|=1.26). Possible causes: more high-power appliances running at once than usual."
2006-12-26 16:00:00,3.4507334,2.799471818877289,0.6512616043557431,,0.6512616043557431,16,1,"[2006-12-26 16:00] Unusual spike on Tue 16:00 (daytime) detected by isolation forest: actual 3.45 kW vs expected 2.80 kW (Δ +0.65 kW, |z|=nan). Possible causes: a large appliance running outside its usual schedule, or overlapping medium loads."
2009-11-15 19:00:00,2.8219666,3.473037605704268,-0.6510709576024611,-1.1729979858717896,0.6510709576024611,19,6,"[2009-11-15 19:00] Unusual drop on Sun 19:00 (evening peak) detected by isolation forest: actual 2.82 kW vs expected 3.47 kW (Δ -0.65 kW, |z|=1.17). Possible causes: more high-power appliances running at once than usual."
2007-03-03 19:00:00,1.5385667,0.8887070636239354,0.6498596449408229,3.268586990371782,0.6498596449408229,19,5,"[2007-03-03 19:00] Unusual spike on Sat 19:00 (evening peak) detected by residual z-score: actual 1.54 kW vs expected 0.89 kW (Δ +0.65 kW, |z|=3.27). Possible causes: more high-power appliances running at once than usual."
2008-01-27 00:00:00,1.9396666,2.5830629064071537,-0.6433962775695683,-1.6166683288639663,0.6433962775695683,0,6,"[2008-01-27 00:00] Unusual drop on Sun 00:00 (overnight) detected by isolation forest: actual 1.94 kW vs expected 2.58 kW (Δ -0.64 kW, |z|=1.62). Possible causes: a device left on overnight, standby/defrost cycle, or a heating/cooling unit."
2008-09-02 18:00:00,0.67546666,1.3185099740408595,-0.643043317355984,-3.1720545935634434,0.643043317355984,18,1,"[2008-09-02 18:00] Unusual drop on Tue 18:00 (evening peak) detected by residual z-score: actual 0.68 kW vs expected 1.32 kW (Δ -0.64 kW, |z|=3.17). Possible causes: more high-power appliances running at once than usual."
2008-03-08 21:00:00,2.1490333,2.7909306046459745,-0.6418972966167997,-1.4409840211573486,0.6418972966167997,21,5,"[2008-03-08 21:00] Unusual drop on Sat 21:00 (evening peak) detected by isolation forest: actual 2.15 kW vs expected 2.79 kW (Δ -0.64 kW, |z|=1.44). Possible causes: more high-power appliances running at once than usual."
2010-02-21 16:00:00,2.4064333,3.0471240519745955,-0.6406907080872664,-0.9679350305386383,0.6406907080872664,16,6,"[2010-02-21 16:00] Unusual drop on Sun 16:00 (daytime) detected by isolation forest: actual 2.41 kW vs expected 3.05 kW (Δ -0.64 kW, |z|=0.97). Possible causes: a large appliance running outside its usual schedule, or overlapping medium loads."
2008-10-12 21:00:00,2.4621332,3.102724283855137,-0.6405911146809427,-1.7191228166692056,0.6405911146809427,21,6,"[2008-10-12 21:00] Unusual drop on Sun 21:00 (evening peak) detected by isolation forest: actual 2.46 kW vs expected 3.10 kW (Δ -0.64 kW, |z|=1.72). Possible causes: more high-power appliances running at once than usual."
2006-12-26 20:00:00,3.479,2.8398059759981726,0.6391941155545617,,0.6391941155545617,20,1,"[2006-12-26 20:00] Unusual spike on Tue 20:00 (evening peak) detected by isolation forest: actual 3.48 kW vs expected 2.84 kW (Δ +0.64 kW, |z|=nan). Possible causes: more high-power appliances running at once than usual."
2007-12-29 23:00:00,0.81350005,1.4518300358297274,-0.6383299890996859,-1.22925805667605,0.6383299890996859,23,5,"[2007-12-29 23:00] Unusual drop on Sat 23:00 (late evening) detected by isolation forest: actual 0.81 kW vs expected 1.45 kW (Δ -0.64 kW, |z|=1.23). Possible causes: an unusual load combination late at night."
2007-12-24 18:00:00,1.8431666,2.4811236090530477,-0.6379570193161093,-1.397063244833674,0.6379570193161093,18,0,"[2007-12-24 18:00] Unusual drop on Mon 18:00 (evening peak) detected by isolation forest: actual 1.84 kW vs expected 2.48 kW (Δ -0.64 kW, |z|=1.40). Possible causes: more high-power appliances running at once than usual."
2007-02-11 14:00:00,3.4311333,2.7946171348767144,0.6365161353869575,1.5286123246623955,0.6365161353869575,14,6,"[2007-02-11 14:00] Unusual spike on Sun 14:00 (daytime) detected by isolation forest: actual 3.43 kW vs expected 2.79 kW (Δ +0.64 kW, |z|=1.53). Possible causes: a large appliance running outside its usual schedule, or overlapping medium loads."
2010-08-15 14:00:00,0.99833333,0.3624449492988912,0.6358883856238993,3.6855709766599123,0.6358883856238993,14,6,"[2010-08-15 14:00] Unusual spike on Sun 14:00 (daytime) detected by residual z-score: actual 1.00 kW vs expected 0.36 kW (Δ +0.64 kW, |z|=3.69). Possible causes: a large appliance running outside its usual schedule, or overlapping medium loads."
2007-01-01 14:00:00,1.2944,1.9301528115461206,-0.6357528348157739,-1.5883153347335717,0.6357528348157739,14,0,"[2007-01-01 14:00] Unusual drop on Mon 14:00 (daytime) detected by isolation forest: actual 1.29 kW vs expected 1.93 kW (Δ -0.64 kW, |z|=1.59). Possible causes: a large appliance running outside its usual schedule, or overlapping medium loads."
2007-01-28 14:00:00,1.7754667,2.4089215072803243,-0.6334548267535909,-1.4602472497809746,0.6334548267535909,14,6,"[2007-01-28 14:00] Unusual drop on Sun 14:00 (daytime) detected by isolation forest: actual 1.78 kW vs expected 2.41 kW (Δ -0.63 kW, |z|=1.46). Possible causes: a large appliance running outside its usual schedule, or overlapping medium loads."
2008-01-27 19:00:00,4.754133,4.122952568441746,0.6311806560455588,1.4865544775366624,0.6311806560455588,19,6,"[2008-01-27 19:00] Unusual spike on Sun 19:00 (evening peak) detected by isolation forest: actual 4.75 kW vs expected 4.12 kW (Δ +0.63 kW, |z|=1.49). Possible causes: more high-power appliances running at once than usual."
2008-04-08 14:00:00,1.6095,2.233883638833246,-0.6243835882885072,-1.6388240977675022,0.6243835882885072,14,1,"[2008-04-08 14:00] Unusual drop on Tue 14:00 (daytime) detected by isolation forest: actual 1.61 kW vs expected 2.23 kW (Δ -0.62 kW, |z|=1.64). Possible causes: a large appliance running outside its usual schedule, or overlapping medium loads."
2007-01-14 17:00:00,4.2111335,3.5889041057729854,0.6222293742990361,1.16080578959467,0.6222293742990361,17,6,"[2007-01-14 17:00] Unusual spike on Sun 17:00 (evening peak) detected by isolation forest: actual 4.21 kW vs expected 3.59 kW (Δ +0.62 kW, |z|=1.16). Possible causes: more high-power appliances running at once than usual."
2009-01-04 22:00:00,0.5431,1.163860232970786,-0.6207602335429905,-1.3640913140066313,0.6207602335429905,22,6,"[2009-01-04 22:00] Unusual drop on Sun 22:00 (late evening) detected by isolation forest: actual 0.54 kW vs expected 1.16 kW (Δ -0.62 kW, |z|=1.36). Possible causes: an unusual load combination late at night."
2007-01-01 09:00:00,3.1461334,2.5294214088093585,0.616712014042204,1.148796386675729,0.616712014042204,9,0,"[2007-01-01 09:00] Unusual spike on Mon 09:00 (morning) detected by isolation forest: actual 3.15 kW vs expected 2.53 kW (Δ +0.62 kW, |z|=1.15). Possible causes: a heavy start-of-day routine or several devices switching on at once."
2006-12-30 21:00:00,2.0379999,2.6529761353283403,-0.614976266935396,-1.3383333759451401,0.614976266935396,21,5,"[2006-12-30 21:00] Unusual drop on Sat 21:00 (evening peak) detected by isolation forest: actual 2.04 kW vs expected 2.65 kW (Δ -0.61 kW, |z|=1.34). Possible causes: more high-power appliances running at once than usual."
2008-09-02 09:00:00,0.2784,0.8927246979534611,-0.6143246940433964,-3.5143153063296904,0.6143246940433964,9,1,"[2008-09-02 09:00] Unusual drop on Tue 09:00 (morning) detected by residual z-score: actual 0.28 kW vs expected 0.89 kW (Δ -0.61 kW, |z|=3.51). Possible causes: a heavy start-of-day routine or several devices switching on at once."
2007-12-25 23:00:00,3.9586668,3.3475878286558514,0.6110789727967854,1.158843069755956,0.6110789727967854,23,1,"[2007-12-25 23:00] Unusual spike on Tue 23:00 (late evening) detected by isolation forest: actual 3.96 kW vs expected 3.35 kW (Δ +0.61 kW, |z|=1.16). Possible causes: an unusual load combination late at night."
2008-01-27 22:00:00,1.5542333,2.1609245111944766,-0.6066911985876651,-1.5320811531608807,0.6066911985876651,22,6,"[2008-01-27 22:00] Unusual drop on Sun 22:00 (late evening) detected by isolation forest: actual 1.55 kW vs expected 2.16 kW (Δ -0.61 kW, |z|=1.53). Possible causes: an unusual load combination late at night."
2008-09-01 22:00:00,2.0432,1.440054409481502,0.6031456065402265,3.516330760801431,0.6031456065402265,22,0,"[2008-09-01 22:00] Unusual spike on Mon 22:00 (late evening) detected by residual z-score: actual 2.04 kW vs expected 1.44 kW (Δ +0.60 kW, |z|=3.52). Possible causes: an unusual load combination late at night."
2008-09-01 10:00:00,1.9789333,1.375811901171617,0.6031214331789689,4.142332108538213,0.6031214331789689,10,0,"[2008-09-01 10:00] Unusual spike on Mon 10:00 (daytime) detected by residual z-score: actual 1.98 kW vs expected 1.38 kW (Δ +0.60 kW, |z|=4.14). Possible causes: a large appliance running outside its usual schedule, or overlapping medium loads."
2010-08-07 02:00:00,0.91276664,0.31615049498220976,0.5966161404357284,3.5895817860877157,0.5966161404357284,2,5,"[2010-08-07 02:00] Unusual spike on Sat 02:00 (overnight) detected by residual z-score: actual 0.91 kW vs expected 0.32 kW (Δ +0.60 kW, |z|=3.59). Possible causes: a device left on overnight, standby/defrost cycle, or a heating/cooling unit."
2007-12-02 16:00:00,4.1104,3.5138277408867657,0.596572459003371,1.1121152824291138,0.596572459003371,16,6,"[2007-12-02 16:00] Unusual spike on Sun 16:00 (daytime) detected by isolation forest: actual 4.11 kW vs expected 3.51 kW (Δ +0.60 kW, |z|=1.11). Possible causes: a large appliance running outside its usual schedule, or overlapping medium loads."
2007-12-09 18:00:00,4.2051334,3.610985050163841,0.5941483879465106,1.1780439198449661,0.5941483879465106,18,6,"[2007-12-09 18:00] Unusual spike on Sun 18:00 (evening peak) detected by isolation forest: actual 4.21 kW vs expected 3.61 kW (Δ +0.59 kW, |z|=1.18). Possible causes: more high-power appliances running at once than usual."
2008-09-01 18:00:00,0.24863334,0.8427725626061121,-0.5941392226050058,-3.8774383971731567,0.5941392226050058,18,0,"[2008-09-01 18:00] Unusual drop on Mon 18:00 (evening peak) detected by residual z-score: actual 0.25 kW vs expected 0.84 kW (Δ -0.59 kW, |z|=3.88). Possible causes: more high-power appliances running at once than usual."
2008-02-23 21:00:00,1.8738,2.4663536676656994,-0.5925536283743176,-1.3913478443886347,0.5925536283743176,21,5,"[2008-02-23 21:00] Unusual drop on Sat 21:00 (evening peak) detected by isolation forest: actual 1.87 kW vs expected 2.47 kW (Δ -0.59 kW, |z|=1.39). Possible causes: more high-power appliances running at once than usual."
2010-08-25 07:00:00,1.1821333,0.59008633216973,0.5920469848239833,3.4952589835513628,0.5920469848239833,7,2,"[2010-08-25 07:00] Unusual spike on Wed 07:00 (morning) detected by residual z-score: actual 1.18 kW vs expected 0.59 kW (Δ +0.59 kW, |z|=3.50). Possible causes: a heavy start-of-day routine or several devices switching on at once."
2007-01-14 02:00:00,2.8794334,2.288366645501057,0.5910667479773366,1.0782077138705732,0.5910667479773366,2,6,"[2007-01-14 02:00] Unusual spike on Sun 02:00 (overnight) detected by isolation forest: actual 2.88 kW vs expected 2.29 kW (Δ +0.59 kW, |z|=1.08). Possible causes: a device left on overnight, standby/defrost cycle, or a heating/cooling unit."
2007-12-15 21:00:00,2.4743,3.065285959440084,-0.5909860517557579,-1.3469290515090884,0.5909860517557579,21,5,"[2007-12-15 21:00] Unusual drop on Sat 21:00 (evening peak) detected by isolation forest: actual 2.47 kW vs expected 3.07 kW (Δ -0.59 kW, |z|=1.35). Possible causes: more high-power appliances running at once than usual."
2007-11-23 15:00:00,1.4280666,2.0156654110107435,-0.5875987997207655,-1.3808266636771696,0.5875987997207655,15,4,"[2007-11-23 15:00] Unusual drop on Fri 15:00 (daytime) detected by isolation forest: actual 1.43 kW vs expected 2.02 kW (Δ -0.59 kW, |z|=1.38). Possible causes: a large appliance running outside its usual schedule, or overlapping medium loads."
2007-01-13 23:00:00,5.0713334,4.484484487003169,0.5868489213525443,1.076119213315328,0.5868489213525443,23,5,"[2007-01-13 23:00] Unusual spike on Sat 23:00 (late evening) detected by isolation forest: actual 5.07 kW vs expected 4.48 kW (Δ +0.59 kW, |z|=1.08). Possible causes: an unusual load combination late at night."
2009-01-28 18:00:00,3.8753333,3.2917847214117177,0.5835485877618662,1.168131242771875,0.5835485877618662,18,2,"[2009-01-28 18:00] Unusual spike on Wed 18:00 (evening peak) detected by isolation forest: actual 3.88 kW vs expected 3.29 kW (Δ +0.58 kW, |z|=1.17). Possible causes: more high-power appliances running at once than usual."
2009-02-23 10:00:00,1.5176333,2.1000397173958647,-0.5824063984948027,-1.3006375192768247,0.5824063984948027,10,0,"[2009-02-23 10:00] Unusual drop on Mon 10:00 (daytime) detected by isolation forest: actual 1.52 kW vs expected 2.10 kW (Δ -0.58 kW, |z|=1.30). Possible causes: a large appliance running outside its usual schedule, or overlapping medium loads."
2007-02-04 02:00:00,2.3560998,2.9375771897838807,-0.5814773458049989,-1.3533936122951764,0.5814773458049989,2,6,"[2007-02-04 02:00] Unusual drop on Sun 02:00 (overnight) detected by isolation forest: actual 2.36 kW vs expected 2.94 kW (Δ -0.58 kW, |z|=1.35). Possible causes: a device left on overnight, standby/defrost cycle, or a heating/cooling unit."
2009-02-07 17:00:00,2.3437667,2.92523361002587,-0.5814669207253327,-1.3857074384146781,0.5814669207253327,17,5,"[2009-02-07 17:00] Unusual drop on Sat 17:00 (evening peak) detected by isolation forest: actual 2.34 kW vs expected 2.93 kW (Δ -0.58 kW, |z|=1.39). Possible causes: more high-power appliances running at once than usual."
2008-01-29 14:00:00,3.9548,3.376043024659653,0.5787568658585354,1.2508777660317638,0.5787568658585354,14,1,"[2008-01-29 14:00] Unusual spike on Tue 14:00 (daytime) detected by isolation forest: actual 3.95 kW vs expected 3.38 kW (Δ +0.58 kW, |z|=1.25). Possible causes: a large appliance running outside its usual schedule, or overlapping medium loads."
2008-08-31 15:00:00,2.4018667,1.8284556296607248,0.5734110447624929,9.503066551646187,0.5734110447624929,15,6,"[2008-08-31 15:00] Unusual spike on Sun 15:00 (daytime) detected by residual z-score: actual 2.40 kW vs expected 1.83 kW (Δ +0.57 kW, |z|=9.50). Possible causes: a large appliance running outside its usual schedule, or overlapping medium loads."
2009-02-07 22:00:00,3.5941,3.021835894859087,0.572264103615034,1.2942969001399605,0.572264103615034,22,5,"[2009-02-07 22:00] Unusual spike on Sat 22:00 (late evening) detected by isolation forest: actual 3.59 kW vs expected 3.02 kW (Δ +0.57 kW, |z|=1.29). Possible causes: an unusual load combination late at night."
2009-02-22 20:00:00,4.488933,3.9167668726146543,0.5721662137806094,1.6092209380440758,0.5721662137806094,20,6,"[2009-02-22 20:00] Unusual spike on Sun 20:00 (evening peak) detected by isolation forest: actual 4.49 kW vs expected 3.92 kW (Δ +0.57 kW, |z|=1.61). Possible causes: more high-power appliances running at once than usual."
2009-02-08 22:00:00,0.49146667,1.0634717534203793,-0.5720050821919704,-1.373467411181366,0.5720050821919704,22,6,"[2009-02-08 22:00] Unusual drop on Sun 22:00 (late evening) detected by isolation forest: actual 0.49 kW vs expected 1.06 kW (Δ -0.57 kW, |z|=1.37). Possible causes: an unusual load combination late at night."
2007-02-19 21:00:00,3.6578667,3.088607409598893,0.5692593067859946,1.0612459654692334,0.5692593067859946,21,0,"[2007-02-19 21:00] Unusual spike on Mon 21:00 (evening peak) detected by isolation forest: actual 3.66 kW vs expected 3.09 kW (Δ +0.57 kW, |z|=1.06). Possible causes: more high-power appliances running at once than usual."
2007-12-29 04:00:00,1.3988667,1.9679765661655275,-0.5691099127231447,-1.1072616914188007,0.5691099127231447,4,5,"[2007-12-29 04:00] Unusual drop on Sat 04:00 (overnight) detected by isolation forest: actual 1.40 kW vs expected 1.97 kW (Δ -0.57 kW, |z|=1.11). Possible causes: a device left on overnight, standby/defrost cycle, or a heating/cooling unit."
2008-01-14 21:00:00,4.7452,4.179827530900095,0.5653726262654324,1.130061471295116,0.5653726262654324,21,0,"[2008-01-14 21:00] Unusual spike on Mon 21:00 (evening peak) detected by isolation forest: actual 4.75 kW vs expected 4.18 kW (Δ +0.57 kW, |z|=1.13). Possible causes: more high-power appliances running at once than usual."
2006-12-23 22:00:00,4.3279333,3.7649714739318005,0.5629618375306018,,0.5629618375306018,22,5,"[2006-12-23 22:00] Unusual spike on Sat 22:00 (late evening) detected by isolation forest: actual 4.33 kW vs expected 3.76 kW (Δ +0.56 kW, |z|=nan). Possible causes: an unusual load combination late at night."
2009-02-22 21:00:00,4.6737666,4.117710603378922,0.5560560096276701,1.5529943020341324,0.5560560096276701,21,6,"[2009-02-22 21:00] Unusual spike on Sun 21:00 (evening peak) detected by isolation forest: actual 4.67 kW vs expected 4.12 kW (Δ +0.56 kW, |z|=1.55). Possible causes: more high-power appliances running at once than usual."
2007-03-07 23:00:00,1.0102667,1.5634403127586003,-0.5531736511146184,-1.6128109090373688,0.5531736511146184,23,2,"[2007-03-07 23:00] Unusual drop on Wed 23:00 (late evening) detected by isolation forest: actual 1.01 kW vs expected 1.56 kW (Δ -0.55 kW, |z|=1.61). Possible causes: an unusual load combination late at night."
2008-08-31 20:00:00,1.6380333,2.18944502136006,-0.5514117505241836,-5.672202872574515,0.5514117505241836,20,6,"[2008-08-31 20:00] Unusual drop on Sun 20:00 (evening peak) detected by residual z-score: actual 1.64 kW vs expected 2.19 kW (Δ -0.55 kW, |z|=5.67). Possible causes: more high-power appliances running at once than usual."
2007-02-04 12:00:00,2.1460664,1.5965834758134576,0.5494829514173774,1.0951885863897017,0.5494829514173774,12,6,"[2007-02-04 12:00] Unusual spike on Sun 12:00 (daytime) detected by isolation forest: actual 2.15 kW vs expected 1.60 kW (Δ +0.55 kW, |z|=1.10). Possible causes: a large appliance running outside its usual schedule, or overlapping medium loads."
2007-02-10 21:00:00,2.5604668,3.109050273574921,-0.5485835072174989,-1.3399400882336931,0.5485835072174989,21,5,"[2007-02-10 21:00] Unusual drop on Sat 21:00 (evening peak) detected by isolation forest: actual 2.56 kW vs expected 3.11 kW (Δ -0.55 kW, |z|=1.34). Possible causes: more high-power appliances running at once than usual."
2009-01-19 09:00:00,1.3573,1.903962159106642,-0.5466621160005629,-1.534914436278137,0.5466621160005629,9,0,"[2009-01-19 09:00] Unusual drop on Mon 09:00 (morning) detected by isolation forest: actual 1.36 kW vs expected 1.90 kW (Δ -0.55 kW, |z|=1.53). Possible causes: a heavy start-of-day routine or several devices switching on at once."
2008-11-05 19:00:00,3.2263,2.6818743955291766,0.5444256056152326,1.6140049570462882,0.5444256056152326,19,2,"[2008-11-05 19:00] Unusual spike on Wed 19:00 (evening peak) detected by isolation forest: actual 3.23 kW vs expected 2.68 kW (Δ +0.54 kW, |z|=1.61). Possible causes: more high-power appliances running at once than usual."
2008-01-26 23:00:00,3.4782999,2.9360806327873856,0.5422192233985275,1.2955875866217916,0.5422192233985275,23,5,"[2008-01-26 23:00] Unusual spike on Sat 23:00 (late evening) detected by isolation forest: actual 3.48 kW vs expected 2.94 kW (Δ +0.54 kW, |z|=1.30). Possible causes: an unusual load combination late at night."
2010-02-06 21:00:00,2.9883,2.447135214689961,0.5411648703777878,0.89914170074386,0.5411648703777878,21,5,"[2010-02-06 21:00] Unusual spike on Sat 21:00 (evening peak) detected by isolation forest: actual 2.99 kW vs expected 2.45 kW (Δ +0.54 kW, |z|=0.90). Possible causes: more high-power appliances running at once than usual."
2008-11-04 21:00:00,4.389967,3.8522521465768933,0.5377148181447864,1.801754627669341,0.5377148181447864,21,1,"[2008-11-04 21:00] Unusual spike on Tue 21:00 (evening peak) detected by isolation forest: actual 4.39 kW vs expected 3.85 kW (Δ +0.54 kW, |z|=1.80). Possible causes: more high-power appliances running at once than usual."
2009-11-22 23:00:00,1.3873,0.8513118514755247,0.5359881630203249,0.9233263640124584,0.5359881630203249,23,6,"[2009-11-22 23:00] Unusual spike on Sun 23:00 (late evening) detected by isolation forest: actual 1.39 kW vs expected 0.85 kW (Δ +0.54 kW, |z|=0.92). Possible causes: an unusual load combination late at night."
2007-11-11 00:00:00,3.1856,2.650110000652039,0.5354900416911006,1.00924845444093,0.5354900416911006,0,6,"[2007-11-11 00:00] Unusual spike on Sun 00:00 (overnight) detected by isolation forest: actual 3.19 kW vs expected 2.65 kW (Δ +0.54 kW, |z|=1.01). Possible causes: a device left on overnight, standby/defrost cycle, or a heating/cooling unit."
2007-03-25 19:00:00,3.745,3.2100269556127383,0.5349729299463437,1.1414908373205426,0.5349729299463437,19,6,"[2007-03-25 19:00] Unusual spike on Sun 19:00 (evening peak) detected by isolation forest: actual 3.74 kW vs expected 3.21 kW (Δ +0.53 kW, |z|=1.14). Possible causes: more high-power appliances running at once than usual."
2007-01-28 20:00:00,3.7912,4.325325585355004,-0.5341256627933584,-1.2288999942201593,0.5341256627933584,20,6,"[2007-01-28 20:00] Unusual drop on Sun 20:00 (evening peak) detected by isolation forest: actual 3.79 kW vs expected 4.33 kW (Δ -0.53 kW, |z|=1.23). Possible causes: more high-power appliances running at once than usual."
2007-12-22 23:00:00,1.7447333,2.275687278748619,-0.5309539451609724,-1.272659326324978,0.5309539451609724,23,5,"[2007-12-22 23:00] Unusual drop on Sat 23:00 (late evening) detected by isolation forest: actual 1.74 kW vs expected 2.28 kW (Δ -0.53 kW, |z|=1.27). Possible causes: an unusual load combination late at night."
2007-02-04 23:00:00,2.1364334,1.608005924984579,0.5284274379762364,1.0214191255570162,0.5284274379762364,23,6,"[2007-02-04 23:00] Unusual spike on Sun 23:00 (late evening) detected by isolation forest: actual 2.14 kW vs expected 1.61 kW (Δ +0.53 kW, |z|=1.02). Possible causes: an unusual load combination late at night."
2010-08-13 12:00:00,1.1694,0.6413551592632133,0.5280448174671334,3.237293850456658,0.5280448174671334,12,4,"[2010-08-13 12:00] Unusual spike on Fri 12:00 (daytime) detected by residual z-score: actual 1.17 kW vs expected 0.64 kW (Δ +0.53 kW, |z|=3.24). Possible causes: a large appliance running outside its usual schedule, or overlapping medium loads."
2008-04-08 13:00:00,3.5964332,3.0687044252123035,0.5277287374769055,1.1995760460453482,0.5277287374769055,13,1,"[2008-04-08 13:00] Unusual spike on Tue 13:00 (daytime) detected by isolation forest: actual 3.60 kW vs expected 3.07 kW (Δ +0.53 kW, |z|=1.20). Possible causes: a large appliance running outside its usual schedule, or overlapping medium loads."
2007-02-18 12:00:00,3.6609335,3.137042613523124,0.5238908810447471,1.0129670277448461,0.5238908810447471,12,6,"[2007-02-18 12:00] Unusual spike on Sun 12:00 (daytime) detected by isolation forest: actual 3.66 kW vs expected 3.14 kW (Δ +0.52 kW, |z|=1.01). Possible causes: a large appliance running outside its usual schedule, or overlapping medium loads."
2008-02-23 20:00:00,2.5601335,3.083600311514879,-0.523466854331041,-1.250317273687618,0.523466854331041,20,5,"[2008-02-23 20:00] Unusual drop on Sat 20:00 (evening peak) detected by isolation forest: actual 2.56 kW vs expected 3.08 kW (Δ -0.52 kW, |z|=1.25). Possible causes: more high-power appliances running at once than usual."
2009-01-18 16:00:00,2.5563667,3.0793019630245895,-0.5229352809719772,-1.488408361773669,0.5229352809719772,16,6,"[2009-01-18 16:00] Unusual drop on Sun 16:00 (daytime) detected by isolation forest: actual 2.56 kW vs expected 3.08 kW (Δ -0.52 kW, |z|=1.49). Possible causes: a large appliance running outside its usual schedule, or overlapping medium loads."
2006-12-24 23:00:00,0.48633334,1.0078686085023203,-0.5215352680959024,,0.5215352680959024,23,6,"[2006-12-24 23:00] Unusual drop on Sun 23:00 (late evening) detected by isolation forest: actual 0.49 kW vs expected 1.01 kW (Δ -0.52 kW, |z|=nan). Possible causes: an unusual load combination late at night."
2007-01-01 16:00:00,1.3901,1.9052931704453582,-0.5151931681565398,-1.3253517013421214,0.5151931681565398,16,0,"[2007-01-01 16:00] Unusual drop on Mon 16:00 (daytime) detected by isolation forest: actual 1.39 kW vs expected 1.91 kW (Δ -0.52 kW, |z|=1.33). Possible causes: a large appliance running outside its usual schedule, or overlapping medium loads."
2009-08-09 19:00:00,1.5472666,2.05840852887031,-0.5111419263541355,-3.2626216704401143,0.5111419263541355,19,6,"[2009-08-09 19:00] Unusual drop on Sun 19:00 (evening peak) detected by residual z-score: actual 1.55 kW vs expected 2.06 kW (Δ -0.51 kW, |z|=3.26). Possible causes: more high-power appliances running at once than usual."
2010-11-04 22:00:00,2.0152667,2.5251039874804384,-0.509837330604828,-0.8493838558321909,0.509837330604828,22,3,"[2010-11-04 22:00] Unusual drop on Thu 22:00 (late evening) detected by isolation forest: actual 2.02 kW vs expected 2.53 kW (Δ -0.51 kW, |z|=0.85). Possible causes: an unusual load combination late at night."
2007-12-16 16:00:00,1.6349334,2.1439770745801856,-0.5090437221097877,-1.1818744861184214,0.5090437221097877,16,6,"[2007-12-16 16:00] Unusual drop on Sun 16:00 (daytime) detected by isolation forest: actual 1.63 kW vs expected 2.14 kW (Δ -0.51 kW, |z|=1.18). Possible causes: a large appliance running outside its usual schedule, or overlapping medium loads."
2007-11-11 01:00:00,1.5539,2.062539337598673,-0.5086393341654456,-1.3619911351622924,0.5086393341654456,1,6,"[2007-11-11 01:00] Unusual drop on Sun 01:00 (overnight) detected by isolation forest: actual 1.55 kW vs expected 2.06 kW (Δ -0.51 kW, |z|=1.36). Possible causes: a device left on overnight, standby/defrost cycle, or a heating/cooling unit."
2007-12-23 21:00:00,2.2872665,2.7938820081455145,-0.5066155153018865,-1.1664253955751374,0.5066155153018865,21,6,"[2007-12-23 21:00] Unusual drop on Sun 21:00 (evening peak) detected by isolation forest: actual 2.29 kW vs expected 2.79 kW (Δ -0.51 kW, |z|=1.17). Possible causes: more high-power appliances running at once than usual."
2007-12-04 22:00:00,1.7682667,2.2725177463836834,-0.5042510685272381,-1.1506577221831704,0.5042510685272381,22,1,"[2007-12-04 22:00] Unusual drop on Tue 22:00 (late evening) detected by isolation forest: actual 1.77 kW vs expected 2.27 kW (Δ -0.50 kW, |z|=1.15). Possible causes: an unusual load combination late at night."
2009-01-28 19:00:00,2.3791335,2.881211286020789,-0.502077823114905,-0.9808531848428707,0.502077823114905,19,2,"[2009-01-28 19:00] Unusual drop on Wed 19:00 (evening peak) detected by isolation forest: actual 2.38 kW vs expected 2.88 kW (Δ -0.50 kW, |z|=0.98). Possible causes: more high-power appliances running at once than usual."
2007-02-21 21:00:00,2.1131334,2.614007251911583,-0.5008738214306261,-1.163165464503005,0.5008738214306261,21,2,"[2007-02-21 21:00] Unusual drop on Wed 21:00 (evening peak) detected by isolation forest: actual 2.11 kW vs expected 2.61 kW (Δ -0.50 kW, |z|=1.16). Possible causes: more high-power appliances running at once than usual."
2008-11-15 23:00:00,4.2750335,3.7753023096113134,0.49973116435719245,0.9393385754036853,0.49973116435719245,23,5,"[2008-11-15 23:00] Unusual spike on Sat 23:00 (late evening) detected by isolation forest: actual 4.28 kW vs expected 3.78 kW (Δ +0.50 kW, |z|=0.94). Possible causes: an unusual load combination late at night."
2008-11-16 15:00:00,2.9074,2.408105211654391,0.499294681152616,0.9746096719616151,0.499294681152616,15,6,"[2008-11-16 15:00] Unusual spike on Sun 15:00 (daytime) detected by isolation forest: actual 2.91 kW vs expected 2.41 kW (Δ +0.50 kW, |z|=0.97). Possible causes: a large appliance running outside its usual schedule, or overlapping medium loads."
2006-12-24 19:00:00,0.45403334,0.953260224111436,-0.4992268791273814,,0.4992268791273814,19,6,"[2006-12-24 19:00] Unusual drop on Sun 19:00 (evening peak) detected by isolation forest: actual 0.45 kW vs expected 0.95 kW (Δ -0.50 kW, |z|=nan). Possible causes: more high-power appliances running at once than usual."
2006-12-31 11:00:00,3.3595002,2.860644628340317,0.49885554141371147,0.9287372547384125,0.49885554141371147,11,6,"[2006-12-31 11:00] Unusual spike on Sun 11:00 (daytime) detected by isolation forest: actual 3.36 kW vs expected 2.86 kW (Δ +0.50 kW, |z|=0.93). Possible causes: a large appliance running outside its usual schedule, or overlapping medium loads."
2008-01-22 17:00:00,0.5165333,1.0151627515392383,-0.4986294363575061,-1.1105637708548548,0.4986294363575061,17,1,"[2008-01-22 17:00] Unusual drop on Tue 17:00 (evening peak) detected by isolation forest: actual 0.52 kW vs expected 1.02 kW (Δ -0.50 kW, |z|=1.11). Possible causes: more high-power appliances running at once than usual."
2008-05-18 23:00:00,0.8828667,1.3810927916287346,-0.4982261110066337,-1.0504825772990962,0.4982261110066337,23,6,"[2008-05-18 23:00] Unusual drop on Sun 23:00 (late evening) detected by isolation forest: actual 0.88 kW vs expected 1.38 kW (Δ -0.50 kW, |z|=1.05). Possible causes: an unusual load combination late at night."
2006-12-24 03:00:00,1.6067666,2.1019558391348285,-0.4951892575994892,,0.4951892575994892,3,6,"[2006-12-24 03:00] Unusual drop on Sun 03:00 (overnight) detected by isolation forest: actual 1.61 kW vs expected 2.10 kW (Δ -0.50 kW, |z|=nan). Possible causes: a device left on overnight, standby/defrost cycle, or a heating/cooling unit."
2010-01-30 21:00:00,3.0032,3.4948266272282216,-0.4916265730595204,-0.8346456099600171,0.4916265730595204,21,5,"[2010-01-30 21:00] Unusual drop on Sat 21:00 (evening peak) detected by isolation forest: actual 3.00 kW vs expected 3.49 kW (Δ -0.49 kW, |z|=0.83). Possible causes: more high-power appliances running at once than usual."
2008-02-02 22:00:00,4.335833,3.844418914725734,0.4914141579366196,1.04076972690332,0.4914141579366196,22,5,"[2008-02-02 22:00] Unusual spike on Sat 22:00 (late evening) detected by isolation forest: actual 4.34 kW vs expected 3.84 kW (Δ +0.49 kW, |z|=1.04). Possible causes: an unusual load combination late at night."
2008-03-30 20:00:00,3.4782,2.9875915992781845,0.490608359523085,0.9695306250968497,0.490608359523085,20,6,"[2008-03-30 20:00] Unusual spike on Sun 20:00 (evening peak) detected by isolation forest: actual 3.48 kW vs expected 2.99 kW (Δ +0.49 kW, |z|=0.97). Possible causes: more high-power appliances running at once than usual."
2007-02-18 16:00:00,2.1613667,1.672080684158842,0.4892860169672566,0.9397650675266638,0.4892860169672566,16,6,"[2007-02-18 16:00] Unusual spike on Sun 16:00 (daytime) detected by isolation forest: actual 2.16 kW vs expected 1.67 kW (Δ +0.49 kW, |z|=0.94). Possible causes: a large appliance running outside its usual schedule, or overlapping medium loads."
2008-02-09 22:00:00,1.549,2.0380146163416404,-0.48901459154610816,-1.2063530205209736,0.48901459154610816,22,5,"[2008-02-09 22:00] Unusual drop on Sat 22:00 (late evening) detected by isolation forest: actual 1.55 kW vs expected 2.04 kW (Δ -0.49 kW, |z|=1.21). Possible causes: an unusual load combination late at night."
2007-01-22 11:00:00,1.3413666,1.8293669498959073,-0.4880003012218961,-1.1231213173672234,0.4880003012218961,11,0,"[2007-01-22 11:00] Unusual drop on Mon 11:00 (daytime) detected by isolation forest: actual 1.34 kW vs expected 1.83 kW (Δ -0.49 kW, |z|=1.12). Possible causes: a large appliance running outside its usual schedule, or overlapping medium loads."
2007-02-05 00:00:00,0.40753332,0.8950930551516882,-0.4875597373473517,-1.1448144528294493,0.4875597373473517,0,0,"[2007-02-05 00:00] Unusual drop on Mon 00:00 (overnight) detected by isolation forest: actual 0.41 kW vs expected 0.90 kW (Δ -0.49 kW, |z|=1.14). Possible causes: a device left on overnight, standby/defrost cycle, or a heating/cooling unit."
2009-01-17 23:00:00,2.1674335,1.682437878766554,0.48499562152336306,1.0433131883208882,0.48499562152336306,23,5,"[2009-01-17 23:00] Unusual spike on Sat 23:00 (late evening) detected by isolation forest: actual 2.17 kW vs expected 1.68 kW (Δ +0.48 kW, |z|=1.04). Possible causes: an unusual load combination late at night."
2007-12-30 21:00:00,3.2652001,2.780749005374421,0.48445113271761997,0.7775449934808035,0.48445113271761997,21,6,"[2007-12-30 21:00] Unusual spike on Sun 21:00 (evening peak) detected by isolation forest: actual 3.27 kW vs expected 2.78 kW (Δ +0.48 kW, |z|=0.78). Possible causes: more high-power appliances running at once than usual."
2008-02-10 21:00:00,2.4784,2.9615778889736153,-0.48317789698447955,-1.2200608019189165,0.48317789698447955,21,6,"[2008-02-10 21:00] Unusual drop on Sun 21:00 (evening peak) detected by isolation forest: actual 2.48 kW vs expected 2.96 kW (Δ -0.48 kW, |z|=1.22). Possible causes: more high-power appliances running at once than usual."
2010-01-24 01:00:00,0.44803333,0.9309566617736696,-0.4829233289489626,-0.8354127727868561,0.4829233289489626,1,6,"[2010-01-24 01:00] Unusual drop on Sun 01:00 (overnight) detected by isolation forest: actual 0.45 kW vs expected 0.93 kW (Δ -0.48 kW, |z|=0.84). Possible causes: a device left on overnight, standby/defrost cycle, or a heating/cooling unit."
2008-08-31 14:00:00,1.6119334,1.1301278994121615,0.4818054511508878,11.884230955316573,0.4818054511508878,14,6,"[2008-08-31 14:00] Unusual spike on Sun 14:00 (daytime) detected by residual z-score: actual 1.61 kW vs expected 1.13 kW (Δ +0.48 kW, |z|=11.88). Possible causes: a large appliance running outside its usual schedule, or overlapping medium loads."
2009-02-01 03:00:00,0.6026667,1.0835161687938109,-0.48084949274934674,-1.0715798935454643,0.48084949274934674,3,6,"[2009-02-01 03:00] Unusual drop on Sun 03:00 (overnight) detected by isolation forest: actual 0.60 kW vs expected 1.08 kW (Δ -0.48 kW, |z|=1.07). Possible causes: a device left on overnight, standby/defrost cycle, or a heating/cooling unit."
2006-12-24 15:00:00,3.0968332,2.617390455680029,0.47944277338491226,,0.47944277338491226,15,6,"[2006-12-24 15:00] Unusual spike on Sun 15:00 (daytime) detected by isolation forest: actual 3.10 kW vs expected 2.62 kW (Δ +0.48 kW, |z|=nan). Possible causes: a large appliance running outside its usual schedule, or overlapping medium loads."
2007-03-24 22:00:00,4.117867,3.6397178222524023,0.4781491706980372,0.9862382721952293,0.4781491706980372,22,5,"[2007-03-24 22:00] Unusual spike on Sat 22:00 (late evening) detected by isolation forest: actual 4.12 kW vs expected 3.64 kW (Δ +0.48 kW, |z|=0.99). Possible causes: an unusual load combination late at night."
2006-12-30 22:00:00,0.7491333,1.2265538928718513,-0.4774206040115303,-1.0431330571446737,0.4774206040115303,22,5,"[2006-12-30 22:00] Unusual drop on Sat 22:00 (late evening) detected by isolation forest: actual 0.75 kW vs expected 1.23 kW (Δ -0.48 kW, |z|=1.04). Possible causes: an unusual load combination late at night."
2007-12-30 19:00:00,2.8520665,3.3294115249622767,-0.47734500808605596,-0.9466824873145369,0.47734500808605596,19,6,"[2007-12-30 19:00] Unusual drop on Sun 19:00 (evening peak) detected by isolation forest: actual 2.85 kW vs expected 3.33 kW (Δ -0.48 kW, |z|=0.95). Possible causes: more high-power appliances running at once than usual."
2007-12-16 21:00:00,2.3612332,2.8373796891619047,-0.47614645475638717,-1.1252919076589392,0.47614645475638717,21,6,"[2007-12-16 21:00] Unusual drop on Sun 21:00 (evening peak) detected by isolation forest: actual 2.36 kW vs expected 2.84 kW (Δ -0.48 kW, |z|=1.13). Possible causes: more high-power appliances running at once than usual."
2007-02-18 14:00:00,3.5459332,3.070355115558641,0.4755781310539078,0.9138335167308043,0.4755781310539078,14,6,"[2007-02-18 14:00] Unusual spike on Sun 14:00 (daytime) detected by isolation forest: actual 3.55 kW vs expected 3.07 kW (Δ +0.48 kW, |z|=0.91). Possible causes: a large appliance running outside its usual schedule, or overlapping medium loads."
2007-01-20 21:00:00,2.4257333,2.8994378746486165,-0.4737045467830159,-1.1226425581461164,0.4737045467830159,21,5,"[2007-01-20 21:00] Unusual drop on Sat 21:00 (evening peak) detected by isolation forest: actual 2.43 kW vs expected 2.90 kW (Δ -0.47 kW, |z|=1.12). Possible causes: more high-power appliances running at once than usual."
2008-01-29 16:00:00,1.6243333,2.0959910441665044,-0.4716577817229619,-1.2517627186047167,0.4716577817229619,16,1,"[2008-01-29 16:00] Unusual drop on Tue 16:00 (daytime) detected by isolation forest: actual 1.62 kW vs expected 2.10 kW (Δ -0.47 kW, |z|=1.25). Possible causes: a large appliance running outside its usual schedule, or overlapping medium loads."
2007-01-22 20:00:00,4.4557333,3.9846167875221834,0.4711165117331877,0.8719139488771471,0.4711165117331877,20,0,"[2007-01-22 20:00] Unusual spike on Mon 20:00 (evening peak) detected by isolation forest: actual 4.46 kW vs expected 3.98 kW (Δ +0.47 kW, |z|=0.87). Possible causes: more high-power appliances running at once than usual."
2007-12-01 19:00:00,2.9485002,3.4179902741293167,-0.4694901177267288,-1.1023375044135428,0.4694901177267288,19,5,"[2007-12-01 19:00] Unusual drop on Sat 19:00 (evening peak) detected by isolation forest: actual 2.95 kW vs expected 3.42 kW (Δ -0.47 kW, |z|=1.10). Possible causes: more high-power appliances running at once than usual."
2008-01-13 20:00:00,2.9177332,3.3862180342282624,-0.46848484178441474,-1.0965450967357537,0.46848484178441474,20,6,"[2008-01-13 20:00] Unusual drop on Sun 20:00 (evening peak) detected by isolation forest: actual 2.92 kW vs expected 3.39 kW (Δ -0.47 kW, |z|=1.10). Possible causes: more high-power appliances running at once than usual."
2007-02-03 02:00:00,3.4982667,3.030716750954392,0.46754994597553967,0.976620219410822,0.46754994597553967,2,5,"[2007-02-03 02:00] Unusual spike on Sat 02:00 (overnight) detected by isolation forest: actual 3.50 kW vs expected 3.03 kW (Δ +0.47 kW, |z|=0.98). Possible causes: a device left on overnight, standby/defrost cycle, or a heating/cooling unit."
2007-01-21 23:00:00,0.5459667,1.0132419884336945,-0.4672753036154267,-1.0834462962659333,0.4672753036154267,23,6,"[2007-01-21 23:00] Unusual drop on Sun 23:00 (late evening) detected by isolation forest: actual 0.55 kW vs expected 1.01 kW (Δ -0.47 kW, |z|=1.08). Possible causes: an unusual load combination late at night."
2007-12-06 21:00:00,2.9352,3.401577521326022,-0.46637754535861475,-1.0364423633630415,0.46637754535861475,21,3,"[2007-12-06 21:00] Unusual drop on Thu 21:00 (evening peak) detected by isolation forest: actual 2.94 kW vs expected 3.40 kW (Δ -0.47 kW, |z|=1.04). Possible causes: more high-power appliances running at once than usual."
2010-02-15 22:00:00,2.6901002,2.2242847593077943,0.4658154337158873,0.9150607640521204,0.4658154337158873,22,0,"[2010-02-15 22:00] Unusual spike on Mon 22:00 (late evening) detected by isolation forest: actual 2.69 kW vs expected 2.22 kW (Δ +0.47 kW, |z|=0.92). Possible causes: an unusual load combination late at night."
2009-12-05 22:00:00,2.3188667,2.7839612121603357,-0.4650944824240075,-1.0291603534292852,0.4650944824240075,22,5,"[2009-12-05 22:00] Unusual drop on Sat 22:00 (late evening) detected by isolation forest: actual 2.32 kW vs expected 2.78 kW (Δ -0.47 kW, |z|=1.03). Possible causes: an unusual load combination late at night."
2008-09-01 14:00:00,0.43886667,0.9015275859250853,-0.4626609110250304,-3.2993196261358184,0.4626609110250304,14,0,"[2008-09-01 14:00] Unusual drop on Mon 14:00 (daytime) detected by residual z-score: actual 0.44 kW vs expected 0.90 kW (Δ -0.46 kW, |z|=3.30). Possible causes: a large appliance running outside its usual schedule, or overlapping medium loads."
2007-12-23 20:00:00,3.2412333,3.7029539756227847,-0.4617206267763492,-1.0712615535510457,0.4617206267763492,20,6,"[2007-12-23 20:00] Unusual drop on Sun 20:00 (evening peak) detected by isolation forest: actual 3.24 kW vs expected 3.70 kW (Δ -0.46 kW, |z|=1.07). Possible causes: more high-power appliances running at once than usual."
2010-02-21 17:00:00,3.2794,2.81961979795945,0.45978031228530103,0.6440835813623955,0.45978031228530103,17,6,"[2010-02-21 17:00] Unusual spike on Sun 17:00 (evening peak) detected by isolation forest: actual 3.28 kW vs expected 2.82 kW (Δ +0.46 kW, |z|=0.64). Possible causes: more high-power appliances running at once than usual."
2009-01-18 18:00:00,3.5471666,3.089643776193906,0.45752280972833503,0.9374438664492657,0.45752280972833503,18,6,"[2009-01-18 18:00] Unusual spike on Sun 18:00 (evening peak) detected by isolation forest: actual 3.55 kW vs expected 3.09 kW (Δ +0.46 kW, |z|=0.94). Possible causes: more high-power appliances running at once than usual."
2007-01-22 21:00:00,2.5735667,3.0294330171643264,-0.4558663419781692,-1.0619032722157158,0.4558663419781692,21,0,"[2007-01-22 21:00] Unusual drop on Mon 21:00 (evening peak) detected by isolation forest: actual 2.57 kW vs expected 3.03 kW (Δ -0.46 kW, |z|=1.06). Possible causes: more high-power appliances running at once than usual."
2008-01-15 20:00:00,1.6627667,2.118206577373818,-0.4554398823512349,-1.1207153650469739,0.4554398823512349,20,1,"[2008-01-15 20:00] Unusual drop on Tue 20:00 (evening peak) detected by isolation forest: actual 1.66 kW vs expected 2.12 kW (Δ -0.46 kW, |z|=1.12). Possible causes: more high-power appliances running at once than usual."
2008-02-20 21:00:00,2.5524333,3.0078511983644303,-0.45541794602983554,-1.151779001786589,0.45541794602983554,21,2,"[2008-02-20 21:00] Unusual drop on Wed 21:00 (evening peak) detected by isolation forest: actual 2.55 kW vs expected 3.01 kW (Δ -0.46 kW, |z|=1.15). Possible causes: more high-power appliances running at once than usual."
2007-01-21 18:00:00,3.6489334,3.195649513826185,0.45328389681834613,0.8947765584158072,0.45328389681834613,18,6,"[2007-01-21 18:00] Unusual spike on Sun 18:00 (evening peak) detected by isolation forest: actual 3.65 kW vs expected 3.20 kW (Δ +0.45 kW, |z|=0.89). Possible causes: more high-power appliances running at once than usual."
2007-12-30 16:00:00,2.5719333,2.1187205497643893,0.45321271973634314,0.6928400219896784,0.45321271973634314,16,6,"[2007-12-30 16:00] Unusual spike on Sun 16:00 (daytime) detected by isolation forest: actual 2.57 kW vs expected 2.12 kW (Δ +0.45 kW, |z|=0.69). Possible causes: a large appliance running outside its usual schedule, or overlapping medium loads."
2007-03-05 18:00:00,3.3565333,2.9034931561470785,0.45304013280861,1.451336009294454,0.45304013280861,18,0,"[2007-03-05 18:00] Unusual spike on Mon 18:00 (evening peak) detected by isolation forest: actual 3.36 kW vs expected 2.90 kW (Δ +0.45 kW, |z|=1.45). Possible causes: more high-power appliances running at once than usual."
2008-11-25 21:00:00,2.3194335,2.7705092166478185,-0.4510757659489659,-1.2485537895358585,0.4510757659489659,21,1,"[2008-11-25 21:00] Unusual drop on Tue 21:00 (evening peak) detected by isolation forest: actual 2.32 kW vs expected 2.77 kW (Δ -0.45 kW, |z|=1.25). Possible causes: more high-power appliances running at once than usual."
2008-11-24 00:00:00,2.7499,2.2990684509330963,0.45083165168226014,0.9941180764687821,0.45083165168226014,0,0,"[2008-11-24 00:00] Unusual spike on Mon 00:00 (overnight) detected by isolation forest: actual 2.75 kW vs expected 2.30 kW (Δ +0.45 kW, |z|=0.99). Possible causes: a device left on overnight, standby/defrost cycle, or a heating/cooling unit."
2008-01-14 22:00:00,1.1165,1.5669055681860027,-0.45040554815884204,-1.065180033509998,0.45040554815884204,22,0,"[2008-01-14 22:00] Unusual drop on Mon 22:00 (late evening) detected by isolation forest: actual 1.12 kW vs expected 1.57 kW (Δ -0.45 kW, |z|=1.07). Possible causes: an unusual load combination late at night."
2009-02-01 02:00:00,1.4153333,1.8656994742518274,-0.45036620322521603,-1.016826200602249,0.45036620322521603,2,6,"[2009-02-01 02:00] Unusual drop on Sun 02:00 (overnight) detected by isolation forest: actual 1.42 kW vs expected 1.87 kW (Δ -0.45 kW, |z|=1.02). Possible causes: a device left on overnight, standby/defrost cycle, or a heating/cooling unit."
2007-03-17 23:00:00,0.29553333,0.7418652973619695,-0.44633196811354114,-1.0014174706650518,0.44633196811354114,23,5,"[2007-03-17 23:00] Unusual drop on Sat 23:00 (late evening) detected by isolation forest: actual 0.30 kW vs expected 0.74 kW (Δ -0.45 kW, |z|=1.00). Possible causes: an unusual load combination late at night."
2009-03-01 19:00:00,1.7948334,2.2390636565580926,-0.44423023485093927,-1.0444557370001875,0.44423023485093927,19,6,"[2009-03-01 19:00] Unusual drop on Sun 19:00 (evening peak) detected by isolation forest: actual 1.79 kW vs expected 2.24 kW (Δ -0.44 kW, |z|=1.04). Possible causes: more high-power appliances running at once than usual."
2007-02-19 20:00:00,3.9734,3.5316123044668952,0.44178781149990165,0.8137126830426694,0.44178781149990165,20,0,"[2007-02-19 20:00] Unusual spike on Mon 20:00 (evening peak) detected by isolation forest: actual 3.97 kW vs expected 3.53 kW (Δ +0.44 kW, |z|=0.81). Possible causes: more high-power appliances running at once than usual."
2007-01-17 11:00:00,2.4455998,2.8850812451912846,-0.43948145080346723,-1.0278654609705584,0.43948145080346723,11,2,"[2007-01-17 11:00] Unusual drop on Wed 11:00 (daytime) detected by isolation forest: actual 2.45 kW vs expected 2.89 kW (Δ -0.44 kW, |z|=1.03). Possible causes: a large appliance running outside its usual schedule, or overlapping medium loads."
2008-11-30 19:00:00,2.7634,3.20169211990575,-0.438292042085926,-1.3378327563937906,0.438292042085926,19,6,"[2008-11-30 19:00] Unusual drop on Sun 19:00 (evening peak) detected by isolation forest: actual 2.76 kW vs expected 3.20 kW (Δ -0.44 kW, |z|=1.34). Possible causes: more high-power appliances running at once than usual."
2007-12-09 19:00:00,4.611133,4.173642587615025,0.43749051098726977,0.8524135871742382,0.43749051098726977,19,6,"[2007-12-09 19:00] Unusual spike on Sun 19:00 (evening peak) detected by isolation forest: actual 4.61 kW vs expected 4.17 kW (Δ +0.44 kW, |z|=0.85). Possible causes: more high-power appliances running at once than usual."
2007-10-13 22:00:00,2.6967,2.259894942552224,0.4368051535781472,0.964439669537123,0.4368051535781472,22,5,"[2007-10-13 22:00] Unusual spike on Sat 22:00 (late evening) detected by isolation forest: actual 2.70 kW vs expected 2.26 kW (Δ +0.44 kW, |z|=0.96). Possible causes: an unusual load combination late at night."
2010-01-23 21:00:00,3.0678332,2.632650790833957,0.43518239436196593,0.7105590711845133,0.43518239436196593,21,5,"[2010-01-23 21:00] Unusual spike on Sat 21:00 (evening peak) detected by isolation forest: actual 3.07 kW vs expected 2.63 kW (Δ +0.44 kW, |z|=0.71). Possible causes: more high-power appliances running at once than usual."
2007-03-05 23:00:00,0.28620002,0.7207034188434186,-0.43450340210643434,-1.422804672278289,0.43450340210643434,23,0,"[2007-03-05 23:00] Unusual drop on Mon 23:00 (late evening) detected by isolation forest: actual 0.29 kW vs expected 0.72 kW (Δ -0.43 kW, |z|=1.42). Possible causes: an unusual load combination late at night."
2007-11-17 19:00:00,4.3102665,3.876535804751134,0.43373068999984277,0.9175765479241674,0.43373068999984277,19,5,"[2007-11-17 19:00] Unusual spike on Sat 19:00 (evening peak) detected by isolation forest: actual 4.31 kW vs expected 3.88 kW (Δ +0.43 kW, |z|=0.92). Possible causes: more high-power appliances running at once than usual."
2009-02-08 20:00:00,3.5326333,3.10072244430185,0.4319108602940971,0.9251414806080357,0.4319108602940971,20,6,"[2009-02-08 20:00] Unusual spike on Sun 20:00 (evening peak) detected by isolation forest: actual 3.53 kW vs expected 3.10 kW (Δ +0.43 kW, |z|=0.93). Possible causes: more high-power appliances running at once than usual."
2007-11-19 20:00:00,3.8158333,3.3844289596326873,0.43140437052173164,0.958083288303438,0.43140437052173164,20,0,"[2007-11-19 20:00] Unusual spike on Mon 20:00 (evening peak) detected by isolation forest: actual 3.82 kW vs expected 3.38 kW (Δ +0.43 kW, |z|=0.96). Possible causes: more high-power appliances running at once than usual."
2008-01-12 23:00:00,4.1843333,3.754812634920491,0.42952068951188194,0.8993531055150786,0.42952068951188194,23,5,"[2008-01-12 23:00] Unusual spike on Sat 23:00 (late evening) detected by isolation forest: actual 4.18 kW vs expected 3.75 kW (Δ +0.43 kW, |z|=0.90). Possible causes: an unusual load combination late at night."
2007-03-24 23:00:00,4.1373,3.71292054345893,0.42437947103691975,0.8509394362566457,0.42437947103691975,23,5,"[2007-03-24 23:00] Unusual spike on Sat 23:00 (late evening) detected by isolation forest: actual 4.14 kW vs expected 3.71 kW (Δ +0.42 kW, |z|=0.85). Possible causes: an unusual load combination late at night."
2009-01-25 15:00:00,3.1826332,2.7616976269156135,0.4209355346291863,0.917680716610118,0.4209355346291863,15,6,"[2009-01-25 15:00] Unusual spike on Sun 15:00 (daytime) detected by isolation forest: actual 3.18 kW vs expected 2.76 kW (Δ +0.42 kW, |z|=0.92). Possible causes: a large appliance running outside its usual schedule, or overlapping medium loads."
2006-12-24 22:00:00,0.47976667,0.8992652874406305,-0.4194986205514398,,0.4194986205514398,22,6,"[2006-12-24 22:00] Unusual drop on Sun 22:00 (late evening) detected by isolation forest: actual 0.48 kW vs expected 0.90 kW (Δ -0.42 kW, |z|=nan). Possible causes: an unusual load combination late at night."
2006-12-26 11:00:00,2.3735335,2.79275747423989,-0.41922398691994367,,0.41922398691994367,11,1,"[2006-12-26 11:00] Unusual drop on Tue 11:00 (daytime) detected by isolation forest: actual 2.37 kW vs expected 2.79 kW (Δ -0.42 kW, |z|=nan). Possible causes: a large appliance running outside its usual schedule, or overlapping medium loads."
2009-01-25 14:00:00,2.5736,2.992032837789519,-0.41843278400228767,-0.9220868039169966,0.41843278400228767,14,6,"[2009-01-25 14:00] Unusual drop on Sun 14:00 (daytime) detected by isolation forest: actual 2.57 kW vs expected 2.99 kW (Δ -0.42 kW, |z|=0.92). Possible causes: a large appliance running outside its usual schedule, or overlapping medium loads."
2007-11-10 23:00:00,3.3446665,2.9266664588675577,0.4180000221505087,0.7507289956782606,0.4180000221505087,23,5,"[2007-11-10 23:00] Unusual spike on Sat 23:00 (late evening) detected by isolation forest: actual 3.34 kW vs expected 2.93 kW (Δ +0.42 kW, |z|=0.75). Possible causes: an unusual load combination late at night."
2007-12-16 23:00:00,0.2738,0.691030629991862,-0.4172306443446605,-0.9836412314504374,0.4172306443446605,23,6,"[2007-12-16 23:00] Unusual drop on Sun 23:00 (late evening) detected by isolation forest: actual 0.27 kW vs expected 0.69 kW (Δ -0.42 kW, |z|=0.98). Possible causes: an unusual load combination late at night."
2008-11-16 20:00:00,3.7687,3.3521679064867786,0.4165319779278942,0.8559682714827703,0.4165319779278942,20,6,"[2008-11-16 20:00] Unusual spike on Sun 20:00 (evening peak) detected by isolation forest: actual 3.77 kW vs expected 3.35 kW (Δ +0.42 kW, |z|=0.86). Possible causes: more high-power appliances running at once than usual."
2008-09-01 07:00:00,1.8506666,1.4349130398168706,0.4157536023721553,3.0432203977973917,0.4157536023721553,7,0,"[2008-09-01 07:00] Unusual spike on Mon 07:00 (morning) detected by residual z-score: actual 1.85 kW vs expected 1.43 kW (Δ +0.42 kW, |z|=3.04). Possible causes: a heavy start-of-day routine or several devices switching on at once."
2007-01-23 20:00:00,3.5789335,3.164527107834814,0.41440636956691934,0.7754622269560606,0.41440636956691934,20,1,"[2007-01-23 20:00] Unusual spike on Tue 20:00 (evening peak) detected by isolation forest: actual 3.58 kW vs expected 3.16 kW (Δ +0.41 kW, |z|=0.78). Possible causes: more high-power appliances running at once than usual."
2007-01-14 21:00:00,2.1076334,2.521020861403743,-0.41338750912407995,-1.0407639779502762,0.41338750912407995,21,6,"[2007-01-14 21:00] Unusual drop on Sun 21:00 (evening peak) detected by isolation forest: actual 2.11 kW vs expected 2.52 kW (Δ -0.41 kW, |z|=1.04). Possible causes: more high-power appliances running at once than usual."
2007-02-03 20:00:00,3.4913666,3.9041785382537433,-0.41281191342158996,-0.9497980932578061,0.41281191342158996,20,5,"[2007-02-03 20:00] Unusual drop on Sat 20:00 (evening peak) detected by isolation forest: actual 3.49 kW vs expected 3.90 kW (Δ -0.41 kW, |z|=0.95). Possible causes: more high-power appliances running at once than usual."
2009-01-18 22:00:00,2.6938334,3.1064108754662896,-0.41257752433103567,-1.2058378628097848,0.41257752433103567,22,6,"[2009-01-18 22:00] Unusual drop on Sun 22:00 (late evening) detected by isolation forest: actual 2.69 kW vs expected 3.11 kW (Δ -0.41 kW, |z|=1.21). Possible causes: an unusual load combination late at night."
2007-02-20 10:00:00,1.7668667,2.1789153317052405,-0.4120486477452796,-0.9991024978704187,0.4120486477452796,10,1,"[2007-02-20 10:00] Unusual drop on Tue 10:00 (daytime) detected by isolation forest: actual 1.77 kW vs expected 2.18 kW (Δ -0.41 kW, |z|=1.00). Possible causes: a large appliance running outside its usual schedule, or overlapping medium loads."
2008-10-19 20:00:00,1.9632666,2.3727873140149898,-0.4095207029157466,-0.9577122432812942,0.4095207029157466,20,6,"[2008-10-19 20:00] Unusual drop on Sun 20:00 (evening peak) detected by isolation forest: actual 1.96 kW vs expected 2.37 kW (Δ -0.41 kW, |z|=0.96). Possible causes: more high-power appliances running at once than usual."
2008-12-21 20:00:00,2.4699667,2.877755675588184,-0.40778902557902885,-1.005758965254961,0.40778902557902885,20,6,"[2008-12-21 20:00] Unusual drop on Sun 20:00 (evening peak) detected by isolation forest: actual 2.47 kW vs expected 2.88 kW (Δ -0.41 kW, |z|=1.01). Possible causes: more high-power appliances running at once than usual."
2009-01-16 21:00:00,3.4019,3.807021189060109,-0.4051211360358171,-1.0154432432713738,0.4051211360358171,21,4,"[2009-01-16 21:00] Unusual drop on Fri 21:00 (evening peak) detected by isolation forest: actual 3.40 kW vs expected 3.81 kW (Δ -0.41 kW, |z|=1.02). Possible causes: more high-power appliances running at once than usual."
2009-12-25 18:00:00,2.6296334,3.033437332724254,-0.4038039060579943,-0.7021333744431817,0.4038039060579943,18,4,"[2009-12-25 18:00] Unusual drop on Fri 18:00 (evening peak) detected by isolation forest: actual 2.63 kW vs expected 3.03 kW (Δ -0.40 kW, |z|=0.70). Possible causes: more high-power appliances running at once than usual."
2007-11-18 23:00:00,0.35286668,0.754037249066915,-0.4011705696369071,-1.0298904267236502,0.4011705696369071,23,6,"[2007-11-18 23:00] Unusual drop on Sun 23:00 (late evening) detected by isolation forest: actual 0.35 kW vs expected 0.75 kW (Δ -0.40 kW, |z|=1.03). Possible causes: an unusual load combination late at night."
2009-12-24 21:00:00,2.9717333,3.371885849983473,-0.40015251830317533,-0.7480236636007602,0.40015251830317533,21,3,"[2009-12-24 21:00] Unusual drop on Thu 21:00 (evening peak) detected by isolation forest: actual 2.97 kW vs expected 3.37 kW (Δ -0.40 kW, |z|=0.75). Possible causes: more high-power appliances running at once than usual."
2008-01-27 01:00:00,0.8332333,1.2311059434872595,-0.39787264661607424,-1.0089697871318368,0.39787264661607424,1,6,"[2008-01-27 01:00] Unusual drop on Sun 01:00 (overnight) detected by isolation forest: actual 0.83 kW vs expected 1.23 kW (Δ -0.40 kW, |z|=1.01). Possible causes: a device left on overnight, standby/defrost cycle, or a heating/cooling unit."
2008-02-16 21:00:00,3.4132667,3.0175558426356663,0.39571081614729264,0.8198676036105075,0.39571081614729264,21,5,"[2008-02-16 21:00] Unusual spike on Sat 21:00 (evening peak) detected by isolation forest: actual 3.41 kW vs expected 3.02 kW (Δ +0.40 kW, |z|=0.82). Possible causes: more high-power appliances running at once than usual."
2009-12-05 21:00:00,3.2424002,2.848058228433134,0.39434194093942443,0.8948810256747388,0.39434194093942443,21,5,"[2009-12-05 21:00] Unusual spike on Sat 21:00 (evening peak) detected by isolation forest: actual 3.24 kW vs expected 2.85 kW (Δ +0.39 kW, |z|=0.89). Possible causes: more high-power appliances running at once than usual."
2007-01-11 22:00:00,1.4481,1.8417082252294492,-0.3936082544118833,-0.8571279306141164,0.3936082544118833,22,3,"[2007-01-11 22:00] Unusual drop on Thu 22:00 (late evening) detected by isolation forest: actual 1.45 kW vs expected 1.84 kW (Δ -0.39 kW, |z|=0.86). Possible causes: an unusual load combination late at night."
2007-10-14 20:00:00,2.7547667,3.147090686333593,-0.3923239836816155,-0.8715049566439267,0.3923239836816155,20,6,"[2007-10-14 20:00] Unusual drop on Sun 20:00 (evening peak) detected by isolation forest: actual 2.75 kW vs expected 3.15 kW (Δ -0.39 kW, |z|=0.87). Possible causes: more high-power appliances running at once than usual."
2007-01-20 20:00:00,3.7129333,4.1050917052526765,-0.39215840332701735,-0.9599915493288497,0.39215840332701735,20,5,"[2007-01-20 20:00] Unusual drop on Sat 20:00 (evening peak) detected by isolation forest: actual 3.71 kW vs expected 4.11 kW (Δ -0.39 kW, |z|=0.96). Possible causes: more high-power appliances running at once than usual."
2008-01-01 23:00:00,0.3958667,0.785124036964982,-0.3892573448987894,-0.8491840654228118,0.3892573448987894,23,1,"[2008-01-01 23:00] Unusual drop on Tue 23:00 (late evening) detected by isolation forest: actual 0.40 kW vs expected 0.79 kW (Δ -0.39 kW, |z|=0.85). Possible causes: an unusual load combination late at night."
2007-12-29 21:00:00,3.2371,2.8489377758675274,0.38816211007302437,0.6024683208899887,0.38816211007302437,21,5,"[2007-12-29 21:00] Unusual spike on Sat 21:00 (evening peak) detected by isolation forest: actual 3.24 kW vs expected 2.85 kW (Δ +0.39 kW, |z|=0.60). Possible causes: more high-power appliances running at once than usual."
2009-04-12 22:00:00,1.4839667,1.8721130263505938,-0.38814631816730527,-1.1072611504733307,0.38814631816730527,22,6,"[2009-04-12 22:00] Unusual drop on Sun 22:00 (late evening) detected by isolation forest: actual 1.48 kW vs expected 1.87 kW (Δ -0.39 kW, |z|=1.11). Possible causes: an unusual load combination late at night."
2009-02-07 23:00:00,2.7355,3.121491538216765,-0.3859914409419849,-0.9208064609568044,0.3859914409419849,23,5,"[2009-02-07 23:00] Unusual drop on Sat 23:00 (late evening) detected by isolation forest: actual 2.74 kW vs expected 3.12 kW (Δ -0.39 kW, |z|=0.92). Possible causes: an unusual load combination late at night."
2007-03-11 23:00:00,0.98546666,1.3675961255516245,-0.3821294664825632,-1.034292588821979,0.3821294664825632,23,6,"[2007-03-11 23:00] Unusual drop on Sun 23:00 (late evening) detected by isolation forest: actual 0.99 kW vs expected 1.37 kW (Δ -0.38 kW, |z|=1.03). Possible causes: an unusual load combination late at night."
2008-11-05 23:00:00,1.0723,1.4533273414424104,-0.38102738416701976,-0.9938195013089538,0.38102738416701976,23,2,"[2008-11-05 23:00] Unusual drop on Wed 23:00 (late evening) detected by isolation forest: actual 1.07 kW vs expected 1.45 kW (Δ -0.38 kW, |z|=0.99). Possible causes: an unusual load combination late at night."
2008-02-03 01:00:00,1.7618,2.1416582297715125,-0.3798581790360389,-0.8718509545026694,0.3798581790360389,1,6,"[2008-02-03 01:00] Unusual drop on Sun 01:00 (overnight) detected by isolation forest: actual 1.76 kW vs expected 2.14 kW (Δ -0.38 kW, |z|=0.87). Possible causes: a device left on overnight, standby/defrost cycle, or a heating/cooling unit."
2006-12-30 19:00:00,3.7530334,3.3740695784184123,0.3789638211634969,0.6964276785517607,0.3789638211634969,19,5,"[2006-12-30 19:00] Unusual spike on Sat 19:00 (evening peak) detected by isolation forest: actual 3.75 kW vs expected 3.37 kW (Δ +0.38 kW, |z|=0.70). Possible causes: more high-power appliances running at once than usual."
2008-02-10 20:00:00,3.9311666,3.553535540722234,0.3776311081425119,0.8275809817337187,0.3776311081425119,20,6,"[2008-02-10 20:00] Unusual spike on Sun 20:00 (evening peak) detected by isolation forest: actual 3.93 kW vs expected 3.55 kW (Δ +0.38 kW, |z|=0.83). Possible causes: more high-power appliances running at once than usual."
2008-01-15 14:00:00,3.2732332,2.8962660210571163,0.3769671542205937,0.7445148245726377,0.3769671542205937,14,1,"[2008-01-15 14:00] Unusual spike on Tue 14:00 (daytime) detected by isolation forest: actual 3.27 kW vs expected 2.90 kW (Δ +0.38 kW, |z|=0.74). Possible causes: a large appliance running outside its usual schedule, or overlapping medium loads."
2007-01-14 00:00:00,3.3405669,3.7164486621716666,-0.37588178862125154,-0.916755045393469,0.37588178862125154,0,6,"[2007-01-14 00:00] Unusual drop on Sun 00:00 (overnight) detected by isolation forest: actual 3.34 kW vs expected 3.72 kW (Δ -0.38 kW, |z|=0.92). Possible causes: a device left on overnight, standby/defrost cycle, or a heating/cooling unit."
2007-12-29 14:00:00,2.1152,2.4909670972438462,-0.37576705451923686,-0.7687458405655064,0.37576705451923686,14,5,"[2007-12-29 14:00] Unusual drop on Sat 14:00 (daytime) detected by isolation forest: actual 2.12 kW vs expected 2.49 kW (Δ -0.38 kW, |z|=0.77). Possible causes: a large appliance running outside its usual schedule, or overlapping medium loads."
2008-01-22 22:00:00,1.5415332,1.9155177478764318,-0.3739845161412023,-0.8491645088185598,0.3739845161412023,22,1,"[2008-01-22 22:00] Unusual drop on Tue 22:00 (late evening) detected by isolation forest: actual 1.54 kW vs expected 1.92 kW (Δ -0.37 kW, |z|=0.85). Possible causes: an unusual load combination late at night."
2006-12-24 17:00:00,1.6865001,2.0603018116934417,-0.3738017392141937,,0.3738017392141937,17,6,"[2006-12-24 17:00] Unusual drop on Sun 17:00 (evening peak) detected by isolation forest: actual 1.69 kW vs expected 2.06 kW (Δ -0.37 kW, |z|=nan). Possible causes: more high-power appliances running at once than usual."
2008-11-05 18:00:00,2.3581,2.7305532296779673,-0.3724532922390025,-0.9349321844205732,0.3724532922390025,18,2,"[2008-11-05 18:00] Unusual drop on Wed 18:00 (evening peak) detected by isolation forest: actual 2.36 kW vs expected 2.73 kW (Δ -0.37 kW, |z|=0.93). Possible causes: more high-power appliances running at once than usual."
2007-12-28 22:00:00,3.9327333,3.561619010906174,0.3711142864418484,0.5529645568800707,0.3711142864418484,22,4,"[2007-12-28 22:00] Unusual spike on Fri 22:00 (late evening) detected by isolation forest: actual 3.93 kW vs expected 3.56 kW (Δ +0.37 kW, |z|=0.55). Possible causes: an unusual load combination late at night."
2008-11-24 17:00:00,1.6292332,1.9987842174267172,-0.3695509763454794,-0.9842126521949109,0.3695509763454794,17,0,"[2008-11-24 17:00] Unusual drop on Mon 17:00 (evening peak) detected by isolation forest: actual 1.63 kW vs expected 2.00 kW (Δ -0.37 kW, |z|=0.98). Possible causes: more high-power appliances running at once than usual."
2007-08-19 23:00:00,0.2084,0.5773042576626293,-0.3689042615011684,-1.206143362317549,0.3689042615011684,23,6,"[2007-08-19 23:00] Unusual drop on Sun 23:00 (late evening) detected by isolation forest: actual 0.21 kW vs expected 0.58 kW (Δ -0.37 kW, |z|=1.21). Possible causes: an unusual load combination late at night."
2009-01-16 23:00:00,2.8279998,2.461413973370898,0.3665858568750737,0.7429437426456772,0.3665858568750737,23,4,"[2009-01-16 23:00] Unusual spike on Fri 23:00 (late evening) detected by isolation forest: actual 2.83 kW vs expected 2.46 kW (Δ +0.37 kW, |z|=0.74). Possible causes: an unusual load combination late at night."
2007-06-27 22:00:00,1.8931333,2.259520549981245,-0.3663872673198072,-1.0415307067094028,0.3663872673198072,22,2,"[2007-06-27 22:00] Unusual drop on Wed 22:00 (late evening) detected by isolation forest: actual 1.89 kW vs expected 2.26 kW (Δ -0.37 kW, |z|=1.04). Possible causes: an unusual load combination late at night."
2006-12-24 16:00:00,2.0071332,2.371667812765291,-0.3645345672971514,,0.3645345672971514,16,6,"[2006-12-24 16:00] Unusual drop on Sun 16:00 (daytime) detected by isolation forest: actual 2.01 kW vs expected 2.37 kW (Δ -0.36 kW, |z|=nan). Possible causes: a large appliance running outside its usual schedule, or overlapping medium loads."
2007-02-20 21:00:00,2.8039334,3.1678645692772434,-0.3639311872429416,-0.8982012123468982,0.3639311872429416,21,1,"[2007-02-20 21:00] Unusual drop on Tue 21:00 (evening peak) detected by isolation forest: actual 2.80 kW vs expected 3.17 kW (Δ -0.36 kW, |z|=0.90). Possible causes: more high-power appliances running at once than usual."
2008-01-26 20:00:00,4.4530334,4.089590369376448,0.36344307788917707,0.8599183643107405,0.36344307788917707,20,5,"[2008-01-26 20:00] Unusual spike on Sat 20:00 (evening peak) detected by isolation forest: actual 4.45 kW vs expected 4.09 kW (Δ +0.36 kW, |z|=0.86). Possible causes: more high-power appliances running at once than usual."
2008-03-06 00:00:00,1.7053334,1.3446725383637377,0.36066081372519054,0.8601535844766487,0.36066081372519054,0,3,"[2008-03-06 00:00] Unusual spike on Thu 00:00 (overnight) detected by isolation forest: actual 1.71 kW vs expected 1.34 kW (Δ +0.36 kW, |z|=0.86). Possible causes: a device left on overnight, standby/defrost cycle, or a heating/cooling unit."
2008-01-06 18:00:00,2.3719666,2.7324763228157125,-0.3605097223976217,-0.8123719009320358,0.3605097223976217,18,6,"[2008-01-06 18:00] Unusual drop on Sun 18:00 (evening peak) detected by isolation forest: actual 2.37 kW vs expected 2.73 kW (Δ -0.36 kW, |z|=0.81). Possible causes: more high-power appliances running at once than usual."
2009-11-18 19:00:00,3.1099,2.750318635192448,0.3595813625187336,0.6910559776683579,0.3595813625187336,19,2,"[2009-11-18 19:00] Unusual spike on Wed 19:00 (evening peak) detected by isolation forest: actual 3.11 kW vs expected 2.75 kW (Δ +0.36 kW, |z|=0.69). Possible causes: more high-power appliances running at once than usual."
2008-11-15 21:00:00,3.7356334,3.3781149455607946,0.35751842769970343,0.5895436173535885,0.35751842769970343,21,5,"[2008-11-15 21:00] Unusual spike on Sat 21:00 (evening peak) detected by isolation forest: actual 3.74 kW vs expected 3.38 kW (Δ +0.36 kW, |z|=0.59). Possible causes: more high-power appliances running at once than usual."
2008-01-01 22:00:00,1.3265334,1.68176044669064,-0.35522700991543243,-0.7935420052039177,0.35522700991543243,22,1,"[2008-01-01 22:00] Unusual drop on Tue 22:00 (late evening) detected by isolation forest: actual 1.33 kW vs expected 1.68 kW (Δ -0.36 kW, |z|=0.79). Possible causes: an unusual load combination late at night."
2007-11-24 01:00:00,0.9447,1.299678596196007,-0.3549785935257188,-0.8674340203952637,0.3549785935257188,1,5,"[2007-11-24 01:00] Unusual drop on Sat 01:00 (overnight) detected by isolation forest: actual 0.94 kW vs expected 1.30 kW (Δ -0.35 kW, |z|=0.87). Possible causes: a device left on overnight, standby/defrost cycle, or a heating/cooling unit."
2007-02-11 00:00:00,2.3246665,2.6783239554797493,-0.3536574553881966,-0.8615877307215813,0.3536574553881966,0,6,"[2007-02-11 00:00] Unusual drop on Sun 00:00 (overnight) detected by isolation forest: actual 2.32 kW vs expected 2.68 kW (Δ -0.35 kW, |z|=0.86). Possible causes: a device left on overnight, standby/defrost cycle, or a heating/cooling unit."
2007-12-02 23:00:00,0.48323333,0.8340220454273555,-0.3507887127933833,-0.8675681424643515,0.3507887127933833,23,6,"[2007-12-02 23:00] Unusual drop on Sun 23:00 (late evening) detected by isolation forest: actual 0.48 kW vs expected 0.83 kW (Δ -0.35 kW, |z|=0.87). Possible causes: an unusual load combination late at night."
2009-12-06 19:00:00,2.9458334,3.296506974111734,-0.35067352951639696,-0.7494211864414473,0.35067352951639696,19,6,"[2009-12-06 19:00] Unusual drop on Sun 19:00 (evening peak) detected by isolation forest: actual 2.95 kW vs expected 3.30 kW (Δ -0.35 kW, |z|=0.75). Possible causes: more high-power appliances running at once than usual."
2009-12-06 21:00:00,2.3966,2.7461518235575797,-0.34955181554671544,-0.766232726609625,0.34955181554671544,21,6,"[2009-12-06 21:00] Unusual drop on Sun 21:00 (evening peak) detected by isolation forest: actual 2.40 kW vs expected 2.75 kW (Δ -0.35 kW, |z|=0.77). Possible causes: more high-power appliances running at once than usual."
2007-02-19 23:00:00,2.5012002,2.154996452839318,0.3462037462878791,0.6010485185508989,0.3462037462878791,23,0,"[2007-02-19 23:00] Unusual spike on Mon 23:00 (late evening) detected by isolation forest: actual 2.50 kW vs expected 2.15 kW (Δ +0.35 kW, |z|=0.60). Possible causes: an unusual load combination late at night."
2007-03-11 20:00:00,3.4513001,3.796159778563933,-0.3448596343683765,-0.9341263419315358,0.3448596343683765,20,6,"[2007-03-11 20:00] Unusual drop on Sun 20:00 (evening peak) detected by isolation forest: actual 3.45 kW vs expected 3.80 kW (Δ -0.34 kW, |z|=0.93). Possible causes: more high-power appliances running at once than usual."
2007-12-28 23:00:00,3.5027335,3.164901447011498,0.3378320219979014,0.48835741859579807,0.3378320219979014,23,4,"[2007-12-28 23:00] Unusual spike on Fri 23:00 (late evening) detected by isolation forest: actual 3.50 kW vs expected 3.16 kW (Δ +0.34 kW, |z|=0.49). Possible causes: an unusual load combination late at night."
2009-12-30 23:00:00,0.39253333,0.7291572033666123,-0.336623871257161,-0.6018944504536222,0.336623871257161,23,2,"[2009-12-30 23:00] Unusual drop on Wed 23:00 (late evening) detected by isolation forest: actual 0.39 kW vs expected 0.73 kW (Δ -0.34 kW, |z|=0.60). Possible causes: an unusual load combination late at night."
2008-04-29 15:00:00,1.0529333,1.3871764239073259,-0.3342430886030656,-0.7209501423757716,0.3342430886030656,15,1,"[2008-04-29 15:00] Unusual drop on Tue 15:00 (daytime) detected by isolation forest: actual 1.05 kW vs expected 1.39 kW (Δ -0.33 kW, |z|=0.72). Possible causes: a large appliance running outside its usual schedule, or overlapping medium loads."
2009-01-18 17:00:00,2.1870334,2.5187099571950755,-0.33167654235437727,-1.0062216678049378,0.33167654235437727,17,6,"[2009-01-18 17:00] Unusual drop on Sun 17:00 (evening peak) detected by isolation forest: actual 2.19 kW vs expected 2.52 kW (Δ -0.33 kW, |z|=1.01). Possible causes: more high-power appliances running at once than usual."
2009-01-31 22:00:00,3.8216667,3.4902417996244384,0.3314249179048585,0.6406903376407028,0.3314249179048585,22,5,"[2009-01-31 22:00] Unusual spike on Sat 22:00 (late evening) detected by isolation forest: actual 3.82 kW vs expected 3.49 kW (Δ +0.33 kW, |z|=0.64). Possible causes: an unusual load combination late at night."
2009-02-22 23:00:00,2.2084334,1.877279460771101,0.3311539288925953,0.9840599918148027,0.3311539288925953,23,6,"[2009-02-22 23:00] Unusual spike on Sun 23:00 (late evening) detected by isolation forest: actual 2.21 kW vs expected 1.88 kW (Δ +0.33 kW, |z|=0.98). Possible causes: an unusual load combination late at night."
2008-11-24 18:00:00,2.2767668,1.9464340993477458,0.3303326776908284,0.6575351571582503,0.3303326776908284,18,0,"[2008-11-24 18:00] Unusual spike on Mon 18:00 (evening peak) detected by isolation forest: actual 2.28 kW vs expected 1.95 kW (Δ +0.33 kW, |z|=0.66). Possible causes: more high-power appliances running at once than usual."
2008-05-18 22:00:00,2.8795667,2.550248179850944,0.3293184896131671,0.7067561574809101,0.3293184896131671,22,6,"[2008-05-18 22:00] Unusual spike on Sun 22:00 (late evening) detected by isolation forest: actual 2.88 kW vs expected 2.55 kW (Δ +0.33 kW, |z|=0.71). Possible causes: an unusual load combination late at night."
2007-02-10 20:00:00,4.0697336,3.740899778869205,0.3288338408207365,0.7759821287037973,0.3288338408207365,20,5,"[2007-02-10 20:00] Unusual spike on Sat 20:00 (evening peak) detected by isolation forest: actual 4.07 kW vs expected 3.74 kW (Δ +0.33 kW, |z|=0.78). Possible causes: more high-power appliances running at once than usual."
2009-09-13 00:00:00,0.3841,0.7128634563778803,-0.32876346624840946,-0.8927881593815112,0.32876346624840946,0,6,"[2009-09-13 00:00] Unusual drop on Sun 00:00 (overnight) detected by isolation forest: actual 0.38 kW vs expected 0.71 kW (Δ -0.33 kW, |z|=0.89). Possible causes: a device left on overnight, standby/defrost cycle, or a heating/cooling unit."
2007-03-11 22:00:00,2.5206668,2.191991764976628,0.3286750727156327,0.6028476718807886,0.3286750727156327,22,6,"[2007-03-11 22:00] Unusual spike on Sun 22:00 (late evening) detected by isolation forest: actual 2.52 kW vs expected 2.19 kW (Δ +0.33 kW, |z|=0.60). Possible causes: an unusual load combination late at night."
2007-12-24 20:00:00,1.5407666,1.8687452455854472,-0.32797864879131877,-0.7482881257288119,0.32797864879131877,20,0,"[2007-12-24 20:00] Unusual drop on Mon 20:00 (evening peak) detected by isolation forest: actual 1.54 kW vs expected 1.87 kW (Δ -0.33 kW, |z|=0.75). Possible causes: more high-power appliances running at once than usual."
2007-03-25 10:00:00,2.0568,2.3835709724240792,-0.3267710838132394,-0.8895619620870655,0.3267710838132394,10,6,"[2007-03-25 10:00] Unusual drop on Sun 10:00 (daytime) detected by isolation forest: actual 2.06 kW vs expected 2.38 kW (Δ -0.33 kW, |z|=0.89). Possible causes: a large appliance running outside its usual schedule, or overlapping medium loads."
2008-11-16 21:00:00,2.5480335,2.8733285021734867,-0.3252950262976322,-0.845459711088,0.3252950262976322,21,6,"[2008-11-16 21:00] Unusual drop on Sun 21:00 (evening peak) detected by isolation forest: actual 2.55 kW vs expected 2.87 kW (Δ -0.33 kW, |z|=0.85). Possible causes: more high-power appliances running at once than usual."
2007-12-26 21:00:00,0.37293333,0.6969203507659888,-0.3239870226142859,-0.6786466828850872,0.3239870226142859,21,2,"[2007-12-26 21:00] Unusual drop on Wed 21:00 (evening peak) detected by isolation forest: actual 0.37 kW vs expected 0.70 kW (Δ -0.32 kW, |z|=0.68). Possible causes: more high-power appliances running at once than usual."
2007-02-11 18:00:00,3.0267668,2.703030602519145,0.3237361745194294,0.7702213879483621,0.3237361745194294,18,6,"[2007-02-11 18:00] Unusual spike on Sun 18:00 (evening peak) detected by isolation forest: actual 3.03 kW vs expected 2.70 kW (Δ +0.32 kW, |z|=0.77). Possible causes: more high-power appliances running at once than usual."
2009-01-25 16:00:00,2.2279665,2.549480101413346,-0.32151355440101703,-0.7158862612645344,0.32151355440101703,16,6,"[2009-01-25 16:00] Unusual drop on Sun 16:00 (daytime) detected by isolation forest: actual 2.23 kW vs expected 2.55 kW (Δ -0.32 kW, |z|=0.72). Possible causes: a large appliance running outside its usual schedule, or overlapping medium loads."
2008-01-13 01:00:00,3.7473333,3.426347150233785,0.3209861379589638,0.6315727547246995,0.3209861379589638,1,6,"[2008-01-13 01:00] Unusual spike on Sun 01:00 (overnight) detected by isolation forest: actual 3.75 kW vs expected 3.43 kW (Δ +0.32 kW, |z|=0.63). Possible causes: a device left on overnight, standby/defrost cycle, or a heating/cooling unit."
2007-02-20 23:00:00,1.7858666,1.466597136851722,0.319269481304711,0.48221450865367294,0.319269481304711,23,1,"[2007-02-20 23:00] Unusual spike on Tue 23:00 (late evening) detected by isolation forest: actual 1.79 kW vs expected 1.47 kW (Δ +0.32 kW, |z|=0.48). Possible causes: an unusual load combination late at night."
2008-11-30 21:00:00,4.1566334,3.8378741576642277,0.31875921941096763,0.6389838403132366,0.31875921941096763,21,6,"[2008-11-30 21:00] Unusual spike on Sun 21:00 (evening peak) detected by isolation forest: actual 4.16 kW vs expected 3.84 kW (Δ +0.32 kW, |z|=0.64). Possible causes: more high-power appliances running at once than usual."
2007-11-18 22:00:00,1.5277667,1.8447792775022256,-0.3170125729428994,-0.8422626830956322,0.3170125729428994,22,6,"[2007-11-18 22:00] Unusual drop on Sun 22:00 (late evening) detected by isolation forest: actual 1.53 kW vs expected 1.84 kW (Δ -0.32 kW, |z|=0.84). Possible causes: an unusual load combination late at night."
2008-11-16 02:00:00,2.4747,2.159334586595761,0.31536538746429743,0.5237185194188887,0.31536538746429743,2,6,"[2008-11-16 02:00] Unusual spike on Sun 02:00 (overnight) detected by isolation forest: actual 2.47 kW vs expected 2.16 kW (Δ +0.32 kW, |z|=0.52). Possible causes: a device left on overnight, standby/defrost cycle, or a heating/cooling unit."
2007-03-04 23:00:00,0.3179,0.632556244614536,-0.3146562426118199,-1.1232294493208865,0.3146562426118199,23,6,"[2007-03-04 23:00] Unusual drop on Sun 23:00 (late evening) detected by isolation forest: actual 0.32 kW vs expected 0.63 kW (Δ -0.31 kW, |z|=1.12). Possible causes: an unusual load combination late at night."
2006-12-23 20:00:00,4.1814,3.867180321814762,0.31421950042034563,,0.31421950042034563,20,5,"[2006-12-23 20:00] Unusual spike on Sat 20:00 (evening peak) detected by isolation forest: actual 4.18 kW vs expected 3.87 kW (Δ +0.31 kW, |z|=nan). Possible causes: more high-power appliances running at once than usual."
2007-01-28 22:00:00,0.9065667,1.2199895024255951,-0.31342282294790347,-0.73647992966269,0.31342282294790347,22,6,"[2007-01-28 22:00] Unusual drop on Sun 22:00 (late evening) detected by isolation forest: actual 0.91 kW vs expected 1.22 kW (Δ -0.31 kW, |z|=0.74). Possible causes: an unusual load combination late at night."
2006-12-23 19:00:00,4.117833,3.8065399616196824,0.3112931758925246,,0.3112931758925246,19,5,"[2006-12-23 19:00] Unusual spike on Sat 19:00 (evening peak) detected by isolation forest: actual 4.12 kW vs expected 3.81 kW (Δ +0.31 kW, |z|=nan). Possible causes: more high-power appliances running at once than usual."
2007-02-11 19:00:00,3.4847999,3.1740778506638354,0.3107220112441236,0.7341682531898491,0.3107220112441236,19,6,"[2007-02-11 19:00] Unusual spike on Sun 19:00 (evening peak) detected by isolation forest: actual 3.48 kW vs expected 3.17 kW (Δ +0.31 kW, |z|=0.73). Possible causes: more high-power appliances running at once than usual."
2006-12-29 22:00:00,3.6660335,3.356402937248222,0.3096305691452108,,0.3096305691452108,22,4,"[2006-12-29 22:00] Unusual spike on Fri 22:00 (late evening) detected by isolation forest: actual 3.67 kW vs expected 3.36 kW (Δ +0.31 kW, |z|=nan). Possible causes: an unusual load combination late at night."
2010-11-04 23:00:00,0.6390333,0.9450395154162097,-0.3060061978502917,-0.5154031497477221,0.3060061978502917,23,3,"[2010-11-04 23:00] Unusual drop on Thu 23:00 (late evening) detected by isolation forest: actual 0.64 kW vs expected 0.95 kW (Δ -0.31 kW, |z|=0.52). Possible causes: an unusual load combination late at night."
2006-12-30 00:00:00,0.2947,0.5996153381700401,-0.3049153414602165,,0.3049153414602165,0,5,"[2006-12-30 00:00] Unusual drop on Sat 00:00 (overnight) detected by isolation forest: actual 0.29 kW vs expected 0.60 kW (Δ -0.30 kW, |z|=nan). Possible causes: a device left on overnight, standby/defrost cycle, or a heating/cooling unit."
2007-12-16 18:00:00,2.6266332,2.9307650250374264,-0.3041318577705807,-0.7103539162140717,0.3041318577705807,18,6,"[2007-12-16 18:00] Unusual drop on Sun 18:00 (evening peak) detected by isolation forest: actual 2.63 kW vs expected 2.93 kW (Δ -0.30 kW, |z|=0.71). Possible causes: more high-power appliances running at once than usual."
2007-12-01 23:00:00,2.7498002,3.053206214789682,-0.303406009558969,-0.7472558410593457,0.303406009558969,23,5,"[2007-12-01 23:00] Unusual drop on Sat 23:00 (late evening) detected by isolation forest: actual 2.75 kW vs expected 3.05 kW (Δ -0.30 kW, |z|=0.75). Possible causes: an unusual load combination late at night."
2009-04-11 23:00:00,1.6141,1.9174953884523742,-0.30339540905173945,-0.8235376642546558,0.30339540905173945,23,5,"[2009-04-11 23:00] Unusual drop on Sat 23:00 (late evening) detected by isolation forest: actual 1.61 kW vs expected 1.92 kW (Δ -0.30 kW, |z|=0.82). Possible causes: an unusual load combination late at night."
2009-02-01 01:00:00,3.0756,2.7743286964986043,0.3012712123301311,0.5888239873910068,0.3012712123301311,1,6,"[2009-02-01 01:00] Unusual spike on Sun 01:00 (overnight) detected by isolation forest: actual 3.08 kW vs expected 2.77 kW (Δ +0.30 kW, |z|=0.59). Possible causes: a device left on overnight, standby/defrost cycle, or a heating/cooling unit."
2006-12-31 16:00:00,2.838,2.537829547468411,0.3001705116593967,0.5113135868722655,0.3001705116593967,16,6,"[2006-12-31 16:00] Unusual spike on Sun 16:00 (daytime) detected by isolation forest: actual 2.84 kW vs expected 2.54 kW (Δ +0.30 kW, |z|=0.51). Possible causes: a large appliance running outside its usual schedule, or overlapping medium loads."
2008-11-05 22:00:00,2.5442667,2.8444088799159504,-0.30014217917132147,-0.775341230985959,0.30014217917132147,22,2,"[2008-11-05 22:00] Unusual drop on Wed 22:00 (late evening) detected by isolation forest: actual 2.54 kW vs expected 2.84 kW (Δ -0.30 kW, |z|=0.78). Possible causes: an unusual load combination late at night."
2007-12-28 20:00:00,3.1845667,2.8845848246423818,0.2999819115789317,0.44244704873116814,0.2999819115789317,20,4,"[2007-12-28 20:00] Unusual spike on Fri 20:00 (evening peak) detected by isolation forest: actual 3.18 kW vs expected 2.88 kW (Δ +0.30 kW, |z|=0.44). Possible causes: more high-power appliances running at once than usual."
2007-11-17 21:00:00,2.8472333,3.146870251192873,-0.2996369557521992,-0.7849463124330027,0.2996369557521992,21,5,"[2007-11-17 21:00] Unusual drop on Sat 21:00 (evening peak) detected by isolation forest: actual 2.85 kW vs expected 3.15 kW (Δ -0.30 kW, |z|=0.78). Possible causes: more high-power appliances running at once than usual."
2007-02-11 20:00:00,3.162,3.461443659946036,-0.2994437190738437,-0.7679443954874154,0.2994437190738437,20,6,"[2007-02-11 20:00] Unusual drop on Sun 20:00 (evening peak) detected by isolation forest: actual 3.16 kW vs expected 3.46 kW (Δ -0.30 kW, |z|=0.77). Possible causes: more high-power appliances running at once than usual."
2006-12-24 20:00:00,0.4741,0.7729965074023774,-0.29889651369662784,,0.29889651369662784,20,6,"[2006-12-24 20:00] Unusual drop on Sun 20:00 (evening peak) detected by isolation forest: actual 0.47 kW vs expected 0.77 kW (Δ -0.30 kW, |z|=nan). Possible causes: more high-power appliances running at once than usual."
2008-02-03 19:00:00,2.5356333,2.8343889372086086,-0.2987556116318264,-0.6397686878810277,0.2987556116318264,19,6,"[2008-02-03 19:00] Unusual drop on Sun 19:00 (evening peak) detected by isolation forest: actual 2.54 kW vs expected 2.83 kW (Δ -0.30 kW, |z|=0.64). Possible causes: more high-power appliances running at once than usual."
2007-03-25 23:00:00,1.4326667,1.7298509329582767,-0.29718427360311317,-0.8134053855393166,0.29718427360311317,23,6,"[2007-03-25 23:00] Unusual drop on Sun 23:00 (late evening) detected by isolation forest: actual 1.43 kW vs expected 1.73 kW (Δ -0.30 kW, |z|=0.81). Possible causes: an unusual load combination late at night."
2008-11-24 08:00:00,3.2528334,2.956829928264178,0.29600343812986507,0.5950927861857248,0.29600343812986507,8,0,"[2008-11-24 08:00] Unusual spike on Mon 08:00 (morning) detected by isolation forest: actual 3.25 kW vs expected 2.96 kW (Δ +0.30 kW, |z|=0.60). Possible causes: a heavy start-of-day routine or several devices switching on at once."
2007-02-03 03:00:00,2.3622668,2.6552165048544834,-0.2929497259085605,-0.678289337793083,0.2929497259085605,3,5,"[2007-02-03 03:00] Unusual drop on Sat 03:00 (overnight) detected by isolation forest: actual 2.36 kW vs expected 2.66 kW (Δ -0.29 kW, |z|=0.68). Possible causes: a device left on overnight, standby/defrost cycle, or a heating/cooling unit."
2008-12-28 00:00:00,1.8370999,2.1291089654158712,-0.2920090556334616,-0.5996522690785803,0.2920090556334616,0,6,"[2008-12-28 00:00] Unusual drop on Sun 00:00 (overnight) detected by isolation forest: actual 1.84 kW vs expected 2.13 kW (Δ -0.29 kW, |z|=0.60). Possible causes: a device left on overnight, standby/defrost cycle, or a heating/cooling unit."
2006-12-31 09:00:00,2.7232,3.014599924586954,-0.2913998418080235,-0.685541991397244,0.2913998418080235,9,6,"[2006-12-31 09:00] Unusual drop on Sun 09:00 (morning) detected by isolation forest: actual 2.72 kW vs expected 3.01 kW (Δ -0.29 kW, |z|=0.69). Possible causes: a heavy start-of-day routine or several devices switching on at once."
2007-02-18 23:00:00,0.3868333,0.6781280594265384,-0.2912947492992801,-0.6924693198173941,0.2912947492992801,23,6,"[2007-02-18 23:00] Unusual drop on Sun 23:00 (late evening) detected by isolation forest: actual 0.39 kW vs expected 0.68 kW (Δ -0.29 kW, |z|=0.69). Possible causes: an unusual load combination late at night."
2009-01-17 19:00:00,3.4392333,3.148773607155483,0.2904596959145853,0.5867765628870455,0.2904596959145853,19,5,"[2009-01-17 19:00] Unusual spike on Sat 19:00 (evening peak) detected by isolation forest: actual 3.44 kW vs expected 3.15 kW (Δ +0.29 kW, |z|=0.59). Possible causes: more high-power appliances running at once than usual."
2010-01-15 23:00:00,0.9502,0.6601657136443428,0.2900343076225944,0.44112954243156555,0.2900343076225944,23,4,"[2010-01-15 23:00] Unusual spike on Fri 23:00 (late evening) detected by isolation forest: actual 0.95 kW vs expected 0.66 kW (Δ +0.29 kW, |z|=0.44). Possible causes: an unusual load combination late at night."
2007-04-01 23:00:00,2.2216668,2.509909196442891,-0.2882423835461623,-0.6875797768270452,0.2882423835461623,23,6,"[2007-04-01 23:00] Unusual drop on Sun 23:00 (late evening) detected by isolation forest: actual 2.22 kW vs expected 2.51 kW (Δ -0.29 kW, |z|=0.69). Possible causes: an unusual load combination late at night."
2007-11-24 00:00:00,1.7937334,1.5071511079132924,0.2865822504698863,0.5239168505031713,0.2865822504698863,0,5,"[2007-11-24 00:00] Unusual spike on Sat 00:00 (overnight) detected by isolation forest: actual 1.79 kW vs expected 1.51 kW (Δ +0.29 kW, |z|=0.52). Possible causes: a device left on overnight, standby/defrost cycle, or a heating/cooling unit."
2006-12-30 17:00:00,2.5811665,2.8657316632650662,-0.2845651574514676,-0.6668622544111567,0.2845651574514676,17,5,"[2006-12-30 17:00] Unusual drop on Sat 17:00 (evening peak) detected by isolation forest: actual 2.58 kW vs expected 2.87 kW (Δ -0.28 kW, |z|=0.67). Possible causes: more high-power appliances running at once than usual."
2009-02-01 00:00:00,3.3216667,3.0373567639405663,0.28430995358873057,0.5568278684633449,0.28430995358873057,0,6,"[2009-02-01 00:00] Unusual spike on Sun 00:00 (overnight) detected by isolation forest: actual 3.32 kW vs expected 3.04 kW (Δ +0.28 kW, |z|=0.56). Possible causes: a device left on overnight, standby/defrost cycle, or a heating/cooling unit."
2007-10-13 23:00:00,1.5676999,1.8515810300877158,-0.2838811208775107,-0.6453309616391049,0.2838811208775107,23,5,"[2007-10-13 23:00] Unusual drop on Sat 23:00 (late evening) detected by isolation forest: actual 1.57 kW vs expected 1.85 kW (Δ -0.28 kW, |z|=0.65). Possible causes: an unusual load combination late at night."
2007-12-23 00:00:00,0.84720004,1.1305323923348523,-0.2833323562859631,-0.7248368092053141,0.2833323562859631,0,6,"[2007-12-23 00:00] Unusual drop on Sun 00:00 (overnight) detected by isolation forest: actual 0.85 kW vs expected 1.13 kW (Δ -0.28 kW, |z|=0.72). Possible causes: a device left on overnight, standby/defrost cycle, or a heating/cooling unit."
2008-11-16 00:00:00,2.6713998,2.954117612195462,-0.2827177804236114,-0.7997150510159711,0.2827177804236114,0,6,"[2008-11-16 00:00] Unusual drop on Sun 00:00 (overnight) detected by isolation forest: actual 2.67 kW vs expected 2.95 kW (Δ -0.28 kW, |z|=0.80). Possible causes: a device left on overnight, standby/defrost cycle, or a heating/cooling unit."
2008-11-30 23:00:00,1.6644332,1.9469426776750327,-0.2825094367845298,-0.9419299437424501,0.2825094367845298,23,6,"[2008-11-30 23:00] Unusual drop on Sun 23:00 (late evening) detected by isolation forest: actual 1.66 kW vs expected 1.95 kW (Δ -0.28 kW, |z|=0.94). Possible causes: an unusual load combination late at night."
2008-11-16 18:00:00,2.7474666,2.4665602376871303,0.2809063264913365,0.5531992619948272,0.2809063264913365,18,6,"[2008-11-16 18:00] Unusual spike on Sun 18:00 (evening peak) detected by isolation forest: actual 2.75 kW vs expected 2.47 kW (Δ +0.28 kW, |z|=0.55). Possible causes: more high-power appliances running at once than usual."
2007-12-15 19:00:00,3.2000666,3.4807425010062563,-0.2806759345389711,-0.6304037791188821,0.2806759345389711,19,5,"[2007-12-15 19:00] Unusual drop on Sat 19:00 (evening peak) detected by isolation forest: actual 3.20 kW vs expected 3.48 kW (Δ -0.28 kW, |z|=0.63). Possible causes: more high-power appliances running at once than usual."
2008-11-24 23:00:00,1.9155667,1.6402428471253643,0.2753238356901875,0.5019837866256748,0.2753238356901875,23,0,"[2008-11-24 23:00] Unusual spike on Mon 23:00 (late evening) detected by isolation forest: actual 1.92 kW vs expected 1.64 kW (Δ +0.28 kW, |z|=0.50). Possible causes: an unusual load combination late at night."
2008-11-09 20:00:00,3.4572668,3.1840924056939612,0.2731744018621911,0.4824644274142061,0.2731744018621911,20,6,"[2008-11-09 20:00] Unusual spike on Sun 20:00 (evening peak) detected by isolation forest: actual 3.46 kW vs expected 3.18 kW (Δ +0.27 kW, |z|=0.48). Possible causes: more high-power appliances running at once than usual."
2007-12-17 21:00:00,2.4187331,2.690887814463365,-0.27215469449876517,-0.6704803488555092,0.27215469449876517,21,0,"[2007-12-17 21:00] Unusual drop on Mon 21:00 (evening peak) detected by isolation forest: actual 2.42 kW vs expected 2.69 kW (Δ -0.27 kW, |z|=0.67). Possible causes: more high-power appliances running at once than usual."
2008-11-05 14:00:00,2.3460667,2.618000450096476,-0.2719337367633461,-0.6315560631395634,0.2719337367633461,14,2,"[2008-11-05 14:00] Unusual drop on Wed 14:00 (daytime) detected by isolation forest: actual 2.35 kW vs expected 2.62 kW (Δ -0.27 kW, |z|=0.63). Possible causes: a large appliance running outside its usual schedule, or overlapping medium loads."
2007-12-08 23:00:00,0.65779996,0.9295669511547948,-0.27176699197205556,-0.6056579642784602,0.27176699197205556,23,5,"[2007-12-08 23:00] Unusual drop on Sat 23:00 (late evening) detected by isolation forest: actual 0.66 kW vs expected 0.93 kW (Δ -0.27 kW, |z|=0.61). Possible causes: an unusual load combination late at night."
2007-12-22 17:00:00,1.2891667,1.5603202256923925,-0.2711535367733251,-0.6929912736043661,0.2711535367733251,17,5,"[2007-12-22 17:00] Unusual drop on Sat 17:00 (evening peak) detected by isolation forest: actual 1.29 kW vs expected 1.56 kW (Δ -0.27 kW, |z|=0.69). Possible causes: more high-power appliances running at once than usual."
2009-02-11 23:00:00,0.34143335,0.6123568463083867,-0.2709235000368718,-0.6360427838398982,0.2709235000368718,23,2,"[2009-02-11 23:00] Unusual drop on Wed 23:00 (late evening) detected by isolation forest: actual 0.34 kW vs expected 0.61 kW (Δ -0.27 kW, |z|=0.64). Possible causes: an unusual load combination late at night."
2009-01-17 17:00:00,3.3549666,3.0848758480665874,0.2700907924058247,0.5269984152184507,0.2700907924058247,17,5,"[2009-01-17 17:00] Unusual spike on Sat 17:00 (evening peak) detected by isolation forest: actual 3.35 kW vs expected 3.08 kW (Δ +0.27 kW, |z|=0.53). Possible causes: more high-power appliances running at once than usual."
2009-11-15 21:00:00,2.4501,2.1829148141344756,0.26718513093388374,0.5302384533418908,0.26718513093388374,21,6,"[2009-11-15 21:00] Unusual spike on Sun 21:00 (evening peak) detected by isolation forest: actual 2.45 kW vs expected 2.18 kW (Δ +0.27 kW, |z|=0.53). Possible causes: more high-power appliances running at once than usual."
2007-12-02 18:00:00,2.3619335,2.0952972859041457,0.2666361838681932,0.4176122149304626,0.2666361838681932,18,6,"[2007-12-02 18:00] Unusual spike on Sun 18:00 (evening peak) detected by isolation forest: actual 2.36 kW vs expected 2.10 kW (Δ +0.27 kW, |z|=0.42). Possible causes: more high-power appliances running at once than usual."
2009-12-06 20:00:00,2.4704,2.736734558688843,-0.26633446370288105,-0.5825961274750783,0.26633446370288105,20,6,"[2009-12-06 20:00] Unusual drop on Sun 20:00 (evening peak) detected by isolation forest: actual 2.47 kW vs expected 2.74 kW (Δ -0.27 kW, |z|=0.58). Possible causes: more high-power appliances running at once than usual."
2007-11-13 20:00:00,2.8274333,2.5624573232336805,0.2649760244683459,0.39583181704090387,0.2649760244683459,20,1,"[2007-11-13 20:00] Unusual spike on Tue 20:00 (evening peak) detected by isolation forest: actual 2.83 kW vs expected 2.56 kW (Δ +0.26 kW, |z|=0.40). Possible causes: more high-power appliances running at once than usual."
2007-03-04 21:00:00,3.9417,3.6777278280336194,0.2639721536558337,0.9583435714744041,0.2639721536558337,21,6,"[2007-03-04 21:00] Unusual spike on Sun 21:00 (evening peak) detected by isolation forest: actual 3.94 kW vs expected 3.68 kW (Δ +0.26 kW, |z|=0.96). Possible causes: more high-power appliances running at once than usual."
2007-12-29 02:00:00,2.4928668,2.2298622324919055,0.26300452203995484,0.3465790605151761,0.26300452203995484,2,5,"[2007-12-29 02:00] Unusual spike on Sat 02:00 (overnight) detected by isolation forest: actual 2.49 kW vs expected 2.23 kW (Δ +0.26 kW, |z|=0.35). Possible causes: a device left on overnight, standby/defrost cycle, or a heating/cooling unit."
2006-12-30 13:00:00,2.2929666,2.5551958612525048,-0.26222925701971667,,0.26222925701971667,13,5,"[2006-12-30 13:00] Unusual drop on Sat 13:00 (daytime) detected by isolation forest: actual 2.29 kW vs expected 2.56 kW (Δ -0.26 kW, |z|=nan). Possible causes: a large appliance running outside its usual schedule, or overlapping medium loads."
2007-02-18 02:00:00,2.414,2.6758348008443518,-0.2618347665120764,-0.6588398175714186,0.2618347665120764,2,6,"[2007-02-18 02:00] Unusual drop on Sun 02:00 (overnight) detected by isolation forest: actual 2.41 kW vs expected 2.68 kW (Δ -0.26 kW, |z|=0.66). Possible causes: a device left on overnight, standby/defrost cycle, or a heating/cooling unit."
2007-12-09 23:00:00,0.2935,0.5547786185894695,-0.2612786123905865,-0.5505284737481754,0.2612786123905865,23,6,"[2007-12-09 23:00] Unusual drop on Sun 23:00 (late evening) detected by isolation forest: actual 0.29 kW vs expected 0.55 kW (Δ -0.26 kW, |z|=0.55). Possible causes: an unusual load combination late at night."
2007-02-11 22:00:00,1.8428333,1.5838298046645494,0.2590034758988051,0.6052958785420636,0.2590034758988051,22,6,"[2007-02-11 22:00] Unusual spike on Sun 22:00 (late evening) detected by isolation forest: actual 1.84 kW vs expected 1.58 kW (Δ +0.26 kW, |z|=0.61). Possible causes: an unusual load combination late at night."
2007-03-18 20:00:00,3.2176332,3.472901163023372,-0.25526791564788365,-0.5786222963983079,0.25526791564788365,20,6,"[2007-03-18 20:00] Unusual drop on Sun 20:00 (evening peak) detected by isolation forest: actual 3.22 kW vs expected 3.47 kW (Δ -0.26 kW, |z|=0.58). Possible causes: more high-power appliances running at once than usual."
2006-12-24 02:00:00,2.3030334,2.557427561680043,-0.2543942097818497,,0.2543942097818497,2,6,"[2006-12-24 02:00] Unusual drop on Sun 02:00 (overnight) detected by isolation forest: actual 2.30 kW vs expected 2.56 kW (Δ -0.25 kW, |z|=nan). Possible causes: a device left on overnight, standby/defrost cycle, or a heating/cooling unit."
2008-10-24 22:00:00,2.0781,2.331569073753717,-0.2534691077045226,-0.6355672960695578,0.2534691077045226,22,4,"[2008-10-24 22:00] Unusual drop on Fri 22:00 (late evening) detected by isolation forest: actual 2.08 kW vs expected 2.33 kW (Δ -0.25 kW, |z|=0.64). Possible causes: an unusual load combination late at night."
2007-02-18 19:00:00,3.9460332,3.692611903603732,0.2534213357608919,0.4423637522351965,0.2534213357608919,19,6,"[2007-02-18 19:00] Unusual spike on Sun 19:00 (evening peak) detected by isolation forest: actual 3.95 kW vs expected 3.69 kW (Δ +0.25 kW, |z|=0.44). Possible causes: more high-power appliances running at once than usual."
2009-02-22 22:00:00,2.2333667,2.4863444259842393,-0.25297769815525983,-0.4617157498120377,0.25297769815525983,22,6,"[2009-02-22 22:00] Unusual drop on Sun 22:00 (late evening) detected by isolation forest: actual 2.23 kW vs expected 2.49 kW (Δ -0.25 kW, |z|=0.46). Possible causes: an unusual load combination late at night."
2008-01-13 21:00:00,2.2829666,2.533968196256308,-0.2510015824867766,-0.6225515189107331,0.2510015824867766,21,6,"[2008-01-13 21:00] Unusual drop on Sun 21:00 (evening peak) detected by isolation forest: actual 2.28 kW vs expected 2.53 kW (Δ -0.25 kW, |z|=0.62). Possible causes: more high-power appliances running at once than usual."
2008-12-07 21:00:00,2.4176,2.667920415274506,-0.2503204988163761,-0.5872616069614102,0.2503204988163761,21,6,"[2008-12-07 21:00] Unusual drop on Sun 21:00 (evening peak) detected by isolation forest: actual 2.42 kW vs expected 2.67 kW (Δ -0.25 kW, |z|=0.59). Possible causes: more high-power appliances running at once than usual."
2007-01-14 22:00:00,1.4627334,1.7098898152827566,-0.2471564273356741,-0.6713482015365234,0.2471564273356741,22,6,"[2007-01-14 22:00] Unusual drop on Sun 22:00 (late evening) detected by isolation forest: actual 1.46 kW vs expected 1.71 kW (Δ -0.25 kW, |z|=0.67). Possible causes: an unusual load combination late at night."
2009-02-08 00:00:00,2.4552333,2.7023662503204466,-0.24713291482545152,-0.5924304277910778,0.24713291482545152,0,6,"[2009-02-08 00:00] Unusual drop on Sun 00:00 (overnight) detected by isolation forest: actual 2.46 kW vs expected 2.70 kW (Δ -0.25 kW, |z|=0.59). Possible causes: a device left on overnight, standby/defrost cycle, or a heating/cooling unit."
2007-02-18 21:00:00,2.6283333,2.874944156141903,-0.24661082598748418,-0.6154817526072565,0.24661082598748418,21,6,"[2007-02-18 21:00] Unusual drop on Sun 21:00 (evening peak) detected by isolation forest: actual 2.63 kW vs expected 2.87 kW (Δ -0.25 kW, |z|=0.62). Possible causes: more high-power appliances running at once than usual."
2007-02-10 23:00:00,3.1617,3.406919796454414,-0.24521978615473117,-0.60568256605326,0.24521978615473117,23,5,"[2007-02-10 23:00] Unusual drop on Sat 23:00 (late evening) detected by isolation forest: actual 3.16 kW vs expected 3.41 kW (Δ -0.25 kW, |z|=0.61). Possible causes: an unusual load combination late at night."
2007-01-01 22:00:00,0.44373333,0.688630201127795,-0.24489686658647425,-0.6859892008962198,0.24489686658647425,22,0,"[2007-01-01 22:00] Unusual drop on Mon 22:00 (late evening) detected by isolation forest: actual 0.44 kW vs expected 0.69 kW (Δ -0.24 kW, |z|=0.69). Possible causes: an unusual load combination late at night."
2009-02-07 21:00:00,2.9334667,3.177880276612599,-0.24441360371526022,-0.5977250376718667,0.24441360371526022,21,5,"[2009-02-07 21:00] Unusual drop on Sat 21:00 (evening peak) detected by isolation forest: actual 2.93 kW vs expected 3.18 kW (Δ -0.24 kW, |z|=0.60). Possible causes: more high-power appliances running at once than usual."
2008-02-10 22:00:00,1.9469334,1.7031339525413396,0.24379943616868238,0.5088691489290778,0.24379943616868238,22,6,"[2008-02-10 22:00] Unusual spike on Sun 22:00 (late evening) detected by isolation forest: actual 1.95 kW vs expected 1.70 kW (Δ +0.24 kW, |z|=0.51). Possible causes: an unusual load combination late at night."
2007-12-02 00:00:00,1.8409667,2.08451227435589,-0.2435455728483218,-0.6138341486990563,0.2435455728483218,0,6,"[2007-12-02 00:00] Unusual drop on Sun 00:00 (overnight) detected by isolation forest: actual 1.84 kW vs expected 2.08 kW (Δ -0.24 kW, |z|=0.61). Possible causes: a device left on overnight, standby/defrost cycle, or a heating/cooling unit."
2009-02-08 01:00:00,3.1631,2.9195780503667037,0.2435219538294633,0.5435319238517974,0.2435219538294633,1,6,"[2009-02-08 01:00] Unusual spike on Sun 01:00 (overnight) detected by isolation forest: actual 3.16 kW vs expected 2.92 kW (Δ +0.24 kW, |z|=0.54). Possible causes: a device left on overnight, standby/defrost cycle, or a heating/cooling unit."
2010-01-24 00:00:00,1.2687,1.029023987949462,0.23967601567450036,0.35647905543843433,0.23967601567450036,0,6,"[2010-01-24 00:00] Unusual spike on Sun 00:00 (overnight) detected by isolation forest: actual 1.27 kW vs expected 1.03 kW (Δ +0.24 kW, |z|=0.36). Possible causes: a device left on overnight, standby/defrost cycle, or a heating/cooling unit."
2010-02-15 21:00:00,3.7538,3.515531854331336,0.23826806098238462,0.47097161926149655,0.23826806098238462,21,0,"[2010-02-15 21:00] Unusual spike on Mon 21:00 (evening peak) detected by isolation forest: actual 3.75 kW vs expected 3.52 kW (Δ +0.24 kW, |z|=0.47). Possible causes: more high-power appliances running at once than usual."
2006-12-30 14:00:00,1.7899334,2.0274849847279137,-0.2375515416584557,,0.2375515416584557,14,5,"[2006-12-30 14:00] Unusual drop on Sat 14:00 (daytime) detected by isolation forest: actual 1.79 kW vs expected 2.03 kW (Δ -0.24 kW, |z|=nan). Possible causes: a large appliance running outside its usual schedule, or overlapping medium loads."
2009-01-17 18:00:00,2.9849,3.2209323513720296,-0.23603235366084796,-0.665748259559679,0.23603235366084796,18,5,"[2009-01-17 18:00] Unusual drop on Sat 18:00 (evening peak) detected by isolation forest: actual 2.98 kW vs expected 3.22 kW (Δ -0.24 kW, |z|=0.67). Possible causes: more high-power appliances running at once than usual."
2007-12-15 20:00:00,3.5468,3.3119495670947376,0.23485033105284536,0.5366920324645383,0.23485033105284536,20,5,"[2007-12-15 20:00] Unusual spike on Sat 20:00 (evening peak) detected by isolation forest: actual 3.55 kW vs expected 3.31 kW (Δ +0.23 kW, |z|=0.54). Possible causes: more high-power appliances running at once than usual."
2007-02-03 21:00:00,3.7007334,3.466231805195175,0.23450161803785718,0.38811814980084025,0.23450161803785718,21,5,"[2007-02-03 21:00] Unusual spike on Sat 21:00 (evening peak) detected by isolation forest: actual 3.70 kW vs expected 3.47 kW (Δ +0.23 kW, |z|=0.39). Possible causes: more high-power appliances running at once than usual."
2009-01-25 11:00:00,1.2599666,1.4925790210861223,-0.23261240922393966,-0.5110114768767908,0.23261240922393966,11,6,"[2009-01-25 11:00] Unusual drop on Sun 11:00 (daytime) detected by isolation forest: actual 1.26 kW vs expected 1.49 kW (Δ -0.23 kW, |z|=0.51). Possible causes: a large appliance running outside its usual schedule, or overlapping medium loads."
2007-01-07 22:00:00,2.1289,2.3612017992466416,-0.23230174812969828,-0.4519743789437423,0.23230174812969828,22,6,"[2007-01-07 22:00] Unusual drop on Sun 22:00 (late evening) detected by isolation forest: actual 2.13 kW vs expected 2.36 kW (Δ -0.23 kW, |z|=0.45). Possible causes: an unusual load combination late at night."
2006-12-31 13:00:00,3.6025667,3.3715914342065387,0.23097528484863705,0.3736518241288062,0.23097528484863705,13,6,"[2006-12-31 13:00] Unusual spike on Sun 13:00 (daytime) detected by isolation forest: actual 3.60 kW vs expected 3.37 kW (Δ +0.23 kW, |z|=0.37). Possible causes: a large appliance running outside its usual schedule, or overlapping medium loads."
2008-11-09 19:00:00,3.1635,3.393975740217663,-0.2304756696457635,-0.6478576965054776,0.2304756696457635,19,6,"[2008-11-09 19:00] Unusual drop on Sun 19:00 (evening peak) detected by isolation forest: actual 3.16 kW vs expected 3.39 kW (Δ -0.23 kW, |z|=0.65). Possible causes: more high-power appliances running at once than usual."
2008-01-27 21:00:00,3.4711,3.2416336175817753,0.22946647435242884,0.5048752845933153,0.22946647435242884,21,6,"[2008-01-27 21:00] Unusual spike on Sun 21:00 (evening peak) detected by isolation forest: actual 3.47 kW vs expected 3.24 kW (Δ +0.23 kW, |z|=0.50). Possible causes: more high-power appliances running at once than usual."
2008-01-26 21:00:00,3.3546667,3.5829782951952587,-0.22831158529535633,-0.6013577654248381,0.22831158529535633,21,5,"[2008-01-26 21:00] Unusual drop on Sat 21:00 (evening peak) detected by isolation forest: actual 3.35 kW vs expected 3.58 kW (Δ -0.23 kW, |z|=0.60). Possible causes: more high-power appliances running at once than usual."
2009-11-21 20:00:00,3.5382335,3.312469590494822,0.22576392810564183,0.3997806276100828,0.22576392810564183,20,5,"[2009-11-21 20:00] Unusual spike on Sat 20:00 (evening peak) detected by isolation forest: actual 3.54 kW vs expected 3.31 kW (Δ +0.23 kW, |z|=0.40). Possible causes: more high-power appliances running at once than usual."
2007-03-18 22:00:00,1.3493333,1.571718552410506,-0.22238526612510556,-0.5016785394857812,0.22238526612510556,22,6,"[2007-03-18 22:00] Unusual drop on Sun 22:00 (late evening) detected by isolation forest: actual 1.35 kW vs expected 1.57 kW (Δ -0.22 kW, |z|=0.50). Possible causes: an unusual load combination late at night."
2007-12-27 20:00:00,3.4680333,3.6902372170014393,-0.22220390325021855,-0.47775225698712553,0.22220390325021855,20,3,"[2007-12-27 20:00] Unusual drop on Thu 20:00 (evening peak) detected by isolation forest: actual 3.47 kW vs expected 3.69 kW (Δ -0.22 kW, |z|=0.48). Possible causes: more high-power appliances running at once than usual."
2007-05-25 22:00:00,1.9809667,2.2030630804420945,-0.22209639323964092,-0.5911525590656292,0.22209639323964092,22,4,"[2007-05-25 22:00] Unusual drop on Fri 22:00 (late evening) detected by isolation forest: actual 1.98 kW vs expected 2.20 kW (Δ -0.22 kW, |z|=0.59). Possible causes: an unusual load combination late at night."
2008-02-02 21:00:00,3.3892334,3.6110162947463618,-0.22178294399257759,-0.5092934637113301,0.22178294399257759,21,5,"[2008-02-02 21:00] Unusual drop on Sat 21:00 (evening peak) detected by isolation forest: actual 3.39 kW vs expected 3.61 kW (Δ -0.22 kW, |z|=0.51). Possible causes: more high-power appliances running at once than usual."
2008-01-13 23:00:00,0.2664,0.48807099591975567,-0.22167098652606365,-0.552435281321018,0.22167098652606365,23,6,"[2008-01-13 23:00] Unusual drop on Sun 23:00 (late evening) detected by isolation forest: actual 0.27 kW vs expected 0.49 kW (Δ -0.22 kW, |z|=0.55). Possible causes: an unusual load combination late at night."
2008-12-07 22:00:00,1.5956333,1.816122553932865,-0.22048928557654168,-0.5116890731153125,0.22048928557654168,22,6,"[2008-12-07 22:00] Unusual drop on Sun 22:00 (late evening) detected by isolation forest: actual 1.60 kW vs expected 1.82 kW (Δ -0.22 kW, |z|=0.51). Possible causes: an unusual load combination late at night."
2006-12-30 23:00:00,0.7102,0.9295998387485909,-0.21939982701839678,-0.5034892486450012,0.21939982701839678,23,5,"[2006-12-30 23:00] Unusual drop on Sat 23:00 (late evening) detected by isolation forest: actual 0.71 kW vs expected 0.93 kW (Δ -0.22 kW, |z|=0.50). Possible causes: an unusual load combination late at night."
2007-02-18 11:00:00,2.4564002,2.67462372414758,-0.21822356812646193,-0.5431146575237636,0.21822356812646193,11,6,"[2007-02-18 11:00] Unusual drop on Sun 11:00 (daytime) detected by isolation forest: actual 2.46 kW vs expected 2.67 kW (Δ -0.22 kW, |z|=0.54). Possible causes: a large appliance running outside its usual schedule, or overlapping medium loads."
2007-12-28 18:00:00,3.7327666,3.950172717833705,-0.2174060895683243,-0.47995712101985477,0.2174060895683243,18,4,"[2007-12-28 18:00] Unusual drop on Fri 18:00 (evening peak) detected by isolation forest: actual 3.73 kW vs expected 3.95 kW (Δ -0.22 kW, |z|=0.48). Possible causes: more high-power appliances running at once than usual."
2009-01-10 20:00:00,3.09,3.3049042632770362,-0.2149043491077247,-0.5211909821290931,0.2149043491077247,20,5,"[2009-01-10 20:00] Unusual drop on Sat 20:00 (evening peak) detected by isolation forest: actual 3.09 kW vs expected 3.30 kW (Δ -0.21 kW, |z|=0.52). Possible causes: more high-power appliances running at once than usual."
2007-03-31 22:00:00,2.3100667,2.096414715865143,0.2136519841165465,0.39312358091137256,0.2136519841165465,22,5,"[2007-03-31 22:00] Unusual spike on Sat 22:00 (late evening) detected by isolation forest: actual 2.31 kW vs expected 2.10 kW (Δ +0.21 kW, |z|=0.39). Possible causes: an unusual load combination late at night."
2008-11-24 09:00:00,2.8503335,2.637807632678335,0.21252581954639638,0.39289521607627126,0.21252581954639638,9,0,"[2008-11-24 09:00] Unusual spike on Mon 09:00 (morning) detected by isolation forest: actual 2.85 kW vs expected 2.64 kW (Δ +0.21 kW, |z|=0.39). Possible causes: a heavy start-of-day routine or several devices switching on at once."
2008-01-26 22:00:00,2.9897666,3.2022167500676386,-0.21245015231983588,-0.5702210777296506,0.21245015231983588,22,5,"[2008-01-26 22:00] Unusual drop on Sat 22:00 (late evening) detected by isolation forest: actual 2.99 kW vs expected 3.20 kW (Δ -0.21 kW, |z|=0.57). Possible causes: an unusual load combination late at night."
2009-01-18 00:00:00,1.1649667,1.3752588455005739,-0.2102921430393312,-0.648783430071367,0.2102921430393312,0,6,"[2009-01-18 00:00] Unusual drop on Sun 00:00 (overnight) detected by isolation forest: actual 1.16 kW vs expected 1.38 kW (Δ -0.21 kW, |z|=0.65). Possible causes: a device left on overnight, standby/defrost cycle, or a heating/cooling unit."
2007-03-11 09:00:00,2.5860667,2.376120796448385,0.20994592642148824,0.27592806234880163,0.20994592642148824,9,6,"[2007-03-11 09:00] Unusual spike on Sun 09:00 (morning) detected by isolation forest: actual 2.59 kW vs expected 2.38 kW (Δ +0.21 kW, |z|=0.28). Possible causes: a heavy start-of-day routine or several devices switching on at once."
2009-01-17 22:00:00,2.4034,2.611909490193861,-0.20850954588844095,-0.6230543296748026,0.20850954588844095,22,5,"[2009-01-17 22:00] Unusual drop on Sat 22:00 (late evening) detected by isolation forest: actual 2.40 kW vs expected 2.61 kW (Δ -0.21 kW, |z|=0.62). Possible causes: an unusual load combination late at night."
2007-02-04 21:00:00,2.398,2.606230531181442,-0.20823052927409336,-0.5421492915489563,0.20823052927409336,21,6,"[2007-02-04 21:00] Unusual drop on Sun 21:00 (evening peak) detected by isolation forest: actual 2.40 kW vs expected 2.61 kW (Δ -0.21 kW, |z|=0.54). Possible causes: more high-power appliances running at once than usual."
2008-11-22 23:00:00,1.4782001,1.6861128143356754,-0.2079127363251163,-0.5236151979420101,0.2079127363251163,23,5,"[2008-11-22 23:00] Unusual drop on Sat 23:00 (late evening) detected by isolation forest: actual 1.48 kW vs expected 1.69 kW (Δ -0.21 kW, |z|=0.52). Possible causes: an unusual load combination late at night."
2007-01-14 04:00:00,1.1342334,0.9265114160532093,0.20772193946894646,0.2877866985426301,0.20772193946894646,4,6,"[2007-01-14 04:00] Unusual spike on Sun 04:00 (overnight) detected by isolation forest: actual 1.13 kW vs expected 0.93 kW (Δ +0.21 kW, |z|=0.29). Possible causes: a device left on overnight, standby/defrost cycle, or a heating/cooling unit."
2007-03-11 01:00:00,2.3839667,2.176291511802682,0.20767517253874868,0.2999517062854878,0.20767517253874868,1,6,"[2007-03-11 01:00] Unusual spike on Sun 01:00 (overnight) detected by isolation forest: actual 2.38 kW vs expected 2.18 kW (Δ +0.21 kW, |z|=0.30). Possible causes: a device left on overnight, standby/defrost cycle, or a heating/cooling unit."
2008-01-15 15:00:00,2.1420667,2.3488912932436268,-0.20682457609579963,-0.5821247444277682,0.20682457609579963,15,1,"[2008-01-15 15:00] Unusual drop on Tue 15:00 (daytime) detected by isolation forest: actual 2.14 kW vs expected 2.35 kW (Δ -0.21 kW, |z|=0.58). Possible causes: a large appliance running outside its usual schedule, or overlapping medium loads."
2007-11-27 14:00:00,2.2575333,2.461758914960712,-0.20422560311684013,-0.49535918528950745,0.20422560311684013,14,1,"[2007-11-27 14:00] Unusual drop on Tue 14:00 (daytime) detected by isolation forest: actual 2.26 kW vs expected 2.46 kW (Δ -0.20 kW, |z|=0.50). Possible causes: a large appliance running outside its usual schedule, or overlapping medium loads."
2009-02-23 09:00:00,2.4838,2.687184622713933,-0.20338468832672607,-0.3911838117381706,0.20338468832672607,9,0,"[2009-02-23 09:00] Unusual drop on Mon 09:00 (morning) detected by isolation forest: actual 2.48 kW vs expected 2.69 kW (Δ -0.20 kW, |z|=0.39). Possible causes: a heavy start-of-day routine or several devices switching on at once."
2007-02-20 08:00:00,3.4822667,3.2809560475996085,0.20131061690539642,0.23715135216026104,0.20131061690539642,8,1,"[2007-02-20 08:00] Unusual spike on Tue 08:00 (morning) detected by isolation forest: actual 3.48 kW vs expected 3.28 kW (Δ +0.20 kW, |z|=0.24). Possible causes: a heavy start-of-day routine or several devices switching on at once."
2008-10-12 22:00:00,2.2094665,2.008235748285475,0.20123070908146845,0.4948759503405085,0.20123070908146845,22,6,"[2008-10-12 22:00] Unusual spike on Sun 22:00 (late evening) detected by isolation forest: actual 2.21 kW vs expected 2.01 kW (Δ +0.20 kW, |z|=0.49). Possible causes: an unusual load combination late at night."
2006-12-23 21:00:00,3.2884333,3.488662867470782,-0.20022955410103105,,0.20022955410103105,21,5,"[2006-12-23 21:00] Unusual drop on Sat 21:00 (evening peak) detected by isolation forest: actual 3.29 kW vs expected 3.49 kW (Δ -0.20 kW, |z|=nan). Possible causes: more high-power appliances running at once than usual."
2009-11-21 19:00:00,3.2649999,3.4648510068827942,-0.19985114039719853,-0.4619497430578377,0.19985114039719853,19,5,"[2009-11-21 19:00] Unusual drop on Sat 19:00 (evening peak) detected by isolation forest: actual 3.26 kW vs expected 3.46 kW (Δ -0.20 kW, |z|=0.46). Possible causes: more high-power appliances running at once than usual."
2007-01-28 23:00:00,0.3386,0.5381063933029282,-0.1995063836231339,-0.47534509115166823,0.1995063836231339,23,6,"[2007-01-28 23:00] Unusual drop on Sun 23:00 (late evening) detected by isolation forest: actual 0.34 kW vs expected 0.54 kW (Δ -0.20 kW, |z|=0.48). Possible causes: an unusual load combination late at night."
2008-01-22 23:00:00,0.4792,0.6782605031505184,-0.1990604976192074,-0.46077191511744503,0.1990604976192074,23,1,"[2008-01-22 23:00] Unusual drop on Tue 23:00 (late evening) detected by isolation forest: actual 0.48 kW vs expected 0.68 kW (Δ -0.20 kW, |z|=0.46). Possible causes: an unusual load combination late at night."
2008-10-19 03:00:00,0.45326665,0.6521629398844536,-0.1988962894461449,-0.513520905843286,0.1988962894461449,3,6,"[2008-10-19 03:00] Unusual drop on Sun 03:00 (overnight) detected by isolation forest: actual 0.45 kW vs expected 0.65 kW (Δ -0.20 kW, |z|=0.51). Possible causes: a device left on overnight, standby/defrost cycle, or a heating/cooling unit."
2007-01-07 23:00:00,1.4638667,1.6626161466613445,-0.1987494359985027,-0.3696012109249675,0.1987494359985027,23,6,"[2007-01-07 23:00] Unusual drop on Sun 23:00 (late evening) detected by isolation forest: actual 1.46 kW vs expected 1.66 kW (Δ -0.20 kW, |z|=0.37). Possible causes: an unusual load combination late at night."
2009-12-25 02:00:00,1.0993,1.298025293661766,-0.19872526676815028,-0.40130287226116984,0.19872526676815028,2,4,"[2009-12-25 02:00] Unusual drop on Fri 02:00 (overnight) detected by isolation forest: actual 1.10 kW vs expected 1.30 kW (Δ -0.20 kW, |z|=0.40). Possible causes: a device left on overnight, standby/defrost cycle, or a heating/cooling unit."
2007-12-22 21:00:00,3.6843667,3.487781000003695,0.19658570302975242,0.33720172720941144,0.19658570302975242,21,5,"[2007-12-22 21:00] Unusual spike on Sat 21:00 (evening peak) detected by isolation forest: actual 3.68 kW vs expected 3.49 kW (Δ +0.20 kW, |z|=0.34). Possible causes: more high-power appliances running at once than usual."
2006-12-30 20:00:00,3.0760665,3.2723710534744765,-0.19630455948643943,-0.48511994500079403,0.19630455948643943,20,5,"[2006-12-30 20:00] Unusual drop on Sat 20:00 (evening peak) detected by isolation forest: actual 3.08 kW vs expected 3.27 kW (Δ -0.20 kW, |z|=0.49). Possible causes: more high-power appliances running at once than usual."
2009-11-22 18:00:00,2.8694334,3.063785845682334,-0.19435244266719742,-0.42365265259979196,0.19435244266719742,18,6,"[2009-11-22 18:00] Unusual drop on Sun 18:00 (evening peak) detected by isolation forest: actual 2.87 kW vs expected 3.06 kW (Δ -0.19 kW, |z|=0.42). Possible causes: more high-power appliances running at once than usual."
2008-11-24 22:00:00,2.2831666,2.477499862692943,-0.19433321573554574,-0.6000381555557346,0.19433321573554574,22,0,"[2008-11-24 22:00] Unusual drop on Mon 22:00 (late evening) detected by isolation forest: actual 2.28 kW vs expected 2.48 kW (Δ -0.19 kW, |z|=0.60). Possible causes: an unusual load combination late at night."
2008-11-05 17:00:00,2.8642335,3.0584426273448235,-0.1942091335398919,-0.43214837714202314,0.1942091335398919,17,2,"[2008-11-05 17:00] Unusual drop on Wed 17:00 (evening peak) detected by isolation forest: actual 2.86 kW vs expected 3.06 kW (Δ -0.19 kW, |z|=0.43). Possible causes: more high-power appliances running at once than usual."
2007-11-18 21:00:00,2.9707,3.1639424504168763,-0.1932424248584046,-0.5455621108280527,0.1932424248584046,21,6,"[2007-11-18 21:00] Unusual drop on Sun 21:00 (evening peak) detected by isolation forest: actual 2.97 kW vs expected 3.16 kW (Δ -0.19 kW, |z|=0.55). Possible causes: more high-power appliances running at once than usual."
2007-01-01 13:00:00,2.1624,2.3554308645384245,-0.19303085729049974,-0.6128487786213431,0.19303085729049974,13,0,"[2007-01-01 13:00] Unusual drop on Mon 13:00 (daytime) detected by isolation forest: actual 2.16 kW vs expected 2.36 kW (Δ -0.19 kW, |z|=0.61). Possible causes: a large appliance running outside its usual schedule, or overlapping medium loads."
2007-11-11 18:00:00,1.9857668,2.1782870466390833,-0.19252027818357798,-0.5965832669689823,0.19252027818357798,18,6,"[2007-11-11 18:00] Unusual drop on Sun 18:00 (evening peak) detected by isolation forest: actual 1.99 kW vs expected 2.18 kW (Δ -0.19 kW, |z|=0.60). Possible causes: more high-power appliances running at once than usual."
2007-12-29 22:00:00,2.4620001,2.6538017430588052,-0.19180161145174957,-0.4284040364833184,0.19180161145174957,22,5,"[2007-12-29 22:00] Unusual drop on Sat 22:00 (late evening) detected by isolation forest: actual 2.46 kW vs expected 2.65 kW (Δ -0.19 kW, |z|=0.43). Possible causes: an unusual load combination late at night."
2008-04-08 15:00:00,1.4447333,1.6350821916075988,-0.19034892954552607,-0.5435178612287055,0.19034892954552607,15,1,"[2008-04-08 15:00] Unusual drop on Tue 15:00 (daytime) detected by isolation forest: actual 1.44 kW vs expected 1.64 kW (Δ -0.19 kW, |z|=0.54). Possible causes: a large appliance running outside its usual schedule, or overlapping medium loads."
2007-01-14 18:00:00,3.5924833,3.4023635778583845,0.1901197042308489,0.27574740497848244,0.1901197042308489,18,6,"[2007-01-14 18:00] Unusual spike on Sun 18:00 (evening peak) detected by isolation forest: actual 3.59 kW vs expected 3.40 kW (Δ +0.19 kW, |z|=0.28). Possible causes: more high-power appliances running at once than usual."
2007-02-04 03:00:00,1.9491667,2.139177576617825,-0.19001092107735884,-0.5068673980876764,0.19001092107735884,3,6,"[2007-02-04 03:00] Unusual drop on Sun 03:00 (overnight) detected by isolation forest: actual 1.95 kW vs expected 2.14 kW (Δ -0.19 kW, |z|=0.51). Possible causes: a device left on overnight, standby/defrost cycle, or a heating/cooling unit."
2009-01-19 00:00:00,0.8864667,1.0738548291818542,-0.18738814722460928,-0.6626967995420515,0.18738814722460928,0,0,"[2009-01-19 00:00] Unusual drop on Mon 00:00 (overnight) detected by isolation forest: actual 0.89 kW vs expected 1.07 kW (Δ -0.19 kW, |z|=0.66). Possible causes: a device left on overnight, standby/defrost cycle, or a heating/cooling unit."
2007-03-05 20:00:00,4.2054334,4.0191324577451395,0.18630091093772183,0.5144354258334016,0.18630091093772183,20,0,"[2007-03-05 20:00] Unusual spike on Mon 20:00 (evening peak) detected by isolation forest: actual 4.21 kW vs expected 4.02 kW (Δ +0.19 kW, |z|=0.51). Possible causes: more high-power appliances running at once than usual."
2006-12-26 17:00:00,3.3423333,3.156283126576705,0.18605019022627367,,0.18605019022627367,17,1,"[2006-12-26 17:00] Unusual spike on Tue 17:00 (evening peak) detected by isolation forest: actual 3.34 kW vs expected 3.16 kW (Δ +0.19 kW, |z|=nan). Possible causes: more high-power appliances running at once than usual."
2007-12-29 03:00:00,2.3680665,2.1844463573025563,0.18362019199859114,0.2047076459564357,0.18362019199859114,3,5,"[2007-12-29 03:00] Unusual spike on Sat 03:00 (overnight) detected by isolation forest: actual 2.37 kW vs expected 2.18 kW (Δ +0.18 kW, |z|=0.20). Possible causes: a device left on overnight, standby/defrost cycle, or a heating/cooling unit."
2006-12-29 10:00:00,2.4225335,2.6060203442962444,-0.1834868321807659,,0.1834868321807659,10,4,"[2006-12-29 10:00] Unusual drop on Fri 10:00 (daytime) detected by isolation forest: actual 2.42 kW vs expected 2.61 kW (Δ -0.18 kW, |z|=nan). Possible causes: a large appliance running outside its usual schedule, or overlapping medium loads."
2007-02-11 23:00:00,1.4183667,1.6017881954723412,-0.18342152486382068,-0.47830741090352885,0.18342152486382068,23,6,"[2007-02-11 23:00] Unusual drop on Sun 23:00 (late evening) detected by isolation forest: actual 1.42 kW vs expected 1.60 kW (Δ -0.18 kW, |z|=0.48). Possible causes: an unusual load combination late at night."
2007-12-06 23:00:00,2.6885998,2.505250219709781,0.18334960519561472,0.20087507561874307,0.18334960519561472,23,3,"[2007-12-06 23:00] Unusual spike on Thu 23:00 (late evening) detected by isolation forest: actual 2.69 kW vs expected 2.51 kW (Δ +0.18 kW, |z|=0.20). Possible causes: an unusual load combination late at night."
2008-11-04 23:00:00,0.44813335,0.6312467985317143,-0.18311344911307414,-0.3309261222906357,0.18311344911307414,23,1,"[2008-11-04 23:00] Unusual drop on Tue 23:00 (late evening) detected by isolation forest: actual 0.45 kW vs expected 0.63 kW (Δ -0.18 kW, |z|=0.33). Possible causes: an unusual load combination late at night."
2008-12-28 01:00:00,1.7837666,1.6008988331713536,0.18286779414035292,0.43167858870828213,0.18286779414035292,1,6,"[2008-12-28 01:00] Unusual spike on Sun 01:00 (overnight) detected by isolation forest: actual 1.78 kW vs expected 1.60 kW (Δ +0.18 kW, |z|=0.43). Possible causes: a device left on overnight, standby/defrost cycle, or a heating/cooling unit."
2008-12-21 19:00:00,3.0475001,3.228609777805141,-0.1811096442907365,-0.47956977457618866,0.1811096442907365,19,6,"[2008-12-21 19:00] Unusual drop on Sun 19:00 (evening peak) detected by isolation forest: actual 3.05 kW vs expected 3.23 kW (Δ -0.18 kW, |z|=0.48). Possible causes: more high-power appliances running at once than usual."
2006-12-26 08:00:00,2.3659332,2.5458588590091082,-0.17992567915376156,,0.17992567915376156,8,1,"[2006-12-26 08:00] Unusual drop on Tue 08:00 (morning) detected by isolation forest: actual 2.37 kW vs expected 2.55 kW (Δ -0.18 kW, |z|=nan). Possible causes: a heavy start-of-day routine or several devices switching on at once."
2007-12-29 01:00:00,2.4356,2.6144148342082274,-0.17881479186508775,-0.42895658468451653,0.17881479186508775,1,5,"[2007-12-29 01:00] Unusual drop on Sat 01:00 (overnight) detected by isolation forest: actual 2.44 kW vs expected 2.61 kW (Δ -0.18 kW, |z|=0.43). Possible causes: a device left on overnight, standby/defrost cycle, or a heating/cooling unit."
2010-01-30 22:00:00,2.5942,2.7723048888758695,-0.1781049930171048,-0.3430894945733076,0.1781049930171048,22,5,"[2010-01-30 22:00] Unusual drop on Sat 22:00 (late evening) detected by isolation forest: actual 2.59 kW vs expected 2.77 kW (Δ -0.18 kW, |z|=0.34). Possible causes: an unusual load combination late at night."
2007-12-28 21:00:00,3.0018666,2.8281386416144714,0.17372793744131476,0.21565247274707344,0.17372793744131476,21,4,"[2007-12-28 21:00] Unusual spike on Fri 21:00 (evening peak) detected by isolation forest: actual 3.00 kW vs expected 2.83 kW (Δ +0.17 kW, |z|=0.22). Possible causes: more high-power appliances running at once than usual."
2006-12-30 12:00:00,3.1450999,2.971905268443123,0.17319460986803437,,0.17319460986803437,12,5,"[2006-12-30 12:00] Unusual spike on Sat 12:00 (daytime) detected by isolation forest: actual 3.15 kW vs expected 2.97 kW (Δ +0.17 kW, |z|=nan). Possible causes: a large appliance running outside its usual schedule, or overlapping medium loads."
2008-01-13 02:00:00,3.1269333,2.9541409593124293,0.1727923769455053,0.30316727778196007,0.1727923769455053,2,6,"[2008-01-13 02:00] Unusual spike on Sun 02:00 (overnight) detected by isolation forest: actual 3.13 kW vs expected 2.95 kW (Δ +0.17 kW, |z|=0.30). Possible causes: a device left on overnight, standby/defrost cycle, or a heating/cooling unit."
2007-02-18 01:00:00,3.8883667,3.715598468599989,0.172768230618761,0.26785475176265283,0.172768230618761,1,6,"[2007-02-18 01:00] Unusual spike on Sun 01:00 (overnight) detected by isolation forest: actual 3.89 kW vs expected 3.72 kW (Δ +0.17 kW, |z|=0.27). Possible causes: a device left on overnight, standby/defrost cycle, or a heating/cooling unit."
2007-03-25 02:00:00,2.3597333,2.1879273462752797,0.1718059968491099,0.26003898130242736,0.1718059968491099,2,6,"[2007-03-25 02:00] Unusual spike on Sun 02:00 (overnight) detected by isolation forest: actual 2.36 kW vs expected 2.19 kW (Δ +0.17 kW, |z|=0.26). Possible causes: a device left on overnight, standby/defrost cycle, or a heating/cooling unit."
2008-10-19 04:00:00,0.31193334,0.48363324235930216,-0.1716999037171818,-0.4506459693968265,0.1716999037171818,4,6,"[2008-10-19 04:00] Unusual drop on Sun 04:00 (overnight) detected by isolation forest: actual 0.31 kW vs expected 0.48 kW (Δ -0.17 kW, |z|=0.45). Possible causes: a device left on overnight, standby/defrost cycle, or a heating/cooling unit."
2008-10-25 00:00:00,0.4401333,0.6091529563016898,-0.16901965289783538,-0.44641512897050223,0.16901965289783538,0,5,"[2008-10-25 00:00] Unusual drop on Sat 00:00 (overnight) detected by isolation forest: actual 0.44 kW vs expected 0.61 kW (Δ -0.17 kW, |z|=0.45). Possible causes: a device left on overnight, standby/defrost cycle, or a heating/cooling unit."
2007-03-11 00:00:00,2.4479334,2.2800643102023868,0.16786912523767672,0.2125573664600267,0.16786912523767672,0,6,"[2007-03-11 00:00] Unusual spike on Sun 00:00 (overnight) detected by isolation forest: actual 2.45 kW vs expected 2.28 kW (Δ +0.17 kW, |z|=0.21). Possible causes: a device left on overnight, standby/defrost cycle, or a heating/cooling unit."
2007-03-05 22:00:00,2.1795666,2.347277266066551,-0.16771064428615556,-0.5932633837086427,0.16771064428615556,22,0,"[2007-03-05 22:00] Unusual drop on Mon 22:00 (late evening) detected by isolation forest: actual 2.18 kW vs expected 2.35 kW (Δ -0.17 kW, |z|=0.59). Possible causes: an unusual load combination late at night."
2007-02-11 17:00:00,1.5328667,1.3678323599214701,0.16503435646341758,0.38478794735990024,0.16503435646341758,17,6,"[2007-02-11 17:00] Unusual spike on Sun 17:00 (evening peak) detected by isolation forest: actual 1.53 kW vs expected 1.37 kW (Δ +0.17 kW, |z|=0.38). Possible causes: more high-power appliances running at once than usual."
2007-12-16 19:00:00,2.8342001,2.9988207952130215,-0.16462065139893456,-0.38795860975918395,0.16462065139893456,19,6,"[2007-12-16 19:00] Unusual drop on Sun 19:00 (evening peak) detected by isolation forest: actual 2.83 kW vs expected 3.00 kW (Δ -0.16 kW, |z|=0.39). Possible causes: more high-power appliances running at once than usual."
2008-02-20 22:00:00,2.3924334,2.2280517853134736,0.16438161960901176,0.2589937788327815,0.16438161960901176,22,2,"[2008-02-20 22:00] Unusual spike on Wed 22:00 (late evening) detected by isolation forest: actual 2.39 kW vs expected 2.23 kW (Δ +0.16 kW, |z|=0.26). Possible causes: an unusual load combination late at night."
2010-01-10 17:00:00,3.0710332,3.2345444241995533,-0.16351118483492932,-0.3105330288492408,0.16351118483492932,17,6,"[2010-01-10 17:00] Unusual drop on Sun 17:00 (evening peak) detected by isolation forest: actual 3.07 kW vs expected 3.23 kW (Δ -0.16 kW, |z|=0.31). Possible causes: more high-power appliances running at once than usual."
2006-12-30 15:00:00,2.4495332,2.2864595191834294,0.16307370492240558,,0.16307370492240558,15,5,"[2006-12-30 15:00] Unusual spike on Sat 15:00 (daytime) detected by isolation forest: actual 2.45 kW vs expected 2.29 kW (Δ +0.16 kW, |z|=nan). Possible causes: a large appliance running outside its usual schedule, or overlapping medium loads."
2006-12-26 00:00:00,2.4242666,2.2612075905046267,0.16305898626234105,,0.16305898626234105,0,1,"[2006-12-26 00:00] Unusual spike on Tue 00:00 (overnight) detected by isolation forest: actual 2.42 kW vs expected 2.26 kW (Δ +0.16 kW, |z|=nan). Possible causes: a device left on overnight, standby/defrost cycle, or a heating/cooling unit."
2007-03-04 20:00:00,4.0962,3.933721972325039,0.1624780169938087,0.5940104681564892,0.1624780169938087,20,6,"[2007-03-04 20:00] Unusual spike on Sun 20:00 (evening peak) detected by isolation forest: actual 4.10 kW vs expected 3.93 kW (Δ +0.16 kW, |z|=0.59). Possible causes: more high-power appliances running at once than usual."
2006-12-31 10:00:00,2.9149332,2.752883814323323,0.16204939032755572,0.24560620750434414,0.16204939032755572,10,6,"[2006-12-31 10:00] Unusual spike on Sun 10:00 (daytime) detected by isolation forest: actual 2.91 kW vs expected 2.75 kW (Δ +0.16 kW, |z|=0.25). Possible causes: a large appliance running outside its usual schedule, or overlapping medium loads."
2008-04-12 19:00:00,3.7197335,3.8802075589641185,-0.16047408232532456,-0.4753224644138206,0.16047408232532456,19,5,"[2008-04-12 19:00] Unusual drop on Sat 19:00 (evening peak) detected by isolation forest: actual 3.72 kW vs expected 3.88 kW (Δ -0.16 kW, |z|=0.48). Possible causes: more high-power appliances running at once than usual."
2007-02-03 22:00:00,3.3509333,3.1936474537336363,0.15728585963611463,0.2186509168988753,0.15728585963611463,22,5,"[2007-02-03 22:00] Unusual spike on Sat 22:00 (late evening) detected by isolation forest: actual 3.35 kW vs expected 3.19 kW (Δ +0.16 kW, |z|=0.22). Possible causes: an unusual load combination late at night."
2007-02-23 01:00:00,0.2963,0.4529787597953362,-0.1566787658034844,-0.4500829179733452,0.1566787658034844,1,4,"[2007-02-23 01:00] Unusual drop on Fri 01:00 (overnight) detected by isolation forest: actual 0.30 kW vs expected 0.45 kW (Δ -0.16 kW, |z|=0.45). Possible causes: a device left on overnight, standby/defrost cycle, or a heating/cooling unit."
2007-03-25 00:00:00,2.3765333,2.5329159750036507,-0.15638270512144858,-0.4980271655769156,0.15638270512144858,0,6,"[2007-03-25 00:00] Unusual drop on Sun 00:00 (overnight) detected by isolation forest: actual 2.38 kW vs expected 2.53 kW (Δ -0.16 kW, |z|=0.50). Possible causes: a device left on overnight, standby/defrost cycle, or a heating/cooling unit."
2007-03-07 22:00:00,2.7918,2.6356978368114254,0.1561021853138187,0.3228870678381074,0.1561021853138187,22,2,"[2007-03-07 22:00] Unusual spike on Wed 22:00 (late evening) detected by isolation forest: actual 2.79 kW vs expected 2.64 kW (Δ +0.16 kW, |z|=0.32). Possible causes: an unusual load combination late at night."
2007-02-04 18:00:00,2.6762002,2.831787852240764,-0.15558770079728257,-0.4078591543823846,0.15558770079728257,18,6,"[2007-02-04 18:00] Unusual drop on Sun 18:00 (evening peak) detected by isolation forest: actual 2.68 kW vs expected 2.83 kW (Δ -0.16 kW, |z|=0.41). Possible causes: more high-power appliances running at once than usual."
2009-10-24 21:00:00,3.1151335,2.963031302047711,0.15210222189332923,0.2621105481678361,0.15210222189332923,21,5,"[2009-10-24 21:00] Unusual spike on Sat 21:00 (evening peak) detected by isolation forest: actual 3.12 kW vs expected 2.96 kW (Δ +0.15 kW, |z|=0.26). Possible causes: more high-power appliances running at once than usual."
2008-11-09 22:00:00,1.7098,1.5591211841416068,0.15067882081749961,0.20023856003124393,0.15067882081749961,22,6,"[2008-11-09 22:00] Unusual spike on Sun 22:00 (late evening) detected by isolation forest: actual 1.71 kW vs expected 1.56 kW (Δ +0.15 kW, |z|=0.20). Possible causes: an unusual load combination late at night."
2009-02-07 18:00:00,3.0493667,2.898733360631553,0.15063335193863736,0.3170386845267522,0.15063335193863736,18,5,"[2009-02-07 18:00] Unusual spike on Sat 18:00 (evening peak) detected by isolation forest: actual 3.05 kW vs expected 2.90 kW (Δ +0.15 kW, |z|=0.32). Possible causes: more high-power appliances running at once than usual."
2007-01-14 23:00:00,1.3745333,1.2248689454543094,0.14966435017709934,0.20528358788098375,0.14966435017709934,23,6,"[2007-01-14 23:00] Unusual spike on Sun 23:00 (late evening) detected by isolation forest: actual 1.37 kW vs expected 1.22 kW (Δ +0.15 kW, |z|=0.21). Possible causes: an unusual load combination late at night."
2007-02-20 22:00:00,1.9939001,1.845338957077671,0.14856110357601549,0.13249872147154249,0.14856110357601549,22,1,"[2007-02-20 22:00] Unusual spike on Tue 22:00 (late evening) detected by isolation forest: actual 1.99 kW vs expected 1.85 kW (Δ +0.15 kW, |z|=0.13). Possible causes: an unusual load combination late at night."
2008-11-16 01:00:00,2.3302665,2.1817476054569807,0.14851887022050958,0.15899316893512286,0.14851887022050958,1,6,"[2008-11-16 01:00] Unusual spike on Sun 01:00 (overnight) detected by isolation forest: actual 2.33 kW vs expected 2.18 kW (Δ +0.15 kW, |z|=0.16). Possible causes: a device left on overnight, standby/defrost cycle, or a heating/cooling unit."
2007-12-23 22:00:00,1.7142667,1.8624215476865484,-0.14815488985726377,-0.4119302011860009,0.14815488985726377,22,6,"[2007-12-23 22:00] Unusual drop on Sun 22:00 (late evening) detected by isolation forest: actual 1.71 kW vs expected 1.86 kW (Δ -0.15 kW, |z|=0.41). Possible causes: an unusual load combination late at night."
2009-01-31 18:00:00,3.7634,3.911288772747424,-0.14788869492759993,-0.3458884493733166,0.14788869492759993,18,5,"[2009-01-31 18:00] Unusual drop on Sat 18:00 (evening peak) detected by isolation forest: actual 3.76 kW vs expected 3.91 kW (Δ -0.15 kW, |z|=0.35). Possible causes: more high-power appliances running at once than usual."
2007-03-12 00:00:00,0.30773336,0.45478604508596093,-0.1470526881332937,-0.49082344226202906,0.1470526881332937,0,0,"[2007-03-12 00:00] Unusual drop on Mon 00:00 (overnight) detected by isolation forest: actual 0.31 kW vs expected 0.45 kW (Δ -0.15 kW, |z|=0.49). Possible causes: a device left on overnight, standby/defrost cycle, or a heating/cooling unit."
2007-12-16 17:00:00,2.4749668,2.3280970916301214,0.1468696728199519,0.2954909804711352,0.1468696728199519,17,6,"[2007-12-16 17:00] Unusual spike on Sun 17:00 (evening peak) detected by isolation forest: actual 2.47 kW vs expected 2.33 kW (Δ +0.15 kW, |z|=0.30). Possible causes: more high-power appliances running at once than usual."
2007-03-25 09:00:00,2.6818001,2.537341000845599,0.14445912618381973,0.21365954835886647,0.14445912618381973,9,6,"[2007-03-25 09:00] Unusual spike on Sun 09:00 (morning) detected by isolation forest: actual 2.68 kW vs expected 2.54 kW (Δ +0.14 kW, |z|=0.21). Possible causes: a heavy start-of-day routine or several devices switching on at once."
2008-12-07 20:00:00,3.0081668,3.1509627933634947,-0.1427960033549498,-0.33019151715817374,0.1427960033549498,20,6,"[2008-12-07 20:00] Unusual drop on Sun 20:00 (evening peak) detected by isolation forest: actual 3.01 kW vs expected 3.15 kW (Δ -0.14 kW, |z|=0.33). Possible causes: more high-power appliances running at once than usual."
2008-02-16 22:00:00,2.7087333,2.566072333613594,0.14266098662261184,0.2290366402178157,0.14266098662261184,22,5,"[2008-02-16 22:00] Unusual spike on Sat 22:00 (late evening) detected by isolation forest: actual 2.71 kW vs expected 2.57 kW (Δ +0.14 kW, |z|=0.23). Possible causes: an unusual load combination late at night."
2008-11-09 21:00:00,2.7956336,2.938262265294552,-0.14262871083593387,-0.4574977137448036,0.14262871083593387,21,6,"[2008-11-09 21:00] Unusual drop on Sun 21:00 (evening peak) detected by isolation forest: actual 2.80 kW vs expected 2.94 kW (Δ -0.14 kW, |z|=0.46). Possible causes: more high-power appliances running at once than usual."
2007-03-25 21:00:00,3.5205333,3.3785400930282146,0.1419932302597493,0.20717999680333496,0.1419932302597493,21,6,"[2007-03-25 21:00] Unusual spike on Sun 21:00 (evening peak) detected by isolation forest: actual 3.52 kW vs expected 3.38 kW (Δ +0.14 kW, |z|=0.21). Possible causes: more high-power appliances running at once than usual."
2007-04-05 22:00:00,2.6854334,2.543476523269398,0.14195686448694955,0.24300529287772535,0.14195686448694955,22,3,"[2007-04-05 22:00] Unusual spike on Thu 22:00 (late evening) detected by isolation forest: actual 2.69 kW vs expected 2.54 kW (Δ +0.14 kW, |z|=0.24). Possible causes: an unusual load combination late at night."
2008-11-24 10:00:00,2.4366333,2.2948757982336723,0.14175755023129355,0.22558634233494182,0.14175755023129355,10,0,"[2008-11-24 10:00] Unusual spike on Mon 10:00 (daytime) detected by isolation forest: actual 2.44 kW vs expected 2.29 kW (Δ +0.14 kW, |z|=0.23). Possible causes: a large appliance running outside its usual schedule, or overlapping medium loads."
2007-02-18 13:00:00,3.3369334,3.1952168787158333,0.14171649568907396,0.209369462909904,0.14171649568907396,13,6,"[2007-02-18 13:00] Unusual spike on Sun 13:00 (daytime) detected by isolation forest: actual 3.34 kW vs expected 3.20 kW (Δ +0.14 kW, |z|=0.21). Possible causes: a large appliance running outside its usual schedule, or overlapping medium loads."
2007-01-22 00:00:00,0.31603333,0.4557780578445357,-0.1397447243045729,-0.3955068881084545,0.1397447243045729,0,0,"[2007-01-22 00:00] Unusual drop on Mon 00:00 (overnight) detected by isolation forest: actual 0.32 kW vs expected 0.46 kW (Δ -0.14 kW, |z|=0.40). Possible causes: a device left on overnight, standby/defrost cycle, or a heating/cooling unit."
2006-12-24 04:00:00,1.5761,1.7144540589165345,-0.13835406711813358,,0.13835406711813358,4,6,"[2006-12-24 04:00] Unusual drop on Sun 04:00 (overnight) detected by isolation forest: actual 1.58 kW vs expected 1.71 kW (Δ -0.14 kW, |z|=nan). Possible causes: a device left on overnight, standby/defrost cycle, or a heating/cooling unit."
2007-01-08 21:00:00,2.5076332,2.6446273187156955,-0.13699410948717983,-0.2542356185988076,0.13699410948717983,21,0,"[2007-01-08 21:00] Unusual drop on Mon 21:00 (evening peak) detected by isolation forest: actual 2.51 kW vs expected 2.64 kW (Δ -0.14 kW, |z|=0.25). Possible causes: more high-power appliances running at once than usual."
2007-02-11 15:00:00,2.9344666,2.7979396121337397,0.13652698828435117,0.29677262732213494,0.13652698828435117,15,6,"[2007-02-11 15:00] Unusual spike on Sun 15:00 (daytime) detected by isolation forest: actual 2.93 kW vs expected 2.80 kW (Δ +0.14 kW, |z|=0.30). Possible causes: a large appliance running outside its usual schedule, or overlapping medium loads."
2009-01-17 01:00:00,1.4293333,1.5657101197840517,-0.1363767905833071,-0.4089699558980101,0.1363767905833071,1,5,"[2009-01-17 01:00] Unusual drop on Sat 01:00 (overnight) detected by isolation forest: actual 1.43 kW vs expected 1.57 kW (Δ -0.14 kW, |z|=0.41). Possible causes: a device left on overnight, standby/defrost cycle, or a heating/cooling unit."
2007-03-25 22:00:00,2.8180666,2.681813950349851,0.13625264663501246,0.1890546001346555,0.13625264663501246,22,6,"[2007-03-25 22:00] Unusual spike on Sun 22:00 (late evening) detected by isolation forest: actual 2.82 kW vs expected 2.68 kW (Δ +0.14 kW, |z|=0.19). Possible causes: an unusual load combination late at night."
2007-04-08 00:00:00,2.7907667,2.6553861260460114,0.13538058995740654,0.3177469577039956,0.13538058995740654,0,6,"[2007-04-08 00:00] Unusual spike on Sun 00:00 (overnight) detected by isolation forest: actual 2.79 kW vs expected 2.66 kW (Δ +0.14 kW, |z|=0.32). Possible causes: a device left on overnight, standby/defrost cycle, or a heating/cooling unit."
2007-03-05 21:00:00,3.5115001,3.3769580178143905,0.13454210234857333,0.34778544747202955,0.13454210234857333,21,0,"[2007-03-05 21:00] Unusual spike on Mon 21:00 (evening peak) detected by isolation forest: actual 3.51 kW vs expected 3.38 kW (Δ +0.13 kW, |z|=0.35). Possible causes: more high-power appliances running at once than usual."
2009-02-11 21:00:00,3.4668334,3.3339695720005516,0.132863781042051,0.21198369334746983,0.132863781042051,21,2,"[2009-02-11 21:00] Unusual spike on Wed 21:00 (evening peak) detected by isolation forest: actual 3.47 kW vs expected 3.33 kW (Δ +0.13 kW, |z|=0.21). Possible causes: more high-power appliances running at once than usual."
2008-11-16 23:00:00,0.66800004,0.8006387617775181,-0.13263871933901106,-0.4035921513476132,0.13263871933901106,23,6,"[2008-11-16 23:00] Unusual drop on Sun 23:00 (late evening) detected by isolation forest: actual 0.67 kW vs expected 0.80 kW (Δ -0.13 kW, |z|=0.40). Possible causes: an unusual load combination late at night."
2007-01-01 06:00:00,2.4558,2.324233916048905,0.13156614040861436,0.0913768282808337,0.13156614040861436,6,0,"[2007-01-01 06:00] Unusual spike on Mon 06:00 (morning) detected by isolation forest: actual 2.46 kW vs expected 2.32 kW (Δ +0.13 kW, |z|=0.09). Possible causes: a heavy start-of-day routine or several devices switching on at once."
2008-11-23 23:00:00,2.8124335,2.9429596691740336,-0.13052618795760296,-0.38907867228827925,0.13052618795760296,23,6,"[2008-11-23 23:00] Unusual drop on Sun 23:00 (late evening) detected by isolation forest: actual 2.81 kW vs expected 2.94 kW (Δ -0.13 kW, |z|=0.39). Possible causes: an unusual load combination late at night."
2008-02-03 20:00:00,2.9810998,3.1078593127384626,-0.12675946875958077,-0.26515400136677447,0.12675946875958077,20,6,"[2008-02-03 20:00] Unusual drop on Sun 20:00 (evening peak) detected by isolation forest: actual 2.98 kW vs expected 3.11 kW (Δ -0.13 kW, |z|=0.27). Possible causes: more high-power appliances running at once than usual."
2009-02-22 18:00:00,3.9983668,3.8727814364208295,0.1255853963123248,0.5197417973186284,0.1255853963123248,18,6,"[2009-02-22 18:00] Unusual spike on Sun 18:00 (evening peak) detected by isolation forest: actual 4.00 kW vs expected 3.87 kW (Δ +0.13 kW, |z|=0.52). Possible causes: more high-power appliances running at once than usual."
2007-02-04 19:00:00,3.1262667,3.0049462595910574,0.12132045831970917,0.16911656292514268,0.12132045831970917,19,6,"[2007-02-04 19:00] Unusual spike on Sun 19:00 (evening peak) detected by isolation forest: actual 3.13 kW vs expected 3.00 kW (Δ +0.12 kW, |z|=0.17). Possible causes: more high-power appliances running at once than usual."
2008-04-13 21:00:00,2.5549333,2.6759836729695006,-0.12105036341444686,-0.3669877899163482,0.12105036341444686,21,6,"[2008-04-13 21:00] Unusual drop on Sun 21:00 (evening peak) detected by isolation forest: actual 2.55 kW vs expected 2.68 kW (Δ -0.12 kW, |z|=0.37). Possible causes: more high-power appliances running at once than usual."
2007-03-05 17:00:00,2.7113,2.591669459372078,0.11963043686815622,0.3645641707505351,0.11963043686815622,17,0,"[2007-03-05 17:00] Unusual spike on Mon 17:00 (evening peak) detected by isolation forest: actual 2.71 kW vs expected 2.59 kW (Δ +0.12 kW, |z|=0.36). Possible causes: more high-power appliances running at once than usual."
2008-11-06 00:00:00,0.31106666,0.4289649023049316,-0.11789824500016782,-0.26075547537717825,0.11789824500016782,0,3,"[2008-11-06 00:00] Unusual drop on Thu 00:00 (overnight) detected by isolation forest: actual 0.31 kW vs expected 0.43 kW (Δ -0.12 kW, |z|=0.26). Possible causes: a device left on overnight, standby/defrost cycle, or a heating/cooling unit."
2007-03-25 01:00:00,2.3226333,2.20492143546068,0.11771183098829452,0.13691903599617905,0.11771183098829452,1,6,"[2007-03-25 01:00] Unusual spike on Sun 01:00 (overnight) detected by isolation forest: actual 2.32 kW vs expected 2.20 kW (Δ +0.12 kW, |z|=0.14). Possible causes: a device left on overnight, standby/defrost cycle, or a heating/cooling unit."
2008-01-13 19:00:00,3.80455,3.6879683495235995,0.11658158295625887,0.17253024007771567,0.11658158295625887,19,6,"[2008-01-13 19:00] Unusual spike on Sun 19:00 (evening peak) detected by isolation forest: actual 3.80 kW vs expected 3.69 kW (Δ +0.12 kW, |z|=0.17). Possible causes: more high-power appliances running at once than usual."
2007-01-01 11:00:00,2.576,2.4610431367298564,0.11495683847461136,0.06520747212633636,0.11495683847461136,11,0,"[2007-01-01 11:00] Unusual spike on Mon 11:00 (daytime) detected by isolation forest: actual 2.58 kW vs expected 2.46 kW (Δ +0.11 kW, |z|=0.07). Possible causes: a large appliance running outside its usual schedule, or overlapping medium loads."
2006-12-25 23:00:00,2.5922332,2.7058413882465255,-0.11360820724676968,,0.11360820724676968,23,0,"[2006-12-25 23:00] Unusual drop on Mon 23:00 (late evening) detected by isolation forest: actual 2.59 kW vs expected 2.71 kW (Δ -0.11 kW, |z|=nan). Possible causes: an unusual load combination late at night."
2009-10-24 23:00:00,2.6887002,2.5760049394732163,0.11269525965398097,0.1983114679131481,0.11269525965398097,23,5,"[2009-10-24 23:00] Unusual spike on Sat 23:00 (late evening) detected by isolation forest: actual 2.69 kW vs expected 2.58 kW (Δ +0.11 kW, |z|=0.20). Possible causes: an unusual load combination late at night."
2007-11-10 20:00:00,3.5419335,3.429262958151339,0.11267057837820182,0.06455301292866757,0.11267057837820182,20,5,"[2007-11-10 20:00] Unusual spike on Sat 20:00 (evening peak) detected by isolation forest: actual 3.54 kW vs expected 3.43 kW (Δ +0.11 kW, |z|=0.06). Possible causes: more high-power appliances running at once than usual."
2007-01-11 21:00:00,2.8803668,2.992712218552272,-0.1123454163366957,-0.258666134424779,0.1123454163366957,21,3,"[2007-01-11 21:00] Unusual drop on Thu 21:00 (evening peak) detected by isolation forest: actual 2.88 kW vs expected 2.99 kW (Δ -0.11 kW, |z|=0.26). Possible causes: more high-power appliances running at once than usual."
2006-12-26 01:00:00,2.4026334,2.290399768592494,0.11223365998111445,,0.11223365998111445,1,1,"[2006-12-26 01:00] Unusual spike on Tue 01:00 (overnight) detected by isolation forest: actual 2.40 kW vs expected 2.29 kW (Δ +0.11 kW, |z|=nan). Possible causes: a device left on overnight, standby/defrost cycle, or a heating/cooling unit."
2007-12-23 01:00:00,0.7090666,0.5993979419689289,0.10966868744086111,0.14133551907875808,0.10966868744086111,1,6,"[2007-12-23 01:00] Unusual spike on Sun 01:00 (overnight) detected by isolation forest: actual 0.71 kW vs expected 0.60 kW (Δ +0.11 kW, |z|=0.14). Possible causes: a device left on overnight, standby/defrost cycle, or a heating/cooling unit."
2007-03-31 23:00:00,2.4766,2.368545908427418,0.10805402328950109,0.16597575362197756,0.10805402328950109,23,5,"[2007-03-31 23:00] Unusual spike on Sat 23:00 (late evening) detected by isolation forest: actual 2.48 kW vs expected 2.37 kW (Δ +0.11 kW, |z|=0.17). Possible causes: an unusual load combination late at night."
2009-02-22 19:00:00,3.8481667,3.740524151250446,0.10764255292741032,0.46925125951540864,0.10764255292741032,19,6,"[2009-02-22 19:00] Unusual spike on Sun 19:00 (evening peak) detected by isolation forest: actual 3.85 kW vs expected 3.74 kW (Δ +0.11 kW, |z|=0.47). Possible causes: more high-power appliances running at once than usual."
2009-01-16 22:00:00,2.6485333,2.755234906631072,-0.10670156236227335,-0.32930110567375015,0.10670156236227335,22,4,"[2009-01-16 22:00] Unusual drop on Fri 22:00 (late evening) detected by isolation forest: actual 2.65 kW vs expected 2.76 kW (Δ -0.11 kW, |z|=0.33). Possible causes: an unusual load combination late at night."
2008-11-24 02:00:00,1.456,1.350031307364272,0.10596866307182418,0.17456900444418344,0.10596866307182418,2,0,"[2008-11-24 02:00] Unusual spike on Mon 02:00 (overnight) detected by isolation forest: actual 1.46 kW vs expected 1.35 kW (Δ +0.11 kW, |z|=0.17). Possible causes: a device left on overnight, standby/defrost cycle, or a heating/cooling unit."
2008-03-05 23:00:00,1.6806666,1.785939945542451,-0.10527337964737038,-0.22758127717386864,0.10527337964737038,23,2,"[2008-03-05 23:00] Unusual drop on Wed 23:00 (late evening) detected by isolation forest: actual 1.68 kW vs expected 1.79 kW (Δ -0.11 kW, |z|=0.23). Possible causes: an unusual load combination late at night."
2008-04-13 02:00:00,1.4083,1.3033193231448221,0.10498071900758266,0.12574761301534051,0.10498071900758266,2,6,"[2008-04-13 02:00] Unusual spike on Sun 02:00 (overnight) detected by isolation forest: actual 1.41 kW vs expected 1.30 kW (Δ +0.10 kW, |z|=0.13). Possible causes: a device left on overnight, standby/defrost cycle, or a heating/cooling unit."
2008-11-30 22:00:00,2.4856,2.5905160252365795,-0.1049160305771557,-0.477095977920397,0.1049160305771557,22,6,"[2008-11-30 22:00] Unusual drop on Sun 22:00 (late evening) detected by isolation forest: actual 2.49 kW vs expected 2.59 kW (Δ -0.10 kW, |z|=0.48). Possible causes: an unusual load combination late at night."
2007-01-14 20:00:00,3.1929002,3.295890541850064,-0.10299036103341352,-0.3664793655886558,0.10299036103341352,20,6,"[2007-01-14 20:00] Unusual drop on Sun 20:00 (evening peak) detected by isolation forest: actual 3.19 kW vs expected 3.30 kW (Δ -0.10 kW, |z|=0.37). Possible causes: more high-power appliances running at once than usual."
2007-02-04 22:00:00,1.5812334,1.4784467084475055,0.10278667377753115,0.11929586034077158,0.10278667377753115,22,6,"[2007-02-04 22:00] Unusual spike on Sun 22:00 (late evening) detected by isolation forest: actual 1.58 kW vs expected 1.48 kW (Δ +0.10 kW, |z|=0.12). Possible causes: an unusual load combination late at night."
2007-02-10 00:00:00,0.37226668,0.47474919954442674,-0.10248251954221421,-0.2794215350533428,0.10248251954221421,0,5,"[2007-02-10 00:00] Unusual drop on Sat 00:00 (overnight) detected by isolation forest: actual 0.37 kW vs expected 0.47 kW (Δ -0.10 kW, |z|=0.28). Possible causes: a device left on overnight, standby/defrost cycle, or a heating/cooling unit."
2007-02-19 22:00:00,2.6383333,2.535931829005857,0.10240149161181877,0.10325540405603306,0.10240149161181877,22,0,"[2007-02-19 22:00] Unusual spike on Mon 22:00 (late evening) detected by isolation forest: actual 2.64 kW vs expected 2.54 kW (Δ +0.10 kW, |z|=0.10). Possible causes: an unusual load combination late at night."
2007-01-24 10:00:00,2.6324666,2.530650184430373,0.10181637021135082,0.075917221448761,0.10181637021135082,10,2,"[2007-01-24 10:00] Unusual spike on Wed 10:00 (daytime) detected by isolation forest: actual 2.63 kW vs expected 2.53 kW (Δ +0.10 kW, |z|=0.08). Possible causes: a large appliance running outside its usual schedule, or overlapping medium loads."
2007-12-09 20:00:00,3.6497664,3.7512385450653327,-0.10147209990542061,-0.2510351593200668,0.10147209990542061,20,6,"[2007-12-09 20:00] Unusual drop on Sun 20:00 (evening peak) detected by isolation forest: actual 3.65 kW vs expected 3.75 kW (Δ -0.10 kW, |z|=0.25). Possible causes: more high-power appliances running at once than usual."
2009-01-31 20:00:00,3.9,3.799340914895745,0.10065918047168676,0.16295597031319092,0.10065918047168676,20,5,"[2009-01-31 20:00] Unusual spike on Sat 20:00 (evening peak) detected by isolation forest: actual 3.90 kW vs expected 3.80 kW (Δ +0.10 kW, |z|=0.16). Possible causes: more high-power appliances running at once than usual."
2009-01-25 21:00:00,1.2008334,1.3002219311062155,-0.0993884912792502,-0.17327396384058932,0.0993884912792502,21,6,"[2009-01-25 21:00] Unusual drop on Sun 21:00 (evening peak) detected by isolation forest: actual 1.20 kW vs expected 1.30 kW (Δ -0.10 kW, |z|=0.17). Possible causes: more high-power appliances running at once than usual."
2007-01-22 23:00:00,1.6302667,1.5323901553633823,0.09787651104897122,0.10235864758556629,0.09787651104897122,23,0,"[2007-01-22 23:00] Unusual spike on Mon 23:00 (late evening) detected by isolation forest: actual 1.63 kW vs expected 1.53 kW (Δ +0.10 kW, |z|=0.10). Possible causes: an unusual load combination late at night."
2007-12-08 22:00:00,1.4763666,1.573662215206241,-0.09729557606897288,-0.2533116547628225,0.09729557606897288,22,5,"[2007-12-08 22:00] Unusual drop on Sat 22:00 (late evening) detected by isolation forest: actual 1.48 kW vs expected 1.57 kW (Δ -0.10 kW, |z|=0.25). Possible causes: an unusual load combination late at night."
2006-12-23 18:00:00,3.8793998,3.9763518134528617,-0.09695203699412147,,0.09695203699412147,18,5,"[2006-12-23 18:00] Unusual drop on Sat 18:00 (evening peak) detected by isolation forest: actual 3.88 kW vs expected 3.98 kW (Δ -0.10 kW, |z|=nan). Possible causes: more high-power appliances running at once than usual."
2010-01-24 14:00:00,2.6195333,2.524703606844053,0.09482969355572735,0.052271690220723296,0.09482969355572735,14,6,"[2010-01-24 14:00] Unusual spike on Sun 14:00 (daytime) detected by isolation forest: actual 2.62 kW vs expected 2.52 kW (Δ +0.09 kW, |z|=0.05). Possible causes: a large appliance running outside its usual schedule, or overlapping medium loads."
2007-02-11 01:00:00,2.0002,2.0949891945979413,-0.0947891614100751,-0.22769196780202228,0.0947891614100751,1,6,"[2007-02-11 01:00] Unusual drop on Sun 01:00 (overnight) detected by isolation forest: actual 2.00 kW vs expected 2.09 kW (Δ -0.09 kW, |z|=0.23). Possible causes: a device left on overnight, standby/defrost cycle, or a heating/cooling unit."
2007-02-03 23:00:00,2.7341,2.826460328906447,-0.09236022552815104,-0.299575441938944,0.09236022552815104,23,5,"[2007-02-03 23:00] Unusual drop on Sat 23:00 (late evening) detected by isolation forest: actual 2.73 kW vs expected 2.83 kW (Δ -0.09 kW, |z|=0.30). Possible causes: an unusual load combination late at night."
2008-10-19 19:00:00,2.1282666,2.036563415205065,0.09170315774720539,0.18015919727775387,0.09170315774720539,19,6,"[2008-10-19 19:00] Unusual spike on Sun 19:00 (evening peak) detected by isolation forest: actual 2.13 kW vs expected 2.04 kW (Δ +0.09 kW, |z|=0.18). Possible causes: more high-power appliances running at once than usual."
2007-01-20 23:00:00,1.1192666,1.209987373311929,-0.0907207440928739,-0.2723355826379385,0.0907207440928739,23,5,"[2007-01-20 23:00] Unusual drop on Sat 23:00 (late evening) detected by isolation forest: actual 1.12 kW vs expected 1.21 kW (Δ -0.09 kW, |z|=0.27). Possible causes: an unusual load combination late at night."
2009-12-25 01:00:00,1.4057001,1.3184240792462767,0.08727600830102555,0.08414410881748294,0.08727600830102555,1,4,"[2009-12-25 01:00] Unusual spike on Fri 01:00 (overnight) detected by isolation forest: actual 1.41 kW vs expected 1.32 kW (Δ +0.09 kW, |z|=0.08). Possible causes: a device left on overnight, standby/defrost cycle, or a heating/cooling unit."
2007-01-14 01:00:00,2.9160001,2.829062682191726,0.08693744560063221,0.0412377514851575,0.08693744560063221,1,6,"[2007-01-14 01:00] Unusual spike on Sun 01:00 (overnight) detected by isolation forest: actual 2.92 kW vs expected 2.83 kW (Δ +0.09 kW, |z|=0.04). Possible causes: a device left on overnight, standby/defrost cycle, or a heating/cooling unit."
2009-11-03 22:00:00,1.9600333,1.8731785633054903,0.08685473423326706,0.16544661358839477,0.08685473423326706,22,1,"[2009-11-03 22:00] Unusual spike on Tue 22:00 (late evening) detected by isolation forest: actual 1.96 kW vs expected 1.87 kW (Δ +0.09 kW, |z|=0.17). Possible causes: an unusual load combination late at night."
2009-03-01 18:00:00,1.6993667,1.6131231534084185,0.08624353531991402,0.060323032889857055,0.08624353531991402,18,6,"[2009-03-01 18:00] Unusual spike on Sun 18:00 (evening peak) detected by isolation forest: actual 1.70 kW vs expected 1.61 kW (Δ +0.09 kW, |z|=0.06). Possible causes: more high-power appliances running at once than usual."
2008-11-23 22:00:00,3.3073,3.2213159392622814,0.08598415152751349,0.12884309849811185,0.08598415152751349,22,6,"[2008-11-23 22:00] Unusual spike on Sun 22:00 (late evening) detected by isolation forest: actual 3.31 kW vs expected 3.22 kW (Δ +0.09 kW, |z|=0.13). Possible causes: an unusual load combination late at night."
2010-01-10 18:00:00,2.9439332,3.0285113900077447,-0.08457814148784726,-0.19592329260188152,0.08457814148784726,18,6,"[2010-01-10 18:00] Unusual drop on Sun 18:00 (evening peak) detected by isolation forest: actual 2.94 kW vs expected 3.03 kW (Δ -0.08 kW, |z|=0.20). Possible causes: more high-power appliances running at once than usual."
2007-03-11 21:00:00,2.8499668,2.9337677150012484,-0.0838009505511752,-0.33212640763052953,0.0838009505511752,21,6,"[2007-03-11 21:00] Unusual drop on Sun 21:00 (evening peak) detected by isolation forest: actual 2.85 kW vs expected 2.93 kW (Δ -0.08 kW, |z|=0.33). Possible causes: more high-power appliances running at once than usual."
2007-01-01 12:00:00,2.6158667,2.534216620810154,0.08165004026162315,5.883955804988011e-05,0.08165004026162315,12,0,"[2007-01-01 12:00] Unusual spike on Mon 12:00 (daytime) detected by isolation forest: actual 2.62 kW vs expected 2.53 kW (Δ +0.08 kW, |z|=0.00). Possible causes: a large appliance running outside its usual schedule, or overlapping medium loads."
2007-11-10 22:00:00,3.1269333,3.0453310472659947,0.08160228899193989,-0.013402030873157477,0.08160228899193989,22,5,"[2007-11-10 22:00] Unusual spike on Sat 22:00 (late evening) detected by isolation forest: actual 3.13 kW vs expected 3.05 kW (Δ +0.08 kW, |z|=0.01). Possible causes: an unusual load combination late at night."
2009-01-31 23:00:00,3.1038,3.1852175271508223,-0.08141746878595413,-0.23285943048634955,0.08141746878595413,23,5,"[2009-01-31 23:00] Unusual drop on Sat 23:00 (late evening) detected by isolation forest: actual 3.10 kW vs expected 3.19 kW (Δ -0.08 kW, |z|=0.23). Possible causes: an unusual load combination late at night."
2006-12-31 19:00:00,2.4342666,2.514289560372303,-0.08002299314207839,-0.3108241596255178,0.08002299314207839,19,6,"[2006-12-31 19:00] Unusual drop on Sun 19:00 (evening peak) detected by isolation forest: actual 2.43 kW vs expected 2.51 kW (Δ -0.08 kW, |z|=0.31). Possible causes: more high-power appliances running at once than usual."
2008-10-19 23:00:00,0.6638334,0.7438017865040277,-0.07996840675854433,-0.20342099334063646,0.07996840675854433,23,6,"[2008-10-19 23:00] Unusual drop on Sun 23:00 (late evening) detected by isolation forest: actual 0.66 kW vs expected 0.74 kW (Δ -0.08 kW, |z|=0.20). Possible causes: an unusual load combination late at night."
2008-11-05 20:00:00,2.8910334,2.9708796088629428,-0.0798461978369418,-0.1328638188256594,0.0798461978369418,20,2,"[2008-11-05 20:00] Unusual drop on Wed 20:00 (evening peak) detected by isolation forest: actual 2.89 kW vs expected 2.97 kW (Δ -0.08 kW, |z|=0.13). Possible causes: more high-power appliances running at once than usual."
2006-12-26 18:00:00,3.2467,3.3248754996883054,-0.07817545124165015,,0.07817545124165015,18,1,"[2006-12-26 18:00] Unusual drop on Tue 18:00 (evening peak) detected by isolation forest: actual 3.25 kW vs expected 3.32 kW (Δ -0.08 kW, |z|=nan). Possible causes: more high-power appliances running at once than usual."
2007-01-11 20:00:00,3.7062669,3.784216667788613,-0.07794978775321271,-0.17868489704037993,0.07794978775321271,20,3,"[2007-01-11 20:00] Unusual drop on Thu 20:00 (evening peak) detected by isolation forest: actual 3.71 kW vs expected 3.78 kW (Δ -0.08 kW, |z|=0.18). Possible causes: more high-power appliances running at once than usual."
2007-02-22 23:00:00,2.9555333,2.8777695857734216,0.07776368029408331,-0.003853065348430035,0.07776368029408331,23,3,"[2007-02-22 23:00] Unusual spike on Thu 23:00 (late evening) detected by isolation forest: actual 2.96 kW vs expected 2.88 kW (Δ +0.08 kW, |z|=0.00). Possible causes: an unusual load combination late at night."
2009-12-21 23:00:00,1.6981,1.6212614139107921,0.07683855690677377,0.20747672654257904,0.07683855690677377,23,0,"[2009-12-21 23:00] Unusual spike on Mon 23:00 (late evening) detected by isolation forest: actual 1.70 kW vs expected 1.62 kW (Δ +0.08 kW, |z|=0.21). Possible causes: an unusual load combination late at night."
2007-02-20 09:00:00,2.6696665,2.745527435391997,-0.07586090669021495,-0.32532585023747695,0.07586090669021495,9,1,"[2007-02-20 09:00] Unusual drop on Tue 09:00 (morning) detected by isolation forest: actual 2.67 kW vs expected 2.75 kW (Δ -0.08 kW, |z|=0.33). Possible causes: a heavy start-of-day routine or several devices switching on at once."
2008-01-15 21:00:00,2.5256999,2.600329490469776,-0.07462963657268107,-0.2567775261265857,0.07462963657268107,21,1,"[2008-01-15 21:00] Unusual drop on Tue 21:00 (evening peak) detected by isolation forest: actual 2.53 kW vs expected 2.60 kW (Δ -0.07 kW, |z|=0.26). Possible causes: more high-power appliances running at once than usual."
2008-01-13 04:00:00,2.0555665,2.126292218001698,-0.07072566870055041,-0.23037338559864287,0.07072566870055041,4,6,"[2008-01-13 04:00] Unusual drop on Sun 04:00 (overnight) detected by isolation forest: actual 2.06 kW vs expected 2.13 kW (Δ -0.07 kW, |z|=0.23). Possible causes: a device left on overnight, standby/defrost cycle, or a heating/cooling unit."
2006-12-24 00:00:00,4.028,4.098488712553245,-0.07048883462355793,,0.07048883462355793,0,6,"[2006-12-24 00:00] Unusual drop on Sun 00:00 (overnight) detected by isolation forest: actual 4.03 kW vs expected 4.10 kW (Δ -0.07 kW, |z|=nan). Possible causes: a device left on overnight, standby/defrost cycle, or a heating/cooling unit."
2007-03-18 21:00:00,2.8092,2.739710438345842,0.06948961010081334,0.13192390568780138,0.06948961010081334,21,6,"[2007-03-18 21:00] Unusual spike on Sun 21:00 (evening peak) detected by isolation forest: actual 2.81 kW vs expected 2.74 kW (Δ +0.07 kW, |z|=0.13). Possible causes: more high-power appliances running at once than usual."
2008-08-22 23:00:00,0.17600001,0.2441183044981961,-0.06811829055070923,-4.181336433311509,0.06811829055070923,23,4,"[2008-08-22 23:00] Unusual drop on Fri 23:00 (late evening) detected by residual z-score: actual 0.18 kW vs expected 0.24 kW (Δ -0.07 kW, |z|=4.18). Possible causes: an unusual load combination late at night."
2008-02-02 23:00:00,3.4448001,3.512638933058091,-0.06783879458458042,-0.17361649217722913,0.06783879458458042,23,5,"[2008-02-02 23:00] Unusual drop on Sat 23:00 (late evening) detected by isolation forest: actual 3.44 kW vs expected 3.51 kW (Δ -0.07 kW, |z|=0.17). Possible causes: an unusual load combination late at night."
2006-12-31 00:00:00,0.67623335,0.7440626701268459,-0.06782931889622457,-0.18764948685713723,0.06782931889622457,0,6,"[2006-12-31 00:00] Unusual drop on Sun 00:00 (overnight) detected by isolation forest: actual 0.68 kW vs expected 0.74 kW (Δ -0.07 kW, |z|=0.19). Possible causes: a device left on overnight, standby/defrost cycle, or a heating/cooling unit."
2010-11-04 21:00:00,3.0971668,3.163496800196562,-0.06633002353945772,-0.13367393160156726,0.06633002353945772,21,3,"[2010-11-04 21:00] Unusual drop on Thu 21:00 (evening peak) detected by isolation forest: actual 3.10 kW vs expected 3.16 kW (Δ -0.07 kW, |z|=0.13). Possible causes: more high-power appliances running at once than usual."
2007-02-04 20:00:00,3.1421,3.076003039982856,0.06609705576604519,0.04378892936149958,0.06609705576604519,20,6,"[2007-02-04 20:00] Unusual spike on Sun 20:00 (evening peak) detected by isolation forest: actual 3.14 kW vs expected 3.08 kW (Δ +0.07 kW, |z|=0.04). Possible causes: more high-power appliances running at once than usual."
2009-01-18 23:00:00,1.5890334,1.653883849594488,-0.0648504843448543,-0.36465719060887913,0.0648504843448543,23,6,"[2009-01-18 23:00] Unusual drop on Sun 23:00 (late evening) detected by isolation forest: actual 1.59 kW vs expected 1.65 kW (Δ -0.06 kW, |z|=0.36). Possible causes: an unusual load combination late at night."
2007-11-13 18:00:00,3.2139666,3.150400425779996,0.06356618226748934,-0.04099362666950045,0.06356618226748934,18,1,"[2007-11-13 18:00] Unusual spike on Tue 18:00 (evening peak) detected by isolation forest: actual 3.21 kW vs expected 3.15 kW (Δ +0.06 kW, |z|=0.04). Possible causes: more high-power appliances running at once than usual."
2008-04-12 20:00:00,3.0765665,3.139810129333444,-0.06324367158503108,-0.24141876892850542,0.06324367158503108,20,5,"[2008-04-12 20:00] Unusual drop on Sat 20:00 (evening peak) detected by isolation forest: actual 3.08 kW vs expected 3.14 kW (Δ -0.06 kW, |z|=0.24). Possible causes: more high-power appliances running at once than usual."
2007-12-26 01:00:00,1.1712,1.2339373377938279,-0.06273730079126438,-0.18990900510348938,0.06273730079126438,1,2,"[2007-12-26 01:00] Unusual drop on Wed 01:00 (overnight) detected by isolation forest: actual 1.17 kW vs expected 1.23 kW (Δ -0.06 kW, |z|=0.19). Possible causes: a device left on overnight, standby/defrost cycle, or a heating/cooling unit."
2008-02-09 23:00:00,1.4002,1.4627916637533043,-0.06259165440729597,-0.16153120745807112,0.06259165440729597,23,5,"[2008-02-09 23:00] Unusual drop on Sat 23:00 (late evening) detected by isolation forest: actual 1.40 kW vs expected 1.46 kW (Δ -0.06 kW, |z|=0.16). Possible causes: an unusual load combination late at night."
2008-01-27 20:00:00,3.8515,3.78939178369787,0.062108250634405504,0.10061768007467584,0.062108250634405504,20,6,"[2008-01-27 20:00] Unusual spike on Sun 20:00 (evening peak) detected by isolation forest: actual 3.85 kW vs expected 3.79 kW (Δ +0.06 kW, |z|=0.10). Possible causes: more high-power appliances running at once than usual."
2009-12-24 22:00:00,2.9576333,2.8958294988771214,0.06180375803511007,0.054396861587464214,0.06180375803511007,22,3,"[2009-12-24 22:00] Unusual spike on Thu 22:00 (late evening) detected by isolation forest: actual 2.96 kW vs expected 2.90 kW (Δ +0.06 kW, |z|=0.05). Possible causes: an unusual load combination late at night."
2008-01-12 20:00:00,3.4373333,3.3758095913555493,0.06152375405765875,0.10323617423612419,0.06152375405765875,20,5,"[2008-01-12 20:00] Unusual spike on Sat 20:00 (evening peak) detected by isolation forest: actual 3.44 kW vs expected 3.38 kW (Δ +0.06 kW, |z|=0.10). Possible causes: more high-power appliances running at once than usual."
2009-02-23 00:00:00,1.4452,1.5044594662985025,-0.059259499867838406,0.013588410887977588,0.059259499867838406,0,0,"[2009-02-23 00:00] Unusual drop on Mon 00:00 (overnight) detected by isolation forest: actual 1.45 kW vs expected 1.50 kW (Δ -0.06 kW, |z|=0.01). Possible causes: a device left on overnight, standby/defrost cycle, or a heating/cooling unit."
2010-01-24 13:00:00,3.2928,3.2351743875353516,0.05762556211064451,-0.0010393233132365211,0.05762556211064451,13,6,"[2010-01-24 13:00] Unusual spike on Sun 13:00 (daytime) detected by isolation forest: actual 3.29 kW vs expected 3.24 kW (Δ +0.06 kW, |z|=0.00). Possible causes: a large appliance running outside its usual schedule, or overlapping medium loads."
2006-12-26 19:00:00,3.034,3.091232459008738,-0.057232539117380465,,0.057232539117380465,19,1,"[2006-12-26 19:00] Unusual drop on Tue 19:00 (evening peak) detected by isolation forest: actual 3.03 kW vs expected 3.09 kW (Δ -0.06 kW, |z|=nan). Possible causes: more high-power appliances running at once than usual."
2009-01-18 20:00:00,3.6069,3.6635174549007132,-0.05661747817036655,-0.3482502821385422,0.05661747817036655,20,6,"[2009-01-18 20:00] Unusual drop on Sun 20:00 (evening peak) detected by isolation forest: actual 3.61 kW vs expected 3.66 kW (Δ -0.06 kW, |z|=0.35). Possible causes: more high-power appliances running at once than usual."
2007-12-16 15:00:00,2.4415667,2.386737880584898,0.054828825118837354,0.0609605549890419,0.054828825118837354,15,6,"[2007-12-16 15:00] Unusual spike on Sun 15:00 (daytime) detected by isolation forest: actual 2.44 kW vs expected 2.39 kW (Δ +0.05 kW, |z|=0.06). Possible causes: a large appliance running outside its usual schedule, or overlapping medium loads."
2007-12-30 00:00:00,0.5302,0.5844580562949957,-0.05425805171735898,-0.1821053734796196,0.05425805171735898,0,6,"[2007-12-30 00:00] Unusual drop on Sun 00:00 (overnight) detected by isolation forest: actual 0.53 kW vs expected 0.58 kW (Δ -0.05 kW, |z|=0.18). Possible causes: a device left on overnight, standby/defrost cycle, or a heating/cooling unit."
2007-12-18 15:00:00,2.3233,2.376418678374426,-0.05311879357828353,-0.19344004832897277,0.05311879357828353,15,1,"[2007-12-18 15:00] Unusual drop on Tue 15:00 (daytime) detected by isolation forest: actual 2.32 kW vs expected 2.38 kW (Δ -0.05 kW, |z|=0.19). Possible causes: a large appliance running outside its usual schedule, or overlapping medium loads."
2008-01-12 21:00:00,3.2162,3.2690753027653665,-0.05287518946885772,-0.16059224963401905,0.05287518946885772,21,5,"[2008-01-12 21:00] Unusual drop on Sat 21:00 (evening peak) detected by isolation forest: actual 3.22 kW vs expected 3.27 kW (Δ -0.05 kW, |z|=0.16). Possible causes: more high-power appliances running at once than usual."
2007-03-24 21:00:00,3.2403,3.1876784112595367,0.05262152884971627,0.015423980069837133,0.05262152884971627,21,5,"[2007-03-24 21:00] Unusual spike on Sat 21:00 (evening peak) detected by isolation forest: actual 3.24 kW vs expected 3.19 kW (Δ +0.05 kW, |z|=0.02). Possible causes: more high-power appliances running at once than usual."
2007-12-19 00:00:00,1.1419666,1.0895304643539847,0.052436116990619785,0.0519409889784556,0.052436116990619785,0,2,"[2007-12-19 00:00] Unusual spike on Wed 00:00 (overnight) detected by isolation forest: actual 1.14 kW vs expected 1.09 kW (Δ +0.05 kW, |z|=0.05). Possible causes: a device left on overnight, standby/defrost cycle, or a heating/cooling unit."
2009-01-31 21:00:00,3.4717667,3.42098681294992,0.05077989733145216,0.047734351970823985,0.05077989733145216,21,5,"[2009-01-31 21:00] Unusual spike on Sat 21:00 (evening peak) detected by isolation forest: actual 3.47 kW vs expected 3.42 kW (Δ +0.05 kW, |z|=0.05). Possible causes: more high-power appliances running at once than usual."
2006-12-29 00:00:00,1.4093333,1.3587866112779434,0.050546736996287533,,0.050546736996287533,0,4,"[2006-12-29 00:00] Unusual spike on Fri 00:00 (overnight) detected by isolation forest: actual 1.41 kW vs expected 1.36 kW (Δ +0.05 kW, |z|=nan). Possible causes: a device left on overnight, standby/defrost cycle, or a heating/cooling unit."
2007-01-28 21:00:00,3.0787,3.1291745078742643,-0.05047444226147135,-0.11219489900576615,0.05047444226147135,21,6,"[2007-01-28 21:00] Unusual drop on Sun 21:00 (evening peak) detected by isolation forest: actual 3.08 kW vs expected 3.13 kW (Δ -0.05 kW, |z|=0.11). Possible causes: more high-power appliances running at once than usual."
2007-12-01 22:00:00,3.6695333,3.718110388668636,-0.04857713595257174,-0.19354769475014585,0.04857713595257174,22,5,"[2007-12-01 22:00] Unusual drop on Sat 22:00 (late evening) detected by isolation forest: actual 3.67 kW vs expected 3.72 kW (Δ -0.05 kW, |z|=0.19). Possible causes: an unusual load combination late at night."
2008-03-22 21:00:00,2.8930001,2.8448250103973693,0.04817511548764042,0.09179663088332041,0.04817511548764042,21,5,"[2008-03-22 21:00] Unusual spike on Sat 21:00 (evening peak) detected by isolation forest: actual 2.89 kW vs expected 2.84 kW (Δ +0.05 kW, |z|=0.09). Possible causes: more high-power appliances running at once than usual."
2008-01-14 00:00:00,0.29573333,0.3431916149654119,-0.04745828233143973,-0.17358940389687025,0.04745828233143973,0,0,"[2008-01-14 00:00] Unusual drop on Mon 00:00 (overnight) detected by isolation forest: actual 0.30 kW vs expected 0.34 kW (Δ -0.05 kW, |z|=0.17). Possible causes: a device left on overnight, standby/defrost cycle, or a heating/cooling unit."
2008-11-25 00:00:00,1.2338,1.1864147253757908,0.047385328220705736,-0.03665468443935013,0.047385328220705736,0,1,"[2008-11-25 00:00] Unusual spike on Tue 00:00 (overnight) detected by isolation forest: actual 1.23 kW vs expected 1.19 kW (Δ +0.05 kW, |z|=0.04). Possible causes: a device left on overnight, standby/defrost cycle, or a heating/cooling unit."
2007-04-02 00:00:00,1.3777001,1.4249386011627592,-0.04723851075443397,-0.15627861232509943,0.04723851075443397,0,0,"[2007-04-02 00:00] Unusual drop on Mon 00:00 (overnight) detected by isolation forest: actual 1.38 kW vs expected 1.42 kW (Δ -0.05 kW, |z|=0.16). Possible causes: a device left on overnight, standby/defrost cycle, or a heating/cooling unit."
2008-11-23 19:00:00,3.7428334,3.7900323061487797,-0.047198930217993595,-0.17334026009030923,0.047198930217993595,19,6,"[2008-11-23 19:00] Unusual drop on Sun 19:00 (evening peak) detected by isolation forest: actual 3.74 kW vs expected 3.79 kW (Δ -0.05 kW, |z|=0.17). Possible causes: more high-power appliances running at once than usual."
2006-12-31 15:00:00,2.4882667,2.534222648415739,-0.04595594194906427,-0.20198660767976065,0.04595594194906427,15,6,"[2006-12-31 15:00] Unusual drop on Sun 15:00 (daytime) detected by isolation forest: actual 2.49 kW vs expected 2.53 kW (Δ -0.05 kW, |z|=0.20). Possible causes: a large appliance running outside its usual schedule, or overlapping medium loads."
2009-04-12 23:00:00,0.6904,0.7356053933508538,-0.04520538896395199,-0.22101571318582472,0.04520538896395199,23,6,"[2009-04-12 23:00] Unusual drop on Sun 23:00 (late evening) detected by isolation forest: actual 0.69 kW vs expected 0.74 kW (Δ -0.05 kW, |z|=0.22). Possible causes: an unusual load combination late at night."
2007-01-08 00:00:00,1.3604666,1.40396326101277,-0.04349666154835341,-0.026369195121916007,0.04349666154835341,0,0,"[2007-01-08 00:00] Unusual drop on Mon 00:00 (overnight) detected by isolation forest: actual 1.36 kW vs expected 1.40 kW (Δ -0.04 kW, |z|=0.03). Possible causes: a device left on overnight, standby/defrost cycle, or a heating/cooling unit."
2009-01-17 10:00:00,2.2643332,2.307057594341145,-0.04272434620271737,-0.2174832176491984,0.04272434620271737,10,5,"[2009-01-17 10:00] Unusual drop on Sat 10:00 (daytime) detected by isolation forest: actual 2.26 kW vs expected 2.31 kW (Δ -0.04 kW, |z|=0.22). Possible causes: a large appliance running outside its usual schedule, or overlapping medium loads."
2008-11-24 12:00:00,1.9231666,1.8805905016824993,0.04257613096978341,-0.005970310294054838,0.04257613096978341,12,0,"[2008-11-24 12:00] Unusual spike on Mon 12:00 (daytime) detected by isolation forest: actual 1.92 kW vs expected 1.88 kW (Δ +0.04 kW, |z|=0.01). Possible causes: a large appliance running outside its usual schedule, or overlapping medium loads."
2009-12-05 20:00:00,3.1783667,3.136505041294866,0.041861619776911496,0.11754390853120548,0.041861619776911496,20,5,"[2009-12-05 20:00] Unusual spike on Sat 20:00 (evening peak) detected by isolation forest: actual 3.18 kW vs expected 3.14 kW (Δ +0.04 kW, |z|=0.12). Possible causes: more high-power appliances running at once than usual."
2009-12-21 21:00:00,2.9324667,2.891780718092054,0.040686027284532855,0.1467038766391748,0.040686027284532855,21,0,"[2009-12-21 21:00] Unusual spike on Mon 21:00 (evening peak) detected by isolation forest: actual 2.93 kW vs expected 2.89 kW (Δ +0.04 kW, |z|=0.15). Possible causes: more high-power appliances running at once than usual."
2008-11-15 19:00:00,3.3171,3.3541190816088253,-0.03701903354363978,-0.24121880991951905,0.03701903354363978,19,5,"[2008-11-15 19:00] Unusual drop on Sat 19:00 (evening peak) detected by isolation forest: actual 3.32 kW vs expected 3.35 kW (Δ -0.04 kW, |z|=0.24). Possible causes: more high-power appliances running at once than usual."
2008-01-29 15:00:00,2.6739666,2.637857371003679,0.03610927519077922,-0.01985405799552284,0.03610927519077922,15,1,"[2008-01-29 15:00] Unusual spike on Tue 15:00 (daytime) detected by isolation forest: actual 2.67 kW vs expected 2.64 kW (Δ +0.04 kW, |z|=0.02). Possible causes: a large appliance running outside its usual schedule, or overlapping medium loads."
2007-04-01 19:00:00,3.3129334,3.2775689591060146,0.035364485870791995,0.02277081352162882,0.035364485870791995,19,6,"[2007-04-01 19:00] Unusual spike on Sun 19:00 (evening peak) detected by isolation forest: actual 3.31 kW vs expected 3.28 kW (Δ +0.04 kW, |z|=0.02). Possible causes: more high-power appliances running at once than usual."
2007-12-30 20:00:00,2.7793665,2.8135180723236304,-0.034151579098532725,-0.15143560151793542,0.034151579098532725,20,6,"[2007-12-30 20:00] Unusual drop on Sun 20:00 (evening peak) detected by isolation forest: actual 2.78 kW vs expected 2.81 kW (Δ -0.03 kW, |z|=0.15). Possible causes: more high-power appliances running at once than usual."
2007-03-26 00:00:00,1.2643,1.2970216050132892,-0.03272161626664616,-0.19342432194203657,0.03272161626664616,0,0,"[2007-03-26 00:00] Unusual drop on Mon 00:00 (overnight) detected by isolation forest: actual 1.26 kW vs expected 1.30 kW (Δ -0.03 kW, |z|=0.19). Possible causes: a device left on overnight, standby/defrost cycle, or a heating/cooling unit."
2008-02-03 02:00:00,1.5940334,1.6266578109226908,-0.03262445044142859,-0.10460005549201128,0.03262445044142859,2,6,"[2008-02-03 02:00] Unusual drop on Sun 02:00 (overnight) detected by isolation forest: actual 1.59 kW vs expected 1.63 kW (Δ -0.03 kW, |z|=0.10). Possible causes: a device left on overnight, standby/defrost cycle, or a heating/cooling unit."
2010-10-18 22:00:00,2.5095,2.4771324852809924,0.03236754142188847,0.049854789572782617,0.03236754142188847,22,0,"[2010-10-18 22:00] Unusual spike on Mon 22:00 (late evening) detected by isolation forest: actual 2.51 kW vs expected 2.48 kW (Δ +0.03 kW, |z|=0.05). Possible causes: an unusual load combination late at night."
2007-02-19 00:00:00,0.36666667,0.3985070036977884,-0.03184032908383577,-0.1449001797913421,0.03184032908383577,0,0,"[2007-02-19 00:00] Unusual drop on Mon 00:00 (overnight) detected by isolation forest: actual 0.37 kW vs expected 0.40 kW (Δ -0.03 kW, |z|=0.14). Possible causes: a device left on overnight, standby/defrost cycle, or a heating/cooling unit."
2007-03-24 20:00:00,3.8878,3.9192049594045475,-0.03140498114832191,-0.17813023603591974,0.03140498114832191,20,5,"[2007-03-24 20:00] Unusual drop on Sat 20:00 (evening peak) detected by isolation forest: actual 3.89 kW vs expected 3.92 kW (Δ -0.03 kW, |z|=0.18). Possible causes: more high-power appliances running at once than usual."
2008-11-30 00:00:00,2.5397,2.51000138753666,0.029698643743857556,-0.22831981465845966,0.029698643743857556,0,6,"[2008-11-30 00:00] Unusual spike on Sun 00:00 (overnight) detected by isolation forest: actual 2.54 kW vs expected 2.51 kW (Δ +0.03 kW, |z|=0.23). Possible causes: a device left on overnight, standby/defrost cycle, or a heating/cooling unit."
2007-01-14 19:00:00,3.2915,3.321082731318569,-0.02958263976583453,-0.212265048981544,0.02958263976583453,19,6,"[2007-01-14 19:00] Unusual drop on Sun 19:00 (evening peak) detected by isolation forest: actual 3.29 kW vs expected 3.32 kW (Δ -0.03 kW, |z|=0.21). Possible causes: more high-power appliances running at once than usual."
2007-01-30 20:00:00,2.8729334,2.843780098235074,0.029153289521273607,0.0682350736567683,0.029153289521273607,20,1,"[2007-01-30 20:00] Unusual spike on Tue 20:00 (evening peak) detected by isolation forest: actual 2.87 kW vs expected 2.84 kW (Δ +0.03 kW, |z|=0.07). Possible causes: more high-power appliances running at once than usual."
2010-01-27 22:00:00,2.8506331,2.822424710629548,0.028208433749114192,-0.025513256443926848,0.028208433749114192,22,2,"[2010-01-27 22:00] Unusual spike on Wed 22:00 (late evening) detected by isolation forest: actual 2.85 kW vs expected 2.82 kW (Δ +0.03 kW, |z|=0.03). Possible causes: an unusual load combination late at night."
2008-01-15 13:00:00,3.6882334,3.7162530158918115,-0.028019640342495045,-0.16669669483825467,0.028019640342495045,13,1,"[2008-01-15 13:00] Unusual drop on Tue 13:00 (daytime) detected by isolation forest: actual 3.69 kW vs expected 3.72 kW (Δ -0.03 kW, |z|=0.17). Possible causes: a large appliance running outside its usual schedule, or overlapping medium loads."
2007-02-04 04:00:00,1.962,1.9342851040021296,0.027714908395636506,-0.03755547584804401,0.027714908395636506,4,6,"[2007-02-04 04:00] Unusual spike on Sun 04:00 (overnight) detected by isolation forest: actual 1.96 kW vs expected 1.93 kW (Δ +0.03 kW, |z|=0.04). Possible causes: a device left on overnight, standby/defrost cycle, or a heating/cooling unit."
2007-02-22 20:00:00,3.4608333,3.487922077799561,-0.027088766718628587,-0.2001689970081149,0.027088766718628587,20,3,"[2007-02-22 20:00] Unusual drop on Thu 20:00 (evening peak) detected by isolation forest: actual 3.46 kW vs expected 3.49 kW (Δ -0.03 kW, |z|=0.20). Possible causes: more high-power appliances running at once than usual."
2008-01-14 23:00:00,0.7309333,0.7042993550361542,0.026633953565225243,-0.030559913440136133,0.026633953565225243,23,0,"[2008-01-14 23:00] Unusual spike on Mon 23:00 (late evening) detected by isolation forest: actual 0.73 kW vs expected 0.70 kW (Δ +0.03 kW, |z|=0.03). Possible causes: an unusual load combination late at night."
2006-12-26 12:00:00,2.4647,2.439917872905498,0.02478211069130376,,0.02478211069130376,12,1,"[2006-12-26 12:00] Unusual spike on Tue 12:00 (daytime) detected by isolation forest: actual 2.46 kW vs expected 2.44 kW (Δ +0.02 kW, |z|=nan). Possible causes: a large appliance running outside its usual schedule, or overlapping medium loads."
2008-11-23 21:00:00,3.7757335,3.799453198530486,-0.023719727613737973,-0.12994259940784492,0.023719727613737973,21,6,"[2008-11-23 21:00] Unusual drop on Sun 21:00 (evening peak) detected by isolation forest: actual 3.78 kW vs expected 3.80 kW (Δ -0.02 kW, |z|=0.13). Possible causes: more high-power appliances running at once than usual."
2007-03-31 19:00:00,3.4732666,3.450977029199692,0.02228957236280804,-0.028973263494993465,0.02228957236280804,19,5,"[2007-03-31 19:00] Unusual spike on Sat 19:00 (evening peak) detected by isolation forest: actual 3.47 kW vs expected 3.45 kW (Δ +0.02 kW, |z|=0.03). Possible causes: more high-power appliances running at once than usual."
2007-11-17 20:00:00,3.4774666,3.4552660256792693,0.0222005575726838,-0.04049260159513071,0.0222005575726838,20,5,"[2007-11-17 20:00] Unusual spike on Sat 20:00 (evening peak) detected by isolation forest: actual 3.48 kW vs expected 3.46 kW (Δ +0.02 kW, |z|=0.04). Possible causes: more high-power appliances running at once than usual."
2006-12-26 21:00:00,2.6584,2.6801644226393178,-0.021764363892979866,,0.021764363892979866,21,1,"[2006-12-26 21:00] Unusual drop on Tue 21:00 (evening peak) detected by isolation forest: actual 2.66 kW vs expected 2.68 kW (Δ -0.02 kW, |z|=nan). Possible causes: more high-power appliances running at once than usual."
2007-02-22 22:00:00,3.5307333,3.5104681051429556,0.020265241796131317,-0.11789534967093446,0.020265241796131317,22,3,"[2007-02-22 22:00] Unusual spike on Thu 22:00 (late evening) detected by isolation forest: actual 3.53 kW vs expected 3.51 kW (Δ +0.02 kW, |z|=0.12). Possible causes: an unusual load combination late at night."
2007-01-01 07:00:00,2.4472,2.4272264282863,0.019973631604447206,-0.15599284641442204,0.019973631604447206,7,0,"[2007-01-01 07:00] Unusual spike on Mon 07:00 (morning) detected by isolation forest: actual 2.45 kW vs expected 2.43 kW (Δ +0.02 kW, |z|=0.16). Possible causes: a heavy start-of-day routine or several devices switching on at once."
2006-12-31 14:00:00,3.0813,3.0617038263933085,0.019596193824586994,-0.07183020539422544,0.019596193824586994,14,6,"[2006-12-31 14:00] Unusual spike on Sun 14:00 (daytime) detected by isolation forest: actual 3.08 kW vs expected 3.06 kW (Δ +0.02 kW, |z|=0.07). Possible causes: a large appliance running outside its usual schedule, or overlapping medium loads."
2008-02-03 00:00:00,2.7919002,2.8114315548069704,-0.019531396878503582,-0.07629621285405958,0.019531396878503582,0,6,"[2008-02-03 00:00] Unusual drop on Sun 00:00 (overnight) detected by isolation forest: actual 2.79 kW vs expected 2.81 kW (Δ -0.02 kW, |z|=0.08). Possible causes: a device left on overnight, standby/defrost cycle, or a heating/cooling unit."
2008-04-12 22:00:00,3.1564,3.1381440850890656,0.018255880197189267,-0.06864064011591654,0.018255880197189267,22,5,"[2008-04-12 22:00] Unusual spike on Sat 22:00 (late evening) detected by isolation forest: actual 3.16 kW vs expected 3.14 kW (Δ +0.02 kW, |z|=0.07). Possible causes: an unusual load combination late at night."
2008-11-24 11:00:00,2.0009,2.018832608224726,-0.01793257808861748,-0.14632227420889404,0.01793257808861748,11,0,"[2008-11-24 11:00] Unusual drop on Mon 11:00 (daytime) detected by isolation forest: actual 2.00 kW vs expected 2.02 kW (Δ -0.02 kW, |z|=0.15). Possible causes: a large appliance running outside its usual schedule, or overlapping medium loads."
2008-01-27 23:00:00,0.99590003,0.9788643680558422,0.017035666848637776,-0.014867556424394437,0.017035666848637776,23,6,"[2008-01-27 23:00] Unusual spike on Sun 23:00 (late evening) detected by isolation forest: actual 1.00 kW vs expected 0.98 kW (Δ +0.02 kW, |z|=0.01). Possible causes: an unusual load combination late at night."
2007-11-10 21:00:00,3.1991,3.182296625584831,0.01680339196277636,-0.15964398832445317,0.01680339196277636,21,5,"[2007-11-10 21:00] Unusual spike on Sat 21:00 (evening peak) detected by isolation forest: actual 3.20 kW vs expected 3.18 kW (Δ +0.02 kW, |z|=0.16). Possible causes: more high-power appliances running at once than usual."
2007-01-01 10:00:00,2.6617332,2.6779678398767146,-0.016234689394536872,-0.23637793900235807,0.016234689394536872,10,0,"[2007-01-01 10:00] Unusual drop on Mon 10:00 (daytime) detected by isolation forest: actual 2.66 kW vs expected 2.68 kW (Δ -0.02 kW, |z|=0.24). Possible causes: a large appliance running outside its usual schedule, or overlapping medium loads."
2008-01-13 03:00:00,2.4435666,2.4276014813325713,0.015965079412668004,-0.040985892506839726,0.015965079412668004,3,6,"[2008-01-13 03:00] Unusual spike on Sun 03:00 (overnight) detected by isolation forest: actual 2.44 kW vs expected 2.43 kW (Δ +0.02 kW, |z|=0.04). Possible causes: a device left on overnight, standby/defrost cycle, or a heating/cooling unit."
2008-11-15 22:00:00,3.2284331,3.213282436043303,0.015150696128327645,-0.13357181361248602,0.015150696128327645,22,5,"[2008-11-15 22:00] Unusual spike on Sat 22:00 (late evening) detected by isolation forest: actual 3.23 kW vs expected 3.21 kW (Δ +0.02 kW, |z|=0.13). Possible causes: an unusual load combination late at night."
2008-10-24 23:00:00,0.70526665,0.6936138632118778,0.01165279127954677,-0.036050211373574,0.01165279127954677,23,4,"[2008-10-24 23:00] Unusual spike on Fri 23:00 (late evening) detected by isolation forest: actual 0.71 kW vs expected 0.69 kW (Δ +0.01 kW, |z|=0.04). Possible causes: an unusual load combination late at night."
2007-02-04 01:00:00,4.159333,4.149149811917491,0.010183417147450413,-0.08951996637131981,0.010183417147450413,1,6,"[2007-02-04 01:00] Unusual spike on Sun 01:00 (overnight) detected by isolation forest: actual 4.16 kW vs expected 4.15 kW (Δ +0.01 kW, |z|=0.09). Possible causes: a device left on overnight, standby/defrost cycle, or a heating/cooling unit."
2007-02-11 13:00:00,2.9738,2.964861836762391,0.008938107161559294,-0.006852643557923219,0.008938107161559294,13,6,"[2007-02-11 13:00] Unusual spike on Sun 13:00 (daytime) detected by isolation forest: actual 2.97 kW vs expected 2.96 kW (Δ +0.01 kW, |z|=0.01). Possible causes: a large appliance running outside its usual schedule, or overlapping medium loads."
2007-02-18 20:00:00,3.4008667,3.40979609887869,-0.008929351976224353,-0.11601263557607798,0.008929351976224353,20,6,"[2007-02-18 20:00] Unusual drop on Sun 20:00 (evening peak) detected by isolation forest: actual 3.40 kW vs expected 3.41 kW (Δ -0.01 kW, |z|=0.12). Possible causes: more high-power appliances running at once than usual."
2009-01-17 00:00:00,2.2245,2.2157755720857137,0.008724368786478642,-0.07793503377001958,0.008724368786478642,0,5,"[2009-01-17 00:00] Unusual spike on Sat 00:00 (overnight) detected by isolation forest: actual 2.22 kW vs expected 2.22 kW (Δ +0.01 kW, |z|=0.08). Possible causes: a device left on overnight, standby/defrost cycle, or a heating/cooling unit."
2007-12-31 14:00:00,1.5533,1.5617465646624304,-0.00844654158351199,-0.08619225821608108,0.00844654158351199,14,0,"[2007-12-31 14:00] Unusual drop on Mon 14:00 (daytime) detected by isolation forest: actual 1.55 kW vs expected 1.56 kW (Δ -0.01 kW, |z|=0.09). Possible causes: a large appliance running outside its usual schedule, or overlapping medium loads."
2007-01-01 08:00:00,2.4417334,2.433407753810519,0.00832560648000813,-0.17355294368881707,0.00832560648000813,8,0,"[2007-01-01 08:00] Unusual spike on Mon 08:00 (morning) detected by isolation forest: actual 2.44 kW vs expected 2.43 kW (Δ +0.01 kW, |z|=0.17). Possible causes: a heavy start-of-day routine or several devices switching on at once."
2006-12-26 23:00:00,0.7682,0.7604633723091885,0.0077366079497531715,,0.0077366079497531715,23,1,"[2006-12-26 23:00] Unusual spike on Tue 23:00 (late evening) detected by isolation forest: actual 0.77 kW vs expected 0.76 kW (Δ +0.01 kW, |z|=nan). Possible causes: an unusual load combination late at night."
2009-12-06 00:00:00,2.2004666,2.192973178225029,0.007493454617988782,-0.0002003477705436026,0.007493454617988782,0,6,"[2009-12-06 00:00] Unusual spike on Sun 00:00 (overnight) detected by isolation forest: actual 2.20 kW vs expected 2.19 kW (Δ +0.01 kW, |z|=0.00). Possible causes: a device left on overnight, standby/defrost cycle, or a heating/cooling unit."
2008-11-15 18:00:00,3.8292334,3.836628937342658,-0.0073955293684146994,-0.1827430588740268,0.0073955293684146994,18,5,"[2008-11-15 18:00] Unusual drop on Sat 18:00 (evening peak) detected by isolation forest: actual 3.83 kW vs expected 3.84 kW (Δ -0.01 kW, |z|=0.18). Possible causes: more high-power appliances running at once than usual."
2007-02-11 21:00:00,2.6327667,2.639172718555867,-0.006405994923054603,-0.04757798591899441,0.006405994923054603,21,6,"[2007-02-11 21:00] Unusual drop on Sun 21:00 (evening peak) detected by isolation forest: actual 2.63 kW vs expected 2.64 kW (Δ -0.01 kW, |z|=0.05). Possible causes: more high-power appliances running at once than usual."
2007-12-02 19:00:00,2.7852333,2.789363331508367,-0.00413007230731699,-0.1461946252586577,0.00413007230731699,19,6,"[2007-12-02 19:00] Unusual drop on Sun 19:00 (evening peak) detected by isolation forest: actual 2.79 kW vs expected 2.79 kW (Δ -0.00 kW, |z|=0.15). Possible causes: more high-power appliances running at once than usual."
2007-11-17 22:00:00,2.2471335,2.244547408212055,0.0025860852114067967,-0.08058379269746356,0.0025860852114067967,22,5,"[2007-11-17 22:00] Unusual spike on Sat 22:00 (late evening) detected by isolation forest: actual 2.25 kW vs expected 2.24 kW (Δ +0.00 kW, |z|=0.08). Possible causes: an unusual load combination late at night."
2006-12-24 01:00:00,3.2756999,3.2765131332956803,-0.0008132793985855535,,0.0008132793985855535,1,6,"[2006-12-24 01:00] Unusual drop on Sun 01:00 (overnight) detected by isolation forest: actual 3.28 kW vs expected 3.28 kW (Δ -0.00 kW, |z|=nan). Possible causes: a device left on overnight, standby/defrost cycle, or a heating/cooling unit."
2008-04-13 20:00:00,3.0619001,3.0612524481100922,0.0006476907448882407,-0.08286783056620463,0.0006476907448882407,20,6,"[2008-04-13 20:00] Unusual spike on Sun 20:00 (evening peak) detected by isolation forest: actual 3.06 kW vs expected 3.06 kW (Δ +0.00 kW, |z|=0.08). Possible causes: more high-power appliances running at once than usual."
