timestamp,type,severity,message,estimated_saving_kwh,condition
2006-12-17 01:00:00,Night_Idle_Waste,Low,"Idle consumption 3.35kW at 1h. Check standby: router, fridge, Sub_metering_3.",3.049,hour in 1-5 & kW>0.8
2006-12-17 02:00:00,Night_Idle_Waste,Low,"Idle consumption 1.59kW at 2h. Check standby: router, fridge, Sub_metering_3.",1.287,hour in 1-5 & kW>0.8
2006-12-17 03:00:00,Night_Idle_Waste,Low,"Idle consumption 1.66kW at 3h. Check standby: router, fridge, Sub_metering_3.",1.362,hour in 1-5 & kW>0.8
2006-12-17 04:00:00,Night_Idle_Waste,Low,"Idle consumption 2.22kW at 4h. Check standby: router, fridge, Sub_metering_3.",1.916,hour in 1-5 & kW>0.8
2006-12-17 05:00:00,Night_Idle_Waste,Low,"Idle consumption 2.00kW at 5h. Check standby: router, fridge, Sub_metering_3.",1.697,hour in 1-5 & kW>0.8
2006-12-17 18:00:00,Peak_Shift,High,High consumption 3.70kW at 18.0h (peak). Shift washing/dishwasher to 13-16h off-peak.,0.739,hour=18 & kW>2.96
2006-12-17 20:00:00,Peak_Shift,High,High consumption 3.36kW at 20.0h (peak). Shift washing/dishwasher to 13-16h off-peak.,0.672,hour=20 & kW>2.94
2006-12-17 21:00:00,Peak_Shift,High,High consumption 3.04kW at 21.0h (peak). Shift washing/dishwasher to 13-16h off-peak.,0.608,hour=21 & kW>2.94
2006-12-18 04:00:00,Night_Idle_Waste,Low,"Idle consumption 1.03kW at 4h. Check standby: router, fridge, Sub_metering_3.",0.726,hour in 1-5 & kW>0.8
2006-12-18 18:00:00,Peak_Shift,Medium,High consumption 2.40kW at 18.0h (peak). Shift washing/dishwasher to 13-16h off-peak.,0.481,hour=18 & kW>1.84
2006-12-18 19:00:00,Peak_Shift,Medium,High consumption 2.61kW at 19.0h (peak). Shift washing/dishwasher to 13-16h off-peak.,0.523,hour=19 & kW>1.83
2006-12-18 20:00:00,Peak_Shift,High,High consumption 3.05kW at 20.0h (peak). Shift washing/dishwasher to 13-16h off-peak.,0.61,hour=20 & kW>1.81
2006-12-18 21:00:00,Peak_Shift,Medium,High consumption 2.17kW at 21.0h (peak). Shift washing/dishwasher to 13-16h off-peak.,0.434,hour=21 & kW>1.77
2006-12-19 18:00:00,Peak_Shift,Medium,High consumption 2.20kW at 18.0h (peak). Shift washing/dishwasher to 13-16h off-peak.,0.441,hour=18 & kW>1.58
2006-12-19 19:00:00,Peak_Shift,Medium,High consumption 1.84kW at 19.0h (peak). Shift washing/dishwasher to 13-16h off-peak.,0.368,hour=19 & kW>1.54
2006-12-19 20:00:00,Peak_Shift,Medium,High consumption 2.94kW at 20.0h (peak). Shift washing/dishwasher to 13-16h off-peak.,0.588,hour=20 & kW>1.53
2006-12-20 18:00:00,Peak_Shift,Medium,High consumption 2.84kW at 18.0h (peak). Shift washing/dishwasher to 13-16h off-peak.,0.567,hour=18 & kW>1.43
2006-12-20 19:00:00,Peak_Shift,High,High consumption 3.25kW at 19.0h (peak). Shift washing/dishwasher to 13-16h off-peak.,0.65,hour=19 & kW>1.50
2006-12-20 20:00:00,Peak_Shift,High,High consumption 3.58kW at 20.0h (peak). Shift washing/dishwasher to 13-16h off-peak.,0.715,hour=20 & kW>1.53
2006-12-20 21:00:00,Peak_Shift,High,High consumption 3.65kW at 21.0h (peak). Shift washing/dishwasher to 13-16h off-peak.,0.729,hour=21 & kW>1.64
2006-12-21 01:00:00,Night_Idle_Waste,Low,"Idle consumption 1.40kW at 1h. Check standby: router, fridge, Sub_metering_3.",1.098,hour in 1-5 & kW>0.8
2006-12-21 02:00:00,Night_Idle_Waste,Low,"Idle consumption 1.27kW at 2h. Check standby: router, fridge, Sub_metering_3.",0.975,hour in 1-5 & kW>0.8
2006-12-21 18:00:00,Peak_Shift,Medium,High consumption 2.44kW at 18.0h (peak). Shift washing/dishwasher to 13-16h off-peak.,0.489,hour=18 & kW>1.92
2006-12-21 19:00:00,Peak_Shift,Medium,High consumption 2.20kW at 19.0h (peak). Shift washing/dishwasher to 13-16h off-peak.,0.439,hour=19 & kW>1.87
2006-12-21 20:00:00,Peak_Shift,Medium,High consumption 2.44kW at 20.0h (peak). Shift washing/dishwasher to 13-16h off-peak.,0.487,hour=20 & kW>1.81
2006-12-22 05:00:00,Night_Idle_Waste,Low,"Idle consumption 0.81kW at 5h. Check standby: router, fridge, Sub_metering_3.",0.507,hour in 1-5 & kW>0.8
2006-12-22 18:00:00,Peak_Shift,Medium,High consumption 2.69kW at 18.0h (peak). Shift washing/dishwasher to 13-16h off-peak.,0.537,hour=18 & kW>1.38
2006-12-22 19:00:00,Peak_Shift,High,High consumption 3.94kW at 19.0h (peak). Shift washing/dishwasher to 13-16h off-peak.,0.788,hour=19 & kW>1.47
2006-12-22 20:00:00,Peak_Shift,High,High consumption 3.54kW at 20.0h (peak). Shift washing/dishwasher to 13-16h off-peak.,0.707,hour=20 & kW>1.53
2006-12-22 21:00:00,Peak_Shift,High,High consumption 4.55kW at 21.0h (peak). Shift washing/dishwasher to 13-16h off-peak.,0.91,hour=21 & kW>1.70
2006-12-23 01:00:00,Night_Idle_Waste,Low,"Idle consumption 1.72kW at 1h. Check standby: router, fridge, Sub_metering_3.",1.423,hour in 1-5 & kW>0.8
2006-12-23 02:00:00,Night_Idle_Waste,Low,"Idle consumption 1.70kW at 2h. Check standby: router, fridge, Sub_metering_3.",1.401,hour in 1-5 & kW>0.8
2006-12-23 03:00:00,Night_Idle_Waste,Low,"Idle consumption 1.77kW at 3h. Check standby: router, fridge, Sub_metering_3.",1.472,hour in 1-5 & kW>0.8
2006-12-23 04:00:00,Night_Idle_Waste,Low,"Idle consumption 1.89kW at 4h. Check standby: router, fridge, Sub_metering_3.",1.592,hour in 1-5 & kW>0.8
2006-12-23 05:00:00,Night_Idle_Waste,Low,"Idle consumption 2.23kW at 5h. Check standby: router, fridge, Sub_metering_3.",1.929,hour in 1-5 & kW>0.8
2006-12-23 18:00:00,Peak_Shift,High,High consumption 3.88kW at 18.0h (peak). Shift washing/dishwasher to 13-16h off-peak.,0.776,hour=18 & kW>3.78
2006-12-23 19:00:00,Peak_Shift,High,High consumption 4.12kW at 19.0h (peak). Shift washing/dishwasher to 13-16h off-peak.,0.824,hour=19 & kW>3.79
2006-12-23 20:00:00,Peak_Shift,High,High consumption 4.18kW at 20.0h (peak). Shift washing/dishwasher to 13-16h off-peak.,0.836,hour=20 & kW>3.82
2006-12-24 01:00:00,Night_Idle_Waste,Low,"Idle consumption 3.28kW at 1h. Check standby: router, fridge, Sub_metering_3.",2.976,hour in 1-5 & kW>0.8
2006-12-24 02:00:00,Night_Idle_Waste,Low,"Idle consumption 2.30kW at 2h. Check standby: router, fridge, Sub_metering_3.",2.003,hour in 1-5 & kW>0.8
2006-12-24 03:00:00,Night_Idle_Waste,Low,"Idle consumption 1.61kW at 3h. Check standby: router, fridge, Sub_metering_3.",1.307,hour in 1-5 & kW>0.8
2006-12-24 04:00:00,Night_Idle_Waste,Low,"Idle consumption 1.58kW at 4h. Check standby: router, fridge, Sub_metering_3.",1.276,hour in 1-5 & kW>0.8
2006-12-24 05:00:00,Night_Idle_Waste,Low,"Idle consumption 1.63kW at 5h. Check standby: router, fridge, Sub_metering_3.",1.332,hour in 1-5 & kW>0.8
2006-12-25 01:00:00,Night_Idle_Waste,Low,"Idle consumption 1.21kW at 1h. Check standby: router, fridge, Sub_metering_3.",0.907,hour in 1-5 & kW>0.8
2006-12-25 18:00:00,Peak_Shift,Medium,High consumption 2.42kW at 18.0h (peak). Shift washing/dishwasher to 13-16h off-peak.,0.485,hour=18 & kW>1.69
2006-12-25 20:00:00,Peak_Shift,Medium,High consumption 1.98kW at 20.0h (peak). Shift washing/dishwasher to 13-16h off-peak.,0.395,hour=20 & kW>1.83
2006-12-25 21:00:00,Peak_Shift,High,High consumption 3.84kW at 21.0h (peak). Shift washing/dishwasher to 13-16h off-peak.,0.767,hour=21 & kW>1.99
2006-12-26 01:00:00,Night_Idle_Waste,Low,"Idle consumption 2.40kW at 1h. Check standby: router, fridge, Sub_metering_3.",2.103,hour in 1-5 & kW>0.8
2006-12-26 02:00:00,Night_Idle_Waste,Low,"Idle consumption 2.41kW at 2h. Check standby: router, fridge, Sub_metering_3.",2.111,hour in 1-5 & kW>0.8
2006-12-26 03:00:00,Night_Idle_Waste,Low,"Idle consumption 2.45kW at 3h. Check standby: router, fridge, Sub_metering_3.",2.149,hour in 1-5 & kW>0.8
2006-12-26 04:00:00,Night_Idle_Waste,Low,"Idle consumption 2.99kW at 4h. Check standby: router, fridge, Sub_metering_3.",2.693,hour in 1-5 & kW>0.8
2006-12-26 05:00:00,Night_Idle_Waste,Low,"Idle consumption 2.39kW at 5h. Check standby: router, fridge, Sub_metering_3.",2.088,hour in 1-5 & kW>0.8
2006-12-27 05:00:00,Night_Idle_Waste,Low,"Idle consumption 1.04kW at 5h. Check standby: router, fridge, Sub_metering_3.",0.737,hour in 1-5 & kW>0.8
2006-12-27 18:00:00,Peak_Shift,Medium,High consumption 1.82kW at 18.0h (peak). Shift washing/dishwasher to 13-16h off-peak.,0.365,hour=18 & kW>1.47
2006-12-27 19:00:00,Peak_Shift,Medium,High consumption 1.74kW at 19.0h (peak). Shift washing/dishwasher to 13-16h off-peak.,0.347,hour=19 & kW>1.41
2006-12-27 20:00:00,Peak_Shift,Medium,High consumption 2.35kW at 20.0h (peak). Shift washing/dishwasher to 13-16h off-peak.,0.471,hour=20 & kW>1.35
2006-12-28 18:00:00,Peak_Shift,Medium,High consumption 2.54kW at 18.0h (peak). Shift washing/dishwasher to 13-16h off-peak.,0.509,hour=18 & kW>1.30
2006-12-28 19:00:00,Peak_Shift,Medium,High consumption 2.85kW at 19.0h (peak). Shift washing/dishwasher to 13-16h off-peak.,0.57,hour=19 & kW>1.36
2006-12-28 20:00:00,Peak_Shift,Medium,High consumption 2.12kW at 20.0h (peak). Shift washing/dishwasher to 13-16h off-peak.,0.423,hour=20 & kW>1.35
2006-12-28 21:00:00,Peak_Shift,High,High consumption 5.04kW at 21.0h (peak). Shift washing/dishwasher to 13-16h off-peak.,1.007,hour=21 & kW>1.53
2006-12-29 01:00:00,Night_Idle_Waste,Low,"Idle consumption 1.99kW at 1h. Check standby: router, fridge, Sub_metering_3.",1.694,hour in 1-5 & kW>0.8
2006-12-29 02:00:00,Night_Idle_Waste,Low,"Idle consumption 2.15kW at 2h. Check standby: router, fridge, Sub_metering_3.",1.852,hour in 1-5 & kW>0.8
2006-12-29 03:00:00,Night_Idle_Waste,Low,"Idle consumption 2.45kW at 3h. Check standby: router, fridge, Sub_metering_3.",2.153,hour in 1-5 & kW>0.8
2006-12-29 04:00:00,Night_Idle_Waste,Low,"Idle consumption 2.47kW at 4h. Check standby: router, fridge, Sub_metering_3.",2.171,hour in 1-5 & kW>0.8
2006-12-29 05:00:00,Night_Idle_Waste,Low,"Idle consumption 2.39kW at 5h. Check standby: router, fridge, Sub_metering_3.",2.086,hour in 1-5 & kW>0.8
2006-12-29 20:00:00,Peak_Shift,High,High consumption 3.47kW at 20.0h (peak). Shift washing/dishwasher to 13-16h off-peak.,0.694,hour=20 & kW>2.71
2006-12-29 21:00:00,Peak_Shift,High,High consumption 4.31kW at 21.0h (peak). Shift washing/dishwasher to 13-16h off-peak.,0.863,hour=21 & kW>2.67
2006-12-30 18:00:00,Peak_Shift,High,High consumption 3.86kW at 18.0h (peak). Shift washing/dishwasher to 13-16h off-peak.,0.773,hour=18 & kW>2.54
2006-12-30 19:00:00,Peak_Shift,High,High consumption 3.75kW at 19.0h (peak). Shift washing/dishwasher to 13-16h off-peak.,0.751,hour=19 & kW>2.64
2006-12-30 20:00:00,Peak_Shift,High,High consumption 3.08kW at 20.0h (peak). Shift washing/dishwasher to 13-16h off-peak.,0.615,hour=20 & kW>2.62
2006-12-31 04:00:00,Night_Idle_Waste,Low,"Idle consumption 1.28kW at 4h. Check standby: router, fridge, Sub_metering_3.",0.978,hour in 1-5 & kW>0.8
2006-12-31 05:00:00,Night_Idle_Waste,Low,"Idle consumption 1.05kW at 5h. Check standby: router, fridge, Sub_metering_3.",0.751,hour in 1-5 & kW>0.8
2007-01-01 01:00:00,Night_Idle_Waste,Low,"Idle consumption 2.52kW at 1h. Check standby: router, fridge, Sub_metering_3.",2.223,hour in 1-5 & kW>0.8
2007-01-01 02:00:00,Night_Idle_Waste,Low,"Idle consumption 2.58kW at 2h. Check standby: router, fridge, Sub_metering_3.",2.282,hour in 1-5 & kW>0.8
2007-01-01 03:00:00,Night_Idle_Waste,Low,"Idle consumption 2.54kW at 3h. Check standby: router, fridge, Sub_metering_3.",2.242,hour in 1-5 & kW>0.8
2007-01-01 04:00:00,Night_Idle_Waste,Low,"Idle consumption 2.48kW at 4h. Check standby: router, fridge, Sub_metering_3.",2.176,hour in 1-5 & kW>0.8
2007-01-01 05:00:00,Night_Idle_Waste,Low,"Idle consumption 2.48kW at 5h. Check standby: router, fridge, Sub_metering_3.",2.176,hour in 1-5 & kW>0.8
2007-01-02 04:00:00,Night_Idle_Waste,Low,"Idle consumption 1.04kW at 4h. Check standby: router, fridge, Sub_metering_3.",0.74,hour in 1-5 & kW>0.8
2007-01-02 18:00:00,Peak_Shift,Medium,High consumption 1.97kW at 18.0h (peak). Shift washing/dishwasher to 13-16h off-peak.,0.394,hour=18 & kW>0.85
2007-01-02 19:00:00,Peak_Shift,Medium,High consumption 1.52kW at 19.0h (peak). Shift washing/dishwasher to 13-16h off-peak.,0.304,hour=19 & kW>0.89
2007-01-02 20:00:00,Peak_Shift,Medium,High consumption 2.57kW at 20.0h (peak). Shift washing/dishwasher to 13-16h off-peak.,0.515,hour=20 & kW>0.99
2007-01-03 01:00:00,Night_Idle_Waste,Low,"Idle consumption 0.90kW at 1h. Check standby: router, fridge, Sub_metering_3.",0.601,hour in 1-5 & kW>0.8
2007-01-03 05:00:00,Night_Idle_Waste,Low,"Idle consumption 0.95kW at 5h. Check standby: router, fridge, Sub_metering_3.",0.652,hour in 1-5 & kW>0.8
2007-01-04 01:00:00,Night_Idle_Waste,Low,"Idle consumption 2.90kW at 1h. Check standby: router, fridge, Sub_metering_3.",2.597,hour in 1-5 & kW>0.8
2007-01-04 02:00:00,Night_Idle_Waste,Low,"Idle consumption 2.39kW at 2h. Check standby: router, fridge, Sub_metering_3.",2.087,hour in 1-5 & kW>0.8
2007-01-04 03:00:00,Night_Idle_Waste,Low,"Idle consumption 2.36kW at 3h. Check standby: router, fridge, Sub_metering_3.",2.062,hour in 1-5 & kW>0.8
2007-01-04 04:00:00,Night_Idle_Waste,Low,"Idle consumption 2.37kW at 4h. Check standby: router, fridge, Sub_metering_3.",2.07,hour in 1-5 & kW>0.8
2007-01-04 05:00:00,Night_Idle_Waste,Low,"Idle consumption 2.35kW at 5h. Check standby: router, fridge, Sub_metering_3.",2.045,hour in 1-5 & kW>0.8
2007-01-04 19:00:00,Peak_Shift,Medium,High consumption 2.85kW at 19.0h (peak). Shift washing/dishwasher to 13-16h off-peak.,0.571,hour=19 & kW>2.77
2007-01-05 01:00:00,Night_Idle_Waste,Low,"Idle consumption 2.39kW at 1h. Check standby: router, fridge, Sub_metering_3.",2.087,hour in 1-5 & kW>0.8
2007-01-05 02:00:00,Night_Idle_Waste,Low,"Idle consumption 2.39kW at 2h. Check standby: router, fridge, Sub_metering_3.",2.095,hour in 1-5 & kW>0.8
2007-01-05 03:00:00,Night_Idle_Waste,Low,"Idle consumption 2.42kW at 3h. Check standby: router, fridge, Sub_metering_3.",2.116,hour in 1-5 & kW>0.8
2007-01-05 04:00:00,Night_Idle_Waste,Low,"Idle consumption 2.40kW at 4h. Check standby: router, fridge, Sub_metering_3.",2.097,hour in 1-5 & kW>0.8
2007-01-05 05:00:00,Night_Idle_Waste,Low,"Idle consumption 2.41kW at 5h. Check standby: router, fridge, Sub_metering_3.",2.107,hour in 1-5 & kW>0.8
2007-01-05 18:00:00,Peak_Shift,Medium,High consumption 2.40kW at 18.0h (peak). Shift washing/dishwasher to 13-16h off-peak.,0.48,hour=18 & kW>1.96
2007-01-05 19:00:00,Peak_Shift,Medium,High consumption 2.04kW at 19.0h (peak). Shift washing/dishwasher to 13-16h off-peak.,0.408,hour=19 & kW>1.92
2007-01-05 20:00:00,Peak_Shift,Medium,High consumption 2.98kW at 20.0h (peak). Shift washing/dishwasher to 13-16h off-peak.,0.595,hour=20 & kW>1.99
2007-01-05 21:00:00,Peak_Shift,Medium,High consumption 2.67kW at 21.0h (peak). Shift washing/dishwasher to 13-16h off-peak.,0.535,hour=21 & kW>2.10
2007-01-06 19:00:00,Peak_Shift,Medium,High consumption 1.83kW at 19.0h (peak). Shift washing/dishwasher to 13-16h off-peak.,0.367,hour=19 & kW>1.59
2007-01-07 18:00:00,Peak_Shift,High,High consumption 5.21kW at 18.0h (peak). Shift washing/dishwasher to 13-16h off-peak.,1.042,hour=18 & kW>1.55
2007-01-07 19:00:00,Peak_Shift,Medium,High consumption 2.92kW at 19.0h (peak). Shift washing/dishwasher to 13-16h off-peak.,0.583,hour=19 & kW>1.60
2007-01-07 20:00:00,Peak_Shift,High,High consumption 3.52kW at 20.0h (peak). Shift washing/dishwasher to 13-16h off-peak.,0.705,hour=20 & kW>1.72
2007-01-07 21:00:00,Peak_Shift,High,High consumption 4.74kW at 21.0h (peak). Shift washing/dishwasher to 13-16h off-peak.,0.948,hour=21 & kW>1.91
2007-01-08 01:00:00,Night_Idle_Waste,Low,"Idle consumption 1.35kW at 1h. Check standby: router, fridge, Sub_metering_3.",1.051,hour in 1-5 & kW>0.8
2007-01-08 02:00:00,Night_Idle_Waste,Low,"Idle consumption 1.38kW at 2h. Check standby: router, fridge, Sub_metering_3.",1.085,hour in 1-5 & kW>0.8
2007-01-08 03:00:00,Night_Idle_Waste,Low,"Idle consumption 1.36kW at 3h. Check standby: router, fridge, Sub_metering_3.",1.057,hour in 1-5 & kW>0.8
2007-01-08 04:00:00,Night_Idle_Waste,Low,"Idle consumption 1.38kW at 4h. Check standby: router, fridge, Sub_metering_3.",1.076,hour in 1-5 & kW>0.8
2007-01-08 05:00:00,Night_Idle_Waste,Low,"Idle consumption 1.10kW at 5h. Check standby: router, fridge, Sub_metering_3.",0.805,hour in 1-5 & kW>0.8
2007-01-08 18:00:00,Peak_Shift,Medium,High consumption 2.91kW at 18.0h (peak). Shift washing/dishwasher to 13-16h off-peak.,0.582,hour=18 & kW>2.10
2007-01-08 19:00:00,Peak_Shift,Medium,High consumption 2.79kW at 19.0h (peak). Shift washing/dishwasher to 13-16h off-peak.,0.559,hour=19 & kW>2.10
2007-01-08 20:00:00,Peak_Shift,High,High consumption 3.43kW at 20.0h (peak). Shift washing/dishwasher to 13-16h off-peak.,0.685,hour=20 & kW>2.09
2007-01-08 21:00:00,Peak_Shift,Medium,High consumption 2.51kW at 21.0h (peak). Shift washing/dishwasher to 13-16h off-peak.,0.502,hour=21 & kW>1.98
2007-01-09 18:00:00,Peak_Shift,Medium,High consumption 2.37kW at 18.0h (peak). Shift washing/dishwasher to 13-16h off-peak.,0.475,hour=18 & kW>1.47
2007-01-09 19:00:00,Peak_Shift,Medium,High consumption 2.29kW at 19.0h (peak). Shift washing/dishwasher to 13-16h off-peak.,0.457,hour=19 & kW>1.45
2007-01-09 20:00:00,Peak_Shift,High,High consumption 3.21kW at 20.0h (peak). Shift washing/dishwasher to 13-16h off-peak.,0.642,hour=20 & kW>1.44
2007-01-09 21:00:00,Peak_Shift,High,High consumption 3.29kW at 21.0h (peak). Shift washing/dishwasher to 13-16h off-peak.,0.658,hour=21 & kW>1.48
2007-01-10 11:00:00,Anomaly_Inspection,High,Anomaly detected: 3.97kW vs expected 1.82kW (residual 2.15). Check appliance left on.,2.151,z_score=4.45 | abs_error=2.15
2007-01-10 18:00:00,Peak_Shift,High,High consumption 3.36kW at 18.0h (peak). Shift washing/dishwasher to 13-16h off-peak.,0.673,hour=18 & kW>1.93
2007-01-10 19:00:00,Peak_Shift,High,High consumption 3.19kW at 19.0h (peak). Shift washing/dishwasher to 13-16h off-peak.,0.638,hour=19 & kW>1.97
2007-01-10 20:00:00,Peak_Shift,Medium,High consumption 2.93kW at 20.0h (peak). Shift washing/dishwasher to 13-16h off-peak.,0.587,hour=20 & kW>1.96
2007-01-11 03:00:00,Night_Idle_Waste,Low,"Idle consumption 0.89kW at 3h. Check standby: router, fridge, Sub_metering_3.",0.592,hour in 1-5 & kW>0.8
2007-01-11 18:00:00,Peak_Shift,High,High consumption 3.87kW at 18.0h (peak). Shift washing/dishwasher to 13-16h off-peak.,0.774,hour=18 & kW>1.63
2007-01-11 19:00:00,Peak_Shift,High,High consumption 4.78kW at 19.0h (peak). Shift washing/dishwasher to 13-16h off-peak.,0.957,hour=19 & kW>1.71
2007-01-11 20:00:00,Peak_Shift,High,High consumption 3.71kW at 20.0h (peak). Shift washing/dishwasher to 13-16h off-peak.,0.741,hour=20 & kW>1.74
2007-01-11 21:00:00,Peak_Shift,Medium,High consumption 2.88kW at 21.0h (peak). Shift washing/dishwasher to 13-16h off-peak.,0.576,hour=21 & kW>1.80
2007-01-12 05:00:00,Night_Idle_Waste,Low,"Idle consumption 0.81kW at 5h. Check standby: router, fridge, Sub_metering_3.",0.512,hour in 1-5 & kW>0.8
2007-01-12 18:00:00,Peak_Shift,Medium,High consumption 2.55kW at 18.0h (peak). Shift washing/dishwasher to 13-16h off-peak.,0.51,hour=18 & kW>1.51
2007-01-12 19:00:00,Peak_Shift,Medium,High consumption 2.23kW at 19.0h (peak). Shift washing/dishwasher to 13-16h off-peak.,0.447,hour=19 & kW>1.38
2007-01-12 20:00:00,Peak_Shift,Medium,High consumption 2.30kW at 20.0h (peak). Shift washing/dishwasher to 13-16h off-peak.,0.459,hour=20 & kW>1.31
2007-01-12 21:00:00,Peak_Shift,Medium,High consumption 1.51kW at 21.0h (peak). Shift washing/dishwasher to 13-16h off-peak.,0.303,hour=21 & kW>1.24
2007-01-13 19:00:00,Peak_Shift,High,High consumption 3.15kW at 19.0h (peak). Shift washing/dishwasher to 13-16h off-peak.,0.631,hour=19 & kW>1.94
2007-01-13 20:00:00,Peak_Shift,High,High consumption 4.51kW at 20.0h (peak). Shift washing/dishwasher to 13-16h off-peak.,0.902,hour=20 & kW>2.05
2007-01-13 21:00:00,Peak_Shift,High,High consumption 4.98kW at 21.0h (peak). Shift washing/dishwasher to 13-16h off-peak.,0.996,hour=21 & kW>2.23
2007-01-14 01:00:00,Night_Idle_Waste,Low,"Idle consumption 2.92kW at 1h. Check standby: router, fridge, Sub_metering_3.",2.616,hour in 1-5 & kW>0.8
2007-01-14 02:00:00,Night_Idle_Waste,Low,"Idle consumption 2.88kW at 2h. Check standby: router, fridge, Sub_metering_3.",2.579,hour in 1-5 & kW>0.8
2007-01-14 03:00:00,Night_Idle_Waste,Low,"Idle consumption 1.12kW at 3h. Check standby: router, fridge, Sub_metering_3.",0.822,hour in 1-5 & kW>0.8
2007-01-14 04:00:00,Night_Idle_Waste,Low,"Idle consumption 1.13kW at 4h. Check standby: router, fridge, Sub_metering_3.",0.834,hour in 1-5 & kW>0.8
2007-01-14 05:00:00,Night_Idle_Waste,Low,"Idle consumption 1.19kW at 5h. Check standby: router, fridge, Sub_metering_3.",0.894,hour in 1-5 & kW>0.8
2007-01-14 18:00:00,Peak_Shift,High,High consumption 3.59kW at 18.0h (peak). Shift washing/dishwasher to 13-16h off-peak.,0.718,hour=18 & kW>3.11
2007-01-14 19:00:00,Peak_Shift,High,High consumption 3.29kW at 19.0h (peak). Shift washing/dishwasher to 13-16h off-peak.,0.658,hour=19 & kW>3.12
2007-01-14 20:00:00,Peak_Shift,High,High consumption 3.19kW at 20.0h (peak). Shift washing/dishwasher to 13-16h off-peak.,0.639,hour=20 & kW>3.06
2007-01-15 01:00:00,Night_Idle_Waste,Low,"Idle consumption 1.34kW at 1h. Check standby: router, fridge, Sub_metering_3.",1.042,hour in 1-5 & kW>0.8
2007-01-15 18:00:00,Peak_Shift,Medium,High consumption 2.25kW at 18.0h (peak). Shift washing/dishwasher to 13-16h off-peak.,0.45,hour=18 & kW>1.78
2007-01-15 19:00:00,Peak_Shift,Medium,High consumption 2.97kW at 19.0h (peak). Shift washing/dishwasher to 13-16h off-peak.,0.594,hour=19 & kW>1.76
2007-01-15 20:00:00,Peak_Shift,Medium,High consumption 2.74kW at 20.0h (peak). Shift washing/dishwasher to 13-16h off-peak.,0.549,hour=20 & kW>1.74
2007-01-16 18:00:00,Peak_Shift,High,High consumption 3.13kW at 18.0h (peak). Shift washing/dishwasher to 13-16h off-peak.,0.625,hour=18 & kW>1.68
2007-01-16 19:00:00,Peak_Shift,Medium,High consumption 1.96kW at 19.0h (peak). Shift washing/dishwasher to 13-16h off-peak.,0.392,hour=19 & kW>1.63
2007-01-17 02:00:00,Night_Idle_Waste,Low,"Idle consumption 0.86kW at 2h. Check standby: router, fridge, Sub_metering_3.",0.56,hour in 1-5 & kW>0.8
2007-01-17 15:00:00,Anomaly_Inspection,High,Anomaly detected: 3.87kW vs expected 1.72kW (residual 2.15). Check appliance left on.,2.151,z_score=4.31 | abs_error=2.15
2007-01-17 19:00:00,Peak_Shift,Medium,High consumption 2.61kW at 19.0h (peak). Shift washing/dishwasher to 13-16h off-peak.,0.521,hour=19 & kW>2.01
2007-01-17 20:00:00,Peak_Shift,High,High consumption 3.22kW at 20.0h (peak). Shift washing/dishwasher to 13-16h off-peak.,0.644,hour=20 & kW>2.10
2007-01-17 21:00:00,Peak_Shift,High,High consumption 3.54kW at 21.0h (peak). Shift washing/dishwasher to 13-16h off-peak.,0.709,hour=21 & kW>2.21
2007-01-18 01:00:00,Night_Idle_Waste,Low,"Idle consumption 1.13kW at 1h. Check standby: router, fridge, Sub_metering_3.",0.829,hour in 1-5 & kW>0.8
2007-01-18 18:00:00,Peak_Shift,High,High consumption 3.13kW at 18.0h (peak). Shift washing/dishwasher to 13-16h off-peak.,0.627,hour=18 & kW>1.70
2007-01-18 19:00:00,Peak_Shift,Medium,High consumption 2.79kW at 19.0h (peak). Shift washing/dishwasher to 13-16h off-peak.,0.559,hour=19 & kW>1.71
2007-01-18 20:00:00,Peak_Shift,Medium,High consumption 2.97kW at 20.0h (peak). Shift washing/dishwasher to 13-16h off-peak.,0.594,hour=20 & kW>1.69
2007-01-18 21:00:00,Peak_Shift,Medium,High consumption 2.78kW at 21.0h (peak). Shift washing/dishwasher to 13-16h off-peak.,0.556,hour=21 & kW>1.66
2007-01-19 20:00:00,Peak_Shift,Medium,High consumption 1.55kW at 20.0h (peak). Shift washing/dishwasher to 13-16h off-peak.,0.309,hour=20 & kW>1.13
2007-01-19 21:00:00,Peak_Shift,Medium,High consumption 2.42kW at 21.0h (peak). Shift washing/dishwasher to 13-16h off-peak.,0.485,hour=21 & kW>1.11
2007-01-20 01:00:00,Night_Idle_Waste,Low,"Idle consumption 1.15kW at 1h. Check standby: router, fridge, Sub_metering_3.",0.849,hour in 1-5 & kW>0.8
2007-01-20 02:00:00,Night_Idle_Waste,Low,"Idle consumption 1.04kW at 2h. Check standby: router, fridge, Sub_metering_3.",0.738,hour in 1-5 & kW>0.8
2007-01-20 03:00:00,Night_Idle_Waste,Low,"Idle consumption 1.12kW at 3h. Check standby: router, fridge, Sub_metering_3.",0.82,hour in 1-5 & kW>0.8
2007-01-20 04:00:00,Night_Idle_Waste,Low,"Idle consumption 1.02kW at 4h. Check standby: router, fridge, Sub_metering_3.",0.723,hour in 1-5 & kW>0.8
2007-01-20 05:00:00,Night_Idle_Waste,Low,"Idle consumption 1.05kW at 5h. Check standby: router, fridge, Sub_metering_3.",0.751,hour in 1-5 & kW>0.8
2007-01-20 18:00:00,Peak_Shift,High,High consumption 4.31kW at 18.0h (peak). Shift washing/dishwasher to 13-16h off-peak.,0.862,hour=18 & kW>2.39
2007-01-20 19:00:00,Peak_Shift,High,High consumption 5.34kW at 19.0h (peak). Shift washing/dishwasher to 13-16h off-peak.,1.069,hour=19 & kW>2.61
2007-01-20 20:00:00,Peak_Shift,High,High consumption 3.71kW at 20.0h (peak). Shift washing/dishwasher to 13-16h off-peak.,0.743,hour=20 & kW>2.72
2007-01-21 01:00:00,Night_Idle_Waste,Low,"Idle consumption 1.50kW at 1h. Check standby: router, fridge, Sub_metering_3.",1.2,hour in 1-5 & kW>0.8
2007-01-21 02:00:00,Night_Idle_Waste,Low,"Idle consumption 1.57kW at 2h. Check standby: router, fridge, Sub_metering_3.",1.267,hour in 1-5 & kW>0.8
2007-01-21 03:00:00,Night_Idle_Waste,Low,"Idle consumption 1.20kW at 3h. Check standby: router, fridge, Sub_metering_3.",0.898,hour in 1-5 & kW>0.8
2007-01-21 04:00:00,Night_Idle_Waste,Low,"Idle consumption 1.17kW at 4h. Check standby: router, fridge, Sub_metering_3.",0.874,hour in 1-5 & kW>0.8
2007-01-21 05:00:00,Night_Idle_Waste,Low,"Idle consumption 1.21kW at 5h. Check standby: router, fridge, Sub_metering_3.",0.906,hour in 1-5 & kW>0.8
2007-01-21 18:00:00,Peak_Shift,High,High consumption 3.65kW at 18.0h (peak). Shift washing/dishwasher to 13-16h off-peak.,0.73,hour=18 & kW>2.51
2007-01-21 19:00:00,Peak_Shift,High,High consumption 5.33kW at 19.0h (peak). Shift washing/dishwasher to 13-16h off-peak.,1.066,hour=19 & kW>2.51
2007-01-21 20:00:00,Peak_Shift,High,High consumption 6.08kW at 20.0h (peak). Shift washing/dishwasher to 13-16h off-peak.,1.215,hour=20 & kW>2.63
2007-01-21 21:00:00,Peak_Shift,High,High consumption 5.91kW at 21.0h (peak). Shift washing/dishwasher to 13-16h off-peak.,1.182,hour=21 & kW>2.81
2007-01-22 19:00:00,Peak_Shift,High,High consumption 3.70kW at 19.0h (peak). Shift washing/dishwasher to 13-16h off-peak.,0.74,hour=19 & kW>2.04
2007-01-22 20:00:00,Peak_Shift,High,High consumption 4.46kW at 20.0h (peak). Shift washing/dishwasher to 13-16h off-peak.,0.891,hour=20 & kW>1.96
2007-01-22 21:00:00,Peak_Shift,Medium,High consumption 2.57kW at 21.0h (peak). Shift washing/dishwasher to 13-16h off-peak.,0.515,hour=21 & kW>1.80
2007-01-23 18:00:00,Peak_Shift,Medium,High consumption 2.39kW at 18.0h (peak). Shift washing/dishwasher to 13-16h off-peak.,0.478,hour=18 & kW>1.53
2007-01-23 19:00:00,Peak_Shift,High,High consumption 3.64kW at 19.0h (peak). Shift washing/dishwasher to 13-16h off-peak.,0.728,hour=19 & kW>1.53
2007-01-23 20:00:00,Peak_Shift,High,High consumption 3.58kW at 20.0h (peak). Shift washing/dishwasher to 13-16h off-peak.,0.716,hour=20 & kW>1.49
2007-01-23 21:00:00,Peak_Shift,Medium,High consumption 2.92kW at 21.0h (peak). Shift washing/dishwasher to 13-16h off-peak.,0.584,hour=21 & kW>1.50
2007-01-24 01:00:00,Night_Idle_Waste,Low,"Idle consumption 1.59kW at 1h. Check standby: router, fridge, Sub_metering_3.",1.287,hour in 1-5 & kW>0.8
2007-01-24 02:00:00,Night_Idle_Waste,Low,"Idle consumption 1.48kW at 2h. Check standby: router, fridge, Sub_metering_3.",1.183,hour in 1-5 & kW>0.8
2007-01-24 03:00:00,Night_Idle_Waste,Low,"Idle consumption 1.48kW at 3h. Check standby: router, fridge, Sub_metering_3.",1.179,hour in 1-5 & kW>0.8
2007-01-24 04:00:00,Night_Idle_Waste,Low,"Idle consumption 1.45kW at 4h. Check standby: router, fridge, Sub_metering_3.",1.145,hour in 1-5 & kW>0.8
2007-01-24 05:00:00,Night_Idle_Waste,Low,"Idle consumption 1.45kW at 5h. Check standby: router, fridge, Sub_metering_3.",1.146,hour in 1-5 & kW>0.8
2007-01-24 20:00:00,Peak_Shift,Medium,High consumption 2.96kW at 20.0h (peak). Shift washing/dishwasher to 13-16h off-peak.,0.593,hour=20 & kW>2.60
2007-01-25 18:00:00,Peak_Shift,Medium,High consumption 2.42kW at 18.0h (peak). Shift washing/dishwasher to 13-16h off-peak.,0.483,hour=18 & kW>1.28
2007-01-25 19:00:00,Peak_Shift,High,High consumption 3.04kW at 19.0h (peak). Shift washing/dishwasher to 13-16h off-peak.,0.608,hour=19 & kW>1.32
2007-01-25 20:00:00,Peak_Shift,Medium,High consumption 2.03kW at 20.0h (peak). Shift washing/dishwasher to 13-16h off-peak.,0.406,hour=20 & kW>1.28
2007-01-25 21:00:00,Peak_Shift,Medium,High consumption 2.30kW at 21.0h (peak). Shift washing/dishwasher to 13-16h off-peak.,0.46,hour=21 & kW>1.31
2007-01-26 19:00:00,Peak_Shift,Medium,High consumption 1.74kW at 19.0h (peak). Shift washing/dishwasher to 13-16h off-peak.,0.347,hour=19 & kW>1.27
2007-01-26 21:00:00,Peak_Shift,Medium,High consumption 2.61kW at 21.0h (peak). Shift washing/dishwasher to 13-16h off-peak.,0.521,hour=21 & kW>1.26
2007-01-27 18:00:00,Peak_Shift,Medium,High consumption 2.05kW at 18.0h (peak). Shift washing/dishwasher to 13-16h off-peak.,0.41,hour=18 & kW>1.76
2007-01-27 19:00:00,Peak_Shift,Medium,High consumption 2.11kW at 19.0h (peak). Shift washing/dishwasher to 13-16h off-peak.,0.422,hour=19 & kW>1.78
2007-01-27 20:00:00,Peak_Shift,Medium,High consumption 2.01kW at 20.0h (peak). Shift washing/dishwasher to 13-16h off-peak.,0.403,hour=20 & kW>1.81
2007-01-28 01:00:00,Night_Idle_Waste,Low,"Idle consumption 1.44kW at 1h. Check standby: router, fridge, Sub_metering_3.",1.139,hour in 1-5 & kW>0.8
2007-01-28 02:00:00,Night_Idle_Waste,Low,"Idle consumption 1.39kW at 2h. Check standby: router, fridge, Sub_metering_3.",1.086,hour in 1-5 & kW>0.8
2007-01-28 03:00:00,Night_Idle_Waste,Low,"Idle consumption 1.44kW at 3h. Check standby: router, fridge, Sub_metering_3.",1.142,hour in 1-5 & kW>0.8
2007-01-28 04:00:00,Night_Idle_Waste,Low,"Idle consumption 1.45kW at 4h. Check standby: router, fridge, Sub_metering_3.",1.149,hour in 1-5 & kW>0.8
2007-01-28 05:00:00,Night_Idle_Waste,Low,"Idle consumption 1.41kW at 5h. Check standby: router, fridge, Sub_metering_3.",1.11,hour in 1-5 & kW>0.8
2007-01-28 18:00:00,Peak_Shift,High,High consumption 3.29kW at 18.0h (peak). Shift washing/dishwasher to 13-16h off-peak.,0.659,hour=18 & kW>2.49
2007-01-28 20:00:00,Peak_Shift,High,High consumption 3.79kW at 20.0h (peak). Shift washing/dishwasher to 13-16h off-peak.,0.758,hour=20 & kW>2.60
2007-01-28 21:00:00,Peak_Shift,High,High consumption 3.08kW at 21.0h (peak). Shift washing/dishwasher to 13-16h off-peak.,0.616,hour=21 & kW>2.70
2007-01-29 05:00:00,Night_Idle_Waste,Low,"Idle consumption 1.06kW at 5h. Check standby: router, fridge, Sub_metering_3.",0.764,hour in 1-5 & kW>0.8
2007-01-29 18:00:00,Peak_Shift,Medium,High consumption 2.39kW at 18.0h (peak). Shift washing/dishwasher to 13-16h off-peak.,0.479,hour=18 & kW>1.67
2007-01-29 19:00:00,Peak_Shift,Medium,High consumption 2.89kW at 19.0h (peak). Shift washing/dishwasher to 13-16h off-peak.,0.578,hour=19 & kW>1.69
2007-01-29 20:00:00,Peak_Shift,High,High consumption 3.42kW at 20.0h (peak). Shift washing/dishwasher to 13-16h off-peak.,0.684,hour=20 & kW>1.67
2007-01-29 21:00:00,Peak_Shift,Medium,High consumption 1.74kW at 21.0h (peak). Shift washing/dishwasher to 13-16h off-peak.,0.348,hour=21 & kW>1.60
2007-01-30 18:00:00,Peak_Shift,High,High consumption 3.21kW at 18.0h (peak). Shift washing/dishwasher to 13-16h off-peak.,0.643,hour=18 & kW>1.43
2007-01-30 19:00:00,Peak_Shift,High,High consumption 3.06kW at 19.0h (peak). Shift washing/dishwasher to 13-16h off-peak.,0.613,hour=19 & kW>1.44
2007-01-30 20:00:00,Peak_Shift,Medium,High consumption 2.87kW at 20.0h (peak). Shift washing/dishwasher to 13-16h off-peak.,0.575,hour=20 & kW>1.41
2007-01-30 21:00:00,Peak_Shift,Medium,High consumption 1.67kW at 21.0h (peak). Shift washing/dishwasher to 13-16h off-peak.,0.335,hour=21 & kW>1.41
2007-01-31 18:00:00,Peak_Shift,High,High consumption 3.03kW at 18.0h (peak). Shift washing/dishwasher to 13-16h off-peak.,0.606,hour=18 & kW>2.05
2007-01-31 19:00:00,Peak_Shift,Medium,High consumption 2.53kW at 19.0h (peak). Shift washing/dishwasher to 13-16h off-peak.,0.505,hour=19 & kW>2.02
2007-01-31 21:00:00,Peak_Shift,Medium,High consumption 2.84kW at 21.0h (peak). Shift washing/dishwasher to 13-16h off-peak.,0.568,hour=21 & kW>1.99
2007-02-01 18:00:00,Peak_Shift,Medium,High consumption 2.58kW at 18.0h (peak). Shift washing/dishwasher to 13-16h off-peak.,0.516,hour=18 & kW>1.48
2007-02-01 19:00:00,Peak_Shift,Medium,High consumption 2.98kW at 19.0h (peak). Shift washing/dishwasher to 13-16h off-peak.,0.595,hour=19 & kW>1.50
2007-02-01 20:00:00,Peak_Shift,Medium,High consumption 2.13kW at 20.0h (peak). Shift washing/dishwasher to 13-16h off-peak.,0.426,hour=20 & kW>1.55
2007-02-01 21:00:00,Peak_Shift,Medium,High consumption 1.55kW at 21.0h (peak). Shift washing/dishwasher to 13-16h off-peak.,0.311,hour=21 & kW>1.49
2007-02-02 18:00:00,Peak_Shift,Medium,High consumption 2.29kW at 18.0h (peak). Shift washing/dishwasher to 13-16h off-peak.,0.458,hour=18 & kW>1.39
2007-02-02 19:00:00,Peak_Shift,Medium,High consumption 2.12kW at 19.0h (peak). Shift washing/dishwasher to 13-16h off-peak.,0.423,hour=19 & kW>1.34
2007-02-03 01:00:00,Night_Idle_Waste,Low,"Idle consumption 3.49kW at 1h. Check standby: router, fridge, Sub_metering_3.",3.191,hour in 1-5 & kW>0.8
2007-02-03 02:00:00,Night_Idle_Waste,Low,"Idle consumption 3.50kW at 2h. Check standby: router, fridge, Sub_metering_3.",3.198,hour in 1-5 & kW>0.8
2007-02-03 03:00:00,Night_Idle_Waste,Low,"Idle consumption 2.36kW at 3h. Check standby: router, fridge, Sub_metering_3.",2.062,hour in 1-5 & kW>0.8
2007-02-03 04:00:00,Night_Idle_Waste,Low,"Idle consumption 2.19kW at 4h. Check standby: router, fridge, Sub_metering_3.",1.888,hour in 1-5 & kW>0.8
2007-02-03 05:00:00,Night_Idle_Waste,Low,"Idle consumption 2.33kW at 5h. Check standby: router, fridge, Sub_metering_3.",2.026,hour in 1-5 & kW>0.8
2007-02-03 18:00:00,Peak_Shift,High,High consumption 5.02kW at 18.0h (peak). Shift washing/dishwasher to 13-16h off-peak.,1.004,hour=18 & kW>2.88
2007-02-03 19:00:00,Peak_Shift,High,High consumption 5.81kW at 19.0h (peak). Shift washing/dishwasher to 13-16h off-peak.,1.163,hour=19 & kW>3.07
2007-02-03 20:00:00,Peak_Shift,High,High consumption 3.49kW at 20.0h (peak). Shift washing/dishwasher to 13-16h off-peak.,0.698,hour=20 & kW>3.19
2007-02-03 21:00:00,Peak_Shift,High,High consumption 3.70kW at 21.0h (peak). Shift washing/dishwasher to 13-16h off-peak.,0.74,hour=21 & kW>3.34
2007-02-04 01:00:00,Night_Idle_Waste,Low,"Idle consumption 4.16kW at 1h. Check standby: router, fridge, Sub_metering_3.",3.859,hour in 1-5 & kW>0.8
2007-02-04 02:00:00,Night_Idle_Waste,Low,"Idle consumption 2.36kW at 2h. Check standby: router, fridge, Sub_metering_3.",2.056,hour in 1-5 & kW>0.8
2007-02-04 03:00:00,Night_Idle_Waste,Low,"Idle consumption 1.95kW at 3h. Check standby: router, fridge, Sub_metering_3.",1.649,hour in 1-5 & kW>0.8
2007-02-04 04:00:00,Night_Idle_Waste,Low,"Idle consumption 1.96kW at 4h. Check standby: router, fridge, Sub_metering_3.",1.662,hour in 1-5 & kW>0.8
2007-02-04 05:00:00,Night_Idle_Waste,Low,"Idle consumption 2.01kW at 5h. Check standby: router, fridge, Sub_metering_3.",1.71,hour in 1-5 & kW>0.8
2007-02-05 05:00:00,Night_Idle_Waste,Low,"Idle consumption 1.15kW at 5h. Check standby: router, fridge, Sub_metering_3.",0.852,hour in 1-5 & kW>0.8
2007-02-05 19:00:00,Peak_Shift,Medium,High consumption 2.22kW at 19.0h (peak). Shift washing/dishwasher to 13-16h off-peak.,0.445,hour=19 & kW>1.47
2007-02-05 20:00:00,Peak_Shift,High,High consumption 3.44kW at 20.0h (peak). Shift washing/dishwasher to 13-16h off-peak.,0.688,hour=20 & kW>1.49
2007-02-05 21:00:00,Peak_Shift,Medium,High consumption 2.34kW at 21.0h (peak). Shift washing/dishwasher to 13-16h off-peak.,0.467,hour=21 & kW>1.48
2007-02-06 20:00:00,Peak_Shift,Medium,High consumption 1.90kW at 20.0h (peak). Shift washing/dishwasher to 13-16h off-peak.,0.379,hour=20 & kW>1.05
2007-02-06 21:00:00,Peak_Shift,Medium,High consumption 2.78kW at 21.0h (peak). Shift washing/dishwasher to 13-16h off-peak.,0.556,hour=21 & kW>1.08
2007-02-07 18:00:00,Peak_Shift,Medium,High consumption 1.77kW at 18.0h (peak). Shift washing/dishwasher to 13-16h off-peak.,0.354,hour=18 & kW>1.70
2007-02-07 19:00:00,Peak_Shift,Medium,High consumption 2.45kW at 19.0h (peak). Shift washing/dishwasher to 13-16h off-peak.,0.49,hour=19 & kW>1.79
2007-02-07 20:00:00,Peak_Shift,Medium,High consumption 1.79kW at 20.0h (peak). Shift washing/dishwasher to 13-16h off-peak.,0.357,hour=20 & kW>1.78
2007-02-07 21:00:00,Peak_Shift,High,High consumption 3.73kW at 21.0h (peak). Shift washing/dishwasher to 13-16h off-peak.,0.747,hour=21 & kW>1.83
2007-02-08 18:00:00,Peak_Shift,Medium,High consumption 1.77kW at 18.0h (peak). Shift washing/dishwasher to 13-16h off-peak.,0.354,hour=18 & kW>1.47
2007-02-08 19:00:00,Peak_Shift,High,High consumption 3.36kW at 19.0h (peak). Shift washing/dishwasher to 13-16h off-peak.,0.673,hour=19 & kW>1.52
2007-02-08 20:00:00,Peak_Shift,Medium,High consumption 2.98kW at 20.0h (peak). Shift washing/dishwasher to 13-16h off-peak.,0.596,hour=20 & kW>1.58
2007-02-08 21:00:00,Peak_Shift,Medium,High consumption 2.73kW at 21.0h (peak). Shift washing/dishwasher to 13-16h off-peak.,0.546,hour=21 & kW>1.53
2007-02-09 19:00:00,Peak_Shift,Medium,High consumption 1.57kW at 19.0h (peak). Shift washing/dishwasher to 13-16h off-peak.,0.315,hour=19 & kW>1.32
2007-02-09 20:00:00,Peak_Shift,Medium,High consumption 2.38kW at 20.0h (peak). Shift washing/dishwasher to 13-16h off-peak.,0.477,hour=20 & kW>1.29
2007-02-09 21:00:00,Peak_Shift,Medium,High consumption 2.25kW at 21.0h (peak). Shift washing/dishwasher to 13-16h off-peak.,0.45,hour=21 & kW>1.27
2007-02-10 18:00:00,Peak_Shift,High,High consumption 3.52kW at 18.0h (peak). Shift washing/dishwasher to 13-16h off-peak.,0.703,hour=18 & kW>1.93
2007-02-10 19:00:00,Peak_Shift,High,High consumption 4.71kW at 19.0h (peak). Shift washing/dishwasher to 13-16h off-peak.,0.942,hour=19 & kW>2.09
2007-02-10 20:00:00,Peak_Shift,High,High consumption 4.07kW at 20.0h (peak). Shift washing/dishwasher to 13-16h off-peak.,0.814,hour=20 & kW>2.17
2007-02-10 21:00:00,Peak_Shift,Medium,High consumption 2.56kW at 21.0h (peak). Shift washing/dishwasher to 13-16h off-peak.,0.512,hour=21 & kW>2.19
2007-02-11 01:00:00,Night_Idle_Waste,Low,"Idle consumption 2.00kW at 1h. Check standby: router, fridge, Sub_metering_3.",1.7,hour in 1-5 & kW>0.8
2007-02-11 02:00:00,Night_Idle_Waste,Low,"Idle consumption 1.97kW at 2h. Check standby: router, fridge, Sub_metering_3.",1.669,hour in 1-5 & kW>0.8
2007-02-11 03:00:00,Night_Idle_Waste,Low,"Idle consumption 1.95kW at 3h. Check standby: router, fridge, Sub_metering_3.",1.652,hour in 1-5 & kW>0.8
2007-02-11 04:00:00,Night_Idle_Waste,Low,"Idle consumption 2.08kW at 4h. Check standby: router, fridge, Sub_metering_3.",1.776,hour in 1-5 & kW>0.8
2007-02-11 05:00:00,Night_Idle_Waste,Low,"Idle consumption 2.73kW at 5h. Check standby: router, fridge, Sub_metering_3.",2.432,hour in 1-5 & kW>0.8
2007-02-11 19:00:00,Peak_Shift,High,High consumption 3.48kW at 19.0h (peak). Shift washing/dishwasher to 13-16h off-peak.,0.697,hour=19 & kW>3.25
2007-02-12 19:00:00,Peak_Shift,Medium,High consumption 2.26kW at 19.0h (peak). Shift washing/dishwasher to 13-16h off-peak.,0.451,hour=19 & kW>1.63
2007-02-12 20:00:00,Peak_Shift,High,High consumption 3.61kW at 20.0h (peak). Shift washing/dishwasher to 13-16h off-peak.,0.721,hour=20 & kW>1.65
2007-02-12 21:00:00,Peak_Shift,Medium,High consumption 2.35kW at 21.0h (peak). Shift washing/dishwasher to 13-16h off-peak.,0.471,hour=21 & kW>1.63
2007-02-13 18:00:00,Peak_Shift,Medium,High consumption 2.25kW at 18.0h (peak). Shift washing/dishwasher to 13-16h off-peak.,0.449,hour=18 & kW>1.21
2007-02-13 19:00:00,Peak_Shift,Medium,High consumption 2.46kW at 19.0h (peak). Shift washing/dishwasher to 13-16h off-peak.,0.492,hour=19 & kW>1.22
2007-02-13 21:00:00,Peak_Shift,High,High consumption 3.55kW at 21.0h (peak). Shift washing/dishwasher to 13-16h off-peak.,0.709,hour=21 & kW>1.17
2007-02-14 18:00:00,Peak_Shift,Medium,High consumption 2.42kW at 18.0h (peak). Shift washing/dishwasher to 13-16h off-peak.,0.483,hour=18 & kW>2.09
2007-02-14 19:00:00,Peak_Shift,Medium,High consumption 2.33kW at 19.0h (peak). Shift washing/dishwasher to 13-16h off-peak.,0.466,hour=19 & kW>2.08
2007-02-14 21:00:00,Peak_Shift,High,High consumption 3.40kW at 21.0h (peak). Shift washing/dishwasher to 13-16h off-peak.,0.679,hour=21 & kW>2.09
2007-02-15 05:00:00,Night_Idle_Waste,Low,"Idle consumption 1.07kW at 5h. Check standby: router, fridge, Sub_metering_3.",0.768,hour in 1-5 & kW>0.8
2007-02-15 18:00:00,Peak_Shift,Medium,High consumption 1.78kW at 18.0h (peak). Shift washing/dishwasher to 13-16h off-peak.,0.356,hour=18 & kW>1.39
2007-02-15 19:00:00,Peak_Shift,High,High consumption 4.11kW at 19.0h (peak). Shift washing/dishwasher to 13-16h off-peak.,0.822,hour=19 & kW>1.48
2007-02-15 20:00:00,Peak_Shift,High,High consumption 3.62kW at 20.0h (peak). Shift washing/dishwasher to 13-16h off-peak.,0.724,hour=20 & kW>1.57
2007-02-15 21:00:00,Peak_Shift,Medium,High consumption 2.96kW at 21.0h (peak). Shift washing/dishwasher to 13-16h off-peak.,0.592,hour=21 & kW>1.55
2007-02-16 01:00:00,Night_Idle_Waste,Low,"Idle consumption 0.83kW at 1h. Check standby: router, fridge, Sub_metering_3.",0.526,hour in 1-5 & kW>0.8
2007-02-16 19:00:00,Peak_Shift,High,High consumption 3.13kW at 19.0h (peak). Shift washing/dishwasher to 13-16h off-peak.,0.626,hour=19 & kW>1.48
2007-02-16 20:00:00,Peak_Shift,Medium,High consumption 2.83kW at 20.0h (peak). Shift washing/dishwasher to 13-16h off-peak.,0.565,hour=20 & kW>1.44
2007-02-16 21:00:00,Peak_Shift,Medium,High consumption 2.80kW at 21.0h (peak). Shift washing/dishwasher to 13-16h off-peak.,0.559,hour=21 & kW>1.43
2007-02-17 01:00:00,Night_Idle_Waste,Low,"Idle consumption 1.12kW at 1h. Check standby: router, fridge, Sub_metering_3.",0.819,hour in 1-5 & kW>0.8
2007-02-17 19:00:00,Peak_Shift,Medium,High consumption 2.69kW at 19.0h (peak). Shift washing/dishwasher to 13-16h off-peak.,0.539,hour=19 & kW>1.58
2007-02-17 20:00:00,Peak_Shift,Medium,High consumption 1.87kW at 20.0h (peak). Shift washing/dishwasher to 13-16h off-peak.,0.375,hour=20 & kW>1.54
2007-02-17 21:00:00,Peak_Shift,Medium,High consumption 2.75kW at 21.0h (peak). Shift washing/dishwasher to 13-16h off-peak.,0.55,hour=21 & kW>1.53
2007-02-18 01:00:00,Night_Idle_Waste,Low,"Idle consumption 3.89kW at 1h. Check standby: router, fridge, Sub_metering_3.",3.588,hour in 1-5 & kW>0.8
2007-02-18 02:00:00,Night_Idle_Waste,Low,"Idle consumption 2.41kW at 2h. Check standby: router, fridge, Sub_metering_3.",2.114,hour in 1-5 & kW>0.8
2007-02-18 03:00:00,Night_Idle_Waste,Low,"Idle consumption 1.38kW at 3h. Check standby: router, fridge, Sub_metering_3.",1.075,hour in 1-5 & kW>0.8
2007-02-18 05:00:00,Night_Idle_Waste,Low,"Idle consumption 0.84kW at 5h. Check standby: router, fridge, Sub_metering_3.",0.543,hour in 1-5 & kW>0.8
2007-02-18 18:00:00,Peak_Shift,High,High consumption 3.40kW at 18.0h (peak). Shift washing/dishwasher to 13-16h off-peak.,0.68,hour=18 & kW>3.39
2007-02-18 19:00:00,Peak_Shift,High,High consumption 3.95kW at 19.0h (peak). Shift washing/dishwasher to 13-16h off-peak.,0.789,hour=19 & kW>3.45
2007-02-19 01:00:00,Night_Idle_Waste,Low,"Idle consumption 0.84kW at 1h. Check standby: router, fridge, Sub_metering_3.",0.542,hour in 1-5 & kW>0.8
2007-02-19 18:00:00,Peak_Shift,High,High consumption 3.41kW at 18.0h (peak). Shift washing/dishwasher to 13-16h off-peak.,0.682,hour=18 & kW>1.53
2007-02-19 19:00:00,Peak_Shift,High,High consumption 4.26kW at 19.0h (peak). Shift washing/dishwasher to 13-16h off-peak.,0.853,hour=19 & kW>1.54
2007-02-19 20:00:00,Peak_Shift,High,High consumption 3.97kW at 20.0h (peak). Shift washing/dishwasher to 13-16h off-peak.,0.795,hour=20 & kW>1.57
2007-02-19 21:00:00,Peak_Shift,High,High consumption 3.66kW at 21.0h (peak). Shift washing/dishwasher to 13-16h off-peak.,0.732,hour=21 & kW>1.62
2007-02-20 01:00:00,Night_Idle_Waste,Low,"Idle consumption 2.40kW at 1h. Check standby: router, fridge, Sub_metering_3.",2.096,hour in 1-5 & kW>0.8
2007-02-20 02:00:00,Night_Idle_Waste,Low,"Idle consumption 2.44kW at 2h. Check standby: router, fridge, Sub_metering_3.",2.145,hour in 1-5 & kW>0.8
2007-02-20 03:00:00,Night_Idle_Waste,Low,"Idle consumption 2.85kW at 3h. Check standby: router, fridge, Sub_metering_3.",2.547,hour in 1-5 & kW>0.8
2007-02-20 04:00:00,Night_Idle_Waste,Low,"Idle consumption 2.67kW at 4h. Check standby: router, fridge, Sub_metering_3.",2.366,hour in 1-5 & kW>0.8
2007-02-20 05:00:00,Night_Idle_Waste,Low,"Idle consumption 2.36kW at 5h. Check standby: router, fridge, Sub_metering_3.",2.063,hour in 1-5 & kW>0.8
2007-02-20 20:00:00,Peak_Shift,High,High consumption 4.40kW at 20.0h (peak). Shift washing/dishwasher to 13-16h off-peak.,0.881,hour=20 & kW>2.74
2007-02-20 21:00:00,Peak_Shift,Medium,High consumption 2.80kW at 21.0h (peak). Shift washing/dishwasher to 13-16h off-peak.,0.561,hour=21 & kW>2.69
2007-02-21 02:00:00,Night_Idle_Waste,Low,"Idle consumption 0.94kW at 2h. Check standby: router, fridge, Sub_metering_3.",0.635,hour in 1-5 & kW>0.8
2007-02-21 18:00:00,Peak_Shift,Medium,High consumption 2.86kW at 18.0h (peak). Shift washing/dishwasher to 13-16h off-peak.,0.572,hour=18 & kW>1.65
2007-02-21 19:00:00,Peak_Shift,High,High consumption 3.02kW at 19.0h (peak). Shift washing/dishwasher to 13-16h off-peak.,0.604,hour=19 & kW>1.70
2007-02-21 20:00:00,Peak_Shift,High,High consumption 4.02kW at 20.0h (peak). Shift washing/dishwasher to 13-16h off-peak.,0.803,hour=20 & kW>1.68
2007-02-21 21:00:00,Peak_Shift,Medium,High consumption 2.11kW at 21.0h (peak). Shift washing/dishwasher to 13-16h off-peak.,0.423,hour=21 & kW>1.65
2007-02-22 01:00:00,Night_Idle_Waste,Low,"Idle consumption 2.35kW at 1h. Check standby: router, fridge, Sub_metering_3.",2.045,hour in 1-5 & kW>0.8
2007-02-22 02:00:00,Night_Idle_Waste,Low,"Idle consumption 2.35kW at 2h. Check standby: router, fridge, Sub_metering_3.",2.048,hour in 1-5 & kW>0.8
2007-02-22 03:00:00,Night_Idle_Waste,Low,"Idle consumption 2.37kW at 3h. Check standby: router, fridge, Sub_metering_3.",2.074,hour in 1-5 & kW>0.8
2007-02-22 04:00:00,Night_Idle_Waste,Low,"Idle consumption 2.30kW at 4h. Check standby: router, fridge, Sub_metering_3.",1.999,hour in 1-5 & kW>0.8
2007-02-22 05:00:00,Night_Idle_Waste,Low,"Idle consumption 2.35kW at 5h. Check standby: router, fridge, Sub_metering_3.",2.048,hour in 1-5 & kW>0.8
2007-02-22 19:00:00,Peak_Shift,High,High consumption 4.49kW at 19.0h (peak). Shift washing/dishwasher to 13-16h off-peak.,0.898,hour=19 & kW>2.57
2007-02-22 20:00:00,Peak_Shift,High,High consumption 3.46kW at 20.0h (peak). Shift washing/dishwasher to 13-16h off-peak.,0.692,hour=20 & kW>2.54
2007-02-22 21:00:00,Peak_Shift,High,High consumption 6.36kW at 21.0h (peak). Shift washing/dishwasher to 13-16h off-peak.,1.273,hour=21 & kW>2.76
2007-02-24 03:00:00,Night_Idle_Waste,Low,"Idle consumption 1.14kW at 3h. Check standby: router, fridge, Sub_metering_3.",0.843,hour in 1-5 & kW>0.8
2007-02-26 01:00:00,Night_Idle_Waste,Low,"Idle consumption 0.95kW at 1h. Check standby: router, fridge, Sub_metering_3.",0.647,hour in 1-5 & kW>0.8
2007-03-01 05:00:00,Night_Idle_Waste,Low,"Idle consumption 1.17kW at 5h. Check standby: router, fridge, Sub_metering_3.",0.869,hour in 1-5 & kW>0.8
2007-03-02 03:00:00,Night_Idle_Waste,Low,"Idle consumption 0.85kW at 3h. Check standby: router, fridge, Sub_metering_3.",0.553,hour in 1-5 & kW>0.8
2007-03-03 01:00:00,Night_Idle_Waste,Low,"Idle consumption 0.88kW at 1h. Check standby: router, fridge, Sub_metering_3.",0.58,hour in 1-5 & kW>0.8
2007-03-03 19:00:00,Peak_Shift,Medium,High consumption 1.54kW at 19.0h (peak). Shift washing/dishwasher to 13-16h off-peak.,0.308,hour=19 & kW>0.51
2007-03-03 20:00:00,Peak_Shift,Medium,High consumption 1.81kW at 20.0h (peak). Shift washing/dishwasher to 13-16h off-peak.,0.363,hour=20 & kW>0.59
2007-03-04 18:00:00,Peak_Shift,High,High consumption 4.11kW at 18.0h (peak). Shift washing/dishwasher to 13-16h off-peak.,0.821,hour=18 & kW>1.29
2007-03-04 19:00:00,Peak_Shift,High,High consumption 5.43kW at 19.0h (peak). Shift washing/dishwasher to 13-16h off-peak.,1.086,hour=19 & kW>1.49
2007-03-04 20:00:00,Peak_Shift,High,High consumption 4.10kW at 20.0h (peak). Shift washing/dishwasher to 13-16h off-peak.,0.819,hour=20 & kW>1.60
2007-03-04 21:00:00,Peak_Shift,High,High consumption 3.94kW at 21.0h (peak). Shift washing/dishwasher to 13-16h off-peak.,0.788,hour=21 & kW>1.72
2007-03-05 18:00:00,Peak_Shift,High,High consumption 3.36kW at 18.0h (peak). Shift washing/dishwasher to 13-16h off-peak.,0.671,hour=18 & kW>2.18
2007-03-05 19:00:00,Peak_Shift,High,High consumption 5.64kW at 19.0h (peak). Shift washing/dishwasher to 13-16h off-peak.,1.129,hour=19 & kW>2.19
2007-03-05 20:00:00,Peak_Shift,High,High consumption 4.21kW at 20.0h (peak). Shift washing/dishwasher to 13-16h off-peak.,0.841,hour=20 & kW>2.20
2007-03-05 21:00:00,Peak_Shift,High,High consumption 3.51kW at 21.0h (peak). Shift washing/dishwasher to 13-16h off-peak.,0.702,hour=21 & kW>2.18
2007-03-06 19:00:00,Peak_Shift,Medium,High consumption 1.91kW at 19.0h (peak). Shift washing/dishwasher to 13-16h off-peak.,0.383,hour=19 & kW>1.27
2007-03-06 20:00:00,Peak_Shift,Medium,High consumption 2.68kW at 20.0h (peak). Shift washing/dishwasher to 13-16h off-peak.,0.535,hour=20 & kW>1.19
2007-03-06 21:00:00,Peak_Shift,Medium,High consumption 1.74kW at 21.0h (peak). Shift washing/dishwasher to 13-16h off-peak.,0.348,hour=21 & kW>1.10
2007-03-07 18:00:00,Peak_Shift,Medium,High consumption 2.54kW at 18.0h (peak). Shift washing/dishwasher to 13-16h off-peak.,0.508,hour=18 & kW>1.54
2007-03-07 19:00:00,Peak_Shift,High,High consumption 4.85kW at 19.0h (peak). Shift washing/dishwasher to 13-16h off-peak.,0.971,hour=19 & kW>1.69
2007-03-07 20:00:00,Peak_Shift,High,High consumption 4.37kW at 20.0h (peak). Shift washing/dishwasher to 13-16h off-peak.,0.873,hour=20 & kW>1.77
2007-03-07 21:00:00,Peak_Shift,High,High consumption 3.24kW at 21.0h (peak). Shift washing/dishwasher to 13-16h off-peak.,0.647,hour=21 & kW>1.85
2007-03-08 19:00:00,Peak_Shift,High,High consumption 3.53kW at 19.0h (peak). Shift washing/dishwasher to 13-16h off-peak.,0.705,hour=19 & kW>1.41
2007-03-08 20:00:00,Peak_Shift,High,High consumption 3.35kW at 20.0h (peak). Shift washing/dishwasher to 13-16h off-peak.,0.67,hour=20 & kW>1.36
2007-03-08 21:00:00,Peak_Shift,High,High consumption 3.23kW at 21.0h (peak). Shift washing/dishwasher to 13-16h off-peak.,0.647,hour=21 & kW>1.36
2007-03-10 03:00:00,Night_Idle_Waste,Low,"Idle consumption 0.99kW at 3h. Check standby: router, fridge, Sub_metering_3.",0.69,hour in 1-5 & kW>0.8
2007-03-10 19:00:00,Peak_Shift,High,High consumption 3.10kW at 19.0h (peak). Shift washing/dishwasher to 13-16h off-peak.,0.62,hour=19 & kW>1.62
2007-03-10 20:00:00,Peak_Shift,Medium,High consumption 2.17kW at 20.0h (peak). Shift washing/dishwasher to 13-16h off-peak.,0.434,hour=20 & kW>1.71
2007-03-10 21:00:00,Peak_Shift,High,High consumption 3.34kW at 21.0h (peak). Shift washing/dishwasher to 13-16h off-peak.,0.667,hour=21 & kW>1.85
2007-03-11 01:00:00,Night_Idle_Waste,Low,"Idle consumption 2.38kW at 1h. Check standby: router, fridge, Sub_metering_3.",2.084,hour in 1-5 & kW>0.8
2007-03-11 02:00:00,Night_Idle_Waste,Low,"Idle consumption 2.41kW at 2h. Check standby: router, fridge, Sub_metering_3.",2.106,hour in 1-5 & kW>0.8
2007-03-11 03:00:00,Night_Idle_Waste,Low,"Idle consumption 2.43kW at 3h. Check standby: router, fridge, Sub_metering_3.",2.131,hour in 1-5 & kW>0.8
2007-03-11 04:00:00,Night_Idle_Waste,Low,"Idle consumption 2.42kW at 4h. Check standby: router, fridge, Sub_metering_3.",2.116,hour in 1-5 & kW>0.8
2007-03-11 05:00:00,Night_Idle_Waste,Low,"Idle consumption 2.43kW at 5h. Check standby: router, fridge, Sub_metering_3.",2.132,hour in 1-5 & kW>0.8
2007-03-11 19:00:00,Peak_Shift,High,High consumption 4.63kW at 19.0h (peak). Shift washing/dishwasher to 13-16h off-peak.,0.926,hour=19 & kW>3.00
2007-03-11 20:00:00,Peak_Shift,High,High consumption 3.45kW at 20.0h (peak). Shift washing/dishwasher to 13-16h off-peak.,0.69,hour=20 & kW>3.07
2007-03-12 19:00:00,Peak_Shift,High,High consumption 3.31kW at 19.0h (peak). Shift washing/dishwasher to 13-16h off-peak.,0.662,hour=19 & kW>1.74
2007-03-12 20:00:00,Peak_Shift,Medium,High consumption 2.33kW at 20.0h (peak). Shift washing/dishwasher to 13-16h off-peak.,0.466,hour=20 & kW>1.68
2007-03-12 21:00:00,Peak_Shift,Medium,High consumption 2.66kW at 21.0h (peak). Shift washing/dishwasher to 13-16h off-peak.,0.533,hour=21 & kW>1.67
2007-03-13 18:00:00,Peak_Shift,Medium,High consumption 1.74kW at 18.0h (peak). Shift washing/dishwasher to 13-16h off-peak.,0.348,hour=18 & kW>1.12
2007-03-13 19:00:00,Peak_Shift,High,High consumption 3.46kW at 19.0h (peak). Shift washing/dishwasher to 13-16h off-peak.,0.691,hour=19 & kW>1.12
2007-03-13 20:00:00,Peak_Shift,Medium,High consumption 2.12kW at 20.0h (peak). Shift washing/dishwasher to 13-16h off-peak.,0.423,hour=20 & kW>1.11
2007-03-14 19:00:00,Peak_Shift,High,High consumption 3.71kW at 19.0h (peak). Shift washing/dishwasher to 13-16h off-peak.,0.741,hour=19 & kW>1.36
2007-03-14 20:00:00,Peak_Shift,Medium,High consumption 2.83kW at 20.0h (peak). Shift washing/dishwasher to 13-16h off-peak.,0.566,hour=20 & kW>1.39
2007-03-14 21:00:00,Peak_Shift,High,High consumption 3.62kW at 21.0h (peak). Shift washing/dishwasher to 13-16h off-peak.,0.725,hour=21 & kW>1.54
2007-03-15 18:00:00,Peak_Shift,Medium,High consumption 2.10kW at 18.0h (peak). Shift washing/dishwasher to 13-16h off-peak.,0.419,hour=18 & kW>1.66
2007-03-15 19:00:00,Peak_Shift,High,High consumption 3.58kW at 19.0h (peak). Shift washing/dishwasher to 13-16h off-peak.,0.715,hour=19 & kW>1.65
2007-03-15 20:00:00,Peak_Shift,High,High consumption 3.35kW at 20.0h (peak). Shift washing/dishwasher to 13-16h off-peak.,0.67,hour=20 & kW>1.68
2007-03-15 21:00:00,Peak_Shift,Medium,High consumption 2.41kW at 21.0h (peak). Shift washing/dishwasher to 13-16h off-peak.,0.482,hour=21 & kW>1.62
2007-03-16 18:00:00,Peak_Shift,High,High consumption 3.43kW at 18.0h (peak). Shift washing/dishwasher to 13-16h off-peak.,0.687,hour=18 & kW>1.48
2007-03-16 19:00:00,Peak_Shift,High,High consumption 3.78kW at 19.0h (peak). Shift washing/dishwasher to 13-16h off-peak.,0.756,hour=19 & kW>1.49
2007-03-16 20:00:00,Peak_Shift,Medium,High consumption 1.74kW at 20.0h (peak). Shift washing/dishwasher to 13-16h off-peak.,0.348,hour=20 & kW>1.41
2007-03-16 21:00:00,Peak_Shift,Medium,High consumption 1.53kW at 21.0h (peak). Shift washing/dishwasher to 13-16h off-peak.,0.305,hour=21 & kW>1.37
2007-03-17 18:00:00,Peak_Shift,Medium,High consumption 2.11kW at 18.0h (peak). Shift washing/dishwasher to 13-16h off-peak.,0.422,hour=18 & kW>1.62
2007-03-17 19:00:00,Peak_Shift,Medium,High consumption 2.48kW at 19.0h (peak). Shift washing/dishwasher to 13-16h off-peak.,0.497,hour=19 & kW>1.56
2007-03-17 20:00:00,Peak_Shift,High,High consumption 4.13kW at 20.0h (peak). Shift washing/dishwasher to 13-16h off-peak.,0.826,hour=20 & kW>1.68
2007-03-17 21:00:00,Peak_Shift,High,High consumption 3.38kW at 21.0h (peak). Shift washing/dishwasher to 13-16h off-peak.,0.676,hour=21 & kW>1.77
2007-03-18 18:00:00,Peak_Shift,Medium,High consumption 2.45kW at 18.0h (peak). Shift washing/dishwasher to 13-16h off-peak.,0.491,hour=18 & kW>1.92
2007-03-18 19:00:00,Peak_Shift,High,High consumption 4.12kW at 19.0h (peak). Shift washing/dishwasher to 13-16h off-peak.,0.825,hour=19 & kW>2.00
2007-03-18 20:00:00,Peak_Shift,High,High consumption 3.22kW at 20.0h (peak). Shift washing/dishwasher to 13-16h off-peak.,0.644,hour=20 & kW>1.95
2007-03-18 21:00:00,Peak_Shift,Medium,High consumption 2.81kW at 21.0h (peak). Shift washing/dishwasher to 13-16h off-peak.,0.562,hour=21 & kW>1.92
2007-03-19 19:00:00,Peak_Shift,High,High consumption 3.41kW at 19.0h (peak). Shift washing/dishwasher to 13-16h off-peak.,0.681,hour=19 & kW>1.65
2007-03-19 20:00:00,Peak_Shift,High,High consumption 4.10kW at 20.0h (peak). Shift washing/dishwasher to 13-16h off-peak.,0.82,hour=20 & kW>1.70
2007-03-19 21:00:00,Peak_Shift,High,High consumption 3.95kW at 21.0h (peak). Shift washing/dishwasher to 13-16h off-peak.,0.791,hour=21 & kW>1.75
2007-03-20 19:00:00,Peak_Shift,High,High consumption 3.19kW at 19.0h (peak). Shift washing/dishwasher to 13-16h off-peak.,0.637,hour=19 & kW>1.68
2007-03-20 20:00:00,Peak_Shift,Medium,High consumption 2.29kW at 20.0h (peak). Shift washing/dishwasher to 13-16h off-peak.,0.459,hour=20 & kW>1.59
2007-03-20 21:00:00,Peak_Shift,High,High consumption 5.29kW at 21.0h (peak). Shift washing/dishwasher to 13-16h off-peak.,1.059,hour=21 & kW>1.66
2007-03-21 01:00:00,Night_Idle_Waste,Low,"Idle consumption 1.36kW at 1h. Check standby: router, fridge, Sub_metering_3.",1.061,hour in 1-5 & kW>0.8
2007-03-21 19:00:00,Peak_Shift,High,High consumption 3.04kW at 19.0h (peak). Shift washing/dishwasher to 13-16h off-peak.,0.608,hour=19 & kW>1.91
2007-03-21 20:00:00,Peak_Shift,Medium,High consumption 2.53kW at 20.0h (peak). Shift washing/dishwasher to 13-16h off-peak.,0.506,hour=20 & kW>1.92
2007-03-21 21:00:00,Peak_Shift,Medium,High consumption 1.91kW at 21.0h (peak). Shift washing/dishwasher to 13-16h off-peak.,0.382,hour=21 & kW>1.76
2007-03-22 19:00:00,Peak_Shift,Medium,High consumption 1.55kW at 19.0h (peak). Shift washing/dishwasher to 13-16h off-peak.,0.31,hour=19 & kW>1.39
2007-03-22 21:00:00,Peak_Shift,Medium,High consumption 2.59kW at 21.0h (peak). Shift washing/dishwasher to 13-16h off-peak.,0.518,hour=21 & kW>1.31
2007-03-23 01:00:00,Night_Idle_Waste,Low,"Idle consumption 0.98kW at 1h. Check standby: router, fridge, Sub_metering_3.",0.678,hour in 1-5 & kW>0.8
2007-03-23 19:00:00,Peak_Shift,Medium,High consumption 1.61kW at 19.0h (peak). Shift washing/dishwasher to 13-16h off-peak.,0.322,hour=19 & kW>1.10
2007-03-23 20:00:00,Peak_Shift,Medium,High consumption 2.17kW at 20.0h (peak). Shift washing/dishwasher to 13-16h off-peak.,0.435,hour=20 & kW>1.19
2007-03-23 21:00:00,Peak_Shift,Medium,High consumption 1.52kW at 21.0h (peak). Shift washing/dishwasher to 13-16h off-peak.,0.305,hour=21 & kW>1.14
2007-03-24 18:00:00,Peak_Shift,High,High consumption 3.02kW at 18.0h (peak). Shift washing/dishwasher to 13-16h off-peak.,0.605,hour=18 & kW>1.84
2007-03-24 19:00:00,Peak_Shift,High,High consumption 5.02kW at 19.0h (peak). Shift washing/dishwasher to 13-16h off-peak.,1.003,hour=19 & kW>2.01
2007-03-24 20:00:00,Peak_Shift,High,High consumption 3.89kW at 20.0h (peak). Shift washing/dishwasher to 13-16h off-peak.,0.778,hour=20 & kW>2.10
2007-03-24 21:00:00,Peak_Shift,High,High consumption 3.24kW at 21.0h (peak). Shift washing/dishwasher to 13-16h off-peak.,0.648,hour=21 & kW>2.19
2007-03-25 01:00:00,Night_Idle_Waste,Low,"Idle consumption 2.32kW at 1h. Check standby: router, fridge, Sub_metering_3.",2.023,hour in 1-5 & kW>0.8
2007-03-25 02:00:00,Night_Idle_Waste,Low,"Idle consumption 2.36kW at 2h. Check standby: router, fridge, Sub_metering_3.",2.06,hour in 1-5 & kW>0.8
2007-03-25 03:00:00,Night_Idle_Waste,Low,"Idle consumption 2.36kW at 3h. Check standby: router, fridge, Sub_metering_3.",2.058,hour in 1-5 & kW>0.8
2007-03-25 04:00:00,Night_Idle_Waste,Low,"Idle consumption 2.39kW at 4h. Check standby: router, fridge, Sub_metering_3.",2.092,hour in 1-5 & kW>0.8
2007-03-25 05:00:00,Night_Idle_Waste,Low,"Idle consumption 2.50kW at 5h. Check standby: router, fridge, Sub_metering_3.",2.201,hour in 1-5 & kW>0.8
2007-03-25 19:00:00,Peak_Shift,High,High consumption 3.74kW at 19.0h (peak). Shift washing/dishwasher to 13-16h off-peak.,0.749,hour=19 & kW>2.94
2007-03-25 20:00:00,Peak_Shift,High,High consumption 4.45kW at 20.0h (peak). Shift washing/dishwasher to 13-16h off-peak.,0.889,hour=20 & kW>2.97
2007-03-25 21:00:00,Peak_Shift,High,High consumption 3.52kW at 21.0h (peak). Shift washing/dishwasher to 13-16h off-peak.,0.704,hour=21 & kW>2.98
2007-03-26 20:00:00,Peak_Shift,Medium,High consumption 2.17kW at 20.0h (peak). Shift washing/dishwasher to 13-16h off-peak.,0.433,hour=20 & kW>1.39
2007-03-26 21:00:00,Peak_Shift,Medium,High consumption 1.77kW at 21.0h (peak). Shift washing/dishwasher to 13-16h off-peak.,0.354,hour=21 & kW>1.30
2007-03-27 19:00:00,Peak_Shift,Medium,High consumption 1.58kW at 19.0h (peak). Shift washing/dishwasher to 13-16h off-peak.,0.316,hour=19 & kW>0.84
2007-03-27 20:00:00,Peak_Shift,Medium,High consumption 2.87kW at 20.0h (peak). Shift washing/dishwasher to 13-16h off-peak.,0.575,hour=20 & kW>0.88
2007-03-27 21:00:00,Peak_Shift,Medium,High consumption 2.90kW at 21.0h (peak). Shift washing/dishwasher to 13-16h off-peak.,0.581,hour=21 & kW>0.93
2007-03-28 01:00:00,Night_Idle_Waste,Low,"Idle consumption 0.92kW at 1h. Check standby: router, fridge, Sub_metering_3.",0.624,hour in 1-5 & kW>0.8
2007-03-28 19:00:00,Peak_Shift,Medium,High consumption 2.68kW at 19.0h (peak). Shift washing/dishwasher to 13-16h off-peak.,0.536,hour=19 & kW>1.85
2007-03-28 20:00:00,Peak_Shift,Medium,High consumption 2.75kW at 20.0h (peak). Shift washing/dishwasher to 13-16h off-peak.,0.551,hour=20 & kW>1.85
2007-03-28 21:00:00,Peak_Shift,High,High consumption 4.09kW at 21.0h (peak). Shift washing/dishwasher to 13-16h off-peak.,0.818,hour=21 & kW>1.91
2007-03-29 05:00:00,Night_Idle_Waste,Low,"Idle consumption 0.89kW at 5h. Check standby: router, fridge, Sub_metering_3.",0.593,hour in 1-5 & kW>0.8
2007-03-29 18:00:00,Peak_Shift,Medium,High consumption 1.80kW at 18.0h (peak). Shift washing/dishwasher to 13-16h off-peak.,0.36,hour=18 & kW>1.29
2007-03-29 19:00:00,Peak_Shift,Medium,High consumption 2.61kW at 19.0h (peak). Shift washing/dishwasher to 13-16h off-peak.,0.521,hour=19 & kW>1.29
2007-03-29 20:00:00,Peak_Shift,High,High consumption 3.02kW at 20.0h (peak). Shift washing/dishwasher to 13-16h off-peak.,0.604,hour=20 & kW>1.30
2007-03-29 21:00:00,Peak_Shift,High,High consumption 3.37kW at 21.0h (peak). Shift washing/dishwasher to 13-16h off-peak.,0.674,hour=21 & kW>1.27
2007-03-30 20:00:00,Peak_Shift,Medium,High consumption 2.21kW at 20.0h (peak). Shift washing/dishwasher to 13-16h off-peak.,0.443,hour=20 & kW>1.30
2007-03-30 21:00:00,Peak_Shift,Medium,High consumption 2.18kW at 21.0h (peak). Shift washing/dishwasher to 13-16h off-peak.,0.437,hour=21 & kW>1.24
2007-03-31 02:00:00,Night_Idle_Waste,Low,"Idle consumption 1.61kW at 2h. Check standby: router, fridge, Sub_metering_3.",1.307,hour in 1-5 & kW>0.8
2007-03-31 03:00:00,Night_Idle_Waste,Low,"Idle consumption 2.46kW at 3h. Check standby: router, fridge, Sub_metering_3.",2.156,hour in 1-5 & kW>0.8
2007-03-31 04:00:00,Night_Idle_Waste,Low,"Idle consumption 2.41kW at 4h. Check standby: router, fridge, Sub_metering_3.",2.109,hour in 1-5 & kW>0.8
2007-03-31 05:00:00,Night_Idle_Waste,Low,"Idle consumption 2.42kW at 5h. Check standby: router, fridge, Sub_metering_3.",2.117,hour in 1-5 & kW>0.8
2007-03-31 10:00:00,Anomaly_Inspection,High,Anomaly detected: 5.16kW vs expected 2.92kW (residual 2.24). Check appliance left on.,2.244,z_score=4.76 | abs_error=2.24
2007-03-31 18:00:00,Peak_Shift,High,High consumption 4.06kW at 18.0h (peak). Shift washing/dishwasher to 13-16h off-peak.,0.812,hour=18 & kW>2.52
2007-03-31 19:00:00,Peak_Shift,High,High consumption 3.47kW at 19.0h (peak). Shift washing/dishwasher to 13-16h off-peak.,0.695,hour=19 & kW>2.65
2007-03-31 20:00:00,Peak_Shift,High,High consumption 4.77kW at 20.0h (peak). Shift washing/dishwasher to 13-16h off-peak.,0.953,hour=20 & kW>2.77
2007-04-01 01:00:00,Night_Idle_Waste,Low,"Idle consumption 1.97kW at 1h. Check standby: router, fridge, Sub_metering_3.",1.673,hour in 1-5 & kW>0.8
2007-04-01 02:00:00,Night_Idle_Waste,Low,"Idle consumption 1.77kW at 2h. Check standby: router, fridge, Sub_metering_3.",1.473,hour in 1-5 & kW>0.8
2007-04-01 03:00:00,Night_Idle_Waste,Low,"Idle consumption 1.16kW at 3h. Check standby: router, fridge, Sub_metering_3.",0.859,hour in 1-5 & kW>0.8
2007-04-01 18:00:00,Peak_Shift,High,High consumption 3.60kW at 18.0h (peak). Shift washing/dishwasher to 13-16h off-peak.,0.72,hour=18 & kW>2.30
2007-04-01 19:00:00,Peak_Shift,High,High consumption 3.31kW at 19.0h (peak). Shift washing/dishwasher to 13-16h off-peak.,0.663,hour=19 & kW>2.30
2007-04-01 20:00:00,Peak_Shift,Medium,High consumption 2.21kW at 20.0h (peak). Shift washing/dishwasher to 13-16h off-peak.,0.442,hour=20 & kW>2.17
2007-04-01 21:00:00,Peak_Shift,High,High consumption 3.95kW at 21.0h (peak). Shift washing/dishwasher to 13-16h off-peak.,0.789,hour=21 & kW>2.24
2007-04-02 01:00:00,Night_Idle_Waste,Low,"Idle consumption 1.37kW at 1h. Check standby: router, fridge, Sub_metering_3.",1.065,hour in 1-5 & kW>0.8
2007-04-02 19:00:00,Peak_Shift,Medium,High consumption 2.42kW at 19.0h (peak). Shift washing/dishwasher to 13-16h off-peak.,0.484,hour=19 & kW>1.71
2007-04-02 20:00:00,Peak_Shift,Medium,High consumption 2.57kW at 20.0h (peak). Shift washing/dishwasher to 13-16h off-peak.,0.514,hour=20 & kW>1.73
2007-04-02 21:00:00,Peak_Shift,High,High consumption 3.14kW at 21.0h (peak). Shift washing/dishwasher to 13-16h off-peak.,0.629,hour=21 & kW>1.69
2007-04-03 19:00:00,Peak_Shift,High,High consumption 4.57kW at 19.0h (peak). Shift washing/dishwasher to 13-16h off-peak.,0.913,hour=19 & kW>1.50
2007-04-03 20:00:00,Peak_Shift,Medium,High consumption 1.83kW at 20.0h (peak). Shift washing/dishwasher to 13-16h off-peak.,0.367,hour=20 & kW>1.46
2007-04-03 21:00:00,Peak_Shift,Medium,High consumption 2.31kW at 21.0h (peak). Shift washing/dishwasher to 13-16h off-peak.,0.461,hour=21 & kW>1.42
2007-04-04 19:00:00,Peak_Shift,Medium,High consumption 1.96kW at 19.0h (peak). Shift washing/dishwasher to 13-16h off-peak.,0.393,hour=19 & kW>1.68
2007-04-04 21:00:00,Peak_Shift,High,High consumption 3.80kW at 21.0h (peak). Shift washing/dishwasher to 13-16h off-peak.,0.759,hour=21 & kW>1.74
2007-04-05 19:00:00,Peak_Shift,Medium,High consumption 2.69kW at 19.0h (peak). Shift washing/dishwasher to 13-16h off-peak.,0.538,hour=19 & kW>1.34
2007-04-05 20:00:00,Peak_Shift,High,High consumption 4.06kW at 20.0h (peak). Shift washing/dishwasher to 13-16h off-peak.,0.811,hour=20 & kW>1.47
2007-04-05 21:00:00,Peak_Shift,High,High consumption 4.75kW at 21.0h (peak). Shift washing/dishwasher to 13-16h off-peak.,0.951,hour=21 & kW>1.52
2007-04-06 18:00:00,Peak_Shift,High,High consumption 3.19kW at 18.0h (peak). Shift washing/dishwasher to 13-16h off-peak.,0.639,hour=18 & kW>1.67
2007-04-06 19:00:00,Peak_Shift,Medium,High consumption 2.22kW at 19.0h (peak). Shift washing/dishwasher to 13-16h off-peak.,0.444,hour=19 & kW>1.65
2007-04-06 21:00:00,Peak_Shift,Medium,High consumption 2.33kW at 21.0h (peak). Shift washing/dishwasher to 13-16h off-peak.,0.467,hour=21 & kW>1.36
2007-04-07 05:00:00,Night_Idle_Waste,Low,"Idle consumption 0.90kW at 5h. Check standby: router, fridge, Sub_metering_3.",0.598,hour in 1-5 & kW>0.8
2007-04-07 21:00:00,Peak_Shift,High,High consumption 3.30kW at 21.0h (peak). Shift washing/dishwasher to 13-16h off-peak.,0.659,hour=21 & kW>1.14
2007-04-08 01:00:00,Night_Idle_Waste,Low,"Idle consumption 2.30kW at 1h. Check standby: router, fridge, Sub_metering_3.",1.999,hour in 1-5 & kW>0.8
2007-04-08 02:00:00,Night_Idle_Waste,Low,"Idle consumption 2.34kW at 2h. Check standby: router, fridge, Sub_metering_3.",2.045,hour in 1-5 & kW>0.8
2007-04-08 03:00:00,Night_Idle_Waste,Low,"Idle consumption 2.40kW at 3h. Check standby: router, fridge, Sub_metering_3.",2.096,hour in 1-5 & kW>0.8
2007-04-08 04:00:00,Night_Idle_Waste,Low,"Idle consumption 2.33kW at 4h. Check standby: router, fridge, Sub_metering_3.",2.029,hour in 1-5 & kW>0.8
2007-04-08 05:00:00,Night_Idle_Waste,Low,"Idle consumption 2.28kW at 5h. Check standby: router, fridge, Sub_metering_3.",1.979,hour in 1-5 & kW>0.8
2007-04-09 19:00:00,Peak_Shift,Medium,High consumption 2.41kW at 19.0h (peak). Shift washing/dishwasher to 13-16h off-peak.,0.483,hour=19 & kW>0.71
2007-04-09 20:00:00,Peak_Shift,Medium,High consumption 1.63kW at 20.0h (peak). Shift washing/dishwasher to 13-16h off-peak.,0.325,hour=20 & kW>0.77
2007-04-09 21:00:00,Peak_Shift,Medium,High consumption 1.61kW at 21.0h (peak). Shift washing/dishwasher to 13-16h off-peak.,0.321,hour=21 & kW>0.84
2007-04-10 05:00:00,Night_Idle_Waste,Low,"Idle consumption 0.82kW at 5h. Check standby: router, fridge, Sub_metering_3.",0.515,hour in 1-5 & kW>0.8
2007-04-11 01:00:00,Night_Idle_Waste,Low,"Idle consumption 1.10kW at 1h. Check standby: router, fridge, Sub_metering_3.",0.795,hour in 1-5 & kW>0.8
2007-04-16 21:00:00,Peak_Shift,Medium,High consumption 2.90kW at 21.0h (peak). Shift washing/dishwasher to 13-16h off-peak.,0.581,hour=21 & kW>0.78
2007-04-17 20:00:00,Peak_Shift,Medium,High consumption 2.72kW at 20.0h (peak). Shift washing/dishwasher to 13-16h off-peak.,0.544,hour=20 & kW>1.04
2007-04-17 21:00:00,Peak_Shift,Medium,High consumption 1.99kW at 21.0h (peak). Shift washing/dishwasher to 13-16h off-peak.,0.399,hour=21 & kW>0.99
2007-04-18 21:00:00,Peak_Shift,Medium,High consumption 1.81kW at 21.0h (peak). Shift washing/dishwasher to 13-16h off-peak.,0.362,hour=21 & kW>0.88
2007-04-19 02:00:00,Night_Idle_Waste,Low,"Idle consumption 1.02kW at 2h. Check standby: router, fridge, Sub_metering_3.",0.715,hour in 1-5 & kW>0.8
2007-04-20 04:00:00,Night_Idle_Waste,Low,"Idle consumption 0.80kW at 4h. Check standby: router, fridge, Sub_metering_3.",0.502,hour in 1-5 & kW>0.8
2007-04-20 21:00:00,Peak_Shift,Medium,High consumption 2.88kW at 21.0h (peak). Shift washing/dishwasher to 13-16h off-peak.,0.577,hour=21 & kW>0.63
2007-04-21 18:00:00,Peak_Shift,Medium,High consumption 2.45kW at 18.0h (peak). Shift washing/dishwasher to 13-16h off-peak.,0.49,hour=18 & kW>1.14
2007-04-21 19:00:00,Peak_Shift,Medium,High consumption 2.96kW at 19.0h (peak). Shift washing/dishwasher to 13-16h off-peak.,0.592,hour=19 & kW>1.27
2007-04-21 20:00:00,Peak_Shift,Medium,High consumption 1.81kW at 20.0h (peak). Shift washing/dishwasher to 13-16h off-peak.,0.362,hour=20 & kW>1.32
2007-04-21 21:00:00,Peak_Shift,High,High consumption 3.54kW at 21.0h (peak). Shift washing/dishwasher to 13-16h off-peak.,0.708,hour=21 & kW>1.35
2007-04-22 19:00:00,Peak_Shift,Medium,High consumption 2.24kW at 19.0h (peak). Shift washing/dishwasher to 13-16h off-peak.,0.449,hour=19 & kW>1.87
2007-04-22 20:00:00,Peak_Shift,Medium,High consumption 1.92kW at 20.0h (peak). Shift washing/dishwasher to 13-16h off-peak.,0.383,hour=20 & kW>1.88
2007-04-22 21:00:00,Peak_Shift,High,High consumption 3.05kW at 21.0h (peak). Shift washing/dishwasher to 13-16h off-peak.,0.61,hour=21 & kW>1.85
2007-04-23 21:00:00,Peak_Shift,Medium,High consumption 2.02kW at 21.0h (peak). Shift washing/dishwasher to 13-16h off-peak.,0.403,hour=21 & kW>0.98
2007-04-24 01:00:00,Night_Idle_Waste,Low,"Idle consumption 0.88kW at 1h. Check standby: router, fridge, Sub_metering_3.",0.578,hour in 1-5 & kW>0.8
2007-04-24 20:00:00,Peak_Shift,Medium,High consumption 1.90kW at 20.0h (peak). Shift washing/dishwasher to 13-16h off-peak.,0.379,hour=20 & kW>0.82
2007-04-24 21:00:00,Peak_Shift,Medium,High consumption 2.10kW at 21.0h (peak). Shift washing/dishwasher to 13-16h off-peak.,0.419,hour=21 & kW>0.82
2007-04-25 20:00:00,Peak_Shift,Medium,High consumption 1.56kW at 20.0h (peak). Shift washing/dishwasher to 13-16h off-peak.,0.311,hour=20 & kW>0.95
2007-04-25 21:00:00,Peak_Shift,Medium,High consumption 2.24kW at 21.0h (peak). Shift washing/dishwasher to 13-16h off-peak.,0.449,hour=21 & kW>0.96
2007-04-26 20:00:00,Peak_Shift,Medium,High consumption 2.13kW at 20.0h (peak). Shift washing/dishwasher to 13-16h off-peak.,0.426,hour=20 & kW>1.16
2007-04-27 19:00:00,Peak_Shift,Medium,High consumption 1.70kW at 19.0h (peak). Shift washing/dishwasher to 13-16h off-peak.,0.34,hour=19 & kW>0.80
2007-04-27 21:00:00,Peak_Shift,High,High consumption 3.10kW at 21.0h (peak). Shift washing/dishwasher to 13-16h off-peak.,0.621,hour=21 & kW>0.85
2007-04-30 21:00:00,Peak_Shift,Medium,High consumption 1.94kW at 21.0h (peak). Shift washing/dishwasher to 13-16h off-peak.,0.389,hour=21 & kW>0.49
2007-05-01 18:00:00,Peak_Shift,Medium,High consumption 1.86kW at 18.0h (peak). Shift washing/dishwasher to 13-16h off-peak.,0.371,hour=18 & kW>1.10
2007-05-01 19:00:00,Peak_Shift,Medium,High consumption 2.00kW at 19.0h (peak). Shift washing/dishwasher to 13-16h off-peak.,0.399,hour=19 & kW>1.17
2007-05-01 20:00:00,Peak_Shift,Medium,High consumption 2.47kW at 20.0h (peak). Shift washing/dishwasher to 13-16h off-peak.,0.493,hour=20 & kW>1.23
2007-05-01 21:00:00,Peak_Shift,High,High consumption 3.45kW at 21.0h (peak). Shift washing/dishwasher to 13-16h off-peak.,0.69,hour=21 & kW>1.31
2007-05-02 21:00:00,Peak_Shift,Medium,High consumption 1.81kW at 21.0h (peak). Shift washing/dishwasher to 13-16h off-peak.,0.362,hour=21 & kW>0.85
2007-05-03 04:00:00,Night_Idle_Waste,Low,"Idle consumption 0.88kW at 4h. Check standby: router, fridge, Sub_metering_3.",0.582,hour in 1-5 & kW>0.8
2007-05-03 21:00:00,Peak_Shift,Medium,High consumption 2.36kW at 21.0h (peak). Shift washing/dishwasher to 13-16h off-peak.,0.471,hour=21 & kW>0.91
2007-05-04 20:00:00,Peak_Shift,High,High consumption 3.16kW at 20.0h (peak). Shift washing/dishwasher to 13-16h off-peak.,0.631,hour=20 & kW>0.86
2007-05-04 21:00:00,Peak_Shift,Medium,High consumption 2.29kW at 21.0h (peak). Shift washing/dishwasher to 13-16h off-peak.,0.459,hour=21 & kW>0.85
2007-05-05 18:00:00,Peak_Shift,Medium,High consumption 1.73kW at 18.0h (peak). Shift washing/dishwasher to 13-16h off-peak.,0.347,hour=18 & kW>1.34
2007-05-05 21:00:00,Peak_Shift,Medium,High consumption 1.89kW at 21.0h (peak). Shift washing/dishwasher to 13-16h off-peak.,0.378,hour=21 & kW>1.24
2007-05-06 03:00:00,Night_Idle_Waste,Low,"Idle consumption 1.26kW at 3h. Check standby: router, fridge, Sub_metering_3.",0.965,hour in 1-5 & kW>0.8
2007-05-06 19:00:00,Peak_Shift,Medium,High consumption 2.45kW at 19.0h (peak). Shift washing/dishwasher to 13-16h off-peak.,0.491,hour=19 & kW>1.60
2007-05-06 20:00:00,Peak_Shift,Medium,High consumption 2.48kW at 20.0h (peak). Shift washing/dishwasher to 13-16h off-peak.,0.496,hour=20 & kW>1.65
2007-05-06 21:00:00,Peak_Shift,Medium,High consumption 2.88kW at 21.0h (peak). Shift washing/dishwasher to 13-16h off-peak.,0.576,hour=21 & kW>1.70
2007-05-07 18:00:00,Peak_Shift,Medium,High consumption 1.71kW at 18.0h (peak). Shift washing/dishwasher to 13-16h off-peak.,0.341,hour=18 & kW>1.68
2007-05-07 21:00:00,Peak_Shift,Medium,High consumption 2.30kW at 21.0h (peak). Shift washing/dishwasher to 13-16h off-peak.,0.459,hour=21 & kW>1.47
2007-05-08 12:00:00,Anomaly_Inspection,High,Anomaly detected: 4.72kW vs expected 1.93kW (residual 2.79). Check appliance left on.,2.787,z_score=5.61 | abs_error=2.79
2007-05-08 20:00:00,Peak_Shift,Medium,High consumption 1.78kW at 20.0h (peak). Shift washing/dishwasher to 13-16h off-peak.,0.355,hour=20 & kW>1.47
2007-05-08 21:00:00,Peak_Shift,Medium,High consumption 2.05kW at 21.0h (peak). Shift washing/dishwasher to 13-16h off-peak.,0.409,hour=21 & kW>1.45
2007-05-09 19:00:00,Peak_Shift,Medium,High consumption 2.81kW at 19.0h (peak). Shift washing/dishwasher to 13-16h off-peak.,0.561,hour=19 & kW>1.33
2007-05-09 20:00:00,Peak_Shift,Medium,High consumption 2.89kW at 20.0h (peak). Shift washing/dishwasher to 13-16h off-peak.,0.579,hour=20 & kW>1.38
2007-05-09 21:00:00,Peak_Shift,Medium,High consumption 2.89kW at 21.0h (peak). Shift washing/dishwasher to 13-16h off-peak.,0.577,hour=21 & kW>1.43
2007-05-10 20:00:00,Peak_Shift,Medium,High consumption 1.96kW at 20.0h (peak). Shift washing/dishwasher to 13-16h off-peak.,0.393,hour=20 & kW>0.74
2007-05-10 21:00:00,Peak_Shift,Medium,High consumption 1.81kW at 21.0h (peak). Shift washing/dishwasher to 13-16h off-peak.,0.362,hour=21 & kW>0.68
2007-05-11 05:00:00,Night_Idle_Waste,Low,"Idle consumption 0.82kW at 5h. Check standby: router, fridge, Sub_metering_3.",0.516,hour in 1-5 & kW>0.8
2007-05-11 21:00:00,Peak_Shift,Medium,High consumption 2.18kW at 21.0h (peak). Shift washing/dishwasher to 13-16h off-peak.,0.435,hour=21 & kW>0.74
2007-05-12 19:00:00,Peak_Shift,Medium,High consumption 2.13kW at 19.0h (peak). Shift washing/dishwasher to 13-16h off-peak.,0.425,hour=19 & kW>1.16
2007-05-12 21:00:00,Peak_Shift,Medium,High consumption 2.91kW at 21.0h (peak). Shift washing/dishwasher to 13-16h off-peak.,0.582,hour=21 & kW>1.24
2007-05-13 01:00:00,Night_Idle_Waste,Low,"Idle consumption 0.81kW at 1h. Check standby: router, fridge, Sub_metering_3.",0.514,hour in 1-5 & kW>0.8
2007-05-13 19:00:00,Peak_Shift,Medium,High consumption 1.74kW at 19.0h (peak). Shift washing/dishwasher to 13-16h off-peak.,0.348,hour=19 & kW>1.42
2007-05-13 20:00:00,Peak_Shift,Medium,High consumption 1.97kW at 20.0h (peak). Shift washing/dishwasher to 13-16h off-peak.,0.394,hour=20 & kW>1.45
2007-05-14 18:00:00,Peak_Shift,Medium,High consumption 2.84kW at 18.0h (peak). Shift washing/dishwasher to 13-16h off-peak.,0.567,hour=18 & kW>1.01
2007-05-14 19:00:00,Peak_Shift,Medium,High consumption 2.07kW at 19.0h (peak). Shift washing/dishwasher to 13-16h off-peak.,0.414,hour=19 & kW>1.02
2007-05-14 20:00:00,Peak_Shift,Medium,High consumption 2.02kW at 20.0h (peak). Shift washing/dishwasher to 13-16h off-peak.,0.404,hour=20 & kW>1.03
2007-05-14 21:00:00,Peak_Shift,High,High consumption 3.56kW at 21.0h (peak). Shift washing/dishwasher to 13-16h off-peak.,0.712,hour=21 & kW>1.14
2007-05-16 20:00:00,Peak_Shift,Medium,High consumption 1.58kW at 20.0h (peak). Shift washing/dishwasher to 13-16h off-peak.,0.316,hour=20 & kW>1.32
2007-05-16 21:00:00,Peak_Shift,Medium,High consumption 2.12kW at 21.0h (peak). Shift washing/dishwasher to 13-16h off-peak.,0.424,hour=21 & kW>1.40
2007-05-17 19:00:00,Peak_Shift,Medium,High consumption 1.70kW at 19.0h (peak). Shift washing/dishwasher to 13-16h off-peak.,0.339,hour=19 & kW>1.00
2007-05-17 21:00:00,Peak_Shift,Medium,High consumption 1.75kW at 21.0h (peak). Shift washing/dishwasher to 13-16h off-peak.,0.351,hour=21 & kW>0.97
2007-05-18 19:00:00,Peak_Shift,Medium,High consumption 1.85kW at 19.0h (peak). Shift washing/dishwasher to 13-16h off-peak.,0.37,hour=19 & kW>1.20
2007-05-18 20:00:00,Peak_Shift,High,High consumption 3.99kW at 20.0h (peak). Shift washing/dishwasher to 13-16h off-peak.,0.797,hour=20 & kW>1.33
2007-05-18 21:00:00,Peak_Shift,Medium,High consumption 1.80kW at 21.0h (peak). Shift washing/dishwasher to 13-16h off-peak.,0.36,hour=21 & kW>1.33
2007-05-20 18:00:00,Peak_Shift,Medium,High consumption 2.45kW at 18.0h (peak). Shift washing/dishwasher to 13-16h off-peak.,0.49,hour=18 & kW>1.08
2007-05-20 19:00:00,Peak_Shift,High,High consumption 3.16kW at 19.0h (peak). Shift washing/dishwasher to 13-16h off-peak.,0.632,hour=19 & kW>1.18
2007-05-20 20:00:00,Peak_Shift,Medium,High consumption 2.88kW at 20.0h (peak). Shift washing/dishwasher to 13-16h off-peak.,0.575,hour=20 & kW>1.30
2007-05-20 21:00:00,Peak_Shift,High,High consumption 4.10kW at 21.0h (peak). Shift washing/dishwasher to 13-16h off-peak.,0.819,hour=21 & kW>1.49
2007-05-21 21:00:00,Peak_Shift,Medium,High consumption 1.79kW at 21.0h (peak). Shift washing/dishwasher to 13-16h off-peak.,0.357,hour=21 & kW>1.01
2007-05-22 20:00:00,Peak_Shift,Medium,High consumption 2.90kW at 20.0h (peak). Shift washing/dishwasher to 13-16h off-peak.,0.58,hour=20 & kW>0.97
2007-05-23 21:00:00,Peak_Shift,Medium,High consumption 1.92kW at 21.0h (peak). Shift washing/dishwasher to 13-16h off-peak.,0.384,hour=21 & kW>1.25
2007-05-24 20:00:00,Peak_Shift,Medium,High consumption 1.58kW at 20.0h (peak). Shift washing/dishwasher to 13-16h off-peak.,0.316,hour=20 & kW>0.89
2007-05-24 21:00:00,Peak_Shift,Medium,High consumption 2.57kW at 21.0h (peak). Shift washing/dishwasher to 13-16h off-peak.,0.514,hour=21 & kW>0.92
2007-05-25 02:00:00,Night_Idle_Waste,Low,"Idle consumption 0.81kW at 2h. Check standby: router, fridge, Sub_metering_3.",0.507,hour in 1-5 & kW>0.8
2007-05-25 18:00:00,Peak_Shift,Medium,High consumption 1.76kW at 18.0h (peak). Shift washing/dishwasher to 13-16h off-peak.,0.353,hour=18 & kW>1.12
2007-05-25 19:00:00,Peak_Shift,Medium,High consumption 2.87kW at 19.0h (peak). Shift washing/dishwasher to 13-16h off-peak.,0.575,hour=19 & kW>1.19
2007-05-25 20:00:00,Peak_Shift,High,High consumption 3.57kW at 20.0h (peak). Shift washing/dishwasher to 13-16h off-peak.,0.715,hour=20 & kW>1.29
2007-05-25 21:00:00,Peak_Shift,High,High consumption 4.47kW at 21.0h (peak). Shift washing/dishwasher to 13-16h off-peak.,0.895,hour=21 & kW>1.39
2007-05-26 19:00:00,Peak_Shift,Medium,High consumption 2.13kW at 19.0h (peak). Shift washing/dishwasher to 13-16h off-peak.,0.426,hour=19 & kW>1.45
2007-05-26 21:00:00,Peak_Shift,Medium,High consumption 1.63kW at 21.0h (peak). Shift washing/dishwasher to 13-16h off-peak.,0.326,hour=21 & kW>1.20
2007-05-27 18:00:00,Peak_Shift,Medium,High consumption 2.82kW at 18.0h (peak). Shift washing/dishwasher to 13-16h off-peak.,0.564,hour=18 & kW>1.80
2007-05-27 19:00:00,Peak_Shift,Medium,High consumption 1.98kW at 19.0h (peak). Shift washing/dishwasher to 13-16h off-peak.,0.397,hour=19 & kW>1.79
2007-05-27 20:00:00,Peak_Shift,Medium,High consumption 1.96kW at 20.0h (peak). Shift washing/dishwasher to 13-16h off-peak.,0.392,hour=20 & kW>1.82
2007-05-27 21:00:00,Peak_Shift,Medium,High consumption 2.59kW at 21.0h (peak). Shift washing/dishwasher to 13-16h off-peak.,0.519,hour=21 & kW>1.87
2007-05-28 02:00:00,Night_Idle_Waste,Low,"Idle consumption 0.91kW at 2h. Check standby: router, fridge, Sub_metering_3.",0.606,hour in 1-5 & kW>0.8
2007-05-28 18:00:00,Peak_Shift,Medium,High consumption 2.80kW at 18.0h (peak). Shift washing/dishwasher to 13-16h off-peak.,0.559,hour=18 & kW>1.34
2007-05-28 19:00:00,Peak_Shift,Medium,High consumption 2.78kW at 19.0h (peak). Shift washing/dishwasher to 13-16h off-peak.,0.555,hour=19 & kW>1.38
2007-05-28 20:00:00,Peak_Shift,Medium,High consumption 2.40kW at 20.0h (peak). Shift washing/dishwasher to 13-16h off-peak.,0.48,hour=20 & kW>1.40
2007-05-28 21:00:00,Peak_Shift,Medium,High consumption 2.35kW at 21.0h (peak). Shift washing/dishwasher to 13-16h off-peak.,0.47,hour=21 & kW>1.38
2007-05-29 21:00:00,Peak_Shift,Medium,High consumption 2.48kW at 21.0h (peak). Shift washing/dishwasher to 13-16h off-peak.,0.496,hour=21 & kW>0.87
2007-05-30 19:00:00,Peak_Shift,Medium,High consumption 1.57kW at 19.0h (peak). Shift washing/dishwasher to 13-16h off-peak.,0.314,hour=19 & kW>1.28
2007-05-30 20:00:00,Peak_Shift,Medium,High consumption 2.22kW at 20.0h (peak). Shift washing/dishwasher to 13-16h off-peak.,0.444,hour=20 & kW>1.36
2007-05-30 21:00:00,Peak_Shift,Medium,High consumption 2.23kW at 21.0h (peak). Shift washing/dishwasher to 13-16h off-peak.,0.446,hour=21 & kW>1.35
2007-05-31 20:00:00,Peak_Shift,Medium,High consumption 1.68kW at 20.0h (peak). Shift washing/dishwasher to 13-16h off-peak.,0.337,hour=20 & kW>0.79
2007-05-31 21:00:00,Peak_Shift,Medium,High consumption 2.00kW at 21.0h (peak). Shift washing/dishwasher to 13-16h off-peak.,0.4,hour=21 & kW>0.78
2007-06-02 18:00:00,Peak_Shift,Medium,High consumption 1.97kW at 18.0h (peak). Shift washing/dishwasher to 13-16h off-peak.,0.394,hour=18 & kW>1.18
2007-06-02 19:00:00,Peak_Shift,High,High consumption 3.15kW at 19.0h (peak). Shift washing/dishwasher to 13-16h off-peak.,0.63,hour=19 & kW>1.31
2007-06-03 01:00:00,Night_Idle_Waste,Low,"Idle consumption 0.89kW at 1h. Check standby: router, fridge, Sub_metering_3.",0.593,hour in 1-5 & kW>0.8
2007-06-03 19:00:00,Peak_Shift,Medium,High consumption 1.57kW at 19.0h (peak). Shift washing/dishwasher to 13-16h off-peak.,0.315,hour=19 & kW>1.33
2007-06-03 20:00:00,Peak_Shift,Medium,High consumption 1.60kW at 20.0h (peak). Shift washing/dishwasher to 13-16h off-peak.,0.319,hour=20 & kW>1.37
2007-06-03 21:00:00,Peak_Shift,High,High consumption 3.61kW at 21.0h (peak). Shift washing/dishwasher to 13-16h off-peak.,0.721,hour=21 & kW>1.54
2007-06-04 18:00:00,Peak_Shift,Medium,High consumption 1.65kW at 18.0h (peak). Shift washing/dishwasher to 13-16h off-peak.,0.329,hour=18 & kW>1.18
2007-06-04 19:00:00,Peak_Shift,Medium,High consumption 1.51kW at 19.0h (peak). Shift washing/dishwasher to 13-16h off-peak.,0.303,hour=19 & kW>1.17
2007-06-05 19:00:00,Peak_Shift,Medium,High consumption 2.02kW at 19.0h (peak). Shift washing/dishwasher to 13-16h off-peak.,0.403,hour=19 & kW>0.97
2007-06-05 20:00:00,Peak_Shift,Medium,High consumption 1.84kW at 20.0h (peak). Shift washing/dishwasher to 13-16h off-peak.,0.369,hour=20 & kW>1.03
2007-06-06 01:00:00,Night_Idle_Waste,Low,"Idle consumption 1.14kW at 1h. Check standby: router, fridge, Sub_metering_3.",0.838,hour in 1-5 & kW>0.8
2007-06-06 19:00:00,Peak_Shift,Medium,High consumption 2.54kW at 19.0h (peak). Shift washing/dishwasher to 13-16h off-peak.,0.509,hour=19 & kW>1.39
2007-06-06 20:00:00,Peak_Shift,Medium,High consumption 2.03kW at 20.0h (peak). Shift washing/dishwasher to 13-16h off-peak.,0.407,hour=20 & kW>1.40
2007-06-06 21:00:00,Peak_Shift,Medium,High consumption 2.21kW at 21.0h (peak). Shift washing/dishwasher to 13-16h off-peak.,0.442,hour=21 & kW>1.48
2007-06-08 18:00:00,Peak_Shift,Medium,High consumption 2.14kW at 18.0h (peak). Shift washing/dishwasher to 13-16h off-peak.,0.429,hour=18 & kW>1.58
2007-06-08 19:00:00,Peak_Shift,High,High consumption 3.04kW at 19.0h (peak). Shift washing/dishwasher to 13-16h off-peak.,0.608,hour=19 & kW>1.67
2007-06-08 20:00:00,Peak_Shift,High,High consumption 4.20kW at 20.0h (peak). Shift washing/dishwasher to 13-16h off-peak.,0.84,hour=20 & kW>1.81
2007-06-09 01:00:00,Night_Idle_Waste,Low,"Idle consumption 0.85kW at 1h. Check standby: router, fridge, Sub_metering_3.",0.549,hour in 1-5 & kW>0.8
2007-06-09 18:00:00,Peak_Shift,Medium,High consumption 1.54kW at 18.0h (peak). Shift washing/dishwasher to 13-16h off-peak.,0.309,hour=18 & kW>1.10
2007-06-10 05:00:00,Night_Idle_Waste,Low,"Idle consumption 0.81kW at 5h. Check standby: router, fridge, Sub_metering_3.",0.505,hour in 1-5 & kW>0.8
2007-06-12 18:00:00,Peak_Shift,Medium,High consumption 2.08kW at 18.0h (peak). Shift washing/dishwasher to 13-16h off-peak.,0.415,hour=18 & kW>0.64
2007-06-12 19:00:00,Peak_Shift,Medium,High consumption 1.87kW at 19.0h (peak). Shift washing/dishwasher to 13-16h off-peak.,0.373,hour=19 & kW>0.69
2007-06-12 21:00:00,Peak_Shift,Medium,High consumption 1.81kW at 21.0h (peak). Shift washing/dishwasher to 13-16h off-peak.,0.361,hour=21 & kW>0.75
2007-06-14 18:00:00,Peak_Shift,Medium,High consumption 1.85kW at 18.0h (peak). Shift washing/dishwasher to 13-16h off-peak.,0.37,hour=18 & kW>0.75
2007-06-14 19:00:00,Peak_Shift,High,High consumption 3.23kW at 19.0h (peak). Shift washing/dishwasher to 13-16h off-peak.,0.647,hour=19 & kW>0.86
2007-06-14 20:00:00,Peak_Shift,Medium,High consumption 2.25kW at 20.0h (peak). Shift washing/dishwasher to 13-16h off-peak.,0.449,hour=20 & kW>0.90
2007-06-15 18:00:00,Peak_Shift,Medium,High consumption 1.91kW at 18.0h (peak). Shift washing/dishwasher to 13-16h off-peak.,0.381,hour=18 & kW>1.16
2007-06-15 20:00:00,Peak_Shift,Medium,High consumption 1.54kW at 20.0h (peak). Shift washing/dishwasher to 13-16h off-peak.,0.307,hour=20 & kW>0.99
2007-06-16 18:00:00,Peak_Shift,Medium,High consumption 2.84kW at 18.0h (peak). Shift washing/dishwasher to 13-16h off-peak.,0.568,hour=18 & kW>1.36
2007-06-16 19:00:00,Peak_Shift,Medium,High consumption 2.50kW at 19.0h (peak). Shift washing/dishwasher to 13-16h off-peak.,0.501,hour=19 & kW>1.45
2007-06-16 20:00:00,Peak_Shift,High,High consumption 3.34kW at 20.0h (peak). Shift washing/dishwasher to 13-16h off-peak.,0.668,hour=20 & kW>1.54
2007-06-16 21:00:00,Peak_Shift,Medium,High consumption 2.11kW at 21.0h (peak). Shift washing/dishwasher to 13-16h off-peak.,0.421,hour=21 & kW>1.58
2007-06-17 01:00:00,Night_Idle_Waste,Low,"Idle consumption 1.44kW at 1h. Check standby: router, fridge, Sub_metering_3.",1.139,hour in 1-5 & kW>0.8
2007-06-17 02:00:00,Night_Idle_Waste,Low,"Idle consumption 1.27kW at 2h. Check standby: router, fridge, Sub_metering_3.",0.975,hour in 1-5 & kW>0.8
2007-06-17 18:00:00,Peak_Shift,High,High consumption 3.99kW at 18.0h (peak). Shift washing/dishwasher to 13-16h off-peak.,0.798,hour=18 & kW>1.74
2007-06-17 19:00:00,Peak_Shift,High,High consumption 3.06kW at 19.0h (peak). Shift washing/dishwasher to 13-16h off-peak.,0.613,hour=19 & kW>1.77
2007-06-17 20:00:00,Peak_Shift,Medium,High consumption 2.28kW at 20.0h (peak). Shift washing/dishwasher to 13-16h off-peak.,0.456,hour=20 & kW>1.71
2007-06-17 21:00:00,Peak_Shift,Medium,High consumption 2.58kW at 21.0h (peak). Shift washing/dishwasher to 13-16h off-peak.,0.515,hour=21 & kW>1.74
2007-06-19 21:00:00,Peak_Shift,Medium,High consumption 1.57kW at 21.0h (peak). Shift washing/dishwasher to 13-16h off-peak.,0.314,hour=21 & kW>0.70
2007-06-20 19:00:00,Peak_Shift,Medium,High consumption 1.59kW at 19.0h (peak). Shift washing/dishwasher to 13-16h off-peak.,0.318,hour=19 & kW>0.74
2007-06-20 20:00:00,Peak_Shift,Medium,High consumption 2.04kW at 20.0h (peak). Shift washing/dishwasher to 13-16h off-peak.,0.409,hour=20 & kW>0.80
2007-06-20 21:00:00,Peak_Shift,High,High consumption 3.24kW at 21.0h (peak). Shift washing/dishwasher to 13-16h off-peak.,0.648,hour=21 & kW>0.88
2007-06-24 04:00:00,Night_Idle_Waste,Low,"Idle consumption 1.00kW at 4h. Check standby: router, fridge, Sub_metering_3.",0.695,hour in 1-5 & kW>0.8
2007-06-25 21:00:00,Peak_Shift,High,High consumption 3.57kW at 21.0h (peak). Shift washing/dishwasher to 13-16h off-peak.,0.714,hour=21 & kW>0.77
2007-06-27 19:00:00,Peak_Shift,Medium,High consumption 2.77kW at 19.0h (peak). Shift washing/dishwasher to 13-16h off-peak.,0.554,hour=19 & kW>1.05
2007-06-27 20:00:00,Peak_Shift,High,High consumption 3.05kW at 20.0h (peak). Shift washing/dishwasher to 13-16h off-peak.,0.611,hour=20 & kW>1.18
2007-06-27 21:00:00,Peak_Shift,High,High consumption 4.60kW at 21.0h (peak). Shift washing/dishwasher to 13-16h off-peak.,0.92,hour=21 & kW>1.37
2007-06-28 18:00:00,Peak_Shift,Medium,High consumption 1.82kW at 18.0h (peak). Shift washing/dishwasher to 13-16h off-peak.,0.364,hour=18 & kW>1.28
2007-06-28 19:00:00,Peak_Shift,Medium,High consumption 2.79kW at 19.0h (peak). Shift washing/dishwasher to 13-16h off-peak.,0.558,hour=19 & kW>1.28
2007-06-28 20:00:00,Peak_Shift,Medium,High consumption 2.59kW at 20.0h (peak). Shift washing/dishwasher to 13-16h off-peak.,0.518,hour=20 & kW>1.26
2007-06-29 18:00:00,Peak_Shift,Medium,High consumption 1.52kW at 18.0h (peak). Shift washing/dishwasher to 13-16h off-peak.,0.304,hour=18 & kW>1.07
2007-06-29 19:00:00,Peak_Shift,Medium,High consumption 2.11kW at 19.0h (peak). Shift washing/dishwasher to 13-16h off-peak.,0.423,hour=19 & kW>1.04
2007-06-29 21:00:00,Peak_Shift,High,High consumption 3.12kW at 21.0h (peak). Shift washing/dishwasher to 13-16h off-peak.,0.624,hour=21 & kW>1.06
2007-06-30 19:00:00,Peak_Shift,Medium,High consumption 2.89kW at 19.0h (peak). Shift washing/dishwasher to 13-16h off-peak.,0.577,hour=19 & kW>1.11
2007-06-30 20:00:00,Peak_Shift,Medium,High consumption 2.36kW at 20.0h (peak). Shift washing/dishwasher to 13-16h off-peak.,0.473,hour=20 & kW>1.16
2007-06-30 21:00:00,Peak_Shift,Medium,High consumption 1.72kW at 21.0h (peak). Shift washing/dishwasher to 13-16h off-peak.,0.344,hour=21 & kW>1.09
2007-07-01 01:00:00,Night_Idle_Waste,Low,"Idle consumption 0.99kW at 1h. Check standby: router, fridge, Sub_metering_3.",0.691,hour in 1-5 & kW>0.8
2007-07-02 20:00:00,Peak_Shift,Medium,High consumption 2.08kW at 20.0h (peak). Shift washing/dishwasher to 13-16h off-peak.,0.416,hour=20 & kW>0.58
2007-07-02 21:00:00,Peak_Shift,Medium,High consumption 2.67kW at 21.0h (peak). Shift washing/dishwasher to 13-16h off-peak.,0.533,hour=21 & kW>0.67
2007-07-04 19:00:00,Peak_Shift,Medium,High consumption 2.53kW at 19.0h (peak). Shift washing/dishwasher to 13-16h off-peak.,0.505,hour=19 & kW>1.04
2007-07-05 19:00:00,Peak_Shift,Medium,High consumption 1.88kW at 19.0h (peak). Shift washing/dishwasher to 13-16h off-peak.,0.376,hour=19 & kW>0.66
2007-07-05 20:00:00,Peak_Shift,Medium,High consumption 2.01kW at 20.0h (peak). Shift washing/dishwasher to 13-16h off-peak.,0.401,hour=20 & kW>0.71
2007-07-05 21:00:00,Peak_Shift,Medium,High consumption 1.65kW at 21.0h (peak). Shift washing/dishwasher to 13-16h off-peak.,0.331,hour=21 & kW>0.77
2007-07-06 20:00:00,Peak_Shift,Medium,High consumption 2.56kW at 20.0h (peak). Shift washing/dishwasher to 13-16h off-peak.,0.511,hour=20 & kW>0.85
2007-07-06 21:00:00,Peak_Shift,High,High consumption 4.27kW at 21.0h (peak). Shift washing/dishwasher to 13-16h off-peak.,0.854,hour=21 & kW>0.98
2007-07-07 01:00:00,Night_Idle_Waste,Low,"Idle consumption 2.53kW at 1h. Check standby: router, fridge, Sub_metering_3.",2.226,hour in 1-5 & kW>0.8
2007-07-07 20:00:00,Peak_Shift,Medium,High consumption 1.81kW at 20.0h (peak). Shift washing/dishwasher to 13-16h off-peak.,0.362,hour=20 & kW>1.26
2007-07-08 02:00:00,Night_Idle_Waste,Low,"Idle consumption 1.06kW at 2h. Check standby: router, fridge, Sub_metering_3.",0.759,hour in 1-5 & kW>0.8
2007-07-08 03:00:00,Night_Idle_Waste,Low,"Idle consumption 1.36kW at 3h. Check standby: router, fridge, Sub_metering_3.",1.059,hour in 1-5 & kW>0.8
2007-07-12 19:00:00,Peak_Shift,Medium,High consumption 2.15kW at 19.0h (peak). Shift washing/dishwasher to 13-16h off-peak.,0.43,hour=19 & kW>0.56
2007-07-12 20:00:00,Peak_Shift,Medium,High consumption 2.05kW at 20.0h (peak). Shift washing/dishwasher to 13-16h off-peak.,0.41,hour=20 & kW>0.66
2007-07-12 21:00:00,Peak_Shift,Medium,High consumption 2.86kW at 21.0h (peak). Shift washing/dishwasher to 13-16h off-peak.,0.572,hour=21 & kW>0.79
2007-07-14 19:00:00,Peak_Shift,High,High consumption 3.75kW at 19.0h (peak). Shift washing/dishwasher to 13-16h off-peak.,0.75,hour=19 & kW>1.03
2007-07-15 21:00:00,Peak_Shift,Medium,High consumption 1.82kW at 21.0h (peak). Shift washing/dishwasher to 13-16h off-peak.,0.364,hour=21 & kW>0.82
2007-07-19 20:00:00,Peak_Shift,Medium,High consumption 1.50kW at 20.0h (peak). Shift washing/dishwasher to 13-16h off-peak.,0.301,hour=20 & kW>0.52
2007-07-20 05:00:00,Night_Idle_Waste,Low,"Idle consumption 0.87kW at 5h. Check standby: router, fridge, Sub_metering_3.",0.572,hour in 1-5 & kW>0.8
2007-07-20 18:00:00,Peak_Shift,Medium,High consumption 2.81kW at 18.0h (peak). Shift washing/dishwasher to 13-16h off-peak.,0.563,hour=18 & kW>0.81
2007-07-20 19:00:00,Peak_Shift,Medium,High consumption 1.94kW at 19.0h (peak). Shift washing/dishwasher to 13-16h off-peak.,0.388,hour=19 & kW>0.87
2007-07-21 18:00:00,Peak_Shift,Medium,High consumption 1.51kW at 18.0h (peak). Shift washing/dishwasher to 13-16h off-peak.,0.301,hour=18 & kW>0.95
2007-07-22 19:00:00,Peak_Shift,Medium,High consumption 1.92kW at 19.0h (peak). Shift washing/dishwasher to 13-16h off-peak.,0.384,hour=19 & kW>1.06
2007-07-22 21:00:00,Peak_Shift,Medium,High consumption 1.84kW at 21.0h (peak). Shift washing/dishwasher to 13-16h off-peak.,0.367,hour=21 & kW>1.10
2007-07-25 02:00:00,Night_Idle_Waste,Low,"Idle consumption 0.85kW at 2h. Check standby: router, fridge, Sub_metering_3.",0.551,hour in 1-5 & kW>0.8
2007-07-26 19:00:00,Peak_Shift,Medium,High consumption 2.47kW at 19.0h (peak). Shift washing/dishwasher to 13-16h off-peak.,0.495,hour=19 & kW>0.61
2007-07-26 20:00:00,Peak_Shift,Medium,High consumption 1.76kW at 20.0h (peak). Shift washing/dishwasher to 13-16h off-peak.,0.351,hour=20 & kW>0.69
2007-07-26 21:00:00,Peak_Shift,Medium,High consumption 1.93kW at 21.0h (peak). Shift washing/dishwasher to 13-16h off-peak.,0.386,hour=21 & kW>0.77
2007-07-27 21:00:00,Peak_Shift,Medium,High consumption 1.81kW at 21.0h (peak). Shift washing/dishwasher to 13-16h off-peak.,0.362,hour=21 & kW>0.88
2007-07-28 19:00:00,Peak_Shift,Medium,High consumption 2.99kW at 19.0h (peak). Shift washing/dishwasher to 13-16h off-peak.,0.598,hour=19 & kW>1.44
2007-07-28 20:00:00,Peak_Shift,Medium,High consumption 2.25kW at 20.0h (peak). Shift washing/dishwasher to 13-16h off-peak.,0.451,hour=20 & kW>1.48
2007-07-31 20:00:00,Peak_Shift,Medium,High consumption 1.92kW at 20.0h (peak). Shift washing/dishwasher to 13-16h off-peak.,0.384,hour=20 & kW>0.64
2007-08-01 04:00:00,Night_Idle_Waste,Low,"Idle consumption 1.22kW at 4h. Check standby: router, fridge, Sub_metering_3.",0.918,hour in 1-5 & kW>0.8
2007-08-01 05:00:00,Night_Idle_Waste,Low,"Idle consumption 0.80kW at 5h. Check standby: router, fridge, Sub_metering_3.",0.502,hour in 1-5 & kW>0.8
2007-08-02 01:00:00,Night_Idle_Waste,Low,"Idle consumption 1.96kW at 1h. Check standby: router, fridge, Sub_metering_3.",1.658,hour in 1-5 & kW>0.8
2007-08-02 02:00:00,Night_Idle_Waste,Low,"Idle consumption 0.95kW at 2h. Check standby: router, fridge, Sub_metering_3.",0.655,hour in 1-5 & kW>0.8
2007-08-04 03:00:00,Night_Idle_Waste,Low,"Idle consumption 1.19kW at 3h. Check standby: router, fridge, Sub_metering_3.",0.889,hour in 1-5 & kW>0.8
2007-08-05 01:00:00,Night_Idle_Waste,Low,"Idle consumption 0.87kW at 1h. Check standby: router, fridge, Sub_metering_3.",0.573,hour in 1-5 & kW>0.8
2007-08-06 01:00:00,Night_Idle_Waste,Low,"Idle consumption 1.47kW at 1h. Check standby: router, fridge, Sub_metering_3.",1.171,hour in 1-5 & kW>0.8
2007-08-08 01:00:00,Night_Idle_Waste,Low,"Idle consumption 1.20kW at 1h. Check standby: router, fridge, Sub_metering_3.",0.897,hour in 1-5 & kW>0.8
2007-08-08 02:00:00,Night_Idle_Waste,Low,"Idle consumption 1.17kW at 2h. Check standby: router, fridge, Sub_metering_3.",0.869,hour in 1-5 & kW>0.8
2007-08-09 01:00:00,Night_Idle_Waste,Low,"Idle consumption 1.03kW at 1h. Check standby: router, fridge, Sub_metering_3.",0.726,hour in 1-5 & kW>0.8
2007-08-12 02:00:00,Night_Idle_Waste,Low,"Idle consumption 0.90kW at 2h. Check standby: router, fridge, Sub_metering_3.",0.6,hour in 1-5 & kW>0.8
2007-08-13 01:00:00,Night_Idle_Waste,Low,"Idle consumption 1.24kW at 1h. Check standby: router, fridge, Sub_metering_3.",0.944,hour in 1-5 & kW>0.8
2007-08-15 01:00:00,Night_Idle_Waste,Low,"Idle consumption 1.47kW at 1h. Check standby: router, fridge, Sub_metering_3.",1.171,hour in 1-5 & kW>0.8
2007-08-17 01:00:00,Night_Idle_Waste,Low,"Idle consumption 1.24kW at 1h. Check standby: router, fridge, Sub_metering_3.",0.937,hour in 1-5 & kW>0.8
2007-08-19 18:00:00,Peak_Shift,Medium,High consumption 2.69kW at 18.0h (peak). Shift washing/dishwasher to 13-16h off-peak.,0.537,hour=18 & kW>0.83
2007-08-19 19:00:00,Peak_Shift,Medium,High consumption 2.80kW at 19.0h (peak). Shift washing/dishwasher to 13-16h off-peak.,0.559,hour=19 & kW>0.94
2007-08-19 20:00:00,Peak_Shift,Medium,High consumption 2.76kW at 20.0h (peak). Shift washing/dishwasher to 13-16h off-peak.,0.552,hour=20 & kW>1.05
2007-08-19 21:00:00,Peak_Shift,Medium,High consumption 2.39kW at 21.0h (peak). Shift washing/dishwasher to 13-16h off-peak.,0.477,hour=21 & kW>1.16
2007-08-20 19:00:00,Peak_Shift,Medium,High consumption 2.13kW at 19.0h (peak). Shift washing/dishwasher to 13-16h off-peak.,0.426,hour=19 & kW>1.26
2007-08-21 21:00:00,Peak_Shift,Medium,High consumption 1.71kW at 21.0h (peak). Shift washing/dishwasher to 13-16h off-peak.,0.342,hour=21 & kW>0.57
2007-08-22 01:00:00,Night_Idle_Waste,Low,"Idle consumption 0.82kW at 1h. Check standby: router, fridge, Sub_metering_3.",0.516,hour in 1-5 & kW>0.8
2007-08-22 18:00:00,Peak_Shift,Medium,High consumption 2.37kW at 18.0h (peak). Shift washing/dishwasher to 13-16h off-peak.,0.474,hour=18 & kW>0.72
2007-08-22 19:00:00,Peak_Shift,High,High consumption 3.24kW at 19.0h (peak). Shift washing/dishwasher to 13-16h off-peak.,0.648,hour=19 & kW>0.87
2007-08-22 20:00:00,Peak_Shift,Medium,High consumption 2.15kW at 20.0h (peak). Shift washing/dishwasher to 13-16h off-peak.,0.431,hour=20 & kW>0.92
2007-08-23 19:00:00,Peak_Shift,Medium,High consumption 1.72kW at 19.0h (peak). Shift washing/dishwasher to 13-16h off-peak.,0.343,hour=19 & kW>1.10
2007-08-24 19:00:00,Peak_Shift,Medium,High consumption 2.81kW at 19.0h (peak). Shift washing/dishwasher to 13-16h off-peak.,0.562,hour=19 & kW>1.10
2007-08-24 20:00:00,Peak_Shift,Medium,High consumption 2.72kW at 20.0h (peak). Shift washing/dishwasher to 13-16h off-peak.,0.544,hour=20 & kW>1.21
2007-08-24 21:00:00,Peak_Shift,Medium,High consumption 1.75kW at 21.0h (peak). Shift washing/dishwasher to 13-16h off-peak.,0.351,hour=21 & kW>1.25
2007-08-25 18:00:00,Peak_Shift,Medium,High consumption 1.63kW at 18.0h (peak). Shift washing/dishwasher to 13-16h off-peak.,0.325,hour=18 & kW>1.42
2007-08-26 14:00:00,Anomaly_Inspection,High,Anomaly detected: 3.76kW vs expected 1.60kW (residual 2.16). Check appliance left on.,2.163,z_score=4.99 | abs_error=2.16
2007-08-26 20:00:00,Peak_Shift,Medium,High consumption 1.50kW at 20.0h (peak). Shift washing/dishwasher to 13-16h off-peak.,0.301,hour=20 & kW>1.00
2007-08-26 21:00:00,Peak_Shift,Medium,High consumption 2.21kW at 21.0h (peak). Shift washing/dishwasher to 13-16h off-peak.,0.442,hour=21 & kW>1.09
2007-08-27 21:00:00,Peak_Shift,Medium,High consumption 2.79kW at 21.0h (peak). Shift washing/dishwasher to 13-16h off-peak.,0.559,hour=21 & kW>0.82
2007-08-29 19:00:00,Peak_Shift,Medium,High consumption 1.58kW at 19.0h (peak). Shift washing/dishwasher to 13-16h off-peak.,0.315,hour=19 & kW>0.70
2007-08-30 18:00:00,Peak_Shift,Medium,High consumption 1.75kW at 18.0h (peak). Shift washing/dishwasher to 13-16h off-peak.,0.35,hour=18 & kW>0.67
2007-08-30 19:00:00,Peak_Shift,Medium,High consumption 2.85kW at 19.0h (peak). Shift washing/dishwasher to 13-16h off-peak.,0.571,hour=19 & kW>0.73
2007-08-30 21:00:00,Peak_Shift,Medium,High consumption 1.91kW at 21.0h (peak). Shift washing/dishwasher to 13-16h off-peak.,0.382,hour=21 & kW>0.83
2007-08-31 19:00:00,Peak_Shift,Medium,High consumption 1.98kW at 19.0h (peak). Shift washing/dishwasher to 13-16h off-peak.,0.396,hour=19 & kW>1.08
2007-08-31 20:00:00,Peak_Shift,Medium,High consumption 2.73kW at 20.0h (peak). Shift washing/dishwasher to 13-16h off-peak.,0.545,hour=20 & kW>1.14
2007-08-31 21:00:00,Peak_Shift,Medium,High consumption 2.02kW at 21.0h (peak). Shift washing/dishwasher to 13-16h off-peak.,0.404,hour=21 & kW>1.15
2007-09-01 18:00:00,Peak_Shift,Medium,High consumption 1.81kW at 18.0h (peak). Shift washing/dishwasher to 13-16h off-peak.,0.363,hour=18 & kW>1.33
2007-09-01 19:00:00,Peak_Shift,Medium,High consumption 1.77kW at 19.0h (peak). Shift washing/dishwasher to 13-16h off-peak.,0.355,hour=19 & kW>1.32
2007-09-01 20:00:00,Peak_Shift,Medium,High consumption 1.52kW at 20.0h (peak). Shift washing/dishwasher to 13-16h off-peak.,0.304,hour=20 & kW>1.26
2007-09-01 21:00:00,Peak_Shift,Medium,High consumption 2.47kW at 21.0h (peak). Shift washing/dishwasher to 13-16h off-peak.,0.495,hour=21 & kW>1.28
2007-09-02 18:00:00,Peak_Shift,Medium,High consumption 2.96kW at 18.0h (peak). Shift washing/dishwasher to 13-16h off-peak.,0.592,hour=18 & kW>1.57
2007-09-02 21:00:00,Peak_Shift,Medium,High consumption 2.19kW at 21.0h (peak). Shift washing/dishwasher to 13-16h off-peak.,0.438,hour=21 & kW>1.49
2007-09-04 18:00:00,Peak_Shift,Medium,High consumption 1.50kW at 18.0h (peak). Shift washing/dishwasher to 13-16h off-peak.,0.3,hour=18 & kW>1.14
2007-09-04 19:00:00,Peak_Shift,Medium,High consumption 1.70kW at 19.0h (peak). Shift washing/dishwasher to 13-16h off-peak.,0.339,hour=19 & kW>1.15
2007-09-04 20:00:00,Peak_Shift,Medium,High consumption 2.70kW at 20.0h (peak). Shift washing/dishwasher to 13-16h off-peak.,0.539,hour=20 & kW>1.22
2007-09-04 21:00:00,Peak_Shift,High,High consumption 3.24kW at 21.0h (peak). Shift washing/dishwasher to 13-16h off-peak.,0.647,hour=21 & kW>1.32
2007-09-05 02:00:00,Night_Idle_Waste,Low,"Idle consumption 0.84kW at 2h. Check standby: router, fridge, Sub_metering_3.",0.54,hour in 1-5 & kW>0.8
2007-09-05 20:00:00,Peak_Shift,Medium,High consumption 1.79kW at 20.0h (peak). Shift washing/dishwasher to 13-16h off-peak.,0.357,hour=20 & kW>0.95
2007-09-05 21:00:00,Peak_Shift,High,High consumption 3.12kW at 21.0h (peak). Shift washing/dishwasher to 13-16h off-peak.,0.624,hour=21 & kW>0.94
2007-09-06 21:00:00,Peak_Shift,Medium,High consumption 2.65kW at 21.0h (peak). Shift washing/dishwasher to 13-16h off-peak.,0.529,hour=21 & kW>0.78
2007-09-07 19:00:00,Peak_Shift,Medium,High consumption 2.66kW at 19.0h (peak). Shift washing/dishwasher to 13-16h off-peak.,0.533,hour=19 & kW>1.07
2007-09-07 20:00:00,Peak_Shift,Medium,High consumption 2.50kW at 20.0h (peak). Shift washing/dishwasher to 13-16h off-peak.,0.5,hour=20 & kW>1.19
2007-09-07 21:00:00,Peak_Shift,Medium,High consumption 2.23kW at 21.0h (peak). Shift washing/dishwasher to 13-16h off-peak.,0.446,hour=21 & kW>1.17
2007-09-08 20:00:00,Peak_Shift,Medium,High consumption 2.26kW at 20.0h (peak). Shift washing/dishwasher to 13-16h off-peak.,0.452,hour=20 & kW>1.16
2007-09-08 21:00:00,Peak_Shift,Medium,High consumption 2.66kW at 21.0h (peak). Shift washing/dishwasher to 13-16h off-peak.,0.533,hour=21 & kW>1.18
2007-09-09 18:00:00,Peak_Shift,Medium,High consumption 1.82kW at 18.0h (peak). Shift washing/dishwasher to 13-16h off-peak.,0.365,hour=18 & kW>1.28
2007-09-09 19:00:00,Peak_Shift,Medium,High consumption 2.83kW at 19.0h (peak). Shift washing/dishwasher to 13-16h off-peak.,0.566,hour=19 & kW>1.38
2007-09-09 20:00:00,Peak_Shift,Medium,High consumption 2.13kW at 20.0h (peak). Shift washing/dishwasher to 13-16h off-peak.,0.426,hour=20 & kW>1.37
2007-09-09 21:00:00,Peak_Shift,Medium,High consumption 2.57kW at 21.0h (peak). Shift washing/dishwasher to 13-16h off-peak.,0.513,hour=21 & kW>1.36
2007-09-10 20:00:00,Peak_Shift,High,High consumption 3.32kW at 20.0h (peak). Shift washing/dishwasher to 13-16h off-peak.,0.665,hour=20 & kW>0.92
2007-09-10 21:00:00,Peak_Shift,High,High consumption 3.54kW at 21.0h (peak). Shift washing/dishwasher to 13-16h off-peak.,0.708,hour=21 & kW>0.97
2007-09-11 21:00:00,Peak_Shift,Medium,High consumption 2.41kW at 21.0h (peak). Shift washing/dishwasher to 13-16h off-peak.,0.482,hour=21 & kW>0.69
2007-09-12 01:00:00,Night_Idle_Waste,Low,"Idle consumption 1.26kW at 1h. Check standby: router, fridge, Sub_metering_3.",0.963,hour in 1-5 & kW>0.8
2007-09-12 02:00:00,Night_Idle_Waste,Low,"Idle consumption 1.24kW at 2h. Check standby: router, fridge, Sub_metering_3.",0.944,hour in 1-5 & kW>0.8
2007-09-12 20:00:00,Peak_Shift,Medium,High consumption 1.88kW at 20.0h (peak). Shift washing/dishwasher to 13-16h off-peak.,0.376,hour=20 & kW>1.05
2007-09-12 21:00:00,Peak_Shift,High,High consumption 3.38kW at 21.0h (peak). Shift washing/dishwasher to 13-16h off-peak.,0.676,hour=21 & kW>1.10
2007-09-13 20:00:00,Peak_Shift,Medium,High consumption 2.06kW at 20.0h (peak). Shift washing/dishwasher to 13-16h off-peak.,0.412,hour=20 & kW>1.05
2007-09-13 21:00:00,Peak_Shift,High,High consumption 3.60kW at 21.0h (peak). Shift washing/dishwasher to 13-16h off-peak.,0.72,hour=21 & kW>1.06
2007-09-14 05:00:00,Night_Idle_Waste,Low,"Idle consumption 0.84kW at 5h. Check standby: router, fridge, Sub_metering_3.",0.537,hour in 1-5 & kW>0.8
2007-09-14 20:00:00,Peak_Shift,Medium,High consumption 2.25kW at 20.0h (peak). Shift washing/dishwasher to 13-16h off-peak.,0.45,hour=20 & kW>1.02
2007-09-14 21:00:00,Peak_Shift,Medium,High consumption 1.95kW at 21.0h (peak). Shift washing/dishwasher to 13-16h off-peak.,0.39,hour=21 & kW>0.94
2007-09-15 01:00:00,Night_Idle_Waste,Low,"Idle consumption 0.89kW at 1h. Check standby: router, fridge, Sub_metering_3.",0.594,hour in 1-5 & kW>0.8
2007-09-15 20:00:00,Peak_Shift,Medium,High consumption 1.82kW at 20.0h (peak). Shift washing/dishwasher to 13-16h off-peak.,0.364,hour=20 & kW>0.99
2007-09-16 03:00:00,Night_Idle_Waste,Low,"Idle consumption 0.80kW at 3h. Check standby: router, fridge, Sub_metering_3.",0.502,hour in 1-5 & kW>0.8
2007-09-16 18:00:00,Peak_Shift,Medium,High consumption 2.15kW at 18.0h (peak). Shift washing/dishwasher to 13-16h off-peak.,0.43,hour=18 & kW>0.99
2007-09-16 19:00:00,Peak_Shift,Medium,High consumption 2.11kW at 19.0h (peak). Shift washing/dishwasher to 13-16h off-peak.,0.422,hour=19 & kW>1.08
2007-09-16 20:00:00,Peak_Shift,High,High consumption 3.81kW at 20.0h (peak). Shift washing/dishwasher to 13-16h off-peak.,0.763,hour=20 & kW>1.18
2007-09-16 21:00:00,Peak_Shift,High,High consumption 3.06kW at 21.0h (peak). Shift washing/dishwasher to 13-16h off-peak.,0.612,hour=21 & kW>1.29
2007-09-17 19:00:00,Peak_Shift,High,High consumption 3.29kW at 19.0h (peak). Shift washing/dishwasher to 13-16h off-peak.,0.658,hour=19 & kW>1.15
2007-09-17 20:00:00,Peak_Shift,Medium,High consumption 1.97kW at 20.0h (peak). Shift washing/dishwasher to 13-16h off-peak.,0.395,hour=20 & kW>1.06
2007-09-17 21:00:00,Peak_Shift,High,High consumption 5.74kW at 21.0h (peak). Shift washing/dishwasher to 13-16h off-peak.,1.147,hour=21 & kW>1.19
2007-09-18 18:00:00,Peak_Shift,Medium,High consumption 2.28kW at 18.0h (peak). Shift washing/dishwasher to 13-16h off-peak.,0.456,hour=18 & kW>1.35
2007-09-18 21:00:00,Peak_Shift,Medium,High consumption 1.90kW at 21.0h (peak). Shift washing/dishwasher to 13-16h off-peak.,0.381,hour=21 & kW>1.02
2007-09-19 20:00:00,Peak_Shift,Medium,High consumption 2.04kW at 20.0h (peak). Shift washing/dishwasher to 13-16h off-peak.,0.409,hour=20 & kW>1.20
2007-09-19 21:00:00,Peak_Shift,Medium,High consumption 1.76kW at 21.0h (peak). Shift washing/dishwasher to 13-16h off-peak.,0.353,hour=21 & kW>1.20
2007-09-20 20:00:00,Peak_Shift,Medium,High consumption 1.96kW at 20.0h (peak). Shift washing/dishwasher to 13-16h off-peak.,0.393,hour=20 & kW>0.84
2007-09-20 21:00:00,Peak_Shift,Medium,High consumption 2.69kW at 21.0h (peak). Shift washing/dishwasher to 13-16h off-peak.,0.537,hour=21 & kW>0.89
2007-09-21 19:00:00,Peak_Shift,High,High consumption 3.53kW at 19.0h (peak). Shift washing/dishwasher to 13-16h off-peak.,0.707,hour=19 & kW>1.09
2007-09-21 20:00:00,Peak_Shift,High,High consumption 3.25kW at 20.0h (peak). Shift washing/dishwasher to 13-16h off-peak.,0.65,hour=20 & kW>1.16
2007-09-21 21:00:00,Peak_Shift,Medium,High consumption 2.57kW at 21.0h (peak). Shift washing/dishwasher to 13-16h off-peak.,0.514,hour=21 & kW>1.15
2007-09-22 21:00:00,Peak_Shift,Medium,High consumption 2.69kW at 21.0h (peak). Shift washing/dishwasher to 13-16h off-peak.,0.538,hour=21 & kW>1.03
2007-09-23 19:00:00,Peak_Shift,Medium,High consumption 2.59kW at 19.0h (peak). Shift washing/dishwasher to 13-16h off-peak.,0.518,hour=19 & kW>1.04
2007-09-23 20:00:00,Peak_Shift,High,High consumption 3.29kW at 20.0h (peak). Shift washing/dishwasher to 13-16h off-peak.,0.657,hour=20 & kW>1.13
2007-09-23 21:00:00,Peak_Shift,Medium,High consumption 2.55kW at 21.0h (peak). Shift washing/dishwasher to 13-16h off-peak.,0.511,hour=21 & kW>1.13
2007-09-24 20:00:00,Peak_Shift,High,High consumption 3.48kW at 20.0h (peak). Shift washing/dishwasher to 13-16h off-peak.,0.695,hour=20 & kW>1.19
2007-09-24 21:00:00,Peak_Shift,Medium,High consumption 2.62kW at 21.0h (peak). Shift washing/dishwasher to 13-16h off-peak.,0.525,hour=21 & kW>1.19
2007-09-25 20:00:00,Peak_Shift,Medium,High consumption 2.99kW at 20.0h (peak). Shift washing/dishwasher to 13-16h off-peak.,0.598,hour=20 & kW>1.33
2007-09-25 21:00:00,Peak_Shift,Medium,High consumption 2.73kW at 21.0h (peak). Shift washing/dishwasher to 13-16h off-peak.,0.545,hour=21 & kW>1.34
2007-09-26 19:00:00,Peak_Shift,Medium,High consumption 1.64kW at 19.0h (peak). Shift washing/dishwasher to 13-16h off-peak.,0.328,hour=19 & kW>1.53
2007-09-26 20:00:00,Peak_Shift,Medium,High consumption 2.42kW at 20.0h (peak). Shift washing/dishwasher to 13-16h off-peak.,0.483,hour=20 & kW>1.50
2007-09-26 21:00:00,Peak_Shift,High,High consumption 4.82kW at 21.0h (peak). Shift washing/dishwasher to 13-16h off-peak.,0.964,hour=21 & kW>1.61
2007-09-27 20:00:00,Peak_Shift,Medium,High consumption 2.29kW at 20.0h (peak). Shift washing/dishwasher to 13-16h off-peak.,0.459,hour=20 & kW>1.24
2007-09-27 21:00:00,Peak_Shift,High,High consumption 3.02kW at 21.0h (peak). Shift washing/dishwasher to 13-16h off-peak.,0.604,hour=21 & kW>1.15
2007-09-28 02:00:00,Night_Idle_Waste,Low,"Idle consumption 0.86kW at 2h. Check standby: router, fridge, Sub_metering_3.",0.562,hour in 1-5 & kW>0.8
2007-09-28 21:00:00,Peak_Shift,Medium,High consumption 1.66kW at 21.0h (peak). Shift washing/dishwasher to 13-16h off-peak.,0.332,hour=21 & kW>1.43
2007-09-29 18:00:00,Peak_Shift,Medium,High consumption 1.53kW at 18.0h (peak). Shift washing/dishwasher to 13-16h off-peak.,0.306,hour=18 & kW>1.53
2007-09-29 19:00:00,Peak_Shift,Medium,High consumption 2.23kW at 19.0h (peak). Shift washing/dishwasher to 13-16h off-peak.,0.445,hour=19 & kW>1.58
2007-09-29 20:00:00,Peak_Shift,High,High consumption 3.29kW at 20.0h (peak). Shift washing/dishwasher to 13-16h off-peak.,0.657,hour=20 & kW>1.69
2007-09-29 21:00:00,Peak_Shift,Medium,High consumption 2.41kW at 21.0h (peak). Shift washing/dishwasher to 13-16h off-peak.,0.482,hour=21 & kW>1.73
2007-09-30 19:00:00,Peak_Shift,Medium,High consumption 2.12kW at 19.0h (peak). Shift washing/dishwasher to 13-16h off-peak.,0.424,hour=19 & kW>1.42
2007-09-30 20:00:00,Peak_Shift,Medium,High consumption 2.80kW at 20.0h (peak). Shift washing/dishwasher to 13-16h off-peak.,0.561,hour=20 & kW>1.39
2007-09-30 21:00:00,Peak_Shift,Medium,High consumption 1.99kW at 21.0h (peak). Shift washing/dishwasher to 13-16h off-peak.,0.398,hour=21 & kW>1.37
2007-10-01 19:00:00,Peak_Shift,Medium,High consumption 1.84kW at 19.0h (peak). Shift washing/dishwasher to 13-16h off-peak.,0.368,hour=19 & kW>1.40
2007-10-01 21:00:00,Peak_Shift,Medium,High consumption 1.79kW at 21.0h (peak). Shift washing/dishwasher to 13-16h off-peak.,0.358,hour=21 & kW>1.32
2007-10-02 18:00:00,Peak_Shift,Medium,High consumption 2.29kW at 18.0h (peak). Shift washing/dishwasher to 13-16h off-peak.,0.458,hour=18 & kW>1.94
2007-10-02 19:00:00,Peak_Shift,Medium,High consumption 2.25kW at 19.0h (peak). Shift washing/dishwasher to 13-16h off-peak.,0.45,hour=19 & kW>1.96
2007-10-03 21:00:00,Peak_Shift,Medium,High consumption 2.79kW at 21.0h (peak). Shift washing/dishwasher to 13-16h off-peak.,0.559,hour=21 & kW>1.10
2007-10-04 04:00:00,Night_Idle_Waste,Low,"Idle consumption 0.98kW at 4h. Check standby: router, fridge, Sub_metering_3.",0.678,hour in 1-5 & kW>0.8
2007-10-04 19:00:00,Peak_Shift,High,High consumption 3.19kW at 19.0h (peak). Shift washing/dishwasher to 13-16h off-peak.,0.637,hour=19 & kW>1.16
2007-10-04 20:00:00,Peak_Shift,High,High consumption 3.39kW at 20.0h (peak). Shift washing/dishwasher to 13-16h off-peak.,0.679,hour=20 & kW>1.31
2007-10-04 21:00:00,Peak_Shift,Medium,High consumption 1.88kW at 21.0h (peak). Shift washing/dishwasher to 13-16h off-peak.,0.376,hour=21 & kW>1.26
2007-10-05 05:00:00,Night_Idle_Waste,Low,"Idle consumption 0.86kW at 5h. Check standby: router, fridge, Sub_metering_3.",0.562,hour in 1-5 & kW>0.8
2007-10-05 19:00:00,Peak_Shift,Medium,High consumption 1.85kW at 19.0h (peak). Shift washing/dishwasher to 13-16h off-peak.,0.371,hour=19 & kW>1.26
2007-10-05 20:00:00,Peak_Shift,Medium,High consumption 1.99kW at 20.0h (peak). Shift washing/dishwasher to 13-16h off-peak.,0.399,hour=20 & kW>1.19
2007-10-06 18:00:00,Peak_Shift,Medium,High consumption 2.66kW at 18.0h (peak). Shift washing/dishwasher to 13-16h off-peak.,0.532,hour=18 & kW>1.32
2007-10-06 19:00:00,Peak_Shift,Medium,High consumption 2.47kW at 19.0h (peak). Shift washing/dishwasher to 13-16h off-peak.,0.495,hour=19 & kW>1.35
2007-10-06 20:00:00,Peak_Shift,Medium,High consumption 1.96kW at 20.0h (peak). Shift washing/dishwasher to 13-16h off-peak.,0.391,hour=20 & kW>1.35
2007-10-06 21:00:00,Peak_Shift,Medium,High consumption 1.92kW at 21.0h (peak). Shift washing/dishwasher to 13-16h off-peak.,0.383,hour=21 & kW>1.39
2007-10-07 05:00:00,Night_Idle_Waste,Low,"Idle consumption 0.84kW at 5h. Check standby: router, fridge, Sub_metering_3.",0.54,hour in 1-5 & kW>0.8
2007-10-07 19:00:00,Peak_Shift,High,High consumption 3.16kW at 19.0h (peak). Shift washing/dishwasher to 13-16h off-peak.,0.632,hour=19 & kW>1.57
2007-10-07 20:00:00,Peak_Shift,High,High consumption 4.04kW at 20.0h (peak). Shift washing/dishwasher to 13-16h off-peak.,0.808,hour=20 & kW>1.68
2007-10-07 21:00:00,Peak_Shift,High,High consumption 3.51kW at 21.0h (peak). Shift washing/dishwasher to 13-16h off-peak.,0.702,hour=21 & kW>1.76
2007-10-08 20:00:00,Peak_Shift,Medium,High consumption 1.60kW at 20.0h (peak). Shift washing/dishwasher to 13-16h off-peak.,0.32,hour=20 & kW>0.96
2007-10-08 21:00:00,Peak_Shift,Medium,High consumption 2.69kW at 21.0h (peak). Shift washing/dishwasher to 13-16h off-peak.,0.538,hour=21 & kW>0.91
2007-10-09 20:00:00,Peak_Shift,Medium,High consumption 1.58kW at 20.0h (peak). Shift washing/dishwasher to 13-16h off-peak.,0.317,hour=20 & kW>1.39
2007-10-09 21:00:00,Peak_Shift,High,High consumption 3.97kW at 21.0h (peak). Shift washing/dishwasher to 13-16h off-peak.,0.793,hour=21 & kW>1.46
2007-10-10 19:00:00,Peak_Shift,Medium,High consumption 1.93kW at 19.0h (peak). Shift washing/dishwasher to 13-16h off-peak.,0.386,hour=19 & kW>0.97
2007-10-10 20:00:00,Peak_Shift,High,High consumption 3.12kW at 20.0h (peak). Shift washing/dishwasher to 13-16h off-peak.,0.625,hour=20 & kW>1.05
2007-10-10 21:00:00,Peak_Shift,High,High consumption 3.19kW at 21.0h (peak). Shift washing/dishwasher to 13-16h off-peak.,0.638,hour=21 & kW>1.01
2007-10-11 19:00:00,Peak_Shift,Medium,High consumption 2.46kW at 19.0h (peak). Shift washing/dishwasher to 13-16h off-peak.,0.492,hour=19 & kW>1.18
2007-10-11 20:00:00,Peak_Shift,High,High consumption 4.32kW at 20.0h (peak). Shift washing/dishwasher to 13-16h off-peak.,0.864,hour=20 & kW>1.24
2007-10-11 21:00:00,Peak_Shift,High,High consumption 3.97kW at 21.0h (peak). Shift washing/dishwasher to 13-16h off-peak.,0.794,hour=21 & kW>1.28
2007-10-12 19:00:00,Peak_Shift,Medium,High consumption 2.55kW at 19.0h (peak). Shift washing/dishwasher to 13-16h off-peak.,0.51,hour=19 & kW>1.96
2007-10-12 20:00:00,Peak_Shift,Medium,High consumption 2.09kW at 20.0h (peak). Shift washing/dishwasher to 13-16h off-peak.,0.418,hour=20 & kW>1.85
2007-10-12 21:00:00,Peak_Shift,Medium,High consumption 2.26kW at 21.0h (peak). Shift washing/dishwasher to 13-16h off-peak.,0.452,hour=21 & kW>1.77
2007-10-13 18:00:00,Peak_Shift,Medium,High consumption 1.60kW at 18.0h (peak). Shift washing/dishwasher to 13-16h off-peak.,0.321,hour=18 & kW>1.17
2007-10-13 19:00:00,Peak_Shift,High,High consumption 4.73kW at 19.0h (peak). Shift washing/dishwasher to 13-16h off-peak.,0.947,hour=19 & kW>1.28
2007-10-13 20:00:00,Peak_Shift,High,High consumption 5.09kW at 20.0h (peak). Shift washing/dishwasher to 13-16h off-peak.,1.019,hour=20 & kW>1.43
2007-10-13 21:00:00,Peak_Shift,Medium,High consumption 2.41kW at 21.0h (peak). Shift washing/dishwasher to 13-16h off-peak.,0.482,hour=21 & kW>1.44
2007-10-14 01:00:00,Night_Idle_Waste,Low,"Idle consumption 1.13kW at 1h. Check standby: router, fridge, Sub_metering_3.",0.834,hour in 1-5 & kW>0.8
2007-10-14 19:00:00,Peak_Shift,High,High consumption 3.37kW at 19.0h (peak). Shift washing/dishwasher to 13-16h off-peak.,0.674,hour=19 & kW>1.98
2007-10-14 20:00:00,Peak_Shift,Medium,High consumption 2.75kW at 20.0h (peak). Shift washing/dishwasher to 13-16h off-peak.,0.551,hour=20 & kW>1.87
2007-10-14 21:00:00,Peak_Shift,Medium,High consumption 2.03kW at 21.0h (peak). Shift washing/dishwasher to 13-16h off-peak.,0.405,hour=21 & kW>1.85
2007-10-15 20:00:00,Peak_Shift,High,High consumption 3.02kW at 20.0h (peak). Shift washing/dishwasher to 13-16h off-peak.,0.605,hour=20 & kW>1.10
2007-10-15 21:00:00,Peak_Shift,Medium,High consumption 1.94kW at 21.0h (peak). Shift washing/dishwasher to 13-16h off-peak.,0.389,hour=21 & kW>1.10
2007-10-16 01:00:00,Night_Idle_Waste,Low,"Idle consumption 0.97kW at 1h. Check standby: router, fridge, Sub_metering_3.",0.675,hour in 1-5 & kW>0.8
2007-10-16 20:00:00,Peak_Shift,Medium,High consumption 2.31kW at 20.0h (peak). Shift washing/dishwasher to 13-16h off-peak.,0.462,hour=20 & kW>1.46
2007-10-16 21:00:00,Peak_Shift,Medium,High consumption 2.23kW at 21.0h (peak). Shift washing/dishwasher to 13-16h off-peak.,0.446,hour=21 & kW>1.47
2007-10-17 19:00:00,Peak_Shift,Medium,High consumption 1.99kW at 19.0h (peak). Shift washing/dishwasher to 13-16h off-peak.,0.398,hour=19 & kW>1.38
2007-10-17 20:00:00,Peak_Shift,Medium,High consumption 2.48kW at 20.0h (peak). Shift washing/dishwasher to 13-16h off-peak.,0.497,hour=20 & kW>1.39
2007-10-17 21:00:00,Peak_Shift,High,High consumption 3.08kW at 21.0h (peak). Shift washing/dishwasher to 13-16h off-peak.,0.616,hour=21 & kW>1.43
2007-10-18 19:00:00,Peak_Shift,Medium,High consumption 1.65kW at 19.0h (peak). Shift washing/dishwasher to 13-16h off-peak.,0.33,hour=19 & kW>1.13
2007-10-18 20:00:00,Peak_Shift,Medium,High consumption 2.43kW at 20.0h (peak). Shift washing/dishwasher to 13-16h off-peak.,0.486,hour=20 & kW>1.13
2007-10-18 21:00:00,Peak_Shift,High,High consumption 3.40kW at 21.0h (peak). Shift washing/dishwasher to 13-16h off-peak.,0.68,hour=21 & kW>1.15
2007-10-19 20:00:00,Peak_Shift,Medium,High consumption 1.97kW at 20.0h (peak). Shift washing/dishwasher to 13-16h off-peak.,0.394,hour=20 & kW>1.92
2007-10-21 19:00:00,Peak_Shift,Medium,High consumption 2.30kW at 19.0h (peak). Shift washing/dishwasher to 13-16h off-peak.,0.459,hour=19 & kW>1.45
2007-10-21 20:00:00,Peak_Shift,High,High consumption 3.11kW at 20.0h (peak). Shift washing/dishwasher to 13-16h off-peak.,0.622,hour=20 & kW>1.53
2007-10-21 21:00:00,Peak_Shift,Medium,High consumption 1.76kW at 21.0h (peak). Shift washing/dishwasher to 13-16h off-peak.,0.352,hour=21 & kW>1.59
2007-10-22 19:00:00,Peak_Shift,Medium,High consumption 1.57kW at 19.0h (peak). Shift washing/dishwasher to 13-16h off-peak.,0.314,hour=19 & kW>1.50
2007-10-23 18:00:00,Peak_Shift,Medium,High consumption 2.10kW at 18.0h (peak). Shift washing/dishwasher to 13-16h off-peak.,0.42,hour=18 & kW>1.41
2007-10-23 19:00:00,Peak_Shift,Medium,High consumption 2.51kW at 19.0h (peak). Shift washing/dishwasher to 13-16h off-peak.,0.501,hour=19 & kW>1.46
2007-10-23 20:00:00,Peak_Shift,Medium,High consumption 2.71kW at 20.0h (peak). Shift washing/dishwasher to 13-16h off-peak.,0.543,hour=20 & kW>1.52
2007-10-23 21:00:00,Peak_Shift,Medium,High consumption 2.21kW at 21.0h (peak). Shift washing/dishwasher to 13-16h off-peak.,0.441,hour=21 & kW>1.57
2007-10-24 19:00:00,Peak_Shift,High,High consumption 3.78kW at 19.0h (peak). Shift washing/dishwasher to 13-16h off-peak.,0.755,hour=19 & kW>1.41
2007-10-24 20:00:00,Peak_Shift,High,High consumption 3.18kW at 20.0h (peak). Shift washing/dishwasher to 13-16h off-peak.,0.637,hour=20 & kW>1.43
2007-10-24 21:00:00,Peak_Shift,High,High consumption 3.27kW at 21.0h (peak). Shift washing/dishwasher to 13-16h off-peak.,0.654,hour=21 & kW>1.49
2007-10-25 19:00:00,Peak_Shift,Medium,High consumption 2.24kW at 19.0h (peak). Shift washing/dishwasher to 13-16h off-peak.,0.448,hour=19 & kW>1.50
2007-10-25 20:00:00,Peak_Shift,Medium,High consumption 2.83kW at 20.0h (peak). Shift washing/dishwasher to 13-16h off-peak.,0.566,hour=20 & kW>1.48
2007-10-25 21:00:00,Peak_Shift,High,High consumption 4.80kW at 21.0h (peak). Shift washing/dishwasher to 13-16h off-peak.,0.96,hour=21 & kW>1.56
2007-10-26 19:00:00,Peak_Shift,Medium,High consumption 2.04kW at 19.0h (peak). Shift washing/dishwasher to 13-16h off-peak.,0.408,hour=19 & kW>1.58
2007-10-26 21:00:00,Peak_Shift,Medium,High consumption 1.54kW at 21.0h (peak). Shift washing/dishwasher to 13-16h off-peak.,0.307,hour=21 & kW>1.32
2007-10-27 02:00:00,Night_Idle_Waste,Low,"Idle consumption 1.03kW at 2h. Check standby: router, fridge, Sub_metering_3.",0.725,hour in 1-5 & kW>0.8
2007-10-28 02:00:00,Night_Idle_Waste,Low,"Idle consumption 0.92kW at 2h. Check standby: router, fridge, Sub_metering_3.",0.618,hour in 1-5 & kW>0.8
2007-10-31 18:00:00,Peak_Shift,Medium,High consumption 1.96kW at 18.0h (peak). Shift washing/dishwasher to 13-16h off-peak.,0.392,hour=18 & kW>1.02
2007-11-02 05:00:00,Night_Idle_Waste,Low,"Idle consumption 1.20kW at 5h. Check standby: router, fridge, Sub_metering_3.",0.895,hour in 1-5 & kW>0.8
2007-11-04 18:00:00,Peak_Shift,High,High consumption 4.84kW at 18.0h (peak). Shift washing/dishwasher to 13-16h off-peak.,0.969,hour=18 & kW>0.86
2007-11-04 19:00:00,Peak_Shift,Medium,High consumption 2.93kW at 19.0h (peak). Shift washing/dishwasher to 13-16h off-peak.,0.586,hour=19 & kW>0.97
2007-11-04 20:00:00,Peak_Shift,Medium,High consumption 1.90kW at 20.0h (peak). Shift washing/dishwasher to 13-16h off-peak.,0.379,hour=20 & kW>1.02
2007-11-04 21:00:00,Peak_Shift,High,High consumption 3.10kW at 21.0h (peak). Shift washing/dishwasher to 13-16h off-peak.,0.619,hour=21 & kW>1.17
2007-11-05 18:00:00,Peak_Shift,Medium,High consumption 1.99kW at 18.0h (peak). Shift washing/dishwasher to 13-16h off-peak.,0.398,hour=18 & kW>1.32
2007-11-05 19:00:00,Peak_Shift,Medium,High consumption 2.24kW at 19.0h (peak). Shift washing/dishwasher to 13-16h off-peak.,0.449,hour=19 & kW>1.28
2007-11-05 20:00:00,Peak_Shift,Medium,High consumption 1.70kW at 20.0h (peak). Shift washing/dishwasher to 13-16h off-peak.,0.341,hour=20 & kW>1.27
2007-11-05 21:00:00,Peak_Shift,Medium,High consumption 1.68kW at 21.0h (peak). Shift washing/dishwasher to 13-16h off-peak.,0.336,hour=21 & kW>1.20
2007-11-06 01:00:00,Night_Idle_Waste,Low,"Idle consumption 1.10kW at 1h. Check standby: router, fridge, Sub_metering_3.",0.804,hour in 1-5 & kW>0.8
2007-11-06 02:00:00,Night_Idle_Waste,Low,"Idle consumption 1.19kW at 2h. Check standby: router, fridge, Sub_metering_3.",0.89,hour in 1-5 & kW>0.8
2007-11-06 03:00:00,Night_Idle_Waste,Low,"Idle consumption 1.05kW at 3h. Check standby: router, fridge, Sub_metering_3.",0.749,hour in 1-5 & kW>0.8
2007-11-06 19:00:00,Peak_Shift,Medium,High consumption 2.20kW at 19.0h (peak). Shift washing/dishwasher to 13-16h off-peak.,0.44,hour=19 & kW>1.81
2007-11-06 20:00:00,Peak_Shift,Medium,High consumption 2.88kW at 20.0h (peak). Shift washing/dishwasher to 13-16h off-peak.,0.575,hour=20 & kW>1.87
2007-11-07 02:00:00,Night_Idle_Waste,Low,"Idle consumption 0.94kW at 2h. Check standby: router, fridge, Sub_metering_3.",0.641,hour in 1-5 & kW>0.8
2007-11-07 18:00:00,Peak_Shift,Medium,High consumption 2.72kW at 18.0h (peak). Shift washing/dishwasher to 13-16h off-peak.,0.543,hour=18 & kW>1.30
2007-11-07 19:00:00,Peak_Shift,High,High consumption 4.48kW at 19.0h (peak). Shift washing/dishwasher to 13-16h off-peak.,0.897,hour=19 & kW>1.41
2007-11-07 20:00:00,Peak_Shift,Medium,High consumption 2.43kW at 20.0h (peak). Shift washing/dishwasher to 13-16h off-peak.,0.486,hour=20 & kW>1.39
2007-11-07 21:00:00,Peak_Shift,Medium,High consumption 2.76kW at 21.0h (peak). Shift washing/dishwasher to 13-16h off-peak.,0.551,hour=21 & kW>1.48
2007-11-08 19:00:00,Peak_Shift,Medium,High consumption 2.30kW at 19.0h (peak). Shift washing/dishwasher to 13-16h off-peak.,0.46,hour=19 & kW>1.18
2007-11-08 20:00:00,Peak_Shift,High,High consumption 3.08kW at 20.0h (peak). Shift washing/dishwasher to 13-16h off-peak.,0.617,hour=20 & kW>1.21
2007-11-08 21:00:00,Peak_Shift,High,High consumption 3.34kW at 21.0h (peak). Shift washing/dishwasher to 13-16h off-peak.,0.667,hour=21 & kW>1.24
2007-11-09 18:00:00,Peak_Shift,Medium,High consumption 2.52kW at 18.0h (peak). Shift washing/dishwasher to 13-16h off-peak.,0.505,hour=18 & kW>1.92
2007-11-09 19:00:00,Peak_Shift,Medium,High consumption 2.43kW at 19.0h (peak). Shift washing/dishwasher to 13-16h off-peak.,0.486,hour=19 & kW>1.92
2007-11-09 21:00:00,Peak_Shift,Medium,High consumption 2.02kW at 21.0h (peak). Shift washing/dishwasher to 13-16h off-peak.,0.405,hour=21 & kW>1.79
2007-11-10 18:00:00,Peak_Shift,High,High consumption 3.98kW at 18.0h (peak). Shift washing/dishwasher to 13-16h off-peak.,0.796,hour=18 & kW>1.75
2007-11-10 19:00:00,Peak_Shift,High,High consumption 4.19kW at 19.0h (peak). Shift washing/dishwasher to 13-16h off-peak.,0.838,hour=19 & kW>1.84
2007-11-10 20:00:00,Peak_Shift,High,High consumption 3.54kW at 20.0h (peak). Shift washing/dishwasher to 13-16h off-peak.,0.708,hour=20 & kW>1.93
2007-11-10 21:00:00,Peak_Shift,High,High consumption 3.20kW at 21.0h (peak). Shift washing/dishwasher to 13-16h off-peak.,0.64,hour=21 & kW>1.99
2007-11-11 01:00:00,Night_Idle_Waste,Low,"Idle consumption 1.55kW at 1h. Check standby: router, fridge, Sub_metering_3.",1.254,hour in 1-5 & kW>0.8
2007-11-11 02:00:00,Night_Idle_Waste,Low,"Idle consumption 0.96kW at 2h. Check standby: router, fridge, Sub_metering_3.",0.657,hour in 1-5 & kW>0.8
2007-11-11 04:00:00,Night_Idle_Waste,Low,"Idle consumption 1.07kW at 4h. Check standby: router, fridge, Sub_metering_3.",0.77,hour in 1-5 & kW>0.8
2007-11-11 18:00:00,Peak_Shift,Medium,High consumption 1.99kW at 18.0h (peak). Shift washing/dishwasher to 13-16h off-peak.,0.397,hour=18 & kW>1.94
2007-11-11 19:00:00,Peak_Shift,High,High consumption 3.76kW at 19.0h (peak). Shift washing/dishwasher to 13-16h off-peak.,0.752,hour=19 & kW>1.92
2007-11-11 20:00:00,Peak_Shift,High,High consumption 3.30kW at 20.0h (peak). Shift washing/dishwasher to 13-16h off-peak.,0.66,hour=20 & kW>1.91
2007-11-11 21:00:00,Peak_Shift,Medium,High consumption 1.85kW at 21.0h (peak). Shift washing/dishwasher to 13-16h off-peak.,0.37,hour=21 & kW>1.84
2007-11-12 02:00:00,Night_Idle_Waste,Low,"Idle consumption 0.87kW at 2h. Check standby: router, fridge, Sub_metering_3.",0.565,hour in 1-5 & kW>0.8
2007-11-12 19:00:00,Peak_Shift,High,High consumption 3.18kW at 19.0h (peak). Shift washing/dishwasher to 13-16h off-peak.,0.636,hour=19 & kW>1.62
2007-11-12 20:00:00,Peak_Shift,High,High consumption 4.76kW at 20.0h (peak). Shift washing/dishwasher to 13-16h off-peak.,0.952,hour=20 & kW>1.69
2007-11-12 21:00:00,Peak_Shift,Medium,High consumption 2.55kW at 21.0h (peak). Shift washing/dishwasher to 13-16h off-peak.,0.511,hour=21 & kW>1.73
2007-11-13 04:00:00,Night_Idle_Waste,Low,"Idle consumption 0.97kW at 4h. Check standby: router, fridge, Sub_metering_3.",0.675,hour in 1-5 & kW>0.8
2007-11-13 18:00:00,Peak_Shift,High,High consumption 3.21kW at 18.0h (peak). Shift washing/dishwasher to 13-16h off-peak.,0.643,hour=18 & kW>2.05
2007-11-13 19:00:00,Peak_Shift,Medium,High consumption 2.31kW at 19.0h (peak). Shift washing/dishwasher to 13-16h off-peak.,0.462,hour=19 & kW>2.01
2007-11-13 20:00:00,Peak_Shift,Medium,High consumption 2.83kW at 20.0h (peak). Shift washing/dishwasher to 13-16h off-peak.,0.565,hour=20 & kW>1.91
2007-11-13 21:00:00,Peak_Shift,Medium,High consumption 2.61kW at 21.0h (peak). Shift washing/dishwasher to 13-16h off-peak.,0.522,hour=21 & kW>1.92
2007-11-14 18:00:00,Peak_Shift,Medium,High consumption 1.62kW at 18.0h (peak). Shift washing/dishwasher to 13-16h off-peak.,0.324,hour=18 & kW>1.60
2007-11-14 19:00:00,Peak_Shift,Medium,High consumption 2.37kW at 19.0h (peak). Shift washing/dishwasher to 13-16h off-peak.,0.475,hour=19 & kW>1.60
2007-11-14 20:00:00,Peak_Shift,Medium,High consumption 2.69kW at 20.0h (peak). Shift washing/dishwasher to 13-16h off-peak.,0.539,hour=20 & kW>1.60
2007-11-14 21:00:00,Peak_Shift,Medium,High consumption 2.24kW at 21.0h (peak). Shift washing/dishwasher to 13-16h off-peak.,0.448,hour=21 & kW>1.58
2007-11-15 19:00:00,Peak_Shift,High,High consumption 3.09kW at 19.0h (peak). Shift washing/dishwasher to 13-16h off-peak.,0.619,hour=19 & kW>1.32
2007-11-15 20:00:00,Peak_Shift,Medium,High consumption 2.08kW at 20.0h (peak). Shift washing/dishwasher to 13-16h off-peak.,0.416,hour=20 & kW>1.29
2007-11-15 21:00:00,Peak_Shift,Medium,High consumption 2.69kW at 21.0h (peak). Shift washing/dishwasher to 13-16h off-peak.,0.538,hour=21 & kW>1.32
2007-11-16 18:00:00,Peak_Shift,Medium,High consumption 2.78kW at 18.0h (peak). Shift washing/dishwasher to 13-16h off-peak.,0.556,hour=18 & kW>2.03
2007-11-16 20:00:00,Peak_Shift,High,High consumption 3.20kW at 20.0h (peak). Shift washing/dishwasher to 13-16h off-peak.,0.64,hour=20 & kW>2.02
2007-11-17 18:00:00,Peak_Shift,High,High consumption 4.91kW at 18.0h (peak). Shift washing/dishwasher to 13-16h off-peak.,0.982,hour=18 & kW>1.78
2007-11-17 19:00:00,Peak_Shift,High,High consumption 4.31kW at 19.0h (peak). Shift washing/dishwasher to 13-16h off-peak.,0.862,hour=19 & kW>1.90
2007-11-17 20:00:00,Peak_Shift,High,High consumption 3.48kW at 20.0h (peak). Shift washing/dishwasher to 13-16h off-peak.,0.695,hour=20 & kW>1.91
2007-11-17 21:00:00,Peak_Shift,Medium,High consumption 2.85kW at 21.0h (peak). Shift washing/dishwasher to 13-16h off-peak.,0.569,hour=21 & kW>1.98
2007-11-18 01:00:00,Night_Idle_Waste,Low,"Idle consumption 1.38kW at 1h. Check standby: router, fridge, Sub_metering_3.",1.075,hour in 1-5 & kW>0.8
2007-11-18 02:00:00,Night_Idle_Waste,Low,"Idle consumption 0.89kW at 2h. Check standby: router, fridge, Sub_metering_3.",0.592,hour in 1-5 & kW>0.8
2007-11-18 18:00:00,Peak_Shift,Medium,High consumption 2.59kW at 18.0h (peak). Shift washing/dishwasher to 13-16h off-peak.,0.518,hour=18 & kW>1.98
2007-11-18 19:00:00,Peak_Shift,High,High consumption 3.70kW at 19.0h (peak). Shift washing/dishwasher to 13-16h off-peak.,0.739,hour=19 & kW>1.95
2007-11-18 20:00:00,Peak_Shift,High,High consumption 4.22kW at 20.0h (peak). Shift washing/dishwasher to 13-16h off-peak.,0.843,hour=20 & kW>1.98
2007-11-18 21:00:00,Peak_Shift,Medium,High consumption 2.97kW at 21.0h (peak). Shift washing/dishwasher to 13-16h off-peak.,0.594,hour=21 & kW>1.99
2007-11-19 18:00:00,Peak_Shift,Medium,High consumption 2.04kW at 18.0h (peak). Shift washing/dishwasher to 13-16h off-peak.,0.408,hour=18 & kW>1.50
2007-11-19 19:00:00,Peak_Shift,High,High consumption 3.39kW at 19.0h (peak). Shift washing/dishwasher to 13-16h off-peak.,0.677,hour=19 & kW>1.49
2007-11-19 20:00:00,Peak_Shift,High,High consumption 3.82kW at 20.0h (peak). Shift washing/dishwasher to 13-16h off-peak.,0.763,hour=20 & kW>1.47
2007-11-19 21:00:00,Peak_Shift,Medium,High consumption 2.74kW at 21.0h (peak). Shift washing/dishwasher to 13-16h off-peak.,0.547,hour=21 & kW>1.46
2007-11-20 20:00:00,Peak_Shift,High,High consumption 3.21kW at 20.0h (peak). Shift washing/dishwasher to 13-16h off-peak.,0.641,hour=20 & kW>1.66
2007-11-20 21:00:00,Peak_Shift,Medium,High consumption 2.36kW at 21.0h (peak). Shift washing/dishwasher to 13-16h off-peak.,0.471,hour=21 & kW>1.64
2007-11-21 18:00:00,Peak_Shift,Medium,High consumption 1.86kW at 18.0h (peak). Shift washing/dishwasher to 13-16h off-peak.,0.372,hour=18 & kW>1.41
2007-11-21 19:00:00,Peak_Shift,Medium,High consumption 2.01kW at 19.0h (peak). Shift washing/dishwasher to 13-16h off-peak.,0.402,hour=19 & kW>1.43
2007-11-21 20:00:00,Peak_Shift,High,High consumption 3.08kW at 20.0h (peak). Shift washing/dishwasher to 13-16h off-peak.,0.616,hour=20 & kW>1.43
2007-11-21 21:00:00,Peak_Shift,Medium,High consumption 2.90kW at 21.0h (peak). Shift washing/dishwasher to 13-16h off-peak.,0.58,hour=21 & kW>1.45
2007-11-22 18:00:00,Peak_Shift,Medium,High consumption 2.21kW at 18.0h (peak). Shift washing/dishwasher to 13-16h off-peak.,0.441,hour=18 & kW>1.47
2007-11-22 19:00:00,Peak_Shift,High,High consumption 4.58kW at 19.0h (peak). Shift washing/dishwasher to 13-16h off-peak.,0.917,hour=19 & kW>1.60
2007-11-22 20:00:00,Peak_Shift,High,High consumption 3.85kW at 20.0h (peak). Shift washing/dishwasher to 13-16h off-peak.,0.77,hour=20 & kW>1.64
2007-11-22 21:00:00,Peak_Shift,Medium,High consumption 2.63kW at 21.0h (peak). Shift washing/dishwasher to 13-16h off-peak.,0.526,hour=21 & kW>1.62
2007-11-23 19:00:00,Peak_Shift,Medium,High consumption 2.57kW at 19.0h (peak). Shift washing/dishwasher to 13-16h off-peak.,0.513,hour=19 & kW>2.00
2007-11-23 20:00:00,Peak_Shift,Medium,High consumption 2.07kW at 20.0h (peak). Shift washing/dishwasher to 13-16h off-peak.,0.413,hour=20 & kW>1.91
2007-11-23 21:00:00,Peak_Shift,High,High consumption 3.52kW at 21.0h (peak). Shift washing/dishwasher to 13-16h off-peak.,0.704,hour=21 & kW>1.95
2007-11-24 01:00:00,Night_Idle_Waste,Low,"Idle consumption 0.94kW at 1h. Check standby: router, fridge, Sub_metering_3.",0.645,hour in 1-5 & kW>0.8
2007-11-24 21:00:00,Peak_Shift,Medium,High consumption 1.99kW at 21.0h (peak). Shift washing/dishwasher to 13-16h off-peak.,0.398,hour=21 & kW>1.87
2007-11-25 19:00:00,Peak_Shift,High,High consumption 3.12kW at 19.0h (peak). Shift washing/dishwasher to 13-16h off-peak.,0.624,hour=19 & kW>1.03
2007-11-25 20:00:00,Peak_Shift,High,High consumption 3.75kW at 20.0h (peak). Shift washing/dishwasher to 13-16h off-peak.,0.75,hour=20 & kW>1.16
2007-11-25 21:00:00,Peak_Shift,Medium,High consumption 1.61kW at 21.0h (peak). Shift washing/dishwasher to 13-16h off-peak.,0.322,hour=21 & kW>1.14
2007-11-26 04:00:00,Night_Idle_Waste,Low,"Idle consumption 0.92kW at 4h. Check standby: router, fridge, Sub_metering_3.",0.617,hour in 1-5 & kW>0.8
2007-11-26 19:00:00,Peak_Shift,Medium,High consumption 2.85kW at 19.0h (peak). Shift washing/dishwasher to 13-16h off-peak.,0.57,hour=19 & kW>1.29
2007-11-26 20:00:00,Peak_Shift,High,High consumption 3.27kW at 20.0h (peak). Shift washing/dishwasher to 13-16h off-peak.,0.654,hour=20 & kW>1.27
2007-11-26 21:00:00,Peak_Shift,Medium,High consumption 1.93kW at 21.0h (peak). Shift washing/dishwasher to 13-16h off-peak.,0.387,hour=21 & kW>1.28
2007-11-27 18:00:00,Peak_Shift,Medium,High consumption 2.35kW at 18.0h (peak). Shift washing/dishwasher to 13-16h off-peak.,0.469,hour=18 & kW>2.25
2007-11-27 19:00:00,Peak_Shift,Medium,High consumption 2.23kW at 19.0h (peak). Shift washing/dishwasher to 13-16h off-peak.,0.446,hour=19 & kW>2.22
2007-11-27 20:00:00,Peak_Shift,Medium,High consumption 2.51kW at 20.0h (peak). Shift washing/dishwasher to 13-16h off-peak.,0.503,hour=20 & kW>2.18
2007-11-28 18:00:00,Peak_Shift,Medium,High consumption 1.91kW at 18.0h (peak). Shift washing/dishwasher to 13-16h off-peak.,0.382,hour=18 & kW>1.51
2007-11-28 19:00:00,Peak_Shift,Medium,High consumption 2.10kW at 19.0h (peak). Shift washing/dishwasher to 13-16h off-peak.,0.42,hour=19 & kW>1.50
2007-11-28 20:00:00,Peak_Shift,Medium,High consumption 2.53kW at 20.0h (peak). Shift washing/dishwasher to 13-16h off-peak.,0.505,hour=20 & kW>1.50
2007-11-28 21:00:00,Peak_Shift,Medium,High consumption 2.62kW at 21.0h (peak). Shift washing/dishwasher to 13-16h off-peak.,0.523,hour=21 & kW>1.53
2007-11-29 19:00:00,Peak_Shift,Medium,High consumption 1.64kW at 19.0h (peak). Shift washing/dishwasher to 13-16h off-peak.,0.328,hour=19 & kW>1.40
2007-11-29 20:00:00,Peak_Shift,Medium,High consumption 2.46kW at 20.0h (peak). Shift washing/dishwasher to 13-16h off-peak.,0.493,hour=20 & kW>1.40
2007-11-29 21:00:00,Peak_Shift,High,High consumption 3.18kW at 21.0h (peak). Shift washing/dishwasher to 13-16h off-peak.,0.636,hour=21 & kW>1.43
2007-11-30 01:00:00,Night_Idle_Waste,Low,"Idle consumption 1.26kW at 1h. Check standby: router, fridge, Sub_metering_3.",0.959,hour in 1-5 & kW>0.8
2007-11-30 18:00:00,Peak_Shift,Medium,High consumption 2.48kW at 18.0h (peak). Shift washing/dishwasher to 13-16h off-peak.,0.496,hour=18 & kW>2.08
2007-11-30 20:00:00,Peak_Shift,Medium,High consumption 2.31kW at 20.0h (peak). Shift washing/dishwasher to 13-16h off-peak.,0.462,hour=20 & kW>2.09
2007-12-01 04:00:00,Night_Idle_Waste,Low,"Idle consumption 0.90kW at 4h. Check standby: router, fridge, Sub_metering_3.",0.603,hour in 1-5 & kW>0.8
2007-12-01 18:00:00,Peak_Shift,High,High consumption 4.21kW at 18.0h (peak). Shift washing/dishwasher to 13-16h off-peak.,0.842,hour=18 & kW>2.02
2007-12-01 19:00:00,Peak_Shift,Medium,High consumption 2.95kW at 19.0h (peak). Shift washing/dishwasher to 13-16h off-peak.,0.59,hour=19 & kW>2.07
2007-12-01 20:00:00,Peak_Shift,High,High consumption 3.62kW at 20.0h (peak). Shift washing/dishwasher to 13-16h off-peak.,0.724,hour=20 & kW>2.14
2007-12-01 21:00:00,Peak_Shift,High,High consumption 5.14kW at 21.0h (peak). Shift washing/dishwasher to 13-16h off-peak.,1.028,hour=21 & kW>2.35
2007-12-02 01:00:00,Night_Idle_Waste,Low,"Idle consumption 2.56kW at 1h. Check standby: router, fridge, Sub_metering_3.",2.259,hour in 1-5 & kW>0.8
2007-12-02 02:00:00,Night_Idle_Waste,Low,"Idle consumption 2.08kW at 2h. Check standby: router, fridge, Sub_metering_3.",1.781,hour in 1-5 & kW>0.8
2007-12-02 03:00:00,Night_Idle_Waste,Low,"Idle consumption 1.31kW at 3h. Check standby: router, fridge, Sub_metering_3.",1.013,hour in 1-5 & kW>0.8
2007-12-02 04:00:00,Night_Idle_Waste,Low,"Idle consumption 1.14kW at 4h. Check standby: router, fridge, Sub_metering_3.",0.839,hour in 1-5 & kW>0.8
2007-12-02 05:00:00,Night_Idle_Waste,Low,"Idle consumption 1.16kW at 5h. Check standby: router, fridge, Sub_metering_3.",0.856,hour in 1-5 & kW>0.8
2007-12-02 21:00:00,Peak_Shift,High,High consumption 3.42kW at 21.0h (peak). Shift washing/dishwasher to 13-16h off-peak.,0.684,hour=21 & kW>2.69
2007-12-03 05:00:00,Night_Idle_Waste,Low,"Idle consumption 1.11kW at 5h. Check standby: router, fridge, Sub_metering_3.",0.813,hour in 1-5 & kW>0.8
2007-12-03 19:00:00,Peak_Shift,High,High consumption 3.16kW at 19.0h (peak). Shift washing/dishwasher to 13-16h off-peak.,0.632,hour=19 & kW>1.42
2007-12-03 20:00:00,Peak_Shift,Medium,High consumption 2.84kW at 20.0h (peak). Shift washing/dishwasher to 13-16h off-peak.,0.568,hour=20 & kW>1.46
2007-12-03 21:00:00,Peak_Shift,Medium,High consumption 1.95kW at 21.0h (peak). Shift washing/dishwasher to 13-16h off-peak.,0.39,hour=21 & kW>1.38
2007-12-04 19:00:00,Peak_Shift,Medium,High consumption 1.69kW at 19.0h (peak). Shift washing/dishwasher to 13-16h off-peak.,0.338,hour=19 & kW>1.63
2007-12-04 20:00:00,Peak_Shift,Medium,High consumption 2.49kW at 20.0h (peak). Shift washing/dishwasher to 13-16h off-peak.,0.498,hour=20 & kW>1.61
2007-12-04 21:00:00,Peak_Shift,High,High consumption 5.07kW at 21.0h (peak). Shift washing/dishwasher to 13-16h off-peak.,1.013,hour=21 & kW>1.77
2007-12-05 05:00:00,Night_Idle_Waste,Low,"Idle consumption 1.04kW at 5h. Check standby: router, fridge, Sub_metering_3.",0.741,hour in 1-5 & kW>0.8
2007-12-05 18:00:00,Peak_Shift,Medium,High consumption 1.96kW at 18.0h (peak). Shift washing/dishwasher to 13-16h off-peak.,0.392,hour=18 & kW>1.76
2007-12-05 19:00:00,Peak_Shift,High,High consumption 4.28kW at 19.0h (peak). Shift washing/dishwasher to 13-16h off-peak.,0.857,hour=19 & kW>1.89
2007-12-05 20:00:00,Peak_Shift,Medium,High consumption 2.92kW at 20.0h (peak). Shift washing/dishwasher to 13-16h off-peak.,0.584,hour=20 & kW>1.92
2007-12-05 21:00:00,Peak_Shift,High,High consumption 3.44kW at 21.0h (peak). Shift washing/dishwasher to 13-16h off-peak.,0.688,hour=21 & kW>1.83
2007-12-06 19:00:00,Peak_Shift,Medium,High consumption 2.57kW at 19.0h (peak). Shift washing/dishwasher to 13-16h off-peak.,0.514,hour=19 & kW>1.77
2007-12-06 20:00:00,Peak_Shift,High,High consumption 4.74kW at 20.0h (peak). Shift washing/dishwasher to 13-16h off-peak.,0.948,hour=20 & kW>1.87
2007-12-06 21:00:00,Peak_Shift,Medium,High consumption 2.94kW at 21.0h (peak). Shift washing/dishwasher to 13-16h off-peak.,0.587,hour=21 & kW>1.84
2007-12-08 03:00:00,Night_Idle_Waste,Low,"Idle consumption 0.90kW at 3h. Check standby: router, fridge, Sub_metering_3.",0.602,hour in 1-5 & kW>0.8
2007-12-08 18:00:00,Peak_Shift,High,High consumption 3.90kW at 18.0h (peak). Shift washing/dishwasher to 13-16h off-peak.,0.779,hour=18 & kW>1.41
2007-12-08 19:00:00,Peak_Shift,High,High consumption 3.35kW at 19.0h (peak). Shift washing/dishwasher to 13-16h off-peak.,0.669,hour=19 & kW>1.51
2007-12-08 20:00:00,Peak_Shift,High,High consumption 5.21kW at 20.0h (peak). Shift washing/dishwasher to 13-16h off-peak.,1.043,hour=20 & kW>1.74
2007-12-09 18:00:00,Peak_Shift,High,High consumption 4.21kW at 18.0h (peak). Shift washing/dishwasher to 13-16h off-peak.,0.841,hour=18 & kW>1.97
2007-12-09 19:00:00,Peak_Shift,High,High consumption 4.61kW at 19.0h (peak). Shift washing/dishwasher to 13-16h off-peak.,0.922,hour=19 & kW>2.03
2007-12-09 20:00:00,Peak_Shift,High,High consumption 3.65kW at 20.0h (peak). Shift washing/dishwasher to 13-16h off-peak.,0.73,hour=20 & kW>1.96
2007-12-10 18:00:00,Peak_Shift,High,High consumption 3.15kW at 18.0h (peak). Shift washing/dishwasher to 13-16h off-peak.,0.631,hour=18 & kW>1.54
2007-12-10 19:00:00,Peak_Shift,Medium,High consumption 2.30kW at 19.0h (peak). Shift washing/dishwasher to 13-16h off-peak.,0.46,hour=19 & kW>1.43
2007-12-10 20:00:00,Peak_Shift,Medium,High consumption 2.58kW at 20.0h (peak). Shift washing/dishwasher to 13-16h off-peak.,0.517,hour=20 & kW>1.37
2007-12-10 21:00:00,Peak_Shift,High,High consumption 3.06kW at 21.0h (peak). Shift washing/dishwasher to 13-16h off-peak.,0.613,hour=21 & kW>1.45
2007-12-11 04:00:00,Night_Idle_Waste,Low,"Idle consumption 0.88kW at 4h. Check standby: router, fridge, Sub_metering_3.",0.581,hour in 1-5 & kW>0.8
2007-12-11 18:00:00,Peak_Shift,Medium,High consumption 2.38kW at 18.0h (peak). Shift washing/dishwasher to 13-16h off-peak.,0.475,hour=18 & kW>1.84
2007-12-11 19:00:00,Peak_Shift,Medium,High consumption 2.66kW at 19.0h (peak). Shift washing/dishwasher to 13-16h off-peak.,0.532,hour=19 & kW>1.86
2007-12-11 20:00:00,Peak_Shift,High,High consumption 3.03kW at 20.0h (peak). Shift washing/dishwasher to 13-16h off-peak.,0.606,hour=20 & kW>1.88
2007-12-11 21:00:00,Peak_Shift,Medium,High consumption 2.59kW at 21.0h (peak). Shift washing/dishwasher to 13-16h off-peak.,0.518,hour=21 & kW>1.86
2007-12-12 18:00:00,Peak_Shift,Medium,High consumption 2.41kW at 18.0h (peak). Shift washing/dishwasher to 13-16h off-peak.,0.481,hour=18 & kW>1.46
2007-12-12 19:00:00,Peak_Shift,Medium,High consumption 2.96kW at 19.0h (peak). Shift washing/dishwasher to 13-16h off-peak.,0.592,hour=19 & kW>1.48
2007-12-12 20:00:00,Peak_Shift,Medium,High consumption 1.90kW at 20.0h (peak). Shift washing/dishwasher to 13-16h off-peak.,0.379,hour=20 & kW>1.42
2007-12-12 21:00:00,Peak_Shift,Medium,High consumption 2.06kW at 21.0h (peak). Shift washing/dishwasher to 13-16h off-peak.,0.412,hour=21 & kW>1.39
2007-12-13 18:00:00,Peak_Shift,Medium,High consumption 1.93kW at 18.0h (peak). Shift washing/dishwasher to 13-16h off-peak.,0.387,hour=18 & kW>1.39
2007-12-13 19:00:00,Peak_Shift,Medium,High consumption 2.67kW at 19.0h (peak). Shift washing/dishwasher to 13-16h off-peak.,0.534,hour=19 & kW>1.37
2007-12-13 20:00:00,Peak_Shift,High,High consumption 4.14kW at 20.0h (peak). Shift washing/dishwasher to 13-16h off-peak.,0.829,hour=20 & kW>1.49
2007-12-13 21:00:00,Peak_Shift,Medium,High consumption 2.70kW at 21.0h (peak). Shift washing/dishwasher to 13-16h off-peak.,0.54,hour=21 & kW>1.52
2007-12-14 05:00:00,Night_Idle_Waste,Low,"Idle consumption 0.81kW at 5h. Check standby: router, fridge, Sub_metering_3.",0.513,hour in 1-5 & kW>0.8
2007-12-15 01:00:00,Night_Idle_Waste,Low,"Idle consumption 0.89kW at 1h. Check standby: router, fridge, Sub_metering_3.",0.586,hour in 1-5 & kW>0.8
2007-12-15 18:00:00,Peak_Shift,High,High consumption 4.07kW at 18.0h (peak). Shift washing/dishwasher to 13-16h off-peak.,0.813,hour=18 & kW>1.88
2007-12-15 19:00:00,Peak_Shift,High,High consumption 3.20kW at 19.0h (peak). Shift washing/dishwasher to 13-16h off-peak.,0.64,hour=19 & kW>1.96
2007-12-15 20:00:00,Peak_Shift,High,High consumption 3.55kW at 20.0h (peak). Shift washing/dishwasher to 13-16h off-peak.,0.709,hour=20 & kW>2.08
2007-12-15 21:00:00,Peak_Shift,Medium,High consumption 2.47kW at 21.0h (peak). Shift washing/dishwasher to 13-16h off-peak.,0.495,hour=21 & kW>2.18
2007-12-16 01:00:00,Night_Idle_Waste,Low,"Idle consumption 1.10kW at 1h. Check standby: router, fridge, Sub_metering_3.",0.803,hour in 1-5 & kW>0.8
2007-12-16 02:00:00,Night_Idle_Waste,Low,"Idle consumption 1.12kW at 2h. Check standby: router, fridge, Sub_metering_3.",0.824,hour in 1-5 & kW>0.8
2007-12-16 03:00:00,Night_Idle_Waste,Low,"Idle consumption 1.24kW at 3h. Check standby: router, fridge, Sub_metering_3.",0.936,hour in 1-5 & kW>0.8
2007-12-16 04:00:00,Night_Idle_Waste,Low,"Idle consumption 1.87kW at 4h. Check standby: router, fridge, Sub_metering_3.",1.569,hour in 1-5 & kW>0.8
2007-12-16 05:00:00,Night_Idle_Waste,Low,"Idle consumption 1.13kW at 5h. Check standby: router, fridge, Sub_metering_3.",0.83,hour in 1-5 & kW>0.8
2007-12-16 18:00:00,Peak_Shift,Medium,High consumption 2.63kW at 18.0h (peak). Shift washing/dishwasher to 13-16h off-peak.,0.525,hour=18 & kW>2.45
2007-12-16 19:00:00,Peak_Shift,Medium,High consumption 2.83kW at 19.0h (peak). Shift washing/dishwasher to 13-16h off-peak.,0.567,hour=19 & kW>2.43
2007-12-16 20:00:00,Peak_Shift,High,High consumption 3.77kW at 20.0h (peak). Shift washing/dishwasher to 13-16h off-peak.,0.753,hour=20 & kW>2.45
2007-12-17 18:00:00,Peak_Shift,Medium,High consumption 2.48kW at 18.0h (peak). Shift washing/dishwasher to 13-16h off-peak.,0.497,hour=18 & kW>1.42
2007-12-17 19:00:00,Peak_Shift,High,High consumption 3.54kW at 19.0h (peak). Shift washing/dishwasher to 13-16h off-peak.,0.708,hour=19 & kW>1.46
2007-12-17 20:00:00,Peak_Shift,High,High consumption 4.01kW at 20.0h (peak). Shift washing/dishwasher to 13-16h off-peak.,0.802,hour=20 & kW>1.47
2007-12-17 21:00:00,Peak_Shift,Medium,High consumption 2.42kW at 21.0h (peak). Shift washing/dishwasher to 13-16h off-peak.,0.484,hour=21 & kW>1.47
2007-12-18 18:00:00,Peak_Shift,Medium,High consumption 2.76kW at 18.0h (peak). Shift washing/dishwasher to 13-16h off-peak.,0.552,hour=18 & kW>2.14
2007-12-18 19:00:00,Peak_Shift,Medium,High consumption 2.38kW at 19.0h (peak). Shift washing/dishwasher to 13-16h off-peak.,0.476,hour=19 & kW>2.08
2007-12-18 20:00:00,Peak_Shift,Medium,High consumption 2.56kW at 20.0h (peak). Shift washing/dishwasher to 13-16h off-peak.,0.511,hour=20 & kW>2.01
2007-12-18 21:00:00,Peak_Shift,High,High consumption 3.93kW at 21.0h (peak). Shift washing/dishwasher to 13-16h off-peak.,0.786,hour=21 & kW>2.09
2007-12-19 18:00:00,Peak_Shift,Medium,High consumption 2.44kW at 18.0h (peak). Shift washing/dishwasher to 13-16h off-peak.,0.488,hour=18 & kW>1.85
2007-12-19 19:00:00,Peak_Shift,Medium,High consumption 2.83kW at 19.0h (peak). Shift washing/dishwasher to 13-16h off-peak.,0.566,hour=19 & kW>1.87
2007-12-19 20:00:00,Peak_Shift,Medium,High consumption 2.62kW at 20.0h (peak). Shift washing/dishwasher to 13-16h off-peak.,0.524,hour=20 & kW>1.88
2007-12-19 21:00:00,Peak_Shift,High,High consumption 3.63kW at 21.0h (peak). Shift washing/dishwasher to 13-16h off-peak.,0.727,hour=21 & kW>1.86
2007-12-20 18:00:00,Peak_Shift,Medium,High consumption 2.03kW at 18.0h (peak). Shift washing/dishwasher to 13-16h off-peak.,0.406,hour=18 & kW>1.79
2007-12-20 19:00:00,Peak_Shift,Medium,High consumption 2.68kW at 19.0h (peak). Shift washing/dishwasher to 13-16h off-peak.,0.535,hour=19 & kW>1.79
2007-12-20 20:00:00,Peak_Shift,Medium,High consumption 2.97kW at 20.0h (peak). Shift washing/dishwasher to 13-16h off-peak.,0.594,hour=20 & kW>1.80
2007-12-21 04:00:00,Night_Idle_Waste,Low,"Idle consumption 0.80kW at 4h. Check standby: router, fridge, Sub_metering_3.",0.501,hour in 1-5 & kW>0.8
2007-12-21 18:00:00,Peak_Shift,Medium,High consumption 2.43kW at 18.0h (peak). Shift washing/dishwasher to 13-16h off-peak.,0.487,hour=18 & kW>1.64
2007-12-21 19:00:00,Peak_Shift,Medium,High consumption 2.81kW at 19.0h (peak). Shift washing/dishwasher to 13-16h off-peak.,0.563,hour=19 & kW>1.64
2007-12-21 20:00:00,Peak_Shift,High,High consumption 3.12kW at 20.0h (peak). Shift washing/dishwasher to 13-16h off-peak.,0.624,hour=20 & kW>1.65
2007-12-21 21:00:00,Peak_Shift,Medium,High consumption 1.88kW at 21.0h (peak). Shift washing/dishwasher to 13-16h off-peak.,0.377,hour=21 & kW>1.66
2007-12-22 04:00:00,Night_Idle_Waste,Low,"Idle consumption 0.90kW at 4h. Check standby: router, fridge, Sub_metering_3.",0.596,hour in 1-5 & kW>0.8
2007-12-22 18:00:00,Peak_Shift,Medium,High consumption 1.78kW at 18.0h (peak). Shift washing/dishwasher to 13-16h off-peak.,0.356,hour=18 & kW>1.74
2007-12-22 19:00:00,Peak_Shift,Medium,High consumption 2.79kW at 19.0h (peak). Shift washing/dishwasher to 13-16h off-peak.,0.557,hour=19 & kW>1.74
2007-12-22 20:00:00,Peak_Shift,High,High consumption 4.93kW at 20.0h (peak). Shift washing/dishwasher to 13-16h off-peak.,0.985,hour=20 & kW>1.83
2007-12-22 21:00:00,Peak_Shift,High,High consumption 3.68kW at 21.0h (peak). Shift washing/dishwasher to 13-16h off-peak.,0.737,hour=21 & kW>1.92
2007-12-23 05:00:00,Night_Idle_Waste,Low,"Idle consumption 1.12kW at 5h. Check standby: router, fridge, Sub_metering_3.",0.821,hour in 1-5 & kW>0.8
2007-12-23 18:00:00,Peak_Shift,High,High consumption 3.13kW at 18.0h (peak). Shift washing/dishwasher to 13-16h off-peak.,0.625,hour=18 & kW>2.10
2007-12-23 19:00:00,Peak_Shift,High,High consumption 6.49kW at 19.0h (peak). Shift washing/dishwasher to 13-16h off-peak.,1.298,hour=19 & kW>2.28
2007-12-23 20:00:00,Peak_Shift,High,High consumption 3.24kW at 20.0h (peak). Shift washing/dishwasher to 13-16h off-peak.,0.648,hour=20 & kW>2.20
2007-12-23 21:00:00,Peak_Shift,Medium,High consumption 2.29kW at 21.0h (peak). Shift washing/dishwasher to 13-16h off-peak.,0.457,hour=21 & kW>2.13
2007-12-24 01:00:00,Night_Idle_Waste,Low,"Idle consumption 1.16kW at 1h. Check standby: router, fridge, Sub_metering_3.",0.857,hour in 1-5 & kW>0.8
2007-12-25 18:00:00,Peak_Shift,Medium,High consumption 1.81kW at 18.0h (peak). Shift washing/dishwasher to 13-16h off-peak.,0.362,hour=18 & kW>1.74
2007-12-25 19:00:00,Peak_Shift,Medium,High consumption 2.02kW at 19.0h (peak). Shift washing/dishwasher to 13-16h off-peak.,0.404,hour=19 & kW>1.77
2007-12-25 20:00:00,Peak_Shift,Medium,High consumption 2.86kW at 20.0h (peak). Shift washing/dishwasher to 13-16h off-peak.,0.572,hour=20 & kW>1.83
2007-12-25 21:00:00,Peak_Shift,High,High consumption 3.01kW at 21.0h (peak). Shift washing/dishwasher to 13-16h off-peak.,0.602,hour=21 & kW>1.91
2007-12-26 01:00:00,Night_Idle_Waste,Low,"Idle consumption 1.17kW at 1h. Check standby: router, fridge, Sub_metering_3.",0.871,hour in 1-5 & kW>0.8
2007-12-26 02:00:00,Night_Idle_Waste,Low,"Idle consumption 1.23kW at 2h. Check standby: router, fridge, Sub_metering_3.",0.935,hour in 1-5 & kW>0.8
2007-12-26 03:00:00,Night_Idle_Waste,Low,"Idle consumption 1.26kW at 3h. Check standby: router, fridge, Sub_metering_3.",0.962,hour in 1-5 & kW>0.8
2007-12-26 04:00:00,Night_Idle_Waste,Low,"Idle consumption 1.36kW at 4h. Check standby: router, fridge, Sub_metering_3.",1.057,hour in 1-5 & kW>0.8
2007-12-26 05:00:00,Night_Idle_Waste,Low,"Idle consumption 1.40kW at 5h. Check standby: router, fridge, Sub_metering_3.",1.096,hour in 1-5 & kW>0.8
2007-12-27 02:00:00,Night_Idle_Waste,Low,"Idle consumption 0.83kW at 2h. Check standby: router, fridge, Sub_metering_3.",0.529,hour in 1-5 & kW>0.8
2007-12-27 18:00:00,Peak_Shift,High,High consumption 3.20kW at 18.0h (peak). Shift washing/dishwasher to 13-16h off-peak.,0.639,hour=18 & kW>1.45
2007-12-27 19:00:00,Peak_Shift,High,High consumption 5.18kW at 19.0h (peak). Shift washing/dishwasher to 13-16h off-peak.,1.035,hour=19 & kW>1.66
2007-12-27 20:00:00,Peak_Shift,High,High consumption 3.47kW at 20.0h (peak). Shift washing/dishwasher to 13-16h off-peak.,0.694,hour=20 & kW>1.82
2007-12-27 21:00:00,Peak_Shift,Medium,High consumption 2.55kW at 21.0h (peak). Shift washing/dishwasher to 13-16h off-peak.,0.509,hour=21 & kW>1.93
2007-12-28 18:00:00,Peak_Shift,High,High consumption 3.73kW at 18.0h (peak). Shift washing/dishwasher to 13-16h off-peak.,0.747,hour=18 & kW>2.61
2007-12-28 19:00:00,Peak_Shift,Medium,High consumption 2.52kW at 19.0h (peak). Shift washing/dishwasher to 13-16h off-peak.,0.504,hour=19 & kW>2.47
2007-12-28 20:00:00,Peak_Shift,High,High consumption 3.18kW at 20.0h (peak). Shift washing/dishwasher to 13-16h off-peak.,0.637,hour=20 & kW>2.46
2007-12-28 21:00:00,Peak_Shift,High,High consumption 3.00kW at 21.0h (peak). Shift washing/dishwasher to 13-16h off-peak.,0.6,hour=21 & kW>2.48
2007-12-29 01:00:00,Night_Idle_Waste,Low,"Idle consumption 2.44kW at 1h. Check standby: router, fridge, Sub_metering_3.",2.136,hour in 1-5 & kW>0.8
2007-12-29 02:00:00,Night_Idle_Waste,Low,"Idle consumption 2.49kW at 2h. Check standby: router, fridge, Sub_metering_3.",2.193,hour in 1-5 & kW>0.8
2007-12-29 03:00:00,Night_Idle_Waste,Low,"Idle consumption 2.37kW at 3h. Check standby: router, fridge, Sub_metering_3.",2.068,hour in 1-5 & kW>0.8
2007-12-29 04:00:00,Night_Idle_Waste,Low,"Idle consumption 1.40kW at 4h. Check standby: router, fridge, Sub_metering_3.",1.099,hour in 1-5 & kW>0.8
2007-12-29 05:00:00,Night_Idle_Waste,Low,"Idle consumption 1.37kW at 5h. Check standby: router, fridge, Sub_metering_3.",1.071,hour in 1-5 & kW>0.8
2007-12-29 18:00:00,Peak_Shift,High,High consumption 3.30kW at 18.0h (peak). Shift washing/dishwasher to 13-16h off-peak.,0.66,hour=18 & kW>2.85
2007-12-29 19:00:00,Peak_Shift,High,High consumption 5.23kW at 19.0h (peak). Shift washing/dishwasher to 13-16h off-peak.,1.045,hour=19 & kW>2.98
2007-12-29 21:00:00,Peak_Shift,High,High consumption 3.24kW at 21.0h (peak). Shift washing/dishwasher to 13-16h off-peak.,0.647,hour=21 & kW>2.96
2007-12-30 18:00:00,Peak_Shift,High,High consumption 4.94kW at 18.0h (peak). Shift washing/dishwasher to 13-16h off-peak.,0.988,hour=18 & kW>2.20
2007-12-30 19:00:00,Peak_Shift,Medium,High consumption 2.85kW at 19.0h (peak). Shift washing/dishwasher to 13-16h off-peak.,0.57,hour=19 & kW>2.08
2007-12-30 20:00:00,Peak_Shift,Medium,High consumption 2.78kW at 20.0h (peak). Shift washing/dishwasher to 13-16h off-peak.,0.556,hour=20 & kW>2.10
2007-12-30 21:00:00,Peak_Shift,High,High consumption 3.27kW at 21.0h (peak). Shift washing/dishwasher to 13-16h off-peak.,0.653,hour=21 & kW>2.10
2007-12-31 18:00:00,Peak_Shift,High,High consumption 3.34kW at 18.0h (peak). Shift washing/dishwasher to 13-16h off-peak.,0.669,hour=18 & kW>1.99
2007-12-31 19:00:00,Peak_Shift,High,High consumption 3.12kW at 19.0h (peak). Shift washing/dishwasher to 13-16h off-peak.,0.624,hour=19 & kW>2.01
2008-01-01 01:00:00,Night_Idle_Waste,Low,"Idle consumption 1.62kW at 1h. Check standby: router, fridge, Sub_metering_3.",1.32,hour in 1-5 & kW>0.8
2008-01-01 02:00:00,Night_Idle_Waste,Low,"Idle consumption 2.47kW at 2h. Check standby: router, fridge, Sub_metering_3.",2.174,hour in 1-5 & kW>0.8
2008-01-01 03:00:00,Night_Idle_Waste,Low,"Idle consumption 2.73kW at 3h. Check standby: router, fridge, Sub_metering_3.",2.431,hour in 1-5 & kW>0.8
2008-01-01 04:00:00,Night_Idle_Waste,Low,"Idle consumption 2.43kW at 4h. Check standby: router, fridge, Sub_metering_3.",2.131,hour in 1-5 & kW>0.8
2008-01-01 05:00:00,Night_Idle_Waste,Low,"Idle consumption 2.48kW at 5h. Check standby: router, fridge, Sub_metering_3.",2.18,hour in 1-5 & kW>0.8
2008-01-01 18:00:00,Peak_Shift,Medium,High consumption 2.88kW at 18.0h (peak). Shift washing/dishwasher to 13-16h off-peak.,0.576,hour=18 & kW>2.28
2008-01-01 19:00:00,Peak_Shift,High,High consumption 3.01kW at 19.0h (peak). Shift washing/dishwasher to 13-16h off-peak.,0.601,hour=19 & kW>2.27
2008-01-01 20:00:00,Peak_Shift,Medium,High consumption 2.87kW at 20.0h (peak). Shift washing/dishwasher to 13-16h off-peak.,0.575,hour=20 & kW>2.32
2008-01-01 21:00:00,Peak_Shift,Medium,High consumption 2.70kW at 21.0h (peak). Shift washing/dishwasher to 13-16h off-peak.,0.541,hour=21 & kW>2.38
2008-01-02 04:00:00,Night_Idle_Waste,Low,"Idle consumption 0.87kW at 4h. Check standby: router, fridge, Sub_metering_3.",0.569,hour in 1-5 & kW>0.8
2008-01-02 19:00:00,Peak_Shift,Medium,High consumption 1.69kW at 19.0h (peak). Shift washing/dishwasher to 13-16h off-peak.,0.337,hour=19 & kW>1.37
2008-01-02 21:00:00,Peak_Shift,Medium,High consumption 1.53kW at 21.0h (peak). Shift washing/dishwasher to 13-16h off-peak.,0.305,hour=21 & kW>1.24
2008-01-03 02:00:00,Night_Idle_Waste,Low,"Idle consumption 1.13kW at 2h. Check standby: router, fridge, Sub_metering_3.",0.825,hour in 1-5 & kW>0.8
2008-01-03 18:00:00,Peak_Shift,Medium,High consumption 2.38kW at 18.0h (peak). Shift washing/dishwasher to 13-16h off-peak.,0.477,hour=18 & kW>1.36
2008-01-03 19:00:00,Peak_Shift,Medium,High consumption 2.26kW at 19.0h (peak). Shift washing/dishwasher to 13-16h off-peak.,0.451,hour=19 & kW>1.38
2008-01-03 20:00:00,Peak_Shift,Medium,High consumption 2.57kW at 20.0h (peak). Shift washing/dishwasher to 13-16h off-peak.,0.513,hour=20 & kW>1.45
2008-01-04 18:00:00,Peak_Shift,Medium,High consumption 1.87kW at 18.0h (peak). Shift washing/dishwasher to 13-16h off-peak.,0.374,hour=18 & kW>1.81
2008-01-04 20:00:00,Peak_Shift,Medium,High consumption 2.79kW at 20.0h (peak). Shift washing/dishwasher to 13-16h off-peak.,0.559,hour=20 & kW>1.79
2008-01-04 21:00:00,Peak_Shift,Medium,High consumption 2.09kW at 21.0h (peak). Shift washing/dishwasher to 13-16h off-peak.,0.419,hour=21 & kW>1.84
2008-01-05 18:00:00,Peak_Shift,High,High consumption 3.62kW at 18.0h (peak). Shift washing/dishwasher to 13-16h off-peak.,0.724,hour=18 & kW>1.71
2008-01-05 19:00:00,Peak_Shift,High,High consumption 3.13kW at 19.0h (peak). Shift washing/dishwasher to 13-16h off-peak.,0.627,hour=19 & kW>1.78
2008-01-05 20:00:00,Peak_Shift,Medium,High consumption 2.99kW at 20.0h (peak). Shift washing/dishwasher to 13-16h off-peak.,0.597,hour=20 & kW>1.79
2008-01-06 01:00:00,Night_Idle_Waste,Low,"Idle consumption 0.82kW at 1h. Check standby: router, fridge, Sub_metering_3.",0.516,hour in 1-5 & kW>0.8
2008-01-06 18:00:00,Peak_Shift,Medium,High consumption 2.37kW at 18.0h (peak). Shift washing/dishwasher to 13-16h off-peak.,0.474,hour=18 & kW>1.56
2008-01-06 19:00:00,Peak_Shift,High,High consumption 3.63kW at 19.0h (peak). Shift washing/dishwasher to 13-16h off-peak.,0.726,hour=19 & kW>1.58
2008-01-06 20:00:00,Peak_Shift,High,High consumption 3.20kW at 20.0h (peak). Shift washing/dishwasher to 13-16h off-peak.,0.64,hour=20 & kW>1.60
2008-01-06 21:00:00,Peak_Shift,Medium,High consumption 2.38kW at 21.0h (peak). Shift washing/dishwasher to 13-16h off-peak.,0.476,hour=21 & kW>1.63
2008-01-07 19:00:00,Peak_Shift,Medium,High consumption 1.96kW at 19.0h (peak). Shift washing/dishwasher to 13-16h off-peak.,0.391,hour=19 & kW>1.31
2008-01-07 20:00:00,Peak_Shift,High,High consumption 3.40kW at 20.0h (peak). Shift washing/dishwasher to 13-16h off-peak.,0.68,hour=20 & kW>1.32
2008-01-07 21:00:00,Peak_Shift,Medium,High consumption 2.34kW at 21.0h (peak). Shift washing/dishwasher to 13-16h off-peak.,0.468,hour=21 & kW>1.32
2008-01-08 19:00:00,Peak_Shift,Medium,High consumption 1.86kW at 19.0h (peak). Shift washing/dishwasher to 13-16h off-peak.,0.372,hour=19 & kW>1.73
2008-01-08 20:00:00,Peak_Shift,Medium,High consumption 2.12kW at 20.0h (peak). Shift washing/dishwasher to 13-16h off-peak.,0.424,hour=20 & kW>1.67
2008-01-08 21:00:00,Peak_Shift,High,High consumption 4.20kW at 21.0h (peak). Shift washing/dishwasher to 13-16h off-peak.,0.84,hour=21 & kW>1.76
2008-01-09 05:00:00,Night_Idle_Waste,Low,"Idle consumption 0.82kW at 5h. Check standby: router, fridge, Sub_metering_3.",0.516,hour in 1-5 & kW>0.8
2008-01-09 18:00:00,Peak_Shift,Medium,High consumption 1.85kW at 18.0h (peak). Shift washing/dishwasher to 13-16h off-peak.,0.371,hour=18 & kW>1.47
2008-01-09 19:00:00,Peak_Shift,Medium,High consumption 2.41kW at 19.0h (peak). Shift washing/dishwasher to 13-16h off-peak.,0.482,hour=19 & kW>1.50
2008-01-09 20:00:00,Peak_Shift,Medium,High consumption 2.77kW at 20.0h (peak). Shift washing/dishwasher to 13-16h off-peak.,0.554,hour=20 & kW>1.53
2008-01-09 21:00:00,Peak_Shift,High,High consumption 3.14kW at 21.0h (peak). Shift washing/dishwasher to 13-16h off-peak.,0.628,hour=21 & kW>1.48
2008-01-10 05:00:00,Night_Idle_Waste,Low,"Idle consumption 0.98kW at 5h. Check standby: router, fridge, Sub_metering_3.",0.678,hour in 1-5 & kW>0.8
2008-01-10 19:00:00,Peak_Shift,Medium,High consumption 2.42kW at 19.0h (peak). Shift washing/dishwasher to 13-16h off-peak.,0.483,hour=19 & kW>1.61
2008-01-10 20:00:00,Peak_Shift,High,High consumption 3.28kW at 20.0h (peak). Shift washing/dishwasher to 13-16h off-peak.,0.657,hour=20 & kW>1.63
2008-01-10 21:00:00,Peak_Shift,Medium,High consumption 2.96kW at 21.0h (peak). Shift washing/dishwasher to 13-16h off-peak.,0.591,hour=21 & kW>1.62
2008-01-11 04:00:00,Night_Idle_Waste,Low,"Idle consumption 1.02kW at 4h. Check standby: router, fridge, Sub_metering_3.",0.725,hour in 1-5 & kW>0.8
2008-01-11 20:00:00,Peak_Shift,Medium,High consumption 1.77kW at 20.0h (peak). Shift washing/dishwasher to 13-16h off-peak.,0.353,hour=20 & kW>1.31
2008-01-12 18:00:00,Peak_Shift,High,High consumption 5.20kW at 18.0h (peak). Shift washing/dishwasher to 13-16h off-peak.,1.039,hour=18 & kW>1.93
2008-01-12 19:00:00,Peak_Shift,High,High consumption 3.66kW at 19.0h (peak). Shift washing/dishwasher to 13-16h off-peak.,0.733,hour=19 & kW>2.04
2008-01-12 20:00:00,Peak_Shift,High,High consumption 3.44kW at 20.0h (peak). Shift washing/dishwasher to 13-16h off-peak.,0.687,hour=20 & kW>2.12
2008-01-12 21:00:00,Peak_Shift,High,High consumption 3.22kW at 21.0h (peak). Shift washing/dishwasher to 13-16h off-peak.,0.643,hour=21 & kW>2.21
2008-01-13 01:00:00,Night_Idle_Waste,Low,"Idle consumption 3.75kW at 1h. Check standby: router, fridge, Sub_metering_3.",3.447,hour in 1-5 & kW>0.8
2008-01-13 02:00:00,Night_Idle_Waste,Low,"Idle consumption 3.13kW at 2h. Check standby: router, fridge, Sub_metering_3.",2.827,hour in 1-5 & kW>0.8
2008-01-13 03:00:00,Night_Idle_Waste,Low,"Idle consumption 2.44kW at 3h. Check standby: router, fridge, Sub_metering_3.",2.144,hour in 1-5 & kW>0.8
2008-01-13 04:00:00,Night_Idle_Waste,Low,"Idle consumption 2.06kW at 4h. Check standby: router, fridge, Sub_metering_3.",1.756,hour in 1-5 & kW>0.8
2008-01-13 05:00:00,Night_Idle_Waste,Low,"Idle consumption 1.35kW at 5h. Check standby: router, fridge, Sub_metering_3.",1.05,hour in 1-5 & kW>0.8
2008-01-13 18:00:00,Peak_Shift,High,High consumption 4.12kW at 18.0h (peak). Shift washing/dishwasher to 13-16h off-peak.,0.824,hour=18 & kW>2.86
2008-01-13 19:00:00,Peak_Shift,High,High consumption 3.80kW at 19.0h (peak). Shift washing/dishwasher to 13-16h off-peak.,0.761,hour=19 & kW>2.86
2008-01-13 20:00:00,Peak_Shift,Medium,High consumption 2.92kW at 20.0h (peak). Shift washing/dishwasher to 13-16h off-peak.,0.584,hour=20 & kW>2.84
2008-01-14 19:00:00,Peak_Shift,High,High consumption 3.01kW at 19.0h (peak). Shift washing/dishwasher to 13-16h off-peak.,0.602,hour=19 & kW>1.40
2008-01-14 20:00:00,Peak_Shift,High,High consumption 5.14kW at 20.0h (peak). Shift washing/dishwasher to 13-16h off-peak.,1.027,hour=20 & kW>1.52
2008-01-14 21:00:00,Peak_Shift,High,High consumption 4.75kW at 21.0h (peak). Shift washing/dishwasher to 13-16h off-peak.,0.949,hour=21 & kW>1.64
2008-01-15 18:00:00,Peak_Shift,Medium,High consumption 2.62kW at 18.0h (peak). Shift washing/dishwasher to 13-16h off-peak.,0.524,hour=18 & kW>2.50
2008-01-15 21:00:00,Peak_Shift,Medium,High consumption 2.53kW at 21.0h (peak). Shift washing/dishwasher to 13-16h off-peak.,0.505,hour=21 & kW>2.15
2008-01-16 19:00:00,Peak_Shift,Medium,High consumption 1.99kW at 19.0h (peak). Shift washing/dishwasher to 13-16h off-peak.,0.399,hour=19 & kW>1.77
2008-01-16 20:00:00,Peak_Shift,Medium,High consumption 2.51kW at 20.0h (peak). Shift washing/dishwasher to 13-16h off-peak.,0.502,hour=20 & kW>1.81
2008-01-16 21:00:00,Peak_Shift,Medium,High consumption 2.99kW at 21.0h (peak). Shift washing/dishwasher to 13-16h off-peak.,0.599,hour=21 & kW>1.84
2008-01-17 19:00:00,Peak_Shift,Medium,High consumption 2.22kW at 19.0h (peak). Shift washing/dishwasher to 13-16h off-peak.,0.444,hour=19 & kW>1.44
2008-01-17 20:00:00,Peak_Shift,Medium,High consumption 2.77kW at 20.0h (peak). Shift washing/dishwasher to 13-16h off-peak.,0.554,hour=20 & kW>1.45
2008-01-18 04:00:00,Night_Idle_Waste,Low,"Idle consumption 1.07kW at 4h. Check standby: router, fridge, Sub_metering_3.",0.771,hour in 1-5 & kW>0.8
2008-01-18 18:00:00,Peak_Shift,Medium,High consumption 2.48kW at 18.0h (peak). Shift washing/dishwasher to 13-16h off-peak.,0.497,hour=18 & kW>1.68
2008-01-18 19:00:00,Peak_Shift,High,High consumption 3.54kW at 19.0h (peak). Shift washing/dishwasher to 13-16h off-peak.,0.708,hour=19 & kW>1.75
2008-01-18 20:00:00,Peak_Shift,Medium,High consumption 1.87kW at 20.0h (peak). Shift washing/dishwasher to 13-16h off-peak.,0.374,hour=20 & kW>1.70
2008-01-18 21:00:00,Peak_Shift,Medium,High consumption 1.87kW at 21.0h (peak). Shift washing/dishwasher to 13-16h off-peak.,0.374,hour=21 & kW>1.73
2008-01-19 18:00:00,Peak_Shift,Medium,High consumption 2.58kW at 18.0h (peak). Shift washing/dishwasher to 13-16h off-peak.,0.516,hour=18 & kW>1.75
2008-01-19 19:00:00,Peak_Shift,Medium,High consumption 2.87kW at 19.0h (peak). Shift washing/dishwasher to 13-16h off-peak.,0.574,hour=19 & kW>1.72
2008-01-19 20:00:00,Peak_Shift,Medium,High consumption 2.63kW at 20.0h (peak). Shift washing/dishwasher to 13-16h off-peak.,0.526,hour=20 & kW>1.76
2008-01-20 05:00:00,Night_Idle_Waste,Low,"Idle consumption 0.89kW at 5h. Check standby: router, fridge, Sub_metering_3.",0.586,hour in 1-5 & kW>0.8
2008-01-20 18:00:00,Peak_Shift,Medium,High consumption 2.62kW at 18.0h (peak). Shift washing/dishwasher to 13-16h off-peak.,0.524,hour=18 & kW>1.40
2008-01-20 19:00:00,Peak_Shift,Medium,High consumption 2.28kW at 19.0h (peak). Shift washing/dishwasher to 13-16h off-peak.,0.456,hour=19 & kW>1.37
2008-01-20 20:00:00,Peak_Shift,High,High consumption 3.10kW at 20.0h (peak). Shift washing/dishwasher to 13-16h off-peak.,0.62,hour=20 & kW>1.40
2008-01-20 21:00:00,Peak_Shift,Medium,High consumption 2.18kW at 21.0h (peak). Shift washing/dishwasher to 13-16h off-peak.,0.437,hour=21 & kW>1.44
2008-01-21 03:00:00,Night_Idle_Waste,Low,"Idle consumption 0.97kW at 3h. Check standby: router, fridge, Sub_metering_3.",0.665,hour in 1-5 & kW>0.8
2008-01-21 19:00:00,Peak_Shift,Medium,High consumption 2.44kW at 19.0h (peak). Shift washing/dishwasher to 13-16h off-peak.,0.488,hour=19 & kW>1.50
2008-01-21 20:00:00,Peak_Shift,Medium,High consumption 2.77kW at 20.0h (peak). Shift washing/dishwasher to 13-16h off-peak.,0.554,hour=20 & kW>1.48
2008-01-21 21:00:00,Peak_Shift,High,High consumption 3.24kW at 21.0h (peak). Shift washing/dishwasher to 13-16h off-peak.,0.648,hour=21 & kW>1.54
2008-01-22 05:00:00,Night_Idle_Waste,Low,"Idle consumption 1.11kW at 5h. Check standby: router, fridge, Sub_metering_3.",0.808,hour in 1-5 & kW>0.8
2008-01-22 20:00:00,Peak_Shift,High,High consumption 3.62kW at 20.0h (peak). Shift washing/dishwasher to 13-16h off-peak.,0.723,hour=20 & kW>1.89
2008-01-22 21:00:00,Peak_Shift,High,High consumption 4.33kW at 21.0h (peak). Shift washing/dishwasher to 13-16h off-peak.,0.866,hour=21 & kW>1.94
2008-01-23 19:00:00,Peak_Shift,Medium,High consumption 1.99kW at 19.0h (peak). Shift washing/dishwasher to 13-16h off-peak.,0.397,hour=19 & kW>1.81
2008-01-23 20:00:00,Peak_Shift,Medium,High consumption 2.16kW at 20.0h (peak). Shift washing/dishwasher to 13-16h off-peak.,0.433,hour=20 & kW>1.73
2008-01-23 21:00:00,Peak_Shift,Medium,High consumption 2.26kW at 21.0h (peak). Shift washing/dishwasher to 13-16h off-peak.,0.451,hour=21 & kW>1.63
2008-01-24 05:00:00,Night_Idle_Waste,Low,"Idle consumption 0.82kW at 5h. Check standby: router, fridge, Sub_metering_3.",0.523,hour in 1-5 & kW>0.8
2008-01-24 18:00:00,Peak_Shift,Medium,High consumption 2.80kW at 18.0h (peak). Shift washing/dishwasher to 13-16h off-peak.,0.559,hour=18 & kW>1.18
2008-01-24 19:00:00,Peak_Shift,Medium,High consumption 2.30kW at 19.0h (peak). Shift washing/dishwasher to 13-16h off-peak.,0.459,hour=19 & kW>1.20
2008-01-24 20:00:00,Peak_Shift,High,High consumption 3.53kW at 20.0h (peak). Shift washing/dishwasher to 13-16h off-peak.,0.706,hour=20 & kW>1.27
2008-01-24 21:00:00,Peak_Shift,Medium,High consumption 2.29kW at 21.0h (peak). Shift washing/dishwasher to 13-16h off-peak.,0.459,hour=21 & kW>1.27
2008-01-25 01:00:00,Night_Idle_Waste,Low,"Idle consumption 1.24kW at 1h. Check standby: router, fridge, Sub_metering_3.",0.943,hour in 1-5 & kW>0.8
2008-01-25 04:00:00,Night_Idle_Waste,Low,"Idle consumption 1.03kW at 4h. Check standby: router, fridge, Sub_metering_3.",0.733,hour in 1-5 & kW>0.8
2008-01-25 19:00:00,Peak_Shift,Medium,High consumption 2.49kW at 19.0h (peak). Shift washing/dishwasher to 13-16h off-peak.,0.498,hour=19 & kW>1.91
2008-01-25 20:00:00,Peak_Shift,Medium,High consumption 2.06kW at 20.0h (peak). Shift washing/dishwasher to 13-16h off-peak.,0.412,hour=20 & kW>1.84
2008-01-26 18:00:00,Peak_Shift,High,High consumption 3.76kW at 18.0h (peak). Shift washing/dishwasher to 13-16h off-peak.,0.753,hour=18 & kW>1.86
2008-01-26 19:00:00,Peak_Shift,High,High consumption 6.01kW at 19.0h (peak). Shift washing/dishwasher to 13-16h off-peak.,1.203,hour=19 & kW>2.04
2008-01-26 20:00:00,Peak_Shift,High,High consumption 4.45kW at 20.0h (peak). Shift washing/dishwasher to 13-16h off-peak.,0.891,hour=20 & kW>2.16
2008-01-26 21:00:00,Peak_Shift,High,High consumption 3.35kW at 21.0h (peak). Shift washing/dishwasher to 13-16h off-peak.,0.671,hour=21 & kW>2.23
2008-01-27 01:00:00,Night_Idle_Waste,Low,"Idle consumption 0.83kW at 1h. Check standby: router, fridge, Sub_metering_3.",0.533,hour in 1-5 & kW>0.8
2008-01-27 18:00:00,Peak_Shift,High,High consumption 3.53kW at 18.0h (peak). Shift washing/dishwasher to 13-16h off-peak.,0.706,hour=18 & kW>2.27
2008-01-27 19:00:00,Peak_Shift,High,High consumption 4.75kW at 19.0h (peak). Shift washing/dishwasher to 13-16h off-peak.,0.951,hour=19 & kW>2.20
2008-01-27 20:00:00,Peak_Shift,High,High consumption 3.85kW at 20.0h (peak). Shift washing/dishwasher to 13-16h off-peak.,0.77,hour=20 & kW>2.17
2008-01-27 21:00:00,Peak_Shift,High,High consumption 3.47kW at 21.0h (peak). Shift washing/dishwasher to 13-16h off-peak.,0.694,hour=21 & kW>2.18
2008-01-28 01:00:00,Night_Idle_Waste,Low,"Idle consumption 0.95kW at 1h. Check standby: router, fridge, Sub_metering_3.",0.651,hour in 1-5 & kW>0.8
2008-01-28 02:00:00,Night_Idle_Waste,Low,"Idle consumption 0.95kW at 2h. Check standby: router, fridge, Sub_metering_3.",0.651,hour in 1-5 & kW>0.8
2008-01-28 03:00:00,Night_Idle_Waste,Low,"Idle consumption 0.89kW at 3h. Check standby: router, fridge, Sub_metering_3.",0.589,hour in 1-5 & kW>0.8
2008-01-28 19:00:00,Peak_Shift,Medium,High consumption 2.54kW at 19.0h (peak). Shift washing/dishwasher to 13-16h off-peak.,0.509,hour=19 & kW>1.95
2008-01-28 20:00:00,Peak_Shift,Medium,High consumption 2.85kW at 20.0h (peak). Shift washing/dishwasher to 13-16h off-peak.,0.57,hour=20 & kW>1.90
2008-01-28 21:00:00,Peak_Shift,Medium,High consumption 1.87kW at 21.0h (peak). Shift washing/dishwasher to 13-16h off-peak.,0.374,hour=21 & kW>1.82
2008-01-29 01:00:00,Night_Idle_Waste,Low,"Idle consumption 0.96kW at 1h. Check standby: router, fridge, Sub_metering_3.",0.658,hour in 1-5 & kW>0.8
2008-01-29 02:00:00,Night_Idle_Waste,Low,"Idle consumption 1.01kW at 2h. Check standby: router, fridge, Sub_metering_3.",0.708,hour in 1-5 & kW>0.8
2008-01-29 05:00:00,Night_Idle_Waste,Low,"Idle consumption 1.78kW at 5h. Check standby: router, fridge, Sub_metering_3.",1.481,hour in 1-5 & kW>0.8
2008-01-29 21:00:00,Peak_Shift,Medium,High consumption 2.72kW at 21.0h (peak). Shift washing/dishwasher to 13-16h off-peak.,0.544,hour=21 & kW>2.23
2008-01-30 01:00:00,Night_Idle_Waste,Low,"Idle consumption 1.18kW at 1h. Check standby: router, fridge, Sub_metering_3.",0.876,hour in 1-5 & kW>0.8
2008-01-30 02:00:00,Night_Idle_Waste,Low,"Idle consumption 2.70kW at 2h. Check standby: router, fridge, Sub_metering_3.",2.405,hour in 1-5 & kW>0.8
2008-01-30 03:00:00,Night_Idle_Waste,Low,"Idle consumption 1.13kW at 3h. Check standby: router, fridge, Sub_metering_3.",0.826,hour in 1-5 & kW>0.8
2008-01-30 18:00:00,Peak_Shift,Medium,High consumption 1.71kW at 18.0h (peak). Shift washing/dishwasher to 13-16h off-peak.,0.342,hour=18 & kW>1.62
2008-01-30 19:00:00,Peak_Shift,Medium,High consumption 2.56kW at 19.0h (peak). Shift washing/dishwasher to 13-16h off-peak.,0.512,hour=19 & kW>1.67
2008-01-31 18:00:00,Peak_Shift,Medium,High consumption 2.02kW at 18.0h (peak). Shift washing/dishwasher to 13-16h off-peak.,0.404,hour=18 & kW>1.13
2008-01-31 19:00:00,Peak_Shift,Medium,High consumption 1.87kW at 19.0h (peak). Shift washing/dishwasher to 13-16h off-peak.,0.374,hour=19 & kW>1.10
2008-01-31 20:00:00,Peak_Shift,High,High consumption 3.81kW at 20.0h (peak). Shift washing/dishwasher to 13-16h off-peak.,0.761,hour=20 & kW>1.27
2008-01-31 21:00:00,Peak_Shift,High,High consumption 3.93kW at 21.0h (peak). Shift washing/dishwasher to 13-16h off-peak.,0.786,hour=21 & kW>1.44
2008-02-01 01:00:00,Night_Idle_Waste,Low,"Idle consumption 1.02kW at 1h. Check standby: router, fridge, Sub_metering_3.",0.722,hour in 1-5 & kW>0.8
2008-02-02 01:00:00,Night_Idle_Waste,Low,"Idle consumption 0.83kW at 1h. Check standby: router, fridge, Sub_metering_3.",0.533,hour in 1-5 & kW>0.8
2008-02-02 18:00:00,Peak_Shift,Medium,High consumption 2.79kW at 18.0h (peak). Shift washing/dishwasher to 13-16h off-peak.,0.557,hour=18 & kW>1.60
2008-02-02 19:00:00,Peak_Shift,High,High consumption 6.50kW at 19.0h (peak). Shift washing/dishwasher to 13-16h off-peak.,1.299,hour=19 & kW>1.87
2008-02-02 20:00:00,Peak_Shift,High,High consumption 4.69kW at 20.0h (peak). Shift washing/dishwasher to 13-16h off-peak.,0.938,hour=20 & kW>2.09
2008-02-02 21:00:00,Peak_Shift,High,High consumption 3.39kW at 21.0h (peak). Shift washing/dishwasher to 13-16h off-peak.,0.678,hour=21 & kW>2.21
2008-02-03 01:00:00,Night_Idle_Waste,Low,"Idle consumption 1.76kW at 1h. Check standby: router, fridge, Sub_metering_3.",1.462,hour in 1-5 & kW>0.8
2008-02-03 02:00:00,Night_Idle_Waste,Low,"Idle consumption 1.59kW at 2h. Check standby: router, fridge, Sub_metering_3.",1.294,hour in 1-5 & kW>0.8
2008-02-03 19:00:00,Peak_Shift,Medium,High consumption 2.54kW at 19.0h (peak). Shift washing/dishwasher to 13-16h off-peak.,0.507,hour=19 & kW>2.15
2008-02-03 20:00:00,Peak_Shift,Medium,High consumption 2.98kW at 20.0h (peak). Shift washing/dishwasher to 13-16h off-peak.,0.596,hour=20 & kW>2.06
2008-02-03 21:00:00,Peak_Shift,High,High consumption 3.21kW at 21.0h (peak). Shift washing/dishwasher to 13-16h off-peak.,0.641,hour=21 & kW>2.05
2008-02-04 04:00:00,Night_Idle_Waste,Low,"Idle consumption 0.83kW at 4h. Check standby: router, fridge, Sub_metering_3.",0.532,hour in 1-5 & kW>0.8
2008-02-04 19:00:00,Peak_Shift,Medium,High consumption 2.73kW at 19.0h (peak). Shift washing/dishwasher to 13-16h off-peak.,0.545,hour=19 & kW>1.46
2008-02-04 20:00:00,Peak_Shift,Medium,High consumption 2.13kW at 20.0h (peak). Shift washing/dishwasher to 13-16h off-peak.,0.425,hour=20 & kW>1.41
2008-02-04 21:00:00,Peak_Shift,Medium,High consumption 2.57kW at 21.0h (peak). Shift washing/dishwasher to 13-16h off-peak.,0.515,hour=21 & kW>1.38
2008-02-05 18:00:00,Peak_Shift,Medium,High consumption 2.90kW at 18.0h (peak). Shift washing/dishwasher to 13-16h off-peak.,0.579,hour=18 & kW>1.95
2008-02-05 19:00:00,Peak_Shift,Medium,High consumption 2.91kW at 19.0h (peak). Shift washing/dishwasher to 13-16h off-peak.,0.582,hour=19 & kW>1.96
2008-02-05 20:00:00,Peak_Shift,High,High consumption 3.82kW at 20.0h (peak). Shift washing/dishwasher to 13-16h off-peak.,0.764,hour=20 & kW>2.04
2008-02-05 21:00:00,Peak_Shift,Medium,High consumption 2.16kW at 21.0h (peak). Shift washing/dishwasher to 13-16h off-peak.,0.432,hour=21 & kW>2.02
2008-02-06 19:00:00,Peak_Shift,Medium,High consumption 2.71kW at 19.0h (peak). Shift washing/dishwasher to 13-16h off-peak.,0.543,hour=19 & kW>1.32
2008-02-06 20:00:00,Peak_Shift,High,High consumption 3.62kW at 20.0h (peak). Shift washing/dishwasher to 13-16h off-peak.,0.723,hour=20 & kW>1.31
2008-02-06 21:00:00,Peak_Shift,High,High consumption 3.45kW at 21.0h (peak). Shift washing/dishwasher to 13-16h off-peak.,0.691,hour=21 & kW>1.38
2008-02-07 19:00:00,Peak_Shift,Medium,High consumption 1.51kW at 19.0h (peak). Shift washing/dishwasher to 13-16h off-peak.,0.302,hour=19 & kW>1.27
2008-02-07 20:00:00,Peak_Shift,High,High consumption 3.49kW at 20.0h (peak). Shift washing/dishwasher to 13-16h off-peak.,0.697,hour=20 & kW>1.26
2008-02-07 21:00:00,Peak_Shift,Medium,High consumption 2.99kW at 21.0h (peak). Shift washing/dishwasher to 13-16h off-peak.,0.598,hour=21 & kW>1.24
2008-02-09 19:00:00,Peak_Shift,Medium,High consumption 2.00kW at 19.0h (peak). Shift washing/dishwasher to 13-16h off-peak.,0.4,hour=19 & kW>1.57
2008-02-09 20:00:00,Peak_Shift,High,High consumption 3.92kW at 20.0h (peak). Shift washing/dishwasher to 13-16h off-peak.,0.784,hour=20 & kW>1.71
2008-02-09 21:00:00,Peak_Shift,High,High consumption 3.88kW at 21.0h (peak). Shift washing/dishwasher to 13-16h off-peak.,0.775,hour=21 & kW>1.84
2008-02-10 04:00:00,Night_Idle_Waste,Low,"Idle consumption 0.80kW at 4h. Check standby: router, fridge, Sub_metering_3.",0.504,hour in 1-5 & kW>0.8
2008-02-10 18:00:00,Peak_Shift,High,High consumption 3.97kW at 18.0h (peak). Shift washing/dishwasher to 13-16h off-peak.,0.793,hour=18 & kW>1.75
2008-02-10 19:00:00,Peak_Shift,High,High consumption 4.24kW at 19.0h (peak). Shift washing/dishwasher to 13-16h off-peak.,0.849,hour=19 & kW>1.86
2008-02-10 20:00:00,Peak_Shift,High,High consumption 3.93kW at 20.0h (peak). Shift washing/dishwasher to 13-16h off-peak.,0.786,hour=20 & kW>1.86
2008-02-10 21:00:00,Peak_Shift,Medium,High consumption 2.48kW at 21.0h (peak). Shift washing/dishwasher to 13-16h off-peak.,0.496,hour=21 & kW>1.79
2008-02-11 18:00:00,Peak_Shift,Medium,High consumption 2.00kW at 18.0h (peak). Shift washing/dishwasher to 13-16h off-peak.,0.4,hour=18 & kW>1.61
2008-02-11 19:00:00,Peak_Shift,High,High consumption 3.09kW at 19.0h (peak). Shift washing/dishwasher to 13-16h off-peak.,0.618,hour=19 & kW>1.55
2008-02-11 20:00:00,Peak_Shift,High,High consumption 3.06kW at 20.0h (peak). Shift washing/dishwasher to 13-16h off-peak.,0.612,hour=20 & kW>1.51
2008-02-11 21:00:00,Peak_Shift,Medium,High consumption 2.33kW at 21.0h (peak). Shift washing/dishwasher to 13-16h off-peak.,0.466,hour=21 & kW>1.50
2008-02-12 03:00:00,Night_Idle_Waste,Low,"Idle consumption 0.93kW at 3h. Check standby: router, fridge, Sub_metering_3.",0.631,hour in 1-5 & kW>0.8
2008-02-12 21:00:00,Peak_Shift,Medium,High consumption 1.81kW at 21.0h (peak). Shift washing/dishwasher to 13-16h off-peak.,0.363,hour=21 & kW>1.69
2008-02-13 18:00:00,Peak_Shift,Medium,High consumption 2.45kW at 18.0h (peak). Shift washing/dishwasher to 13-16h off-peak.,0.49,hour=18 & kW>1.29
2008-02-13 19:00:00,Peak_Shift,High,High consumption 3.08kW at 19.0h (peak). Shift washing/dishwasher to 13-16h off-peak.,0.617,hour=19 & kW>1.41
2008-02-13 20:00:00,Peak_Shift,Medium,High consumption 2.63kW at 20.0h (peak). Shift washing/dishwasher to 13-16h off-peak.,0.525,hour=20 & kW>1.45
2008-02-13 21:00:00,Peak_Shift,High,High consumption 3.32kW at 21.0h (peak). Shift washing/dishwasher to 13-16h off-peak.,0.663,hour=21 & kW>1.53
2008-02-14 19:00:00,Peak_Shift,Medium,High consumption 1.71kW at 19.0h (peak). Shift washing/dishwasher to 13-16h off-peak.,0.341,hour=19 & kW>1.44
2008-02-14 20:00:00,Peak_Shift,Medium,High consumption 2.34kW at 20.0h (peak). Shift washing/dishwasher to 13-16h off-peak.,0.468,hour=20 & kW>1.42
2008-02-14 21:00:00,Peak_Shift,Medium,High consumption 1.82kW at 21.0h (peak). Shift washing/dishwasher to 13-16h off-peak.,0.365,hour=21 & kW>1.35
2008-02-15 21:00:00,Peak_Shift,High,High consumption 3.87kW at 21.0h (peak). Shift washing/dishwasher to 13-16h off-peak.,0.773,hour=21 & kW>1.60
2008-02-16 04:00:00,Night_Idle_Waste,Low,"Idle consumption 0.92kW at 4h. Check standby: router, fridge, Sub_metering_3.",0.625,hour in 1-5 & kW>0.8
2008-02-16 18:00:00,Peak_Shift,High,High consumption 3.42kW at 18.0h (peak). Shift washing/dishwasher to 13-16h off-peak.,0.685,hour=18 & kW>1.66
2008-02-16 19:00:00,Peak_Shift,High,High consumption 3.33kW at 19.0h (peak). Shift washing/dishwasher to 13-16h off-peak.,0.666,hour=19 & kW>1.76
2008-02-16 20:00:00,Peak_Shift,High,High consumption 3.87kW at 20.0h (peak). Shift washing/dishwasher to 13-16h off-peak.,0.775,hour=20 & kW>1.91
2008-02-16 21:00:00,Peak_Shift,High,High consumption 3.41kW at 21.0h (peak). Shift washing/dishwasher to 13-16h off-peak.,0.683,hour=21 & kW>1.89
2008-02-17 18:00:00,Peak_Shift,Medium,High consumption 1.84kW at 18.0h (peak). Shift washing/dishwasher to 13-16h off-peak.,0.367,hour=18 & kW>1.83
2008-02-17 19:00:00,Peak_Shift,Medium,High consumption 2.24kW at 19.0h (peak). Shift washing/dishwasher to 13-16h off-peak.,0.448,hour=19 & kW>1.78
2008-02-17 20:00:00,Peak_Shift,High,High consumption 3.82kW at 20.0h (peak). Shift washing/dishwasher to 13-16h off-peak.,0.764,hour=20 & kW>1.78
2008-02-17 21:00:00,Peak_Shift,High,High consumption 3.08kW at 21.0h (peak). Shift washing/dishwasher to 13-16h off-peak.,0.616,hour=21 & kW>1.76
2008-02-18 19:00:00,Peak_Shift,Medium,High consumption 1.66kW at 19.0h (peak). Shift washing/dishwasher to 13-16h off-peak.,0.332,hour=19 & kW>1.34
2008-02-18 20:00:00,Peak_Shift,Medium,High consumption 2.58kW at 20.0h (peak). Shift washing/dishwasher to 13-16h off-peak.,0.515,hour=20 & kW>1.28
2008-02-18 21:00:00,Peak_Shift,High,High consumption 3.04kW at 21.0h (peak). Shift washing/dishwasher to 13-16h off-peak.,0.608,hour=21 & kW>1.27
2008-02-19 04:00:00,Night_Idle_Waste,Low,"Idle consumption 0.88kW at 4h. Check standby: router, fridge, Sub_metering_3.",0.583,hour in 1-5 & kW>0.8
2008-02-19 19:00:00,Peak_Shift,Medium,High consumption 1.92kW at 19.0h (peak). Shift washing/dishwasher to 13-16h off-peak.,0.385,hour=19 & kW>1.82
2008-02-19 20:00:00,Peak_Shift,Medium,High consumption 2.08kW at 20.0h (peak). Shift washing/dishwasher to 13-16h off-peak.,0.416,hour=20 & kW>1.80
2008-02-19 21:00:00,Peak_Shift,Medium,High consumption 2.81kW at 21.0h (peak). Shift washing/dishwasher to 13-16h off-peak.,0.562,hour=21 & kW>1.78
2008-02-20 05:00:00,Night_Idle_Waste,Low,"Idle consumption 1.01kW at 5h. Check standby: router, fridge, Sub_metering_3.",0.71,hour in 1-5 & kW>0.8
2008-02-20 18:00:00,Peak_Shift,High,High consumption 3.16kW at 18.0h (peak). Shift washing/dishwasher to 13-16h off-peak.,0.632,hour=18 & kW>1.50
2008-02-20 19:00:00,Peak_Shift,High,High consumption 4.71kW at 19.0h (peak). Shift washing/dishwasher to 13-16h off-peak.,0.942,hour=19 & kW>1.64
2008-02-20 20:00:00,Peak_Shift,High,High consumption 4.33kW at 20.0h (peak). Shift washing/dishwasher to 13-16h off-peak.,0.866,hour=20 & kW>1.75
2008-02-20 21:00:00,Peak_Shift,Medium,High consumption 2.55kW at 21.0h (peak). Shift washing/dishwasher to 13-16h off-peak.,0.51,hour=21 & kW>1.74
2008-02-21 18:00:00,Peak_Shift,Medium,High consumption 1.73kW at 18.0h (peak). Shift washing/dishwasher to 13-16h off-peak.,0.346,hour=18 & kW>1.67
2008-02-21 19:00:00,Peak_Shift,Medium,High consumption 2.31kW at 19.0h (peak). Shift washing/dishwasher to 13-16h off-peak.,0.462,hour=19 & kW>1.55
2008-02-21 20:00:00,Peak_Shift,Medium,High consumption 2.79kW at 20.0h (peak). Shift washing/dishwasher to 13-16h off-peak.,0.558,hour=20 & kW>1.47
2008-02-21 21:00:00,Peak_Shift,Medium,High consumption 2.20kW at 21.0h (peak). Shift washing/dishwasher to 13-16h off-peak.,0.441,hour=21 & kW>1.45
2008-02-22 20:00:00,Peak_Shift,Medium,High consumption 2.18kW at 20.0h (peak). Shift washing/dishwasher to 13-16h off-peak.,0.435,hour=20 & kW>1.49
2008-02-22 21:00:00,Peak_Shift,Medium,High consumption 2.32kW at 21.0h (peak). Shift washing/dishwasher to 13-16h off-peak.,0.464,hour=21 & kW>1.50
2008-02-23 18:00:00,Peak_Shift,High,High consumption 3.19kW at 18.0h (peak). Shift washing/dishwasher to 13-16h off-peak.,0.637,hour=18 & kW>1.28
2008-02-23 19:00:00,Peak_Shift,High,High consumption 3.95kW at 19.0h (peak). Shift washing/dishwasher to 13-16h off-peak.,0.79,hour=19 & kW>1.43
2008-02-23 20:00:00,Peak_Shift,Medium,High consumption 2.56kW at 20.0h (peak). Shift washing/dishwasher to 13-16h off-peak.,0.512,hour=20 & kW>1.45
2008-02-23 21:00:00,Peak_Shift,Medium,High consumption 1.87kW at 21.0h (peak). Shift washing/dishwasher to 13-16h off-peak.,0.375,hour=21 & kW>1.43
2008-02-24 01:00:00,Night_Idle_Waste,Low,"Idle consumption 1.38kW at 1h. Check standby: router, fridge, Sub_metering_3.",1.081,hour in 1-5 & kW>0.8
2008-02-24 02:00:00,Night_Idle_Waste,Low,"Idle consumption 1.37kW at 2h. Check standby: router, fridge, Sub_metering_3.",1.074,hour in 1-5 & kW>0.8
2008-02-24 03:00:00,Night_Idle_Waste,Low,"Idle consumption 1.36kW at 3h. Check standby: router, fridge, Sub_metering_3.",1.06,hour in 1-5 & kW>0.8
2008-02-24 04:00:00,Night_Idle_Waste,Low,"Idle consumption 1.39kW at 4h. Check standby: router, fridge, Sub_metering_3.",1.087,hour in 1-5 & kW>0.8
2008-02-24 05:00:00,Night_Idle_Waste,Low,"Idle consumption 1.37kW at 5h. Check standby: router, fridge, Sub_metering_3.",1.068,hour in 1-5 & kW>0.8
2008-02-25 05:00:00,Night_Idle_Waste,Low,"Idle consumption 1.00kW at 5h. Check standby: router, fridge, Sub_metering_3.",0.702,hour in 1-5 & kW>0.8
2008-02-26 03:00:00,Night_Idle_Waste,Low,"Idle consumption 0.89kW at 3h. Check standby: router, fridge, Sub_metering_3.",0.592,hour in 1-5 & kW>0.8
2008-03-01 02:00:00,Night_Idle_Waste,Low,"Idle consumption 1.08kW at 2h. Check standby: router, fridge, Sub_metering_3.",0.776,hour in 1-5 & kW>0.8
2008-03-01 03:00:00,Night_Idle_Waste,Low,"Idle consumption 1.00kW at 3h. Check standby: router, fridge, Sub_metering_3.",0.703,hour in 1-5 & kW>0.8
2008-03-01 20:00:00,Peak_Shift,Medium,High consumption 2.30kW at 20.0h (peak). Shift washing/dishwasher to 13-16h off-peak.,0.461,hour=20 & kW>0.89
2008-03-03 05:00:00,Night_Idle_Waste,Low,"Idle consumption 1.43kW at 5h. Check standby: router, fridge, Sub_metering_3.",1.129,hour in 1-5 & kW>0.8
2008-03-04 02:00:00,Night_Idle_Waste,Low,"Idle consumption 1.48kW at 2h. Check standby: router, fridge, Sub_metering_3.",1.182,hour in 1-5 & kW>0.8
2008-03-04 18:00:00,Peak_Shift,Medium,High consumption 1.54kW at 18.0h (peak). Shift washing/dishwasher to 13-16h off-peak.,0.308,hour=18 & kW>1.27
2008-03-05 18:00:00,Peak_Shift,High,High consumption 3.40kW at 18.0h (peak). Shift washing/dishwasher to 13-16h off-peak.,0.68,hour=18 & kW>1.18
2008-03-05 19:00:00,Peak_Shift,Medium,High consumption 2.55kW at 19.0h (peak). Shift washing/dishwasher to 13-16h off-peak.,0.509,hour=19 & kW>1.24
2008-03-05 20:00:00,Peak_Shift,Medium,High consumption 2.06kW at 20.0h (peak). Shift washing/dishwasher to 13-16h off-peak.,0.412,hour=20 & kW>1.28
2008-03-05 21:00:00,Peak_Shift,High,High consumption 4.65kW at 21.0h (peak). Shift washing/dishwasher to 13-16h off-peak.,0.93,hour=21 & kW>1.44
2008-03-06 01:00:00,Night_Idle_Waste,Low,"Idle consumption 1.56kW at 1h. Check standby: router, fridge, Sub_metering_3.",1.261,hour in 1-5 & kW>0.8
2008-03-06 02:00:00,Night_Idle_Waste,Low,"Idle consumption 1.36kW at 2h. Check standby: router, fridge, Sub_metering_3.",1.057,hour in 1-5 & kW>0.8
2008-03-06 03:00:00,Night_Idle_Waste,Low,"Idle consumption 1.36kW at 3h. Check standby: router, fridge, Sub_metering_3.",1.06,hour in 1-5 & kW>0.8
2008-03-06 04:00:00,Night_Idle_Waste,Low,"Idle consumption 1.38kW at 4h. Check standby: router, fridge, Sub_metering_3.",1.085,hour in 1-5 & kW>0.8
2008-03-06 05:00:00,Night_Idle_Waste,Low,"Idle consumption 1.35kW at 5h. Check standby: router, fridge, Sub_metering_3.",1.047,hour in 1-5 & kW>0.8
2008-03-06 20:00:00,Peak_Shift,Medium,High consumption 2.64kW at 20.0h (peak). Shift washing/dishwasher to 13-16h off-peak.,0.527,hour=20 & kW>2.39
2008-03-06 21:00:00,Peak_Shift,High,High consumption 3.20kW at 21.0h (peak). Shift washing/dishwasher to 13-16h off-peak.,0.641,hour=21 & kW>2.32
2008-03-07 05:00:00,Night_Idle_Waste,Low,"Idle consumption 0.89kW at 5h. Check standby: router, fridge, Sub_metering_3.",0.593,hour in 1-5 & kW>0.8
2008-03-07 20:00:00,Peak_Shift,Medium,High consumption 2.10kW at 20.0h (peak). Shift washing/dishwasher to 13-16h off-peak.,0.419,hour=20 & kW>1.44
2008-03-07 21:00:00,Peak_Shift,High,High consumption 3.18kW at 21.0h (peak). Shift washing/dishwasher to 13-16h off-peak.,0.635,hour=21 & kW>1.44
2008-03-08 18:00:00,Peak_Shift,Medium,High consumption 2.83kW at 18.0h (peak). Shift washing/dishwasher to 13-16h off-peak.,0.565,hour=18 & kW>1.64
2008-03-08 19:00:00,Peak_Shift,High,High consumption 4.42kW at 19.0h (peak). Shift washing/dishwasher to 13-16h off-peak.,0.884,hour=19 & kW>1.80
2008-03-08 20:00:00,Peak_Shift,High,High consumption 3.78kW at 20.0h (peak). Shift washing/dishwasher to 13-16h off-peak.,0.756,hour=20 & kW>1.88
2008-03-08 21:00:00,Peak_Shift,Medium,High consumption 2.15kW at 21.0h (peak). Shift washing/dishwasher to 13-16h off-peak.,0.43,hour=21 & kW>1.83
2008-03-09 01:00:00,Night_Idle_Waste,Low,"Idle consumption 2.01kW at 1h. Check standby: router, fridge, Sub_metering_3.",1.707,hour in 1-5 & kW>0.8
2008-03-09 02:00:00,Night_Idle_Waste,Low,"Idle consumption 0.88kW at 2h. Check standby: router, fridge, Sub_metering_3.",0.577,hour in 1-5 & kW>0.8
2008-03-09 19:00:00,Peak_Shift,Medium,High consumption 1.86kW at 19.0h (peak). Shift washing/dishwasher to 13-16h off-peak.,0.372,hour=19 & kW>1.46
2008-03-09 20:00:00,Peak_Shift,High,High consumption 3.92kW at 20.0h (peak). Shift washing/dishwasher to 13-16h off-peak.,0.784,hour=20 & kW>1.47
2008-03-09 21:00:00,Peak_Shift,Medium,High consumption 2.50kW at 21.0h (peak). Shift washing/dishwasher to 13-16h off-peak.,0.501,hour=21 & kW>1.48
2008-03-10 19:00:00,Peak_Shift,Medium,High consumption 1.85kW at 19.0h (peak). Shift washing/dishwasher to 13-16h off-peak.,0.371,hour=19 & kW>1.36
2008-03-10 20:00:00,Peak_Shift,Medium,High consumption 2.60kW at 20.0h (peak). Shift washing/dishwasher to 13-16h off-peak.,0.519,hour=20 & kW>1.29
2008-03-10 21:00:00,Peak_Shift,Medium,High consumption 2.42kW at 21.0h (peak). Shift washing/dishwasher to 13-16h off-peak.,0.485,hour=21 & kW>1.29
2008-03-11 01:00:00,Night_Idle_Waste,Low,"Idle consumption 1.05kW at 1h. Check standby: router, fridge, Sub_metering_3.",0.751,hour in 1-5 & kW>0.8
2008-03-11 18:00:00,Peak_Shift,High,High consumption 3.18kW at 18.0h (peak). Shift washing/dishwasher to 13-16h off-peak.,0.637,hour=18 & kW>1.70
2008-03-11 19:00:00,Peak_Shift,Medium,High consumption 2.90kW at 19.0h (peak). Shift washing/dishwasher to 13-16h off-peak.,0.581,hour=19 & kW>1.75
2008-03-11 20:00:00,Peak_Shift,Medium,High consumption 2.44kW at 20.0h (peak). Shift washing/dishwasher to 13-16h off-peak.,0.487,hour=20 & kW>1.75
2008-03-11 21:00:00,Peak_Shift,Medium,High consumption 2.22kW at 21.0h (peak). Shift washing/dishwasher to 13-16h off-peak.,0.445,hour=21 & kW>1.74
2008-03-12 01:00:00,Night_Idle_Waste,Low,"Idle consumption 1.35kW at 1h. Check standby: router, fridge, Sub_metering_3.",1.054,hour in 1-5 & kW>0.8
2008-03-12 02:00:00,Night_Idle_Waste,Low,"Idle consumption 1.36kW at 2h. Check standby: router, fridge, Sub_metering_3.",1.056,hour in 1-5 & kW>0.8
2008-03-12 03:00:00,Night_Idle_Waste,Low,"Idle consumption 1.39kW at 3h. Check standby: router, fridge, Sub_metering_3.",1.086,hour in 1-5 & kW>0.8
2008-03-12 19:00:00,Peak_Shift,Medium,High consumption 2.88kW at 19.0h (peak). Shift washing/dishwasher to 13-16h off-peak.,0.575,hour=19 & kW>1.52
2008-03-12 20:00:00,Peak_Shift,Medium,High consumption 2.82kW at 20.0h (peak). Shift washing/dishwasher to 13-16h off-peak.,0.564,hour=20 & kW>1.54
2008-03-12 21:00:00,Peak_Shift,Medium,High consumption 2.95kW at 21.0h (peak). Shift washing/dishwasher to 13-16h off-peak.,0.59,hour=21 & kW>1.57
2008-03-13 05:00:00,Night_Idle_Waste,Low,"Idle consumption 0.85kW at 5h. Check standby: router, fridge, Sub_metering_3.",0.55,hour in 1-5 & kW>0.8
2008-03-13 18:00:00,Peak_Shift,Medium,High consumption 2.08kW at 18.0h (peak). Shift washing/dishwasher to 13-16h off-peak.,0.417,hour=18 & kW>1.28
2008-03-13 19:00:00,Peak_Shift,Medium,High consumption 2.98kW at 19.0h (peak). Shift washing/dishwasher to 13-16h off-peak.,0.595,hour=19 & kW>1.28
2008-03-13 20:00:00,Peak_Shift,High,High consumption 4.68kW at 20.0h (peak). Shift washing/dishwasher to 13-16h off-peak.,0.937,hour=20 & kW>1.38
2008-03-13 21:00:00,Peak_Shift,High,High consumption 5.01kW at 21.0h (peak). Shift washing/dishwasher to 13-16h off-peak.,1.003,hour=21 & kW>1.48
2008-03-14 18:00:00,Peak_Shift,Medium,High consumption 2.46kW at 18.0h (peak). Shift washing/dishwasher to 13-16h off-peak.,0.492,hour=18 & kW>2.04
2008-03-14 19:00:00,Peak_Shift,Medium,High consumption 2.55kW at 19.0h (peak). Shift washing/dishwasher to 13-16h off-peak.,0.511,hour=19 & kW>2.02
2008-03-14 20:00:00,Peak_Shift,Medium,High consumption 2.34kW at 20.0h (peak). Shift washing/dishwasher to 13-16h off-peak.,0.469,hour=20 & kW>1.90
2008-03-14 21:00:00,Peak_Shift,Medium,High consumption 2.83kW at 21.0h (peak). Shift washing/dishwasher to 13-16h off-peak.,0.566,hour=21 & kW>1.79
2008-03-15 03:00:00,Night_Idle_Waste,Low,"Idle consumption 1.03kW at 3h. Check standby: router, fridge, Sub_metering_3.",0.73,hour in 1-5 & kW>0.8
2008-03-15 20:00:00,Peak_Shift,Medium,High consumption 1.53kW at 20.0h (peak). Shift washing/dishwasher to 13-16h off-peak.,0.305,hour=20 & kW>1.33
2008-03-15 21:00:00,Peak_Shift,Medium,High consumption 1.71kW at 21.0h (peak). Shift washing/dishwasher to 13-16h off-peak.,0.341,hour=21 & kW>1.28
2008-03-16 18:00:00,Peak_Shift,High,High consumption 3.05kW at 18.0h (peak). Shift washing/dishwasher to 13-16h off-peak.,0.609,hour=18 & kW>1.24
2008-03-16 19:00:00,Peak_Shift,Medium,High consumption 2.88kW at 19.0h (peak). Shift washing/dishwasher to 13-16h off-peak.,0.576,hour=19 & kW>1.31
2008-03-16 20:00:00,Peak_Shift,High,High consumption 3.46kW at 20.0h (peak). Shift washing/dishwasher to 13-16h off-peak.,0.692,hour=20 & kW>1.41
2008-03-16 21:00:00,Peak_Shift,Medium,High consumption 2.88kW at 21.0h (peak). Shift washing/dishwasher to 13-16h off-peak.,0.577,hour=21 & kW>1.46
2008-03-17 01:00:00,Night_Idle_Waste,Low,"Idle consumption 0.97kW at 1h. Check standby: router, fridge, Sub_metering_3.",0.672,hour in 1-5 & kW>0.8
2008-03-17 20:00:00,Peak_Shift,Medium,High consumption 2.05kW at 20.0h (peak). Shift washing/dishwasher to 13-16h off-peak.,0.41,hour=20 & kW>1.63
2008-03-18 19:00:00,Peak_Shift,Medium,High consumption 1.99kW at 19.0h (peak). Shift washing/dishwasher to 13-16h off-peak.,0.398,hour=19 & kW>1.50
2008-03-18 20:00:00,Peak_Shift,Medium,High consumption 2.01kW at 20.0h (peak). Shift washing/dishwasher to 13-16h off-peak.,0.402,hour=20 & kW>1.50
2008-03-18 21:00:00,Peak_Shift,Medium,High consumption 1.76kW at 21.0h (peak). Shift washing/dishwasher to 13-16h off-peak.,0.351,hour=21 & kW>1.52
2008-03-19 19:00:00,Peak_Shift,Medium,High consumption 1.91kW at 19.0h (peak). Shift washing/dishwasher to 13-16h off-peak.,0.382,hour=19 & kW>1.15
2008-03-19 20:00:00,Peak_Shift,Medium,High consumption 2.87kW at 20.0h (peak). Shift washing/dishwasher to 13-16h off-peak.,0.575,hour=20 & kW>1.19
2008-03-20 04:00:00,Night_Idle_Waste,Low,"Idle consumption 0.89kW at 4h. Check standby: router, fridge, Sub_metering_3.",0.587,hour in 1-5 & kW>0.8
2008-03-20 19:00:00,Peak_Shift,Medium,High consumption 2.80kW at 19.0h (peak). Shift washing/dishwasher to 13-16h off-peak.,0.56,hour=19 & kW>1.10
2008-03-20 20:00:00,Peak_Shift,Medium,High consumption 1.80kW at 20.0h (peak). Shift washing/dishwasher to 13-16h off-peak.,0.36,hour=20 & kW>1.04
2008-03-21 03:00:00,Night_Idle_Waste,Low,"Idle consumption 0.97kW at 3h. Check standby: router, fridge, Sub_metering_3.",0.666,hour in 1-5 & kW>0.8
2008-03-21 18:00:00,Peak_Shift,Medium,High consumption 2.10kW at 18.0h (peak). Shift washing/dishwasher to 13-16h off-peak.,0.42,hour=18 & kW>1.61
2008-03-21 19:00:00,Peak_Shift,Medium,High consumption 2.01kW at 19.0h (peak). Shift washing/dishwasher to 13-16h off-peak.,0.402,hour=19 & kW>1.57
2008-03-21 20:00:00,Peak_Shift,Medium,High consumption 2.09kW at 20.0h (peak). Shift washing/dishwasher to 13-16h off-peak.,0.417,hour=20 & kW>1.58
2008-03-21 21:00:00,Peak_Shift,High,High consumption 3.03kW at 21.0h (peak). Shift washing/dishwasher to 13-16h off-peak.,0.606,hour=21 & kW>1.67
2008-03-22 05:00:00,Night_Idle_Waste,Low,"Idle consumption 0.83kW at 5h. Check standby: router, fridge, Sub_metering_3.",0.53,hour in 1-5 & kW>0.8
2008-03-22 18:00:00,Peak_Shift,Medium,High consumption 2.88kW at 18.0h (peak). Shift washing/dishwasher to 13-16h off-peak.,0.576,hour=18 & kW>1.49
2008-03-22 19:00:00,Peak_Shift,High,High consumption 3.58kW at 19.0h (peak). Shift washing/dishwasher to 13-16h off-peak.,0.717,hour=19 & kW>1.56
2008-03-22 20:00:00,Peak_Shift,High,High consumption 3.69kW at 20.0h (peak). Shift washing/dishwasher to 13-16h off-peak.,0.738,hour=20 & kW>1.64
2008-03-22 21:00:00,Peak_Shift,Medium,High consumption 2.89kW at 21.0h (peak). Shift washing/dishwasher to 13-16h off-peak.,0.579,hour=21 & kW>1.64
2008-03-23 18:00:00,Peak_Shift,Medium,High consumption 2.83kW at 18.0h (peak). Shift washing/dishwasher to 13-16h off-peak.,0.567,hour=18 & kW>2.00
2008-03-23 19:00:00,Peak_Shift,High,High consumption 3.28kW at 19.0h (peak). Shift washing/dishwasher to 13-16h off-peak.,0.655,hour=19 & kW>1.98
2008-03-23 20:00:00,Peak_Shift,High,High consumption 4.93kW at 20.0h (peak). Shift washing/dishwasher to 13-16h off-peak.,0.987,hour=20 & kW>2.05
2008-03-24 03:00:00,Night_Idle_Waste,Low,"Idle consumption 1.01kW at 3h. Check standby: router, fridge, Sub_metering_3.",0.712,hour in 1-5 & kW>0.8
2008-03-24 19:00:00,Peak_Shift,Medium,High consumption 2.54kW at 19.0h (peak). Shift washing/dishwasher to 13-16h off-peak.,0.509,hour=19 & kW>1.69
2008-03-24 20:00:00,Peak_Shift,Medium,High consumption 2.00kW at 20.0h (peak). Shift washing/dishwasher to 13-16h off-peak.,0.401,hour=20 & kW>1.54
2008-03-24 21:00:00,Peak_Shift,Medium,High consumption 2.25kW at 21.0h (peak). Shift washing/dishwasher to 13-16h off-peak.,0.45,hour=21 & kW>1.57
2008-03-25 19:00:00,Peak_Shift,Medium,High consumption 1.81kW at 19.0h (peak). Shift washing/dishwasher to 13-16h off-peak.,0.361,hour=19 & kW>1.74
2008-03-25 20:00:00,Peak_Shift,Medium,High consumption 1.91kW at 20.0h (peak). Shift washing/dishwasher to 13-16h off-peak.,0.383,hour=20 & kW>1.74
2008-03-25 21:00:00,Peak_Shift,High,High consumption 3.41kW at 21.0h (peak). Shift washing/dishwasher to 13-16h off-peak.,0.681,hour=21 & kW>1.80
2008-03-26 05:00:00,Night_Idle_Waste,Low,"Idle consumption 0.88kW at 5h. Check standby: router, fridge, Sub_metering_3.",0.575,hour in 1-5 & kW>0.8
2008-03-26 18:00:00,Peak_Shift,Medium,High consumption 1.98kW at 18.0h (peak). Shift washing/dishwasher to 13-16h off-peak.,0.397,hour=18 & kW>1.41
2008-03-26 19:00:00,Peak_Shift,Medium,High consumption 2.05kW at 19.0h (peak). Shift washing/dishwasher to 13-16h off-peak.,0.409,hour=19 & kW>1.42
2008-03-26 20:00:00,Peak_Shift,Medium,High consumption 2.33kW at 20.0h (peak). Shift washing/dishwasher to 13-16h off-peak.,0.466,hour=20 & kW>1.44
2008-03-26 21:00:00,Peak_Shift,Medium,High consumption 1.83kW at 21.0h (peak). Shift washing/dishwasher to 13-16h off-peak.,0.366,hour=21 & kW>1.36
2008-03-27 20:00:00,Peak_Shift,Medium,High consumption 2.03kW at 20.0h (peak). Shift washing/dishwasher to 13-16h off-peak.,0.406,hour=20 & kW>1.13
2008-03-27 21:00:00,Peak_Shift,Medium,High consumption 2.24kW at 21.0h (peak). Shift washing/dishwasher to 13-16h off-peak.,0.447,hour=21 & kW>1.15
2008-03-28 19:00:00,Peak_Shift,High,High consumption 3.83kW at 19.0h (peak). Shift washing/dishwasher to 13-16h off-peak.,0.765,hour=19 & kW>1.54
2008-03-28 20:00:00,Peak_Shift,Medium,High consumption 2.57kW at 20.0h (peak). Shift washing/dishwasher to 13-16h off-peak.,0.515,hour=20 & kW>1.57
2008-03-28 21:00:00,Peak_Shift,Medium,High consumption 2.57kW at 21.0h (peak). Shift washing/dishwasher to 13-16h off-peak.,0.515,hour=21 & kW>1.59
2008-03-29 04:00:00,Night_Idle_Waste,Low,"Idle consumption 0.88kW at 4h. Check standby: router, fridge, Sub_metering_3.",0.576,hour in 1-5 & kW>0.8
2008-03-29 18:00:00,Peak_Shift,Medium,High consumption 2.57kW at 18.0h (peak). Shift washing/dishwasher to 13-16h off-peak.,0.514,hour=18 & kW>1.77
2008-03-29 19:00:00,Peak_Shift,High,High consumption 3.40kW at 19.0h (peak). Shift washing/dishwasher to 13-16h off-peak.,0.679,hour=19 & kW>1.75
2008-03-29 20:00:00,Peak_Shift,High,High consumption 3.71kW at 20.0h (peak). Shift washing/dishwasher to 13-16h off-peak.,0.743,hour=20 & kW>1.81
2008-03-29 21:00:00,Peak_Shift,High,High consumption 3.18kW at 21.0h (peak). Shift washing/dishwasher to 13-16h off-peak.,0.635,hour=21 & kW>1.84
2008-03-30 01:00:00,Night_Idle_Waste,Low,"Idle consumption 2.31kW at 1h. Check standby: router, fridge, Sub_metering_3.",2.005,hour in 1-5 & kW>0.8
2008-03-30 02:00:00,Night_Idle_Waste,Low,"Idle consumption 1.37kW at 2h. Check standby: router, fridge, Sub_metering_3.",1.072,hour in 1-5 & kW>0.8
2008-03-30 03:00:00,Night_Idle_Waste,Low,"Idle consumption 1.31kW at 3h. Check standby: router, fridge, Sub_metering_3.",1.014,hour in 1-5 & kW>0.8
2008-03-30 04:00:00,Night_Idle_Waste,Low,"Idle consumption 0.86kW at 4h. Check standby: router, fridge, Sub_metering_3.",0.555,hour in 1-5 & kW>0.8
2008-03-30 18:00:00,Peak_Shift,High,High consumption 3.64kW at 18.0h (peak). Shift washing/dishwasher to 13-16h off-peak.,0.727,hour=18 & kW>2.11
2008-03-30 20:00:00,Peak_Shift,High,High consumption 3.48kW at 20.0h (peak). Shift washing/dishwasher to 13-16h off-peak.,0.696,hour=20 & kW>2.01
2008-03-30 21:00:00,Peak_Shift,High,High consumption 3.06kW at 21.0h (peak). Shift washing/dishwasher to 13-16h off-peak.,0.611,hour=21 & kW>2.00
2008-03-31 20:00:00,Peak_Shift,Medium,High consumption 2.06kW at 20.0h (peak). Shift washing/dishwasher to 13-16h off-peak.,0.412,hour=20 & kW>1.05
2008-03-31 21:00:00,Peak_Shift,Medium,High consumption 2.63kW at 21.0h (peak). Shift washing/dishwasher to 13-16h off-peak.,0.525,hour=21 & kW>1.03
2008-04-01 20:00:00,Peak_Shift,Medium,High consumption 2.27kW at 20.0h (peak). Shift washing/dishwasher to 13-16h off-peak.,0.453,hour=20 & kW>1.86
2008-04-01 21:00:00,Peak_Shift,Medium,High consumption 2.49kW at 21.0h (peak). Shift washing/dishwasher to 13-16h off-peak.,0.498,hour=21 & kW>1.86
2008-04-02 19:00:00,Peak_Shift,Medium,High consumption 2.69kW at 19.0h (peak). Shift washing/dishwasher to 13-16h off-peak.,0.538,hour=19 & kW>1.30
2008-04-02 20:00:00,Peak_Shift,Medium,High consumption 1.63kW at 20.0h (peak). Shift washing/dishwasher to 13-16h off-peak.,0.326,hour=20 & kW>1.27
2008-04-02 21:00:00,Peak_Shift,High,High consumption 3.41kW at 21.0h (peak). Shift washing/dishwasher to 13-16h off-peak.,0.681,hour=21 & kW>1.31
2008-04-03 03:00:00,Night_Idle_Waste,Low,"Idle consumption 0.92kW at 3h. Check standby: router, fridge, Sub_metering_3.",0.62,hour in 1-5 & kW>0.8
2008-04-04 01:00:00,Night_Idle_Waste,Low,"Idle consumption 0.96kW at 1h. Check standby: router, fridge, Sub_metering_3.",0.665,hour in 1-5 & kW>0.8
2008-04-04 19:00:00,Peak_Shift,Medium,High consumption 1.66kW at 19.0h (peak). Shift washing/dishwasher to 13-16h off-peak.,0.332,hour=19 & kW>1.14
2008-04-04 20:00:00,Peak_Shift,Medium,High consumption 2.14kW at 20.0h (peak). Shift washing/dishwasher to 13-16h off-peak.,0.428,hour=20 & kW>1.18
2008-04-04 21:00:00,Peak_Shift,Medium,High consumption 2.28kW at 21.0h (peak). Shift washing/dishwasher to 13-16h off-peak.,0.456,hour=21 & kW>1.23
2008-04-05 18:00:00,Peak_Shift,Medium,High consumption 1.62kW at 18.0h (peak). Shift washing/dishwasher to 13-16h off-peak.,0.325,hour=18 & kW>1.58
2008-04-05 19:00:00,Peak_Shift,Medium,High consumption 2.14kW at 19.0h (peak). Shift washing/dishwasher to 13-16h off-peak.,0.427,hour=19 & kW>1.61
2008-04-05 20:00:00,Peak_Shift,High,High consumption 3.84kW at 20.0h (peak). Shift washing/dishwasher to 13-16h off-peak.,0.768,hour=20 & kW>1.69
2008-04-05 21:00:00,Peak_Shift,Medium,High consumption 2.64kW at 21.0h (peak). Shift washing/dishwasher to 13-16h off-peak.,0.528,hour=21 & kW>1.71
2008-04-06 19:00:00,Peak_Shift,Medium,High consumption 2.32kW at 19.0h (peak). Shift washing/dishwasher to 13-16h off-peak.,0.463,hour=19 & kW>1.45
2008-04-06 20:00:00,Peak_Shift,Medium,High consumption 2.68kW at 20.0h (peak). Shift washing/dishwasher to 13-16h off-peak.,0.536,hour=20 & kW>1.40
2008-04-06 21:00:00,Peak_Shift,Medium,High consumption 2.28kW at 21.0h (peak). Shift washing/dishwasher to 13-16h off-peak.,0.456,hour=21 & kW>1.38
2008-04-07 19:00:00,Peak_Shift,High,High consumption 3.12kW at 19.0h (peak). Shift washing/dishwasher to 13-16h off-peak.,0.623,hour=19 & kW>1.32
2008-04-07 20:00:00,Peak_Shift,Medium,High consumption 2.50kW at 20.0h (peak). Shift washing/dishwasher to 13-16h off-peak.,0.499,hour=20 & kW>1.31
2008-04-07 21:00:00,Peak_Shift,Medium,High consumption 2.73kW at 21.0h (peak). Shift washing/dishwasher to 13-16h off-peak.,0.545,hour=21 & kW>1.33
2008-04-08 20:00:00,Peak_Shift,Medium,High consumption 2.43kW at 20.0h (peak). Shift washing/dishwasher to 13-16h off-peak.,0.485,hour=20 & kW>2.27
2008-04-10 20:00:00,Peak_Shift,Medium,High consumption 2.42kW at 20.0h (peak). Shift washing/dishwasher to 13-16h off-peak.,0.485,hour=20 & kW>1.05
2008-04-10 21:00:00,Peak_Shift,Medium,High consumption 1.88kW at 21.0h (peak). Shift washing/dishwasher to 13-16h off-peak.,0.376,hour=21 & kW>1.07
2008-04-11 01:00:00,Night_Idle_Waste,Low,"Idle consumption 0.85kW at 1h. Check standby: router, fridge, Sub_metering_3.",0.55,hour in 1-5 & kW>0.8
2008-04-11 19:00:00,Peak_Shift,Medium,High consumption 2.24kW at 19.0h (peak). Shift washing/dishwasher to 13-16h off-peak.,0.447,hour=19 & kW>1.61
2008-04-11 20:00:00,Peak_Shift,Medium,High consumption 2.68kW at 20.0h (peak). Shift washing/dishwasher to 13-16h off-peak.,0.536,hour=20 & kW>1.63
2008-04-11 21:00:00,Peak_Shift,Medium,High consumption 1.79kW at 21.0h (peak). Shift washing/dishwasher to 13-16h off-peak.,0.358,hour=21 & kW>1.62
2008-04-12 01:00:00,Night_Idle_Waste,Low,"Idle consumption 0.99kW at 1h. Check standby: router, fridge, Sub_metering_3.",0.692,hour in 1-5 & kW>0.8
2008-04-12 18:00:00,Peak_Shift,High,High consumption 5.66kW at 18.0h (peak). Shift washing/dishwasher to 13-16h off-peak.,1.131,hour=18 & kW>2.02
2008-04-12 18:00:00,Anomaly_Inspection,High,Anomaly detected: 5.66kW vs expected 3.49kW (residual 2.17). Check appliance left on.,2.168,z_score=4.87 | abs_error=2.17
2008-04-12 19:00:00,Peak_Shift,High,High consumption 3.72kW at 19.0h (peak). Shift washing/dishwasher to 13-16h off-peak.,0.744,hour=19 & kW>2.09
2008-04-12 20:00:00,Peak_Shift,High,High consumption 3.08kW at 20.0h (peak). Shift washing/dishwasher to 13-16h off-peak.,0.615,hour=20 & kW>2.11
2008-04-12 21:00:00,Peak_Shift,High,High consumption 3.44kW at 21.0h (peak). Shift washing/dishwasher to 13-16h off-peak.,0.688,hour=21 & kW>2.19
2008-04-13 01:00:00,Night_Idle_Waste,Low,"Idle consumption 1.44kW at 1h. Check standby: router, fridge, Sub_metering_3.",1.139,hour in 1-5 & kW>0.8
2008-04-13 02:00:00,Night_Idle_Waste,Low,"Idle consumption 1.41kW at 2h. Check standby: router, fridge, Sub_metering_3.",1.108,hour in 1-5 & kW>0.8
2008-04-13 03:00:00,Night_Idle_Waste,Low,"Idle consumption 1.41kW at 3h. Check standby: router, fridge, Sub_metering_3.",1.112,hour in 1-5 & kW>0.8
2008-04-13 04:00:00,Night_Idle_Waste,Low,"Idle consumption 1.46kW at 4h. Check standby: router, fridge, Sub_metering_3.",1.157,hour in 1-5 & kW>0.8
2008-04-13 18:00:00,Peak_Shift,High,High consumption 4.01kW at 18.0h (peak). Shift washing/dishwasher to 13-16h off-peak.,0.802,hour=18 & kW>2.15
2008-04-13 19:00:00,Peak_Shift,High,High consumption 3.13kW at 19.0h (peak). Shift washing/dishwasher to 13-16h off-peak.,0.626,hour=19 & kW>2.12
2008-04-13 20:00:00,Peak_Shift,High,High consumption 3.06kW at 20.0h (peak). Shift washing/dishwasher to 13-16h off-peak.,0.612,hour=20 & kW>2.12
2008-04-13 21:00:00,Peak_Shift,Medium,High consumption 2.55kW at 21.0h (peak). Shift washing/dishwasher to 13-16h off-peak.,0.511,hour=21 & kW>2.08
2008-04-14 21:00:00,Peak_Shift,Medium,High consumption 2.25kW at 21.0h (peak). Shift washing/dishwasher to 13-16h off-peak.,0.449,hour=21 & kW>1.21
2008-04-15 20:00:00,Peak_Shift,Medium,High consumption 1.59kW at 20.0h (peak). Shift washing/dishwasher to 13-16h off-peak.,0.319,hour=20 & kW>1.44
2008-04-15 21:00:00,Peak_Shift,Medium,High consumption 1.69kW at 21.0h (peak). Shift washing/dishwasher to 13-16h off-peak.,0.338,hour=21 & kW>1.42
2008-04-16 19:00:00,Peak_Shift,Medium,High consumption 1.73kW at 19.0h (peak). Shift washing/dishwasher to 13-16h off-peak.,0.345,hour=19 & kW>1.29
2008-04-16 20:00:00,Peak_Shift,Medium,High consumption 2.16kW at 20.0h (peak). Shift washing/dishwasher to 13-16h off-peak.,0.432,hour=20 & kW>1.32
2008-04-16 21:00:00,Peak_Shift,Medium,High consumption 1.77kW at 21.0h (peak). Shift washing/dishwasher to 13-16h off-peak.,0.353,hour=21 & kW>1.32
2008-04-17 20:00:00,Peak_Shift,High,High consumption 3.04kW at 20.0h (peak). Shift washing/dishwasher to 13-16h off-peak.,0.607,hour=20 & kW>1.05
2008-04-17 21:00:00,Peak_Shift,High,High consumption 3.89kW at 21.0h (peak). Shift washing/dishwasher to 13-16h off-peak.,0.779,hour=21 & kW>1.16
2008-04-18 20:00:00,Peak_Shift,Medium,High consumption 2.11kW at 20.0h (peak). Shift washing/dishwasher to 13-16h off-peak.,0.422,hour=20 & kW>1.60
2008-04-18 21:00:00,Peak_Shift,Medium,High consumption 1.98kW at 21.0h (peak). Shift washing/dishwasher to 13-16h off-peak.,0.396,hour=21 & kW>1.50
2008-04-19 05:00:00,Night_Idle_Waste,Low,"Idle consumption 0.89kW at 5h. Check standby: router, fridge, Sub_metering_3.",0.585,hour in 1-5 & kW>0.8
2008-04-19 18:00:00,Peak_Shift,Medium,High consumption 2.34kW at 18.0h (peak). Shift washing/dishwasher to 13-16h off-peak.,0.469,hour=18 & kW>1.65
2008-04-19 19:00:00,Peak_Shift,Medium,High consumption 2.69kW at 19.0h (peak). Shift washing/dishwasher to 13-16h off-peak.,0.539,hour=19 & kW>1.76
2008-04-19 20:00:00,Peak_Shift,Medium,High consumption 2.27kW at 20.0h (peak). Shift washing/dishwasher to 13-16h off-peak.,0.454,hour=20 & kW>1.77
2008-04-19 21:00:00,Peak_Shift,Medium,High consumption 2.96kW at 21.0h (peak). Shift washing/dishwasher to 13-16h off-peak.,0.593,hour=21 & kW>1.82
2008-04-20 01:00:00,Night_Idle_Waste,Low,"Idle consumption 1.09kW at 1h. Check standby: router, fridge, Sub_metering_3.",0.788,hour in 1-5 & kW>0.8
2008-04-20 19:00:00,Peak_Shift,Medium,High consumption 1.75kW at 19.0h (peak). Shift washing/dishwasher to 13-16h off-peak.,0.351,hour=19 & kW>1.40
2008-04-20 20:00:00,Peak_Shift,Medium,High consumption 2.91kW at 20.0h (peak). Shift washing/dishwasher to 13-16h off-peak.,0.581,hour=20 & kW>1.44
2008-04-20 21:00:00,Peak_Shift,High,High consumption 5.67kW at 21.0h (peak). Shift washing/dishwasher to 13-16h off-peak.,1.134,hour=21 & kW>1.57
2008-04-21 05:00:00,Night_Idle_Waste,Low,"Idle consumption 0.91kW at 5h. Check standby: router, fridge, Sub_metering_3.",0.612,hour in 1-5 & kW>0.8
2008-04-22 02:00:00,Night_Idle_Waste,Low,"Idle consumption 1.12kW at 2h. Check standby: router, fridge, Sub_metering_3.",0.815,hour in 1-5 & kW>0.8
2008-04-23 05:00:00,Night_Idle_Waste,Low,"Idle consumption 1.24kW at 5h. Check standby: router, fridge, Sub_metering_3.",0.938,hour in 1-5 & kW>0.8
2008-04-23 19:00:00,Peak_Shift,Medium,High consumption 1.53kW at 19.0h (peak). Shift washing/dishwasher to 13-16h off-peak.,0.305,hour=19 & kW>0.86
2008-04-23 20:00:00,Peak_Shift,Medium,High consumption 2.08kW at 20.0h (peak). Shift washing/dishwasher to 13-16h off-peak.,0.415,hour=20 & kW>0.92
2008-04-23 21:00:00,Peak_Shift,Medium,High consumption 2.69kW at 21.0h (peak). Shift washing/dishwasher to 13-16h off-peak.,0.539,hour=21 & kW>0.99
2008-04-24 01:00:00,Night_Idle_Waste,Low,"Idle consumption 1.17kW at 1h. Check standby: router, fridge, Sub_metering_3.",0.867,hour in 1-5 & kW>0.8
2008-04-26 21:00:00,Peak_Shift,Medium,High consumption 1.89kW at 21.0h (peak). Shift washing/dishwasher to 13-16h off-peak.,0.379,hour=21 & kW>0.72
2008-04-27 01:00:00,Night_Idle_Waste,Low,"Idle consumption 1.01kW at 1h. Check standby: router, fridge, Sub_metering_3.",0.711,hour in 1-5 & kW>0.8
2008-04-28 04:00:00,Night_Idle_Waste,Low,"Idle consumption 0.86kW at 4h. Check standby: router, fridge, Sub_metering_3.",0.56,hour in 1-5 & kW>0.8
2008-04-29 18:00:00,Peak_Shift,Medium,High consumption 1.50kW at 18.0h (peak). Shift washing/dishwasher to 13-16h off-peak.,0.3,hour=18 & kW>1.22
2008-04-29 19:00:00,Peak_Shift,Medium,High consumption 2.10kW at 19.0h (peak). Shift washing/dishwasher to 13-16h off-peak.,0.42,hour=19 & kW>1.30
2008-04-29 21:00:00,Peak_Shift,Medium,High consumption 1.74kW at 21.0h (peak). Shift washing/dishwasher to 13-16h off-peak.,0.349,hour=21 & kW>1.42
2008-04-30 01:00:00,Night_Idle_Waste,Low,"Idle consumption 2.05kW at 1h. Check standby: router, fridge, Sub_metering_3.",1.755,hour in 1-5 & kW>0.8
2008-04-30 02:00:00,Night_Idle_Waste,Low,"Idle consumption 2.43kW at 2h. Check standby: router, fridge, Sub_metering_3.",2.131,hour in 1-5 & kW>0.8
2008-04-30 03:00:00,Night_Idle_Waste,Low,"Idle consumption 1.50kW at 3h. Check standby: router, fridge, Sub_metering_3.",1.199,hour in 1-5 & kW>0.8
2008-05-01 04:00:00,Night_Idle_Waste,Low,"Idle consumption 1.03kW at 4h. Check standby: router, fridge, Sub_metering_3.",0.727,hour in 1-5 & kW>0.8
2008-05-02 01:00:00,Night_Idle_Waste,Low,"Idle consumption 0.94kW at 1h. Check standby: router, fridge, Sub_metering_3.",0.645,hour in 1-5 & kW>0.8
2008-05-02 20:00:00,Peak_Shift,Medium,High consumption 2.63kW at 20.0h (peak). Shift washing/dishwasher to 13-16h off-peak.,0.527,hour=20 & kW>0.99
2008-05-02 21:00:00,Peak_Shift,Medium,High consumption 1.57kW at 21.0h (peak). Shift washing/dishwasher to 13-16h off-peak.,0.314,hour=21 & kW>1.05
2008-05-03 01:00:00,Night_Idle_Waste,Low,"Idle consumption 2.36kW at 1h. Check standby: router, fridge, Sub_metering_3.",2.064,hour in 1-5 & kW>0.8
2008-05-04 01:00:00,Night_Idle_Waste,Low,"Idle consumption 0.91kW at 1h. Check standby: router, fridge, Sub_metering_3.",0.614,hour in 1-5 & kW>0.8
2008-05-04 18:00:00,Peak_Shift,High,High consumption 3.37kW at 18.0h (peak). Shift washing/dishwasher to 13-16h off-peak.,0.674,hour=18 & kW>1.02
2008-05-04 19:00:00,Peak_Shift,High,High consumption 3.19kW at 19.0h (peak). Shift washing/dishwasher to 13-16h off-peak.,0.639,hour=19 & kW>1.16
2008-05-04 21:00:00,Peak_Shift,High,High consumption 3.15kW at 21.0h (peak). Shift washing/dishwasher to 13-16h off-peak.,0.631,hour=21 & kW>1.29
2008-05-05 03:00:00,Night_Idle_Waste,Low,"Idle consumption 0.94kW at 3h. Check standby: router, fridge, Sub_metering_3.",0.64,hour in 1-5 & kW>0.8
2008-05-05 20:00:00,Peak_Shift,Medium,High consumption 1.88kW at 20.0h (peak). Shift washing/dishwasher to 13-16h off-peak.,0.376,hour=20 & kW>1.21
2008-05-06 03:00:00,Night_Idle_Waste,Low,"Idle consumption 1.02kW at 3h. Check standby: router, fridge, Sub_metering_3.",0.718,hour in 1-5 & kW>0.8
2008-05-06 18:00:00,Peak_Shift,Medium,High consumption 1.65kW at 18.0h (peak). Shift washing/dishwasher to 13-16h off-peak.,0.329,hour=18 & kW>1.51
2008-05-08 01:00:00,Night_Idle_Waste,Low,"Idle consumption 1.07kW at 1h. Check standby: router, fridge, Sub_metering_3.",0.767,hour in 1-5 & kW>0.8
2008-05-08 02:00:00,Night_Idle_Waste,Low,"Idle consumption 1.12kW at 2h. Check standby: router, fridge, Sub_metering_3.",0.825,hour in 1-5 & kW>0.8
2008-05-08 03:00:00,Night_Idle_Waste,Low,"Idle consumption 1.06kW at 3h. Check standby: router, fridge, Sub_metering_3.",0.763,hour in 1-5 & kW>0.8
2008-05-08 04:00:00,Night_Idle_Waste,Low,"Idle consumption 1.12kW at 4h. Check standby: router, fridge, Sub_metering_3.",0.817,hour in 1-5 & kW>0.8
2008-05-08 05:00:00,Night_Idle_Waste,Low,"Idle consumption 1.11kW at 5h. Check standby: router, fridge, Sub_metering_3.",0.812,hour in 1-5 & kW>0.8
2008-05-08 19:00:00,Peak_Shift,Medium,High consumption 2.91kW at 19.0h (peak). Shift washing/dishwasher to 13-16h off-peak.,0.582,hour=19 & kW>1.58
2008-05-08 20:00:00,Peak_Shift,Medium,High consumption 2.10kW at 20.0h (peak). Shift washing/dishwasher to 13-16h off-peak.,0.419,hour=20 & kW>1.65
2008-05-08 21:00:00,Peak_Shift,Medium,High consumption 1.80kW at 21.0h (peak). Shift washing/dishwasher to 13-16h off-peak.,0.36,hour=21 & kW>1.67
2008-05-09 18:00:00,Peak_Shift,Medium,High consumption 1.99kW at 18.0h (peak). Shift washing/dishwasher to 13-16h off-peak.,0.398,hour=18 & kW>1.77
2008-05-09 19:00:00,Peak_Shift,Medium,High consumption 1.92kW at 19.0h (peak). Shift washing/dishwasher to 13-16h off-peak.,0.384,hour=19 & kW>1.72
2008-05-09 21:00:00,Peak_Shift,Medium,High consumption 1.68kW at 21.0h (peak). Shift washing/dishwasher to 13-16h off-peak.,0.336,hour=21 & kW>1.65
2008-05-10 18:00:00,Peak_Shift,Medium,High consumption 1.81kW at 18.0h (peak). Shift washing/dishwasher to 13-16h off-peak.,0.363,hour=18 & kW>1.45
2008-05-10 19:00:00,Peak_Shift,Medium,High consumption 1.70kW at 19.0h (peak). Shift washing/dishwasher to 13-16h off-peak.,0.34,hour=19 & kW>1.44
2008-05-10 20:00:00,Peak_Shift,Medium,High consumption 1.64kW at 20.0h (peak). Shift washing/dishwasher to 13-16h off-peak.,0.328,hour=20 & kW>1.48
2008-05-10 21:00:00,Peak_Shift,Medium,High consumption 1.61kW at 21.0h (peak). Shift washing/dishwasher to 13-16h off-peak.,0.323,hour=21 & kW>1.48
2008-05-11 01:00:00,Night_Idle_Waste,Low,"Idle consumption 2.16kW at 1h. Check standby: router, fridge, Sub_metering_3.",1.862,hour in 1-5 & kW>0.8
2008-05-11 02:00:00,Night_Idle_Waste,Low,"Idle consumption 1.71kW at 2h. Check standby: router, fridge, Sub_metering_3.",1.412,hour in 1-5 & kW>0.8
2008-05-12 21:00:00,Peak_Shift,Medium,High consumption 1.62kW at 21.0h (peak). Shift washing/dishwasher to 13-16h off-peak.,0.325,hour=21 & kW>1.27
2008-05-14 02:00:00,Night_Idle_Waste,Low,"Idle consumption 0.86kW at 2h. Check standby: router, fridge, Sub_metering_3.",0.556,hour in 1-5 & kW>0.8
2008-05-14 20:00:00,Peak_Shift,Medium,High consumption 2.20kW at 20.0h (peak). Shift washing/dishwasher to 13-16h off-peak.,0.439,hour=20 & kW>1.37
2008-05-14 21:00:00,Peak_Shift,Medium,High consumption 1.51kW at 21.0h (peak). Shift washing/dishwasher to 13-16h off-peak.,0.302,hour=21 & kW>1.40
2008-05-15 21:00:00,Peak_Shift,Medium,High consumption 2.68kW at 21.0h (peak). Shift washing/dishwasher to 13-16h off-peak.,0.537,hour=21 & kW>0.98
2008-05-16 03:00:00,Night_Idle_Waste,Low,"Idle consumption 0.92kW at 3h. Check standby: router, fridge, Sub_metering_3.",0.617,hour in 1-5 & kW>0.8
2008-05-16 20:00:00,Peak_Shift,Medium,High consumption 2.32kW at 20.0h (peak). Shift washing/dishwasher to 13-16h off-peak.,0.464,hour=20 & kW>1.29
2008-05-16 21:00:00,Peak_Shift,High,High consumption 3.34kW at 21.0h (peak). Shift washing/dishwasher to 13-16h off-peak.,0.668,hour=21 & kW>1.33
2008-05-17 01:00:00,Night_Idle_Waste,Low,"Idle consumption 0.80kW at 1h. Check standby: router, fridge, Sub_metering_3.",0.503,hour in 1-5 & kW>0.8
2008-05-17 19:00:00,Peak_Shift,Medium,High consumption 1.76kW at 19.0h (peak). Shift washing/dishwasher to 13-16h off-peak.,0.353,hour=19 & kW>1.25
2008-05-17 20:00:00,Peak_Shift,Medium,High consumption 1.84kW at 20.0h (peak). Shift washing/dishwasher to 13-16h off-peak.,0.368,hour=20 & kW>1.23
2008-05-17 21:00:00,Peak_Shift,Medium,High consumption 2.47kW at 21.0h (peak). Shift washing/dishwasher to 13-16h off-peak.,0.494,hour=21 & kW>1.19
2008-05-18 01:00:00,Night_Idle_Waste,Low,"Idle consumption 1.41kW at 1h. Check standby: router, fridge, Sub_metering_3.",1.109,hour in 1-5 & kW>0.8
2008-05-18 02:00:00,Night_Idle_Waste,Low,"Idle consumption 1.49kW at 2h. Check standby: router, fridge, Sub_metering_3.",1.193,hour in 1-5 & kW>0.8
2008-05-18 19:00:00,Peak_Shift,Medium,High consumption 1.77kW at 19.0h (peak). Shift washing/dishwasher to 13-16h off-peak.,0.353,hour=19 & kW>1.41
2008-05-18 20:00:00,Anomaly_Inspection,High,Anomaly detected: 4.23kW vs expected 2.11kW (residual 2.12). Check appliance left on.,2.124,z_score=4.50 | abs_error=2.12
2008-05-18 20:00:00,Peak_Shift,High,High consumption 4.23kW at 20.0h (peak). Shift washing/dishwasher to 13-16h off-peak.,0.846,hour=20 & kW>1.53
2008-05-18 21:00:00,Peak_Shift,High,High consumption 4.47kW at 21.0h (peak). Shift washing/dishwasher to 13-16h off-peak.,0.893,hour=21 & kW>1.63
2008-05-19 20:00:00,Peak_Shift,Medium,High consumption 1.78kW at 20.0h (peak). Shift washing/dishwasher to 13-16h off-peak.,0.355,hour=20 & kW>1.09
2008-05-19 21:00:00,Peak_Shift,Medium,High consumption 1.75kW at 21.0h (peak). Shift washing/dishwasher to 13-16h off-peak.,0.35,hour=21 & kW>0.95
2008-05-20 02:00:00,Night_Idle_Waste,Low,"Idle consumption 1.02kW at 2h. Check standby: router, fridge, Sub_metering_3.",0.719,hour in 1-5 & kW>0.8
2008-05-20 21:00:00,Peak_Shift,Medium,High consumption 1.94kW at 21.0h (peak). Shift washing/dishwasher to 13-16h off-peak.,0.387,hour=21 & kW>1.34
2008-05-21 21:00:00,Peak_Shift,Medium,High consumption 2.27kW at 21.0h (peak). Shift washing/dishwasher to 13-16h off-peak.,0.454,hour=21 & kW>0.97
2008-05-24 04:00:00,Night_Idle_Waste,Low,"Idle consumption 0.99kW at 4h. Check standby: router, fridge, Sub_metering_3.",0.686,hour in 1-5 & kW>0.8
2008-05-24 18:00:00,Peak_Shift,Medium,High consumption 2.12kW at 18.0h (peak). Shift washing/dishwasher to 13-16h off-peak.,0.424,hour=18 & kW>1.03
2008-05-24 19:00:00,Peak_Shift,Medium,High consumption 1.84kW at 19.0h (peak). Shift washing/dishwasher to 13-16h off-peak.,0.369,hour=19 & kW>1.11
2008-05-24 21:00:00,Peak_Shift,Medium,High consumption 2.24kW at 21.0h (peak). Shift washing/dishwasher to 13-16h off-peak.,0.448,hour=21 & kW>1.22
2008-05-25 05:00:00,Night_Idle_Waste,Low,"Idle consumption 0.87kW at 5h. Check standby: router, fridge, Sub_metering_3.",0.57,hour in 1-5 & kW>0.8
2008-05-25 18:00:00,Peak_Shift,Medium,High consumption 2.03kW at 18.0h (peak). Shift washing/dishwasher to 13-16h off-peak.,0.406,hour=18 & kW>1.50
2008-05-25 19:00:00,Peak_Shift,High,High consumption 3.13kW at 19.0h (peak). Shift washing/dishwasher to 13-16h off-peak.,0.626,hour=19 & kW>1.56
2008-05-25 20:00:00,Peak_Shift,Medium,High consumption 2.85kW at 20.0h (peak). Shift washing/dishwasher to 13-16h off-peak.,0.57,hour=20 & kW>1.65
2008-05-25 21:00:00,Peak_Shift,Medium,High consumption 2.31kW at 21.0h (peak). Shift washing/dishwasher to 13-16h off-peak.,0.462,hour=21 & kW>1.65
2008-05-26 21:00:00,Peak_Shift,Medium,High consumption 1.75kW at 21.0h (peak). Shift washing/dishwasher to 13-16h off-peak.,0.349,hour=21 & kW>1.12
2008-05-27 18:00:00,Peak_Shift,Medium,High consumption 2.19kW at 18.0h (peak). Shift washing/dishwasher to 13-16h off-peak.,0.438,hour=18 & kW>1.49
2008-05-28 19:00:00,Peak_Shift,Medium,High consumption 1.89kW at 19.0h (peak). Shift washing/dishwasher to 13-16h off-peak.,0.378,hour=19 & kW>0.92
2008-05-28 21:00:00,Peak_Shift,Medium,High consumption 2.06kW at 21.0h (peak). Shift washing/dishwasher to 13-16h off-peak.,0.412,hour=21 & kW>1.00
2008-05-29 21:00:00,Peak_Shift,Medium,High consumption 1.61kW at 21.0h (peak). Shift washing/dishwasher to 13-16h off-peak.,0.323,hour=21 & kW>0.90
2008-05-30 20:00:00,Peak_Shift,Medium,High consumption 1.61kW at 20.0h (peak). Shift washing/dishwasher to 13-16h off-peak.,0.322,hour=20 & kW>1.25
2008-05-31 18:00:00,Peak_Shift,Medium,High consumption 1.68kW at 18.0h (peak). Shift washing/dishwasher to 13-16h off-peak.,0.336,hour=18 & kW>1.15
2008-05-31 19:00:00,Peak_Shift,Medium,High consumption 2.28kW at 19.0h (peak). Shift washing/dishwasher to 13-16h off-peak.,0.455,hour=19 & kW>1.23
2008-05-31 20:00:00,Peak_Shift,Medium,High consumption 1.85kW at 20.0h (peak). Shift washing/dishwasher to 13-16h off-peak.,0.37,hour=20 & kW>1.24
2008-06-01 01:00:00,Night_Idle_Waste,Low,"Idle consumption 1.62kW at 1h. Check standby: router, fridge, Sub_metering_3.",1.32,hour in 1-5 & kW>0.8
2008-06-01 02:00:00,Night_Idle_Waste,Low,"Idle consumption 0.90kW at 2h. Check standby: router, fridge, Sub_metering_3.",0.602,hour in 1-5 & kW>0.8
2008-06-01 19:00:00,Peak_Shift,Medium,High consumption 2.93kW at 19.0h (peak). Shift washing/dishwasher to 13-16h off-peak.,0.586,hour=19 & kW>1.42
2008-06-01 20:00:00,Peak_Shift,Medium,High consumption 2.18kW at 20.0h (peak). Shift washing/dishwasher to 13-16h off-peak.,0.436,hour=20 & kW>1.43
2008-06-01 21:00:00,Peak_Shift,Medium,High consumption 2.90kW at 21.0h (peak). Shift washing/dishwasher to 13-16h off-peak.,0.58,hour=21 & kW>1.52
2008-06-03 03:00:00,Night_Idle_Waste,Low,"Idle consumption 1.05kW at 3h. Check standby: router, fridge, Sub_metering_3.",0.748,hour in 1-5 & kW>0.8
2008-06-03 19:00:00,Peak_Shift,Medium,High consumption 2.14kW at 19.0h (peak). Shift washing/dishwasher to 13-16h off-peak.,0.428,hour=19 & kW>0.97
2008-06-03 20:00:00,Peak_Shift,High,High consumption 3.49kW at 20.0h (peak). Shift washing/dishwasher to 13-16h off-peak.,0.698,hour=20 & kW>1.12
2008-06-03 21:00:00,Peak_Shift,Medium,High consumption 2.06kW at 21.0h (peak). Shift washing/dishwasher to 13-16h off-peak.,0.411,hour=21 & kW>1.18
2008-06-04 05:00:00,Night_Idle_Waste,Low,"Idle consumption 0.81kW at 5h. Check standby: router, fridge, Sub_metering_3.",0.51,hour in 1-5 & kW>0.8
2008-06-04 21:00:00,Peak_Shift,Medium,High consumption 1.97kW at 21.0h (peak). Shift washing/dishwasher to 13-16h off-peak.,0.393,hour=21 & kW>1.37
2008-06-05 20:00:00,Peak_Shift,Medium,High consumption 1.85kW at 20.0h (peak). Shift washing/dishwasher to 13-16h off-peak.,0.371,hour=20 & kW>1.10
2008-06-06 05:00:00,Night_Idle_Waste,Low,"Idle consumption 1.04kW at 5h. Check standby: router, fridge, Sub_metering_3.",0.743,hour in 1-5 & kW>0.8
2008-06-06 20:00:00,Peak_Shift,High,High consumption 3.06kW at 20.0h (peak). Shift washing/dishwasher to 13-16h off-peak.,0.613,hour=20 & kW>0.89
2008-06-06 21:00:00,Peak_Shift,Medium,High consumption 2.97kW at 21.0h (peak). Shift washing/dishwasher to 13-16h off-peak.,0.593,hour=21 & kW>1.00
2008-06-07 19:00:00,Peak_Shift,Medium,High consumption 2.02kW at 19.0h (peak). Shift washing/dishwasher to 13-16h off-peak.,0.404,hour=19 & kW>1.80
2008-06-07 20:00:00,Peak_Shift,Medium,High consumption 1.74kW at 20.0h (peak). Shift washing/dishwasher to 13-16h off-peak.,0.348,hour=20 & kW>1.74
2008-06-08 18:00:00,Peak_Shift,Medium,High consumption 1.51kW at 18.0h (peak). Shift washing/dishwasher to 13-16h off-peak.,0.303,hour=18 & kW>1.07
2008-06-08 19:00:00,Peak_Shift,Medium,High consumption 2.57kW at 19.0h (peak). Shift washing/dishwasher to 13-16h off-peak.,0.513,hour=19 & kW>1.10
2008-06-08 21:00:00,Peak_Shift,High,High consumption 3.32kW at 21.0h (peak). Shift washing/dishwasher to 13-16h off-peak.,0.665,hour=21 & kW>1.23
2008-06-10 21:00:00,Peak_Shift,Medium,High consumption 2.18kW at 21.0h (peak). Shift washing/dishwasher to 13-16h off-peak.,0.437,hour=21 & kW>1.03
2008-06-11 04:00:00,Night_Idle_Waste,Low,"Idle consumption 0.88kW at 4h. Check standby: router, fridge, Sub_metering_3.",0.577,hour in 1-5 & kW>0.8
2008-06-11 21:00:00,Peak_Shift,Medium,High consumption 2.25kW at 21.0h (peak). Shift washing/dishwasher to 13-16h off-peak.,0.45,hour=21 & kW>0.91
2008-06-12 20:00:00,Peak_Shift,Medium,High consumption 2.10kW at 20.0h (peak). Shift washing/dishwasher to 13-16h off-peak.,0.421,hour=20 & kW>1.10
2008-06-13 04:00:00,Night_Idle_Waste,Low,"Idle consumption 0.82kW at 4h. Check standby: router, fridge, Sub_metering_3.",0.517,hour in 1-5 & kW>0.8
2008-06-13 18:00:00,Peak_Shift,Medium,High consumption 1.81kW at 18.0h (peak). Shift washing/dishwasher to 13-16h off-peak.,0.361,hour=18 & kW>1.42
2008-06-13 19:00:00,Peak_Shift,Medium,High consumption 1.81kW at 19.0h (peak). Shift washing/dishwasher to 13-16h off-peak.,0.362,hour=19 & kW>1.46
2008-06-13 20:00:00,Peak_Shift,Medium,High consumption 1.63kW at 20.0h (peak). Shift washing/dishwasher to 13-16h off-peak.,0.326,hour=20 & kW>1.44
2008-06-13 21:00:00,Peak_Shift,Medium,High consumption 1.64kW at 21.0h (peak). Shift washing/dishwasher to 13-16h off-peak.,0.327,hour=21 & kW>1.45
2008-06-14 19:00:00,Peak_Shift,Medium,High consumption 1.61kW at 19.0h (peak). Shift washing/dishwasher to 13-16h off-peak.,0.323,hour=19 & kW>1.21
2008-06-14 21:00:00,Peak_Shift,Medium,High consumption 2.08kW at 21.0h (peak). Shift washing/dishwasher to 13-16h off-peak.,0.417,hour=21 & kW>1.20
2008-06-15 18:00:00,Peak_Shift,Medium,High consumption 2.40kW at 18.0h (peak). Shift washing/dishwasher to 13-16h off-peak.,0.48,hour=18 & kW>1.74
2008-06-15 19:00:00,Peak_Shift,High,High consumption 3.44kW at 19.0h (peak). Shift washing/dishwasher to 13-16h off-peak.,0.689,hour=19 & kW>1.83
2008-06-15 20:00:00,Peak_Shift,Medium,High consumption 2.10kW at 20.0h (peak). Shift washing/dishwasher to 13-16h off-peak.,0.421,hour=20 & kW>1.89
2008-06-15 21:00:00,Peak_Shift,High,High consumption 3.57kW at 21.0h (peak). Shift washing/dishwasher to 13-16h off-peak.,0.713,hour=21 & kW>1.96
2008-06-16 20:00:00,Peak_Shift,Medium,High consumption 1.53kW at 20.0h (peak). Shift washing/dishwasher to 13-16h off-peak.,0.305,hour=20 & kW>1.08
2008-06-16 21:00:00,Peak_Shift,Medium,High consumption 2.91kW at 21.0h (peak). Shift washing/dishwasher to 13-16h off-peak.,0.581,hour=21 & kW>1.05
2008-06-17 20:00:00,Peak_Shift,Medium,High consumption 1.64kW at 20.0h (peak). Shift washing/dishwasher to 13-16h off-peak.,0.328,hour=20 & kW>0.99
2008-06-17 21:00:00,Peak_Shift,Medium,High consumption 2.19kW at 21.0h (peak). Shift washing/dishwasher to 13-16h off-peak.,0.437,hour=21 & kW>0.95
2008-06-18 16:00:00,Anomaly_Inspection,High,Anomaly detected: 3.65kW vs expected 1.10kW (residual 2.55). Check appliance left on.,2.555,z_score=5.40 | abs_error=2.55
2008-06-18 19:00:00,Peak_Shift,High,High consumption 3.08kW at 19.0h (peak). Shift washing/dishwasher to 13-16h off-peak.,0.616,hour=19 & kW>1.56
2008-06-18 20:00:00,Peak_Shift,Medium,High consumption 1.72kW at 20.0h (peak). Shift washing/dishwasher to 13-16h off-peak.,0.345,hour=20 & kW>1.57
2008-06-18 21:00:00,Peak_Shift,Medium,High consumption 1.68kW at 21.0h (peak). Shift washing/dishwasher to 13-16h off-peak.,0.336,hour=21 & kW>1.54
2008-06-19 19:00:00,Peak_Shift,High,High consumption 3.19kW at 19.0h (peak). Shift washing/dishwasher to 13-16h off-peak.,0.639,hour=19 & kW>1.23
2008-06-19 20:00:00,Peak_Shift,Medium,High consumption 2.50kW at 20.0h (peak). Shift washing/dishwasher to 13-16h off-peak.,0.501,hour=20 & kW>1.27
2008-06-19 21:00:00,Peak_Shift,High,High consumption 3.35kW at 21.0h (peak). Shift washing/dishwasher to 13-16h off-peak.,0.67,hour=21 & kW>1.35
2008-06-20 18:00:00,Peak_Shift,Medium,High consumption 2.24kW at 18.0h (peak). Shift washing/dishwasher to 13-16h off-peak.,0.448,hour=18 & kW>1.45
2008-06-20 19:00:00,Peak_Shift,High,High consumption 3.73kW at 19.0h (peak). Shift washing/dishwasher to 13-16h off-peak.,0.746,hour=19 & kW>1.47
2008-06-20 20:00:00,Peak_Shift,Medium,High consumption 2.31kW at 20.0h (peak). Shift washing/dishwasher to 13-16h off-peak.,0.461,hour=20 & kW>1.46
2008-06-20 21:00:00,Peak_Shift,Medium,High consumption 2.58kW at 21.0h (peak). Shift washing/dishwasher to 13-16h off-peak.,0.515,hour=21 & kW>1.42
2008-06-21 21:00:00,Peak_Shift,Medium,High consumption 1.63kW at 21.0h (peak). Shift washing/dishwasher to 13-16h off-peak.,0.326,hour=21 & kW>1.41
2008-06-22 18:00:00,Peak_Shift,Medium,High consumption 2.18kW at 18.0h (peak). Shift washing/dishwasher to 13-16h off-peak.,0.436,hour=18 & kW>1.30
2008-06-22 19:00:00,Peak_Shift,Medium,High consumption 1.69kW at 19.0h (peak). Shift washing/dishwasher to 13-16h off-peak.,0.337,hour=19 & kW>1.32
2008-06-22 20:00:00,Peak_Shift,Medium,High consumption 1.84kW at 20.0h (peak). Shift washing/dishwasher to 13-16h off-peak.,0.367,hour=20 & kW>1.34
2008-06-22 21:00:00,Peak_Shift,Medium,High consumption 1.72kW at 21.0h (peak). Shift washing/dishwasher to 13-16h off-peak.,0.345,hour=21 & kW>1.35
2008-06-23 19:00:00,Peak_Shift,Medium,High consumption 1.80kW at 19.0h (peak). Shift washing/dishwasher to 13-16h off-peak.,0.359,hour=19 & kW>1.01
2008-06-24 19:00:00,Peak_Shift,Medium,High consumption 1.70kW at 19.0h (peak). Shift washing/dishwasher to 13-16h off-peak.,0.34,hour=19 & kW>1.51
2008-06-24 20:00:00,Peak_Shift,Medium,High consumption 1.67kW at 20.0h (peak). Shift washing/dishwasher to 13-16h off-peak.,0.333,hour=20 & kW>1.52
2008-06-25 20:00:00,Peak_Shift,Medium,High consumption 1.93kW at 20.0h (peak). Shift washing/dishwasher to 13-16h off-peak.,0.386,hour=20 & kW>1.03
2008-06-25 21:00:00,Peak_Shift,Medium,High consumption 1.94kW at 21.0h (peak). Shift washing/dishwasher to 13-16h off-peak.,0.387,hour=21 & kW>1.09
2008-06-27 18:00:00,Peak_Shift,Medium,High consumption 2.87kW at 18.0h (peak). Shift washing/dishwasher to 13-16h off-peak.,0.573,hour=18 & kW>1.12
2008-06-27 19:00:00,Peak_Shift,Medium,High consumption 2.34kW at 19.0h (peak). Shift washing/dishwasher to 13-16h off-peak.,0.467,hour=19 & kW>1.18
2008-06-27 21:00:00,Peak_Shift,Medium,High consumption 2.52kW at 21.0h (peak). Shift washing/dishwasher to 13-16h off-peak.,0.504,hour=21 & kW>1.25
2008-06-29 01:00:00,Night_Idle_Waste,Low,"Idle consumption 1.10kW at 1h. Check standby: router, fridge, Sub_metering_3.",0.804,hour in 1-5 & kW>0.8
2008-07-01 19:00:00,Peak_Shift,Medium,High consumption 2.97kW at 19.0h (peak). Shift washing/dishwasher to 13-16h off-peak.,0.593,hour=19 & kW>0.69
2008-07-01 20:00:00,Peak_Shift,Medium,High consumption 2.54kW at 20.0h (peak). Shift washing/dishwasher to 13-16h off-peak.,0.508,hour=20 & kW>0.80
2008-07-01 21:00:00,Peak_Shift,Medium,High consumption 1.78kW at 21.0h (peak). Shift washing/dishwasher to 13-16h off-peak.,0.356,hour=21 & kW>0.88
2008-07-03 21:00:00,Peak_Shift,High,High consumption 3.66kW at 21.0h (peak). Shift washing/dishwasher to 13-16h off-peak.,0.731,hour=21 & kW>0.87
2008-07-06 19:00:00,Peak_Shift,Medium,High consumption 2.08kW at 19.0h (peak). Shift washing/dishwasher to 13-16h off-peak.,0.415,hour=19 & kW>1.38
2008-07-07 21:00:00,Peak_Shift,Medium,High consumption 2.30kW at 21.0h (peak). Shift washing/dishwasher to 13-16h off-peak.,0.46,hour=21 & kW>0.98
2008-07-08 04:00:00,Night_Idle_Waste,Low,"Idle consumption 0.87kW at 4h. Check standby: router, fridge, Sub_metering_3.",0.567,hour in 1-5 & kW>0.8
2008-07-08 21:00:00,Peak_Shift,Medium,High consumption 2.06kW at 21.0h (peak). Shift washing/dishwasher to 13-16h off-peak.,0.412,hour=21 & kW>0.82
2008-07-09 20:00:00,Peak_Shift,Medium,High consumption 1.61kW at 20.0h (peak). Shift washing/dishwasher to 13-16h off-peak.,0.322,hour=20 & kW>0.90
2008-07-10 19:00:00,Peak_Shift,Medium,High consumption 2.07kW at 19.0h (peak). Shift washing/dishwasher to 13-16h off-peak.,0.414,hour=19 & kW>1.04
2008-07-14 18:00:00,Peak_Shift,Medium,High consumption 2.28kW at 18.0h (peak). Shift washing/dishwasher to 13-16h off-peak.,0.455,hour=18 & kW>0.91
2008-07-14 19:00:00,Peak_Shift,Medium,High consumption 2.29kW at 19.0h (peak). Shift washing/dishwasher to 13-16h off-peak.,0.459,hour=19 & kW>0.99
2008-07-14 20:00:00,Peak_Shift,Medium,High consumption 1.75kW at 20.0h (peak). Shift washing/dishwasher to 13-16h off-peak.,0.351,hour=20 & kW>1.02
2008-07-16 01:00:00,Night_Idle_Waste,Low,"Idle consumption 0.89kW at 1h. Check standby: router, fridge, Sub_metering_3.",0.589,hour in 1-5 & kW>0.8
2008-07-16 20:00:00,Peak_Shift,Medium,High consumption 1.58kW at 20.0h (peak). Shift washing/dishwasher to 13-16h off-peak.,0.316,hour=20 & kW>0.77
2008-07-16 21:00:00,Peak_Shift,High,High consumption 3.84kW at 21.0h (peak). Shift washing/dishwasher to 13-16h off-peak.,0.768,hour=21 & kW>0.92
2008-07-17 19:00:00,Peak_Shift,Medium,High consumption 1.68kW at 19.0h (peak). Shift washing/dishwasher to 13-16h off-peak.,0.336,hour=19 & kW>1.17
2008-07-18 04:00:00,Night_Idle_Waste,Low,"Idle consumption 0.90kW at 4h. Check standby: router, fridge, Sub_metering_3.",0.599,hour in 1-5 & kW>0.8
2008-07-18 20:00:00,Peak_Shift,Medium,High consumption 1.78kW at 20.0h (peak). Shift washing/dishwasher to 13-16h off-peak.,0.356,hour=20 & kW>1.05
2008-07-18 21:00:00,Peak_Shift,Medium,High consumption 2.07kW at 21.0h (peak). Shift washing/dishwasher to 13-16h off-peak.,0.414,hour=21 & kW>1.08
2008-07-21 21:00:00,Peak_Shift,Medium,High consumption 2.22kW at 21.0h (peak). Shift washing/dishwasher to 13-16h off-peak.,0.444,hour=21 & kW>0.94
2008-07-23 05:00:00,Night_Idle_Waste,Low,"Idle consumption 0.92kW at 5h. Check standby: router, fridge, Sub_metering_3.",0.622,hour in 1-5 & kW>0.8
2008-07-24 21:00:00,Peak_Shift,Medium,High consumption 2.87kW at 21.0h (peak). Shift washing/dishwasher to 13-16h off-peak.,0.573,hour=21 & kW>0.95
2008-07-25 21:00:00,Peak_Shift,Medium,High consumption 1.67kW at 21.0h (peak). Shift washing/dishwasher to 13-16h off-peak.,0.335,hour=21 & kW>0.66
2008-07-27 19:00:00,Peak_Shift,Medium,High consumption 1.67kW at 19.0h (peak). Shift washing/dishwasher to 13-16h off-peak.,0.333,hour=19 & kW>0.79
2008-07-27 20:00:00,Peak_Shift,Medium,High consumption 1.63kW at 20.0h (peak). Shift washing/dishwasher to 13-16h off-peak.,0.325,hour=20 & kW>0.86
2008-07-27 21:00:00,Peak_Shift,Medium,High consumption 1.63kW at 21.0h (peak). Shift washing/dishwasher to 13-16h off-peak.,0.326,hour=21 & kW>0.92
2008-07-28 05:00:00,Night_Idle_Waste,Low,"Idle consumption 1.00kW at 5h. Check standby: router, fridge, Sub_metering_3.",0.697,hour in 1-5 & kW>0.8
2008-07-29 03:00:00,Night_Idle_Waste,Low,"Idle consumption 0.99kW at 3h. Check standby: router, fridge, Sub_metering_3.",0.689,hour in 1-5 & kW>0.8
2008-07-29 19:00:00,Peak_Shift,Medium,High consumption 1.60kW at 19.0h (peak). Shift washing/dishwasher to 13-16h off-peak.,0.319,hour=19 & kW>0.89
2008-07-30 19:00:00,Peak_Shift,Medium,High consumption 1.63kW at 19.0h (peak). Shift washing/dishwasher to 13-16h off-peak.,0.326,hour=19 & kW>0.93
2008-07-30 20:00:00,Peak_Shift,Medium,High consumption 1.98kW at 20.0h (peak). Shift washing/dishwasher to 13-16h off-peak.,0.396,hour=20 & kW>0.99
2008-07-30 21:00:00,Peak_Shift,Medium,High consumption 2.25kW at 21.0h (peak). Shift washing/dishwasher to 13-16h off-peak.,0.45,hour=21 & kW>1.02
2008-07-31 19:00:00,Peak_Shift,Medium,High consumption 1.51kW at 19.0h (peak). Shift washing/dishwasher to 13-16h off-peak.,0.302,hour=19 & kW>1.05
2008-07-31 20:00:00,Peak_Shift,Medium,High consumption 2.42kW at 20.0h (peak). Shift washing/dishwasher to 13-16h off-peak.,0.484,hour=20 & kW>1.07
2008-07-31 21:00:00,Peak_Shift,Medium,High consumption 1.66kW at 21.0h (peak). Shift washing/dishwasher to 13-16h off-peak.,0.332,hour=21 & kW>1.04
2008-08-04 18:00:00,Peak_Shift,Medium,High consumption 2.17kW at 18.0h (peak). Shift washing/dishwasher to 13-16h off-peak.,0.434,hour=18 & kW>0.56
2008-08-04 19:00:00,Peak_Shift,Medium,High consumption 2.57kW at 19.0h (peak). Shift washing/dishwasher to 13-16h off-peak.,0.513,hour=19 & kW>0.67
2008-08-04 20:00:00,Peak_Shift,Medium,High consumption 1.60kW at 20.0h (peak). Shift washing/dishwasher to 13-16h off-peak.,0.319,hour=20 & kW>0.71
2008-08-04 21:00:00,Peak_Shift,Medium,High consumption 2.31kW at 21.0h (peak). Shift washing/dishwasher to 13-16h off-peak.,0.462,hour=21 & kW>0.79
2008-08-31 18:00:00,Peak_Shift,Medium,High consumption 2.56kW at 18.0h (peak). Shift washing/dishwasher to 13-16h off-peak.,0.512,hour=18 & kW>0.77
2008-08-31 19:00:00,Peak_Shift,Medium,High consumption 2.64kW at 19.0h (peak). Shift washing/dishwasher to 13-16h off-peak.,0.529,hour=19 & kW>0.89
2008-08-31 20:00:00,Peak_Shift,Medium,High consumption 1.64kW at 20.0h (peak). Shift washing/dishwasher to 13-16h off-peak.,0.328,hour=20 & kW>0.96
2008-08-31 21:00:00,Peak_Shift,High,High consumption 3.18kW at 21.0h (peak). Shift washing/dishwasher to 13-16h off-peak.,0.636,hour=21 & kW>1.11
2008-09-02 19:00:00,Peak_Shift,Medium,High consumption 2.41kW at 19.0h (peak). Shift washing/dishwasher to 13-16h off-peak.,0.483,hour=19 & kW>1.04
2008-09-02 20:00:00,Peak_Shift,Medium,High consumption 1.83kW at 20.0h (peak). Shift washing/dishwasher to 13-16h off-peak.,0.367,hour=20 & kW>1.11
2008-09-02 21:00:00,Peak_Shift,Medium,High consumption 2.10kW at 21.0h (peak). Shift washing/dishwasher to 13-16h off-peak.,0.419,hour=21 & kW>1.17
2008-09-03 05:00:00,Night_Idle_Waste,Low,"Idle consumption 0.92kW at 5h. Check standby: router, fridge, Sub_metering_3.",0.622,hour in 1-5 & kW>0.8
2008-09-03 20:00:00,Peak_Shift,Medium,High consumption 2.91kW at 20.0h (peak). Shift washing/dishwasher to 13-16h off-peak.,0.583,hour=20 & kW>1.26
2008-09-03 21:00:00,Peak_Shift,Medium,High consumption 1.81kW at 21.0h (peak). Shift washing/dishwasher to 13-16h off-peak.,0.362,hour=21 & kW>1.25
2008-09-04 20:00:00,Peak_Shift,Medium,High consumption 1.57kW at 20.0h (peak). Shift washing/dishwasher to 13-16h off-peak.,0.314,hour=20 & kW>0.94
2008-09-04 21:00:00,Peak_Shift,Medium,High consumption 2.82kW at 21.0h (peak). Shift washing/dishwasher to 13-16h off-peak.,0.564,hour=21 & kW>0.99
2008-09-06 19:00:00,Peak_Shift,Medium,High consumption 2.54kW at 19.0h (peak). Shift washing/dishwasher to 13-16h off-peak.,0.507,hour=19 & kW>1.38
2008-09-06 20:00:00,Peak_Shift,Medium,High consumption 1.82kW at 20.0h (peak). Shift washing/dishwasher to 13-16h off-peak.,0.363,hour=20 & kW>1.40
2008-09-07 20:00:00,Peak_Shift,Medium,High consumption 2.38kW at 20.0h (peak). Shift washing/dishwasher to 13-16h off-peak.,0.476,hour=20 & kW>1.16
2008-09-07 21:00:00,Peak_Shift,Medium,High consumption 2.45kW at 21.0h (peak). Shift washing/dishwasher to 13-16h off-peak.,0.491,hour=21 & kW>1.21
2008-09-08 20:00:00,Peak_Shift,Medium,High consumption 2.44kW at 20.0h (peak). Shift washing/dishwasher to 13-16h off-peak.,0.487,hour=20 & kW>1.01
2008-09-08 21:00:00,Peak_Shift,High,High consumption 3.06kW at 21.0h (peak). Shift washing/dishwasher to 13-16h off-peak.,0.611,hour=21 & kW>1.04
2008-09-09 21:00:00,Peak_Shift,Medium,High consumption 1.59kW at 21.0h (peak). Shift washing/dishwasher to 13-16h off-peak.,0.318,hour=21 & kW>1.05
2008-09-10 21:00:00,Peak_Shift,Medium,High consumption 2.22kW at 21.0h (peak). Shift washing/dishwasher to 13-16h off-peak.,0.444,hour=21 & kW>1.04
2008-09-11 20:00:00,Peak_Shift,Medium,High consumption 1.78kW at 20.0h (peak). Shift washing/dishwasher to 13-16h off-peak.,0.355,hour=20 & kW>0.97
2008-09-12 19:00:00,Peak_Shift,Medium,High consumption 1.98kW at 19.0h (peak). Shift washing/dishwasher to 13-16h off-peak.,0.396,hour=19 & kW>1.01
2008-09-12 20:00:00,Peak_Shift,Medium,High consumption 2.14kW at 20.0h (peak). Shift washing/dishwasher to 13-16h off-peak.,0.428,hour=20 & kW>1.03
2008-09-12 21:00:00,Peak_Shift,Medium,High consumption 2.10kW at 21.0h (peak). Shift washing/dishwasher to 13-16h off-peak.,0.419,hour=21 & kW>1.07
2008-09-13 19:00:00,Peak_Shift,Medium,High consumption 1.67kW at 19.0h (peak). Shift washing/dishwasher to 13-16h off-peak.,0.335,hour=19 & kW>1.53
2008-09-13 20:00:00,Peak_Shift,Medium,High consumption 1.66kW at 20.0h (peak). Shift washing/dishwasher to 13-16h off-peak.,0.332,hour=20 & kW>1.50
2008-09-14 05:00:00,Night_Idle_Waste,Low,"Idle consumption 0.96kW at 5h. Check standby: router, fridge, Sub_metering_3.",0.66,hour in 1-5 & kW>0.8
2008-09-14 20:00:00,Peak_Shift,High,High consumption 3.30kW at 20.0h (peak). Shift washing/dishwasher to 13-16h off-peak.,0.661,hour=20 & kW>1.23
2008-09-14 21:00:00,Peak_Shift,Medium,High consumption 1.83kW at 21.0h (peak). Shift washing/dishwasher to 13-16h off-peak.,0.365,hour=21 & kW>1.29
2008-09-15 04:00:00,Night_Idle_Waste,Low,"Idle consumption 1.01kW at 4h. Check standby: router, fridge, Sub_metering_3.",0.711,hour in 1-5 & kW>0.8
2008-09-15 18:00:00,Peak_Shift,Medium,High consumption 1.55kW at 18.0h (peak). Shift washing/dishwasher to 13-16h off-peak.,0.31,hour=18 & kW>1.34
2008-09-15 19:00:00,Peak_Shift,Medium,High consumption 2.67kW at 19.0h (peak). Shift washing/dishwasher to 13-16h off-peak.,0.534,hour=19 & kW>1.41
2008-09-15 20:00:00,Peak_Shift,Medium,High consumption 2.28kW at 20.0h (peak). Shift washing/dishwasher to 13-16h off-peak.,0.456,hour=20 & kW>1.35
2008-09-15 21:00:00,Peak_Shift,Medium,High consumption 2.59kW at 21.0h (peak). Shift washing/dishwasher to 13-16h off-peak.,0.518,hour=21 & kW>1.39
2008-09-16 20:00:00,Peak_Shift,Medium,High consumption 1.57kW at 20.0h (peak). Shift washing/dishwasher to 13-16h off-peak.,0.313,hour=20 & kW>1.09
2008-09-17 20:00:00,Peak_Shift,Medium,High consumption 2.30kW at 20.0h (peak). Shift washing/dishwasher to 13-16h off-peak.,0.461,hour=20 & kW>1.20
2008-09-17 21:00:00,Peak_Shift,Medium,High consumption 2.49kW at 21.0h (peak). Shift washing/dishwasher to 13-16h off-peak.,0.499,hour=21 & kW>1.25
2008-09-18 19:00:00,Peak_Shift,Medium,High consumption 1.72kW at 19.0h (peak). Shift washing/dishwasher to 13-16h off-peak.,0.343,hour=19 & kW>1.16
2008-09-18 20:00:00,Peak_Shift,High,High consumption 3.13kW at 20.0h (peak). Shift washing/dishwasher to 13-16h off-peak.,0.626,hour=20 & kW>1.20
2008-09-18 21:00:00,Peak_Shift,Medium,High consumption 2.54kW at 21.0h (peak). Shift washing/dishwasher to 13-16h off-peak.,0.508,hour=21 & kW>1.20
2008-09-19 19:00:00,Peak_Shift,Medium,High consumption 1.69kW at 19.0h (peak). Shift washing/dishwasher to 13-16h off-peak.,0.338,hour=19 & kW>1.36
2008-09-19 20:00:00,Peak_Shift,Medium,High consumption 2.78kW at 20.0h (peak). Shift washing/dishwasher to 13-16h off-peak.,0.557,hour=20 & kW>1.34
2008-09-19 21:00:00,Peak_Shift,Medium,High consumption 2.49kW at 21.0h (peak). Shift washing/dishwasher to 13-16h off-peak.,0.497,hour=21 & kW>1.34
2008-09-20 03:00:00,Night_Idle_Waste,Low,"Idle consumption 0.98kW at 3h. Check standby: router, fridge, Sub_metering_3.",0.681,hour in 1-5 & kW>0.8
2008-09-20 05:00:00,Night_Idle_Waste,Low,"Idle consumption 0.99kW at 5h. Check standby: router, fridge, Sub_metering_3.",0.687,hour in 1-5 & kW>0.8
2008-09-21 18:00:00,Peak_Shift,Medium,High consumption 1.64kW at 18.0h (peak). Shift washing/dishwasher to 13-16h off-peak.,0.328,hour=18 & kW>1.05
2008-09-21 19:00:00,Peak_Shift,Medium,High consumption 1.63kW at 19.0h (peak). Shift washing/dishwasher to 13-16h off-peak.,0.326,hour=19 & kW>1.12
2008-09-21 20:00:00,Peak_Shift,High,High consumption 3.05kW at 20.0h (peak). Shift washing/dishwasher to 13-16h off-peak.,0.609,hour=20 & kW>1.25
2008-09-21 21:00:00,Peak_Shift,Medium,High consumption 1.53kW at 21.0h (peak). Shift washing/dishwasher to 13-16h off-peak.,0.307,hour=21 & kW>1.32
2008-09-22 20:00:00,Peak_Shift,High,High consumption 4.29kW at 20.0h (peak). Shift washing/dishwasher to 13-16h off-peak.,0.858,hour=20 & kW>1.09
2008-09-22 21:00:00,Peak_Shift,Medium,High consumption 1.71kW at 21.0h (peak). Shift washing/dishwasher to 13-16h off-peak.,0.343,hour=21 & kW>1.10
2008-09-23 02:00:00,Night_Idle_Waste,Low,"Idle consumption 0.86kW at 2h. Check standby: router, fridge, Sub_metering_3.",0.558,hour in 1-5 & kW>0.8
2008-09-23 20:00:00,Peak_Shift,Medium,High consumption 1.63kW at 20.0h (peak). Shift washing/dishwasher to 13-16h off-peak.,0.326,hour=20 & kW>1.01
2008-09-24 20:00:00,Peak_Shift,Medium,High consumption 1.54kW at 20.0h (peak). Shift washing/dishwasher to 13-16h off-peak.,0.308,hour=20 & kW>1.34
2008-09-24 21:00:00,Peak_Shift,Medium,High consumption 2.85kW at 21.0h (peak). Shift washing/dishwasher to 13-16h off-peak.,0.571,hour=21 & kW>1.42
2008-09-25 20:00:00,Peak_Shift,Medium,High consumption 1.89kW at 20.0h (peak). Shift washing/dishwasher to 13-16h off-peak.,0.379,hour=20 & kW>0.99
2008-09-25 21:00:00,Peak_Shift,Medium,High consumption 1.96kW at 21.0h (peak). Shift washing/dishwasher to 13-16h off-peak.,0.393,hour=21 & kW>0.94
2008-09-26 19:00:00,Peak_Shift,Medium,High consumption 2.93kW at 19.0h (peak). Shift washing/dishwasher to 13-16h off-peak.,0.587,hour=19 & kW>1.19
2008-09-26 20:00:00,Peak_Shift,Medium,High consumption 1.96kW at 20.0h (peak). Shift washing/dishwasher to 13-16h off-peak.,0.392,hour=20 & kW>1.19
2008-09-26 21:00:00,Peak_Shift,Medium,High consumption 2.01kW at 21.0h (peak). Shift washing/dishwasher to 13-16h off-peak.,0.403,hour=21 & kW>1.19
2008-09-27 18:00:00,Peak_Shift,Medium,High consumption 2.98kW at 18.0h (peak). Shift washing/dishwasher to 13-16h off-peak.,0.596,hour=18 & kW>1.44
2008-09-27 19:00:00,Peak_Shift,High,High consumption 3.49kW at 19.0h (peak). Shift washing/dishwasher to 13-16h off-peak.,0.698,hour=19 & kW>1.47
2008-09-27 20:00:00,Peak_Shift,High,High consumption 3.61kW at 20.0h (peak). Shift washing/dishwasher to 13-16h off-peak.,0.722,hour=20 & kW>1.55
2008-09-27 21:00:00,Peak_Shift,High,High consumption 3.32kW at 21.0h (peak). Shift washing/dishwasher to 13-16h off-peak.,0.665,hour=21 & kW>1.62
2008-09-28 01:00:00,Night_Idle_Waste,Low,"Idle consumption 0.97kW at 1h. Check standby: router, fridge, Sub_metering_3.",0.667,hour in 1-5 & kW>0.8
2008-09-28 02:00:00,Night_Idle_Waste,Low,"Idle consumption 1.23kW at 2h. Check standby: router, fridge, Sub_metering_3.",0.928,hour in 1-5 & kW>0.8
2008-09-28 03:00:00,Night_Idle_Waste,Low,"Idle consumption 1.25kW at 3h. Check standby: router, fridge, Sub_metering_3.",0.954,hour in 1-5 & kW>0.8
2008-09-28 20:00:00,Peak_Shift,Medium,High consumption 2.51kW at 20.0h (peak). Shift washing/dishwasher to 13-16h off-peak.,0.502,hour=20 & kW>1.58
2008-09-28 21:00:00,Peak_Shift,High,High consumption 3.10kW at 21.0h (peak). Shift washing/dishwasher to 13-16h off-peak.,0.621,hour=21 & kW>1.57
2008-09-29 05:00:00,Night_Idle_Waste,Low,"Idle consumption 0.97kW at 5h. Check standby: router, fridge, Sub_metering_3.",0.673,hour in 1-5 & kW>0.8
2008-09-29 21:00:00,Peak_Shift,Medium,High consumption 2.06kW at 21.0h (peak). Shift washing/dishwasher to 13-16h off-peak.,0.412,hour=21 & kW>1.23
2008-09-30 19:00:00,Peak_Shift,Medium,High consumption 1.57kW at 19.0h (peak). Shift washing/dishwasher to 13-16h off-peak.,0.313,hour=19 & kW>1.08
2008-09-30 20:00:00,Peak_Shift,Medium,High consumption 2.38kW at 20.0h (peak). Shift washing/dishwasher to 13-16h off-peak.,0.475,hour=20 & kW>1.13
2008-09-30 21:00:00,Peak_Shift,High,High consumption 3.48kW at 21.0h (peak). Shift washing/dishwasher to 13-16h off-peak.,0.697,hour=21 & kW>1.20
2008-10-01 20:00:00,Peak_Shift,Medium,High consumption 2.43kW at 20.0h (peak). Shift washing/dishwasher to 13-16h off-peak.,0.486,hour=20 & kW>1.63
2008-10-01 21:00:00,Peak_Shift,Medium,High consumption 2.78kW at 21.0h (peak). Shift washing/dishwasher to 13-16h off-peak.,0.555,hour=21 & kW>1.59
2008-10-02 20:00:00,Peak_Shift,Medium,High consumption 1.98kW at 20.0h (peak). Shift washing/dishwasher to 13-16h off-peak.,0.397,hour=20 & kW>1.14
2008-10-03 19:00:00,Peak_Shift,Medium,High consumption 1.99kW at 19.0h (peak). Shift washing/dishwasher to 13-16h off-peak.,0.399,hour=19 & kW>1.18
2008-10-03 20:00:00,Peak_Shift,High,High consumption 3.56kW at 20.0h (peak). Shift washing/dishwasher to 13-16h off-peak.,0.712,hour=20 & kW>1.26
2008-10-03 21:00:00,Peak_Shift,Medium,High consumption 2.88kW at 21.0h (peak). Shift washing/dishwasher to 13-16h off-peak.,0.576,hour=21 & kW>1.35
2008-10-04 01:00:00,Night_Idle_Waste,Low,"Idle consumption 1.94kW at 1h. Check standby: router, fridge, Sub_metering_3.",1.643,hour in 1-5 & kW>0.8
2008-10-04 02:00:00,Night_Idle_Waste,Low,"Idle consumption 1.47kW at 2h. Check standby: router, fridge, Sub_metering_3.",1.174,hour in 1-5 & kW>0.8
2008-10-04 03:00:00,Night_Idle_Waste,Low,"Idle consumption 1.59kW at 3h. Check standby: router, fridge, Sub_metering_3.",1.29,hour in 1-5 & kW>0.8
2008-10-04 04:00:00,Night_Idle_Waste,Low,"Idle consumption 1.44kW at 4h. Check standby: router, fridge, Sub_metering_3.",1.137,hour in 1-5 & kW>0.8
2008-10-04 05:00:00,Night_Idle_Waste,Low,"Idle consumption 2.12kW at 5h. Check standby: router, fridge, Sub_metering_3.",1.824,hour in 1-5 & kW>0.8
2008-10-05 01:00:00,Night_Idle_Waste,Low,"Idle consumption 1.45kW at 1h. Check standby: router, fridge, Sub_metering_3.",1.149,hour in 1-5 & kW>0.8
2008-10-05 03:00:00,Night_Idle_Waste,Low,"Idle consumption 1.16kW at 3h. Check standby: router, fridge, Sub_metering_3.",0.865,hour in 1-5 & kW>0.8
2008-10-05 04:00:00,Night_Idle_Waste,Low,"Idle consumption 1.12kW at 4h. Check standby: router, fridge, Sub_metering_3.",0.822,hour in 1-5 & kW>0.8
2008-10-06 01:00:00,Night_Idle_Waste,Low,"Idle consumption 2.26kW at 1h. Check standby: router, fridge, Sub_metering_3.",1.957,hour in 1-5 & kW>0.8
2008-10-06 02:00:00,Night_Idle_Waste,Low,"Idle consumption 1.72kW at 2h. Check standby: router, fridge, Sub_metering_3.",1.423,hour in 1-5 & kW>0.8
2008-10-06 03:00:00,Night_Idle_Waste,Low,"Idle consumption 1.61kW at 3h. Check standby: router, fridge, Sub_metering_3.",1.306,hour in 1-5 & kW>0.8
2008-10-06 04:00:00,Night_Idle_Waste,Low,"Idle consumption 1.43kW at 4h. Check standby: router, fridge, Sub_metering_3.",1.127,hour in 1-5 & kW>0.8
2008-10-06 05:00:00,Night_Idle_Waste,Low,"Idle consumption 1.14kW at 5h. Check standby: router, fridge, Sub_metering_3.",0.843,hour in 1-5 & kW>0.8
2008-10-06 20:00:00,Peak_Shift,Medium,High consumption 2.31kW at 20.0h (peak). Shift washing/dishwasher to 13-16h off-peak.,0.461,hour=20 & kW>1.00
2008-10-06 21:00:00,Peak_Shift,Medium,High consumption 1.89kW at 21.0h (peak). Shift washing/dishwasher to 13-16h off-peak.,0.379,hour=21 & kW>1.08
2008-10-07 20:00:00,Peak_Shift,Medium,High consumption 2.33kW at 20.0h (peak). Shift washing/dishwasher to 13-16h off-peak.,0.466,hour=20 & kW>1.36
2008-10-07 21:00:00,Peak_Shift,High,High consumption 3.28kW at 21.0h (peak). Shift washing/dishwasher to 13-16h off-peak.,0.657,hour=21 & kW>1.43
2008-10-08 20:00:00,Peak_Shift,Medium,High consumption 2.21kW at 20.0h (peak). Shift washing/dishwasher to 13-16h off-peak.,0.443,hour=20 & kW>1.58
2008-10-08 21:00:00,Peak_Shift,Medium,High consumption 2.71kW at 21.0h (peak). Shift washing/dishwasher to 13-16h off-peak.,0.543,hour=21 & kW>1.55
2008-10-09 20:00:00,Peak_Shift,Medium,High consumption 2.42kW at 20.0h (peak). Shift washing/dishwasher to 13-16h off-peak.,0.484,hour=20 & kW>1.73
2008-10-09 21:00:00,Peak_Shift,Medium,High consumption 2.45kW at 21.0h (peak). Shift washing/dishwasher to 13-16h off-peak.,0.49,hour=21 & kW>1.71
2008-10-10 20:00:00,Peak_Shift,Medium,High consumption 1.77kW at 20.0h (peak). Shift washing/dishwasher to 13-16h off-peak.,0.354,hour=20 & kW>1.33
2008-10-11 05:00:00,Night_Idle_Waste,Low,"Idle consumption 1.17kW at 5h. Check standby: router, fridge, Sub_metering_3.",0.871,hour in 1-5 & kW>0.8
2008-10-11 19:00:00,Peak_Shift,Medium,High consumption 2.53kW at 19.0h (peak). Shift washing/dishwasher to 13-16h off-peak.,0.506,hour=19 & kW>1.32
2008-10-11 20:00:00,Peak_Shift,Medium,High consumption 2.12kW at 20.0h (peak). Shift washing/dishwasher to 13-16h off-peak.,0.424,hour=20 & kW>1.34
2008-10-11 21:00:00,Peak_Shift,Medium,High consumption 1.67kW at 21.0h (peak). Shift washing/dishwasher to 13-16h off-peak.,0.333,hour=21 & kW>1.38
2008-10-12 01:00:00,Night_Idle_Waste,Low,"Idle consumption 0.84kW at 1h. Check standby: router, fridge, Sub_metering_3.",0.535,hour in 1-5 & kW>0.8
2008-10-12 18:00:00,Peak_Shift,Medium,High consumption 2.45kW at 18.0h (peak). Shift washing/dishwasher to 13-16h off-peak.,0.49,hour=18 & kW>1.28
2008-10-12 19:00:00,Peak_Shift,High,High consumption 4.91kW at 19.0h (peak). Shift washing/dishwasher to 13-16h off-peak.,0.982,hour=19 & kW>1.40
2008-10-12 20:00:00,Peak_Shift,High,High consumption 4.91kW at 20.0h (peak). Shift washing/dishwasher to 13-16h off-peak.,0.983,hour=20 & kW>1.54
2008-10-12 21:00:00,Peak_Shift,Medium,High consumption 2.46kW at 21.0h (peak). Shift washing/dishwasher to 13-16h off-peak.,0.492,hour=21 & kW>1.58
2008-10-13 20:00:00,Peak_Shift,Medium,High consumption 1.92kW at 20.0h (peak). Shift washing/dishwasher to 13-16h off-peak.,0.384,hour=20 & kW>1.29
2008-10-13 21:00:00,Peak_Shift,Medium,High consumption 2.27kW at 21.0h (peak). Shift washing/dishwasher to 13-16h off-peak.,0.454,hour=21 & kW>1.28
2008-10-14 02:00:00,Night_Idle_Waste,Low,"Idle consumption 0.80kW at 2h. Check standby: router, fridge, Sub_metering_3.",0.5,hour in 1-5 & kW>0.8
2008-10-14 19:00:00,Peak_Shift,Medium,High consumption 1.98kW at 19.0h (peak). Shift washing/dishwasher to 13-16h off-peak.,0.397,hour=19 & kW>1.29
2008-10-14 20:00:00,Peak_Shift,Medium,High consumption 2.02kW at 20.0h (peak). Shift washing/dishwasher to 13-16h off-peak.,0.403,hour=20 & kW>1.29
2008-10-14 21:00:00,Peak_Shift,Medium,High consumption 2.26kW at 21.0h (peak). Shift washing/dishwasher to 13-16h off-peak.,0.451,hour=21 & kW>1.29
2008-10-15 18:00:00,Peak_Shift,Medium,High consumption 2.07kW at 18.0h (peak). Shift washing/dishwasher to 13-16h off-peak.,0.413,hour=18 & kW>1.78
2008-10-15 19:00:00,Peak_Shift,Medium,High consumption 2.19kW at 19.0h (peak). Shift washing/dishwasher to 13-16h off-peak.,0.439,hour=19 & kW>1.79
2008-10-15 20:00:00,Peak_Shift,Medium,High consumption 1.95kW at 20.0h (peak). Shift washing/dishwasher to 13-16h off-peak.,0.39,hour=20 & kW>1.79
2008-10-16 20:00:00,Peak_Shift,Medium,High consumption 2.52kW at 20.0h (peak). Shift washing/dishwasher to 13-16h off-peak.,0.505,hour=20 & kW>1.36
2008-10-16 21:00:00,Peak_Shift,Medium,High consumption 2.07kW at 21.0h (peak). Shift washing/dishwasher to 13-16h off-peak.,0.414,hour=21 & kW>1.38
2008-10-17 19:00:00,Peak_Shift,Medium,High consumption 2.32kW at 19.0h (peak). Shift washing/dishwasher to 13-16h off-peak.,0.464,hour=19 & kW>1.36
2008-10-17 20:00:00,Peak_Shift,High,High consumption 4.98kW at 20.0h (peak). Shift washing/dishwasher to 13-16h off-peak.,0.996,hour=20 & kW>1.48
2008-10-17 21:00:00,Peak_Shift,High,High consumption 3.02kW at 21.0h (peak). Shift washing/dishwasher to 13-16h off-peak.,0.604,hour=21 & kW>1.53
2008-10-18 05:00:00,Night_Idle_Waste,Low,"Idle consumption 1.02kW at 5h. Check standby: router, fridge, Sub_metering_3.",0.717,hour in 1-5 & kW>0.8
2008-10-18 18:00:00,Peak_Shift,Medium,High consumption 1.84kW at 18.0h (peak). Shift washing/dishwasher to 13-16h off-peak.,0.369,hour=18 & kW>1.62
2008-10-18 19:00:00,Peak_Shift,Medium,High consumption 2.71kW at 19.0h (peak). Shift washing/dishwasher to 13-16h off-peak.,0.541,hour=19 & kW>1.64
2008-10-18 20:00:00,Peak_Shift,High,High consumption 3.97kW at 20.0h (peak). Shift washing/dishwasher to 13-16h off-peak.,0.793,hour=20 & kW>1.59
2008-10-18 21:00:00,Peak_Shift,High,High consumption 3.04kW at 21.0h (peak). Shift washing/dishwasher to 13-16h off-peak.,0.607,hour=21 & kW>1.59
2008-10-19 01:00:00,Night_Idle_Waste,Low,"Idle consumption 5.76kW at 1h. Check standby: router, fridge, Sub_metering_3.",5.459,hour in 1-5 & kW>0.8
2008-10-19 02:00:00,Night_Idle_Waste,Low,"Idle consumption 1.20kW at 2h. Check standby: router, fridge, Sub_metering_3.",0.896,hour in 1-5 & kW>0.8
2008-10-19 19:00:00,Peak_Shift,Medium,High consumption 2.13kW at 19.0h (peak). Shift washing/dishwasher to 13-16h off-peak.,0.426,hour=19 & kW>2.11
2008-10-20 01:00:00,Night_Idle_Waste,Low,"Idle consumption 0.94kW at 1h. Check standby: router, fridge, Sub_metering_3.",0.639,hour in 1-5 & kW>0.8
2008-10-20 19:00:00,Peak_Shift,Medium,High consumption 1.68kW at 19.0h (peak). Shift washing/dishwasher to 13-16h off-peak.,0.337,hour=19 & kW>1.29
2008-10-20 20:00:00,Peak_Shift,High,High consumption 3.18kW at 20.0h (peak). Shift washing/dishwasher to 13-16h off-peak.,0.637,hour=20 & kW>1.35
2008-10-20 21:00:00,Peak_Shift,Medium,High consumption 2.90kW at 21.0h (peak). Shift washing/dishwasher to 13-16h off-peak.,0.58,hour=21 & kW>1.41
2008-10-21 05:00:00,Night_Idle_Waste,Low,"Idle consumption 1.02kW at 5h. Check standby: router, fridge, Sub_metering_3.",0.721,hour in 1-5 & kW>0.8
2008-10-21 18:00:00,Peak_Shift,Medium,High consumption 1.73kW at 18.0h (peak). Shift washing/dishwasher to 13-16h off-peak.,0.346,hour=18 & kW>1.62
2008-10-21 19:00:00,Peak_Shift,High,High consumption 3.08kW at 19.0h (peak). Shift washing/dishwasher to 13-16h off-peak.,0.616,hour=19 & kW>1.69
2008-10-21 20:00:00,Peak_Shift,High,High consumption 3.46kW at 20.0h (peak). Shift washing/dishwasher to 13-16h off-peak.,0.691,hour=20 & kW>1.70
2008-10-21 21:00:00,Peak_Shift,Medium,High consumption 2.60kW at 21.0h (peak). Shift washing/dishwasher to 13-16h off-peak.,0.52,hour=21 & kW>1.69
2008-10-22 05:00:00,Night_Idle_Waste,Low,"Idle consumption 1.01kW at 5h. Check standby: router, fridge, Sub_metering_3.",0.714,hour in 1-5 & kW>0.8
2008-10-22 20:00:00,Peak_Shift,Medium,High consumption 2.56kW at 20.0h (peak). Shift washing/dishwasher to 13-16h off-peak.,0.512,hour=20 & kW>1.38
2008-10-22 21:00:00,Peak_Shift,Medium,High consumption 2.46kW at 21.0h (peak). Shift washing/dishwasher to 13-16h off-peak.,0.491,hour=21 & kW>1.37
2008-10-23 05:00:00,Night_Idle_Waste,Low,"Idle consumption 0.80kW at 5h. Check standby: router, fridge, Sub_metering_3.",0.502,hour in 1-5 & kW>0.8
2008-10-23 19:00:00,Peak_Shift,Medium,High consumption 1.56kW at 19.0h (peak). Shift washing/dishwasher to 13-16h off-peak.,0.313,hour=19 & kW>1.53
2008-10-23 20:00:00,Peak_Shift,High,High consumption 3.70kW at 20.0h (peak). Shift washing/dishwasher to 13-16h off-peak.,0.739,hour=20 & kW>1.59
2008-10-23 21:00:00,Peak_Shift,Medium,High consumption 1.55kW at 21.0h (peak). Shift washing/dishwasher to 13-16h off-peak.,0.31,hour=21 & kW>1.54
2008-10-24 03:00:00,Night_Idle_Waste,Low,"Idle consumption 0.80kW at 3h. Check standby: router, fridge, Sub_metering_3.",0.501,hour in 1-5 & kW>0.8
2008-10-24 18:00:00,Peak_Shift,Medium,High consumption 1.76kW at 18.0h (peak). Shift washing/dishwasher to 13-16h off-peak.,0.352,hour=18 & kW>1.35
2008-10-24 19:00:00,Peak_Shift,High,High consumption 3.97kW at 19.0h (peak). Shift washing/dishwasher to 13-16h off-peak.,0.793,hour=19 & kW>1.47
2008-10-24 20:00:00,Peak_Shift,High,High consumption 4.74kW at 20.0h (peak). Shift washing/dishwasher to 13-16h off-peak.,0.948,hour=20 & kW>1.52
2008-10-24 21:00:00,Peak_Shift,High,High consumption 5.36kW at 21.0h (peak). Shift washing/dishwasher to 13-16h off-peak.,1.071,hour=21 & kW>1.71
2008-10-25 04:00:00,Night_Idle_Waste,Low,"Idle consumption 0.88kW at 4h. Check standby: router, fridge, Sub_metering_3.",0.581,hour in 1-5 & kW>0.8
2008-10-26 05:00:00,Night_Idle_Waste,Low,"Idle consumption 0.88kW at 5h. Check standby: router, fridge, Sub_metering_3.",0.576,hour in 1-5 & kW>0.8
2008-10-27 04:00:00,Night_Idle_Waste,Low,"Idle consumption 0.86kW at 4h. Check standby: router, fridge, Sub_metering_3.",0.561,hour in 1-5 & kW>0.8
2008-10-28 03:00:00,Night_Idle_Waste,Low,"Idle consumption 1.08kW at 3h. Check standby: router, fridge, Sub_metering_3.",0.784,hour in 1-5 & kW>0.8
2008-10-28 18:00:00,Peak_Shift,Medium,High consumption 1.77kW at 18.0h (peak). Shift washing/dishwasher to 13-16h off-peak.,0.353,hour=18 & kW>0.51
2008-10-28 19:00:00,Peak_Shift,Medium,High consumption 2.83kW at 19.0h (peak). Shift washing/dishwasher to 13-16h off-peak.,0.566,hour=19 & kW>0.63
2008-10-28 20:00:00,Peak_Shift,Medium,High consumption 2.48kW at 20.0h (peak). Shift washing/dishwasher to 13-16h off-peak.,0.496,hour=20 & kW>0.74
2008-10-28 21:00:00,Peak_Shift,High,High consumption 3.31kW at 21.0h (peak). Shift washing/dishwasher to 13-16h off-peak.,0.663,hour=21 & kW>0.90
2008-10-29 01:00:00,Night_Idle_Waste,Low,"Idle consumption 2.16kW at 1h. Check standby: router, fridge, Sub_metering_3.",1.857,hour in 1-5 & kW>0.8
2008-10-29 02:00:00,Night_Idle_Waste,Low,"Idle consumption 2.98kW at 2h. Check standby: router, fridge, Sub_metering_3.",2.679,hour in 1-5 & kW>0.8
2008-10-29 03:00:00,Night_Idle_Waste,Low,"Idle consumption 1.56kW at 3h. Check standby: router, fridge, Sub_metering_3.",1.258,hour in 1-5 & kW>0.8
2008-10-30 05:00:00,Night_Idle_Waste,Low,"Idle consumption 1.47kW at 5h. Check standby: router, fridge, Sub_metering_3.",1.166,hour in 1-5 & kW>0.8
2008-10-31 18:00:00,Peak_Shift,Medium,High consumption 1.53kW at 18.0h (peak). Shift washing/dishwasher to 13-16h off-peak.,0.306,hour=18 & kW>1.04
2008-10-31 19:00:00,Peak_Shift,Medium,High consumption 1.55kW at 19.0h (peak). Shift washing/dishwasher to 13-16h off-peak.,0.31,hour=19 & kW>1.09
2008-11-02 03:00:00,Night_Idle_Waste,Low,"Idle consumption 1.45kW at 3h. Check standby: router, fridge, Sub_metering_3.",1.153,hour in 1-5 & kW>0.8
2008-11-04 18:00:00,Peak_Shift,High,High consumption 3.74kW at 18.0h (peak). Shift washing/dishwasher to 13-16h off-peak.,0.747,hour=18 & kW>0.80
2008-11-04 19:00:00,Peak_Shift,Medium,High consumption 2.95kW at 19.0h (peak). Shift washing/dishwasher to 13-16h off-peak.,0.59,hour=19 & kW>0.91
2008-11-04 20:00:00,Peak_Shift,High,High consumption 4.45kW at 20.0h (peak). Shift washing/dishwasher to 13-16h off-peak.,0.889,hour=20 & kW>1.07
2008-11-04 21:00:00,Peak_Shift,High,High consumption 4.39kW at 21.0h (peak). Shift washing/dishwasher to 13-16h off-peak.,0.878,hour=21 & kW>1.27
2008-11-05 19:00:00,Peak_Shift,High,High consumption 3.23kW at 19.0h (peak). Shift washing/dishwasher to 13-16h off-peak.,0.645,hour=19 & kW>2.58
2008-11-05 20:00:00,Peak_Shift,Medium,High consumption 2.89kW at 20.0h (peak). Shift washing/dishwasher to 13-16h off-peak.,0.578,hour=20 & kW>2.51
2008-11-05 21:00:00,Peak_Shift,High,High consumption 4.19kW at 21.0h (peak). Shift washing/dishwasher to 13-16h off-peak.,0.838,hour=21 & kW>2.50
2008-11-06 18:00:00,Peak_Shift,Medium,High consumption 1.73kW at 18.0h (peak). Shift washing/dishwasher to 13-16h off-peak.,0.346,hour=18 & kW>1.62
2008-11-06 19:00:00,Peak_Shift,Medium,High consumption 2.31kW at 19.0h (peak). Shift washing/dishwasher to 13-16h off-peak.,0.461,hour=19 & kW>1.58
2008-11-06 20:00:00,Peak_Shift,Medium,High consumption 2.15kW at 20.0h (peak). Shift washing/dishwasher to 13-16h off-peak.,0.43,hour=20 & kW>1.54
2008-11-06 21:00:00,Peak_Shift,Medium,High consumption 1.83kW at 21.0h (peak). Shift washing/dishwasher to 13-16h off-peak.,0.365,hour=21 & kW>1.42
2008-11-07 21:00:00,Peak_Shift,Medium,High consumption 2.67kW at 21.0h (peak). Shift washing/dishwasher to 13-16h off-peak.,0.535,hour=21 & kW>1.34
2008-11-08 18:00:00,Peak_Shift,Medium,High consumption 1.91kW at 18.0h (peak). Shift washing/dishwasher to 13-16h off-peak.,0.381,hour=18 & kW>1.24
2008-11-08 19:00:00,Peak_Shift,Medium,High consumption 2.23kW at 19.0h (peak). Shift washing/dishwasher to 13-16h off-peak.,0.446,hour=19 & kW>1.29
2008-11-08 20:00:00,Peak_Shift,Medium,High consumption 1.83kW at 20.0h (peak). Shift washing/dishwasher to 13-16h off-peak.,0.365,hour=20 & kW>1.31
2008-11-09 18:00:00,Peak_Shift,High,High consumption 4.38kW at 18.0h (peak). Shift washing/dishwasher to 13-16h off-peak.,0.876,hour=18 & kW>2.13
2008-11-09 19:00:00,Peak_Shift,High,High consumption 3.16kW at 19.0h (peak). Shift washing/dishwasher to 13-16h off-peak.,0.633,hour=19 & kW>2.18
2008-11-09 20:00:00,Peak_Shift,High,High consumption 3.46kW at 20.0h (peak). Shift washing/dishwasher to 13-16h off-peak.,0.691,hour=20 & kW>2.26
2008-11-09 21:00:00,Peak_Shift,Medium,High consumption 2.80kW at 21.0h (peak). Shift washing/dishwasher to 13-16h off-peak.,0.559,hour=21 & kW>2.33
2008-11-10 21:00:00,Peak_Shift,Medium,High consumption 2.32kW at 21.0h (peak). Shift washing/dishwasher to 13-16h off-peak.,0.464,hour=21 & kW>1.72
2008-11-11 01:00:00,Night_Idle_Waste,Low,"Idle consumption 1.13kW at 1h. Check standby: router, fridge, Sub_metering_3.",0.829,hour in 1-5 & kW>0.8
2008-11-11 18:00:00,Peak_Shift,Medium,High consumption 2.19kW at 18.0h (peak). Shift washing/dishwasher to 13-16h off-peak.,0.438,hour=18 & kW>1.79
2008-11-11 19:00:00,Peak_Shift,Medium,High consumption 1.97kW at 19.0h (peak). Shift washing/dishwasher to 13-16h off-peak.,0.394,hour=19 & kW>1.83
2008-11-11 20:00:00,Peak_Shift,Medium,High consumption 2.83kW at 20.0h (peak). Shift washing/dishwasher to 13-16h off-peak.,0.567,hour=20 & kW>1.94
2008-11-11 21:00:00,Peak_Shift,Medium,High consumption 2.44kW at 21.0h (peak). Shift washing/dishwasher to 13-16h off-peak.,0.489,hour=21 & kW>1.94
2008-11-12 01:00:00,Night_Idle_Waste,Low,"Idle consumption 1.33kW at 1h. Check standby: router, fridge, Sub_metering_3.",1.026,hour in 1-5 & kW>0.8
2008-11-12 02:00:00,Night_Idle_Waste,Low,"Idle consumption 1.34kW at 2h. Check standby: router, fridge, Sub_metering_3.",1.036,hour in 1-5 & kW>0.8
2008-11-12 03:00:00,Night_Idle_Waste,Low,"Idle consumption 1.34kW at 3h. Check standby: router, fridge, Sub_metering_3.",1.035,hour in 1-5 & kW>0.8
2008-11-12 04:00:00,Night_Idle_Waste,Low,"Idle consumption 1.32kW at 4h. Check standby: router, fridge, Sub_metering_3.",1.022,hour in 1-5 & kW>0.8
2008-11-12 05:00:00,Night_Idle_Waste,Low,"Idle consumption 1.32kW at 5h. Check standby: router, fridge, Sub_metering_3.",1.02,hour in 1-5 & kW>0.8
2008-11-12 21:00:00,Peak_Shift,Medium,High consumption 2.82kW at 21.0h (peak). Shift washing/dishwasher to 13-16h off-peak.,0.563,hour=21 & kW>1.98
2008-11-13 19:00:00,Peak_Shift,Medium,High consumption 2.00kW at 19.0h (peak). Shift washing/dishwasher to 13-16h off-peak.,0.401,hour=19 & kW>1.07
2008-11-13 21:00:00,Peak_Shift,Medium,High consumption 1.55kW at 21.0h (peak). Shift washing/dishwasher to 13-16h off-peak.,0.31,hour=21 & kW>1.01
2008-11-14 19:00:00,Peak_Shift,Medium,High consumption 1.56kW at 19.0h (peak). Shift washing/dishwasher to 13-16h off-peak.,0.312,hour=19 & kW>1.35
2008-11-14 21:00:00,Peak_Shift,Medium,High consumption 1.74kW at 21.0h (peak). Shift washing/dishwasher to 13-16h off-peak.,0.348,hour=21 & kW>1.36
2008-11-15 18:00:00,Peak_Shift,High,High consumption 3.83kW at 18.0h (peak). Shift washing/dishwasher to 13-16h off-peak.,0.766,hour=18 & kW>1.95
2008-11-15 19:00:00,Peak_Shift,High,High consumption 3.32kW at 19.0h (peak). Shift washing/dishwasher to 13-16h off-peak.,0.663,hour=19 & kW>2.04
2008-11-15 20:00:00,Peak_Shift,High,High consumption 4.06kW at 20.0h (peak). Shift washing/dishwasher to 13-16h off-peak.,0.813,hour=20 & kW>2.18
2008-11-15 21:00:00,Peak_Shift,High,High consumption 3.74kW at 21.0h (peak). Shift washing/dishwasher to 13-16h off-peak.,0.747,hour=21 & kW>2.28
2008-11-16 01:00:00,Night_Idle_Waste,Low,"Idle consumption 2.33kW at 1h. Check standby: router, fridge, Sub_metering_3.",2.03,hour in 1-5 & kW>0.8
2008-11-16 02:00:00,Night_Idle_Waste,Low,"Idle consumption 2.47kW at 2h. Check standby: router, fridge, Sub_metering_3.",2.175,hour in 1-5 & kW>0.8
2008-11-16 04:00:00,Night_Idle_Waste,Low,"Idle consumption 0.80kW at 4h. Check standby: router, fridge, Sub_metering_3.",0.502,hour in 1-5 & kW>0.8
2008-11-16 18:00:00,Peak_Shift,Medium,High consumption 2.75kW at 18.0h (peak). Shift washing/dishwasher to 13-16h off-peak.,0.549,hour=18 & kW>2.34
2008-11-16 19:00:00,Peak_Shift,High,High consumption 3.17kW at 19.0h (peak). Shift washing/dishwasher to 13-16h off-peak.,0.633,hour=19 & kW>2.33
2008-11-16 20:00:00,Peak_Shift,High,High consumption 3.77kW at 20.0h (peak). Shift washing/dishwasher to 13-16h off-peak.,0.754,hour=20 & kW>2.31
2008-11-16 21:00:00,Peak_Shift,Medium,High consumption 2.55kW at 21.0h (peak). Shift washing/dishwasher to 13-16h off-peak.,0.51,hour=21 & kW>2.25
2008-11-17 20:00:00,Peak_Shift,Medium,High consumption 2.35kW at 20.0h (peak). Shift washing/dishwasher to 13-16h off-peak.,0.47,hour=20 & kW>1.34
2008-11-17 21:00:00,Peak_Shift,Medium,High consumption 1.54kW at 21.0h (peak). Shift washing/dishwasher to 13-16h off-peak.,0.307,hour=21 & kW>1.29
2008-11-18 05:00:00,Night_Idle_Waste,Low,"Idle consumption 0.81kW at 5h. Check standby: router, fridge, Sub_metering_3.",0.508,hour in 1-5 & kW>0.8
2008-11-18 19:00:00,Peak_Shift,Medium,High consumption 2.68kW at 19.0h (peak). Shift washing/dishwasher to 13-16h off-peak.,0.537,hour=19 & kW>1.44
2008-11-18 21:00:00,Peak_Shift,Medium,High consumption 1.65kW at 21.0h (peak). Shift washing/dishwasher to 13-16h off-peak.,0.33,hour=21 & kW>1.41
2008-11-19 18:00:00,Peak_Shift,Medium,High consumption 1.66kW at 18.0h (peak). Shift washing/dishwasher to 13-16h off-peak.,0.333,hour=18 & kW>1.44
2008-11-19 19:00:00,Peak_Shift,High,High consumption 3.08kW at 19.0h (peak). Shift washing/dishwasher to 13-16h off-peak.,0.616,hour=19 & kW>1.46
2008-11-19 20:00:00,Peak_Shift,High,High consumption 3.09kW at 20.0h (peak). Shift washing/dishwasher to 13-16h off-peak.,0.617,hour=20 & kW>1.54
2008-11-19 21:00:00,Peak_Shift,Medium,High consumption 2.22kW at 21.0h (peak). Shift washing/dishwasher to 13-16h off-peak.,0.445,hour=21 & kW>1.57
2008-11-20 05:00:00,Night_Idle_Waste,Low,"Idle consumption 0.88kW at 5h. Check standby: router, fridge, Sub_metering_3.",0.58,hour in 1-5 & kW>0.8
2008-11-20 18:00:00,Peak_Shift,Medium,High consumption 1.62kW at 18.0h (peak). Shift washing/dishwasher to 13-16h off-peak.,0.324,hour=18 & kW>1.46
2008-11-20 19:00:00,Peak_Shift,High,High consumption 3.32kW at 19.0h (peak). Shift washing/dishwasher to 13-16h off-peak.,0.664,hour=19 & kW>1.47
2008-11-20 20:00:00,Peak_Shift,Medium,High consumption 2.40kW at 20.0h (peak). Shift washing/dishwasher to 13-16h off-peak.,0.48,hour=20 & kW>1.43
2008-11-20 21:00:00,Peak_Shift,Medium,High consumption 1.67kW at 21.0h (peak). Shift washing/dishwasher to 13-16h off-peak.,0.335,hour=21 & kW>1.41
2008-11-21 04:00:00,Night_Idle_Waste,Low,"Idle consumption 1.08kW at 4h. Check standby: router, fridge, Sub_metering_3.",0.778,hour in 1-5 & kW>0.8
2008-11-21 19:00:00,Peak_Shift,Medium,High consumption 1.92kW at 19.0h (peak). Shift washing/dishwasher to 13-16h off-peak.,0.383,hour=19 & kW>1.46
2008-11-21 20:00:00,Peak_Shift,Medium,High consumption 1.55kW at 20.0h (peak). Shift washing/dishwasher to 13-16h off-peak.,0.311,hour=20 & kW>1.42
2008-11-21 21:00:00,Peak_Shift,Medium,High consumption 1.56kW at 21.0h (peak). Shift washing/dishwasher to 13-16h off-peak.,0.312,hour=21 & kW>1.42
2008-11-22 01:00:00,Night_Idle_Waste,Low,"Idle consumption 0.80kW at 1h. Check standby: router, fridge, Sub_metering_3.",0.503,hour in 1-5 & kW>0.8
2008-11-22 19:00:00,Peak_Shift,Medium,High consumption 1.51kW at 19.0h (peak). Shift washing/dishwasher to 13-16h off-peak.,0.302,hour=19 & kW>1.18
2008-11-22 20:00:00,Peak_Shift,Medium,High consumption 2.13kW at 20.0h (peak). Shift washing/dishwasher to 13-16h off-peak.,0.427,hour=20 & kW>1.21
2008-11-22 21:00:00,Peak_Shift,High,High consumption 3.89kW at 21.0h (peak). Shift washing/dishwasher to 13-16h off-peak.,0.779,hour=21 & kW>1.32
2008-11-23 01:00:00,Night_Idle_Waste,Low,"Idle consumption 0.84kW at 1h. Check standby: router, fridge, Sub_metering_3.",0.541,hour in 1-5 & kW>0.8
2008-11-23 02:00:00,Night_Idle_Waste,Low,"Idle consumption 0.81kW at 2h. Check standby: router, fridge, Sub_metering_3.",0.512,hour in 1-5 & kW>0.8
2008-11-23 03:00:00,Night_Idle_Waste,Low,"Idle consumption 0.85kW at 3h. Check standby: router, fridge, Sub_metering_3.",0.547,hour in 1-5 & kW>0.8
2008-11-23 05:00:00,Night_Idle_Waste,Low,"Idle consumption 0.93kW at 5h. Check standby: router, fridge, Sub_metering_3.",0.633,hour in 1-5 & kW>0.8
2008-11-23 18:00:00,Peak_Shift,High,High consumption 6.56kW at 18.0h (peak). Shift washing/dishwasher to 13-16h off-peak.,1.312,hour=18 & kW>2.40
2008-11-23 19:00:00,Peak_Shift,High,High consumption 3.74kW at 19.0h (peak). Shift washing/dishwasher to 13-16h off-peak.,0.749,hour=19 & kW>2.51
2008-11-23 20:00:00,Peak_Shift,High,High consumption 6.31kW at 20.0h (peak). Shift washing/dishwasher to 13-16h off-peak.,1.262,hour=20 & kW>2.72
2008-11-23 21:00:00,Peak_Shift,High,High consumption 3.78kW at 21.0h (peak). Shift washing/dishwasher to 13-16h off-peak.,0.755,hour=21 & kW>2.71
2008-11-24 01:00:00,Night_Idle_Waste,Low,"Idle consumption 1.42kW at 1h. Check standby: router, fridge, Sub_metering_3.",1.117,hour in 1-5 & kW>0.8
2008-11-24 02:00:00,Night_Idle_Waste,Low,"Idle consumption 1.46kW at 2h. Check standby: router, fridge, Sub_metering_3.",1.156,hour in 1-5 & kW>0.8
2008-11-24 03:00:00,Night_Idle_Waste,Low,"Idle consumption 1.40kW at 3h. Check standby: router, fridge, Sub_metering_3.",1.104,hour in 1-5 & kW>0.8
2008-11-24 04:00:00,Night_Idle_Waste,Low,"Idle consumption 1.43kW at 4h. Check standby: router, fridge, Sub_metering_3.",1.128,hour in 1-5 & kW>0.8
2008-11-24 05:00:00,Night_Idle_Waste,Low,"Idle consumption 1.37kW at 5h. Check standby: router, fridge, Sub_metering_3.",1.07,hour in 1-5 & kW>0.8
2008-11-24 20:00:00,Peak_Shift,Medium,High consumption 2.77kW at 20.0h (peak). Shift washing/dishwasher to 13-16h off-peak.,0.554,hour=20 & kW>2.76
2008-11-24 21:00:00,Peak_Shift,High,High consumption 3.99kW at 21.0h (peak). Shift washing/dishwasher to 13-16h off-peak.,0.799,hour=21 & kW>2.77
2008-11-25 01:00:00,Night_Idle_Waste,Low,"Idle consumption 1.14kW at 1h. Check standby: router, fridge, Sub_metering_3.",0.839,hour in 1-5 & kW>0.8
2008-11-25 02:00:00,Night_Idle_Waste,Low,"Idle consumption 1.13kW at 2h. Check standby: router, fridge, Sub_metering_3.",0.83,hour in 1-5 & kW>0.8
2008-11-25 03:00:00,Night_Idle_Waste,Low,"Idle consumption 1.25kW at 3h. Check standby: router, fridge, Sub_metering_3.",0.953,hour in 1-5 & kW>0.8
2008-11-25 04:00:00,Night_Idle_Waste,Low,"Idle consumption 1.22kW at 4h. Check standby: router, fridge, Sub_metering_3.",0.924,hour in 1-5 & kW>0.8
2008-11-25 05:00:00,Night_Idle_Waste,Low,"Idle consumption 1.76kW at 5h. Check standby: router, fridge, Sub_metering_3.",1.457,hour in 1-5 & kW>0.8
2008-11-25 19:00:00,Peak_Shift,High,High consumption 4.02kW at 19.0h (peak). Shift washing/dishwasher to 13-16h off-peak.,0.804,hour=19 & kW>2.37
2008-11-25 20:00:00,Peak_Shift,High,High consumption 3.56kW at 20.0h (peak). Shift washing/dishwasher to 13-16h off-peak.,0.711,hour=20 & kW>2.41
2008-11-26 20:00:00,Peak_Shift,High,High consumption 3.04kW at 20.0h (peak). Shift washing/dishwasher to 13-16h off-peak.,0.609,hour=20 & kW>1.26
2008-11-26 21:00:00,Peak_Shift,Medium,High consumption 2.08kW at 21.0h (peak). Shift washing/dishwasher to 13-16h off-peak.,0.416,hour=21 & kW>1.24
2008-11-27 02:00:00,Night_Idle_Waste,Low,"Idle consumption 0.94kW at 2h. Check standby: router, fridge, Sub_metering_3.",0.637,hour in 1-5 & kW>0.8
2008-11-27 04:00:00,Night_Idle_Waste,Low,"Idle consumption 0.82kW at 4h. Check standby: router, fridge, Sub_metering_3.",0.519,hour in 1-5 & kW>0.8
2008-11-27 05:00:00,Night_Idle_Waste,Low,"Idle consumption 0.84kW at 5h. Check standby: router, fridge, Sub_metering_3.",0.536,hour in 1-5 & kW>0.8
2008-11-27 19:00:00,Peak_Shift,High,High consumption 3.78kW at 19.0h (peak). Shift washing/dishwasher to 13-16h off-peak.,0.756,hour=19 & kW>1.96
2008-11-27 20:00:00,Peak_Shift,High,High consumption 3.87kW at 20.0h (peak). Shift washing/dishwasher to 13-16h off-peak.,0.773,hour=20 & kW>2.00
2008-11-27 21:00:00,Peak_Shift,Medium,High consumption 2.78kW at 21.0h (peak). Shift washing/dishwasher to 13-16h off-peak.,0.555,hour=21 & kW>2.04
2008-11-28 19:00:00,Peak_Shift,Medium,High consumption 2.81kW at 19.0h (peak). Shift washing/dishwasher to 13-16h off-peak.,0.562,hour=19 & kW>1.64
2008-11-28 20:00:00,Peak_Shift,Medium,High consumption 2.78kW at 20.0h (peak). Shift washing/dishwasher to 13-16h off-peak.,0.556,hour=20 & kW>1.59
2008-11-28 21:00:00,Peak_Shift,Medium,High consumption 2.72kW at 21.0h (peak). Shift washing/dishwasher to 13-16h off-peak.,0.544,hour=21 & kW>1.59
2008-11-29 19:00:00,Peak_Shift,High,High consumption 3.90kW at 19.0h (peak). Shift washing/dishwasher to 13-16h off-peak.,0.78,hour=19 & kW>1.79
2008-11-29 20:00:00,Peak_Shift,Medium,High consumption 1.99kW at 20.0h (peak). Shift washing/dishwasher to 13-16h off-peak.,0.398,hour=20 & kW>1.75
2008-11-29 21:00:00,Peak_Shift,High,High consumption 3.35kW at 21.0h (peak). Shift washing/dishwasher to 13-16h off-peak.,0.669,hour=21 & kW>1.79
2008-11-30 01:00:00,Night_Idle_Waste,Low,"Idle consumption 1.24kW at 1h. Check standby: router, fridge, Sub_metering_3.",0.942,hour in 1-5 & kW>0.8
2008-11-30 18:00:00,Peak_Shift,High,High consumption 3.68kW at 18.0h (peak). Shift washing/dishwasher to 13-16h off-peak.,0.737,hour=18 & kW>1.93
2008-11-30 19:00:00,Peak_Shift,Medium,High consumption 2.76kW at 19.0h (peak). Shift washing/dishwasher to 13-16h off-peak.,0.553,hour=19 & kW>1.87
2008-11-30 20:00:00,Peak_Shift,High,High consumption 5.93kW at 20.0h (peak). Shift washing/dishwasher to 13-16h off-peak.,1.186,hour=20 & kW>2.07
2008-11-30 21:00:00,Peak_Shift,High,High consumption 4.16kW at 21.0h (peak). Shift washing/dishwasher to 13-16h off-peak.,0.831,hour=21 & kW>2.11
2008-12-01 20:00:00,Peak_Shift,Medium,High consumption 2.94kW at 20.0h (peak). Shift washing/dishwasher to 13-16h off-peak.,0.588,hour=20 & kW>1.58
2008-12-01 21:00:00,Peak_Shift,Medium,High consumption 2.39kW at 21.0h (peak). Shift washing/dishwasher to 13-16h off-peak.,0.478,hour=21 & kW>1.50
2008-12-02 05:00:00,Night_Idle_Waste,Low,"Idle consumption 1.06kW at 5h. Check standby: router, fridge, Sub_metering_3.",0.758,hour in 1-5 & kW>0.8
2008-12-02 18:00:00,Peak_Shift,Medium,High consumption 2.04kW at 18.0h (peak). Shift washing/dishwasher to 13-16h off-peak.,0.408,hour=18 & kW>1.53
2008-12-02 20:00:00,Peak_Shift,Medium,High consumption 2.16kW at 20.0h (peak). Shift washing/dishwasher to 13-16h off-peak.,0.433,hour=20 & kW>1.48
2008-12-02 21:00:00,Peak_Shift,Medium,High consumption 2.33kW at 21.0h (peak). Shift washing/dishwasher to 13-16h off-peak.,0.466,hour=21 & kW>1.48
2008-12-03 18:00:00,Peak_Shift,Medium,High consumption 2.81kW at 18.0h (peak). Shift washing/dishwasher to 13-16h off-peak.,0.562,hour=18 & kW>1.52
2008-12-04 03:00:00,Night_Idle_Waste,Low,"Idle consumption 0.97kW at 3h. Check standby: router, fridge, Sub_metering_3.",0.665,hour in 1-5 & kW>0.8
2008-12-04 19:00:00,Peak_Shift,Medium,High consumption 2.74kW at 19.0h (peak). Shift washing/dishwasher to 13-16h off-peak.,0.549,hour=19 & kW>1.33
2008-12-04 20:00:00,Peak_Shift,Medium,High consumption 2.22kW at 20.0h (peak). Shift washing/dishwasher to 13-16h off-peak.,0.443,hour=20 & kW>1.38
2008-12-04 21:00:00,Peak_Shift,Medium,High consumption 2.35kW at 21.0h (peak). Shift washing/dishwasher to 13-16h off-peak.,0.469,hour=21 & kW>1.43
2008-12-05 01:00:00,Night_Idle_Waste,Low,"Idle consumption 0.90kW at 1h. Check standby: router, fridge, Sub_metering_3.",0.597,hour in 1-5 & kW>0.8
2008-12-05 18:00:00,Peak_Shift,Medium,High consumption 2.83kW at 18.0h (peak). Shift washing/dishwasher to 13-16h off-peak.,0.566,hour=18 & kW>1.68
2008-12-05 19:00:00,Peak_Shift,Medium,High consumption 2.29kW at 19.0h (peak). Shift washing/dishwasher to 13-16h off-peak.,0.458,hour=19 & kW>1.66
2008-12-05 20:00:00,Peak_Shift,Medium,High consumption 2.62kW at 20.0h (peak). Shift washing/dishwasher to 13-16h off-peak.,0.523,hour=20 & kW>1.68
2008-12-06 18:00:00,Peak_Shift,Medium,High consumption 2.51kW at 18.0h (peak). Shift washing/dishwasher to 13-16h off-peak.,0.503,hour=18 & kW>2.24
2008-12-06 19:00:00,Peak_Shift,Medium,High consumption 2.42kW at 19.0h (peak). Shift washing/dishwasher to 13-16h off-peak.,0.485,hour=19 & kW>2.25
2008-12-07 18:00:00,Peak_Shift,High,High consumption 3.35kW at 18.0h (peak). Shift washing/dishwasher to 13-16h off-peak.,0.67,hour=18 & kW>1.80
2008-12-07 19:00:00,Peak_Shift,High,High consumption 3.97kW at 19.0h (peak). Shift washing/dishwasher to 13-16h off-peak.,0.794,hour=19 & kW>1.88
2008-12-07 20:00:00,Peak_Shift,High,High consumption 3.01kW at 20.0h (peak). Shift washing/dishwasher to 13-16h off-peak.,0.602,hour=20 & kW>1.96
2008-12-07 21:00:00,Peak_Shift,Medium,High consumption 2.42kW at 21.0h (peak). Shift washing/dishwasher to 13-16h off-peak.,0.484,hour=21 & kW>1.99
2008-12-08 01:00:00,Night_Idle_Waste,Low,"Idle consumption 0.83kW at 1h. Check standby: router, fridge, Sub_metering_3.",0.533,hour in 1-5 & kW>0.8
2008-12-08 20:00:00,Peak_Shift,Medium,High consumption 2.38kW at 20.0h (peak). Shift washing/dishwasher to 13-16h off-peak.,0.476,hour=20 & kW>1.69
2008-12-08 21:00:00,Peak_Shift,Medium,High consumption 1.90kW at 21.0h (peak). Shift washing/dishwasher to 13-16h off-peak.,0.379,hour=21 & kW>1.66
2008-12-09 02:00:00,Night_Idle_Waste,Low,"Idle consumption 0.83kW at 2h. Check standby: router, fridge, Sub_metering_3.",0.531,hour in 1-5 & kW>0.8
2008-12-09 18:00:00,Peak_Shift,Medium,High consumption 2.40kW at 18.0h (peak). Shift washing/dishwasher to 13-16h off-peak.,0.481,hour=18 & kW>1.53
2008-12-09 19:00:00,Peak_Shift,High,High consumption 3.20kW at 19.0h (peak). Shift washing/dishwasher to 13-16h off-peak.,0.641,hour=19 & kW>1.61
2008-12-09 20:00:00,Peak_Shift,High,High consumption 4.00kW at 20.0h (peak). Shift washing/dishwasher to 13-16h off-peak.,0.8,hour=20 & kW>1.69
2008-12-10 04:00:00,Night_Idle_Waste,Low,"Idle consumption 0.88kW at 4h. Check standby: router, fridge, Sub_metering_3.",0.575,hour in 1-5 & kW>0.8
2008-12-10 21:00:00,Peak_Shift,Medium,High consumption 2.39kW at 21.0h (peak). Shift washing/dishwasher to 13-16h off-peak.,0.477,hour=21 & kW>1.87
2008-12-11 05:00:00,Night_Idle_Waste,Low,"Idle consumption 1.01kW at 5h. Check standby: router, fridge, Sub_metering_3.",0.706,hour in 1-5 & kW>0.8
2008-12-11 19:00:00,Peak_Shift,Medium,High consumption 2.13kW at 19.0h (peak). Shift washing/dishwasher to 13-16h off-peak.,0.425,hour=19 & kW>1.23
2008-12-11 20:00:00,Peak_Shift,Medium,High consumption 2.30kW at 20.0h (peak). Shift washing/dishwasher to 13-16h off-peak.,0.46,hour=20 & kW>1.26
2008-12-12 04:00:00,Night_Idle_Waste,Low,"Idle consumption 0.81kW at 4h. Check standby: router, fridge, Sub_metering_3.",0.51,hour in 1-5 & kW>0.8
2008-12-12 18:00:00,Peak_Shift,Medium,High consumption 2.26kW at 18.0h (peak). Shift washing/dishwasher to 13-16h off-peak.,0.452,hour=18 & kW>1.40
2008-12-12 19:00:00,Peak_Shift,Medium,High consumption 1.65kW at 19.0h (peak). Shift washing/dishwasher to 13-16h off-peak.,0.33,hour=19 & kW>1.38
2008-12-12 20:00:00,Peak_Shift,Medium,High consumption 3.00kW at 20.0h (peak). Shift washing/dishwasher to 13-16h off-peak.,0.599,hour=20 & kW>1.41
2008-12-12 21:00:00,Peak_Shift,Medium,High consumption 2.18kW at 21.0h (peak). Shift washing/dishwasher to 13-16h off-peak.,0.436,hour=21 & kW>1.47
2008-12-13 03:00:00,Night_Idle_Waste,Low,"Idle consumption 0.83kW at 3h. Check standby: router, fridge, Sub_metering_3.",0.534,hour in 1-5 & kW>0.8
2008-12-13 19:00:00,Peak_Shift,Medium,High consumption 2.26kW at 19.0h (peak). Shift washing/dishwasher to 13-16h off-peak.,0.452,hour=19 & kW>1.73
2008-12-14 19:00:00,Peak_Shift,Medium,High consumption 2.41kW at 19.0h (peak). Shift washing/dishwasher to 13-16h off-peak.,0.482,hour=19 & kW>1.55
2008-12-14 20:00:00,Peak_Shift,Medium,High consumption 2.34kW at 20.0h (peak). Shift washing/dishwasher to 13-16h off-peak.,0.468,hour=20 & kW>1.59
2008-12-15 18:00:00,Peak_Shift,Medium,High consumption 2.65kW at 18.0h (peak). Shift washing/dishwasher to 13-16h off-peak.,0.531,hour=18 & kW>1.41
2008-12-15 19:00:00,Peak_Shift,Medium,High consumption 1.86kW at 19.0h (peak). Shift washing/dishwasher to 13-16h off-peak.,0.372,hour=19 & kW>1.38
2008-12-15 20:00:00,Peak_Shift,Medium,High consumption 2.18kW at 20.0h (peak). Shift washing/dishwasher to 13-16h off-peak.,0.435,hour=20 & kW>1.37
2008-12-15 21:00:00,Peak_Shift,Medium,High consumption 2.77kW at 21.0h (peak). Shift washing/dishwasher to 13-16h off-peak.,0.554,hour=21 & kW>1.44
2008-12-16 03:00:00,Night_Idle_Waste,Low,"Idle consumption 1.12kW at 3h. Check standby: router, fridge, Sub_metering_3.",0.821,hour in 1-5 & kW>0.8
2008-12-16 20:00:00,Peak_Shift,Medium,High consumption 2.89kW at 20.0h (peak). Shift washing/dishwasher to 13-16h off-peak.,0.577,hour=20 & kW>1.59
2008-12-16 21:00:00,Peak_Shift,Medium,High consumption 1.90kW at 21.0h (peak). Shift washing/dishwasher to 13-16h off-peak.,0.38,hour=21 & kW>1.55
2008-12-17 18:00:00,Peak_Shift,High,High consumption 3.13kW at 18.0h (peak). Shift washing/dishwasher to 13-16h off-peak.,0.626,hour=18 & kW>1.52
2008-12-17 19:00:00,Peak_Shift,High,High consumption 3.16kW at 19.0h (peak). Shift washing/dishwasher to 13-16h off-peak.,0.633,hour=19 & kW>1.62
2008-12-17 20:00:00,Peak_Shift,Medium,High consumption 2.96kW at 20.0h (peak). Shift washing/dishwasher to 13-16h off-peak.,0.593,hour=20 & kW>1.62
2008-12-17 21:00:00,Peak_Shift,High,High consumption 3.12kW at 21.0h (peak). Shift washing/dishwasher to 13-16h off-peak.,0.624,hour=21 & kW>1.68
2008-12-18 05:00:00,Night_Idle_Waste,Low,"Idle consumption 0.86kW at 5h. Check standby: router, fridge, Sub_metering_3.",0.56,hour in 1-5 & kW>0.8
2008-12-18 19:00:00,Peak_Shift,Medium,High consumption 2.01kW at 19.0h (peak). Shift washing/dishwasher to 13-16h off-peak.,0.401,hour=19 & kW>1.53
2008-12-18 20:00:00,Peak_Shift,Medium,High consumption 2.64kW at 20.0h (peak). Shift washing/dishwasher to 13-16h off-peak.,0.529,hour=20 & kW>1.52
2008-12-18 21:00:00,Peak_Shift,Medium,High consumption 1.78kW at 21.0h (peak). Shift washing/dishwasher to 13-16h off-peak.,0.357,hour=21 & kW>1.45
2008-12-19 18:00:00,Peak_Shift,Medium,High consumption 2.66kW at 18.0h (peak). Shift washing/dishwasher to 13-16h off-peak.,0.532,hour=18 & kW>1.55
2008-12-19 20:00:00,Peak_Shift,Medium,High consumption 2.93kW at 20.0h (peak). Shift washing/dishwasher to 13-16h off-peak.,0.586,hour=20 & kW>1.54
2008-12-19 21:00:00,Peak_Shift,Medium,High consumption 2.31kW at 21.0h (peak). Shift washing/dishwasher to 13-16h off-peak.,0.462,hour=21 & kW>1.57
2008-12-20 18:00:00,Peak_Shift,Medium,High consumption 2.08kW at 18.0h (peak). Shift washing/dishwasher to 13-16h off-peak.,0.416,hour=18 & kW>1.97
2008-12-20 19:00:00,Peak_Shift,Medium,High consumption 2.99kW at 19.0h (peak). Shift washing/dishwasher to 13-16h off-peak.,0.599,hour=19 & kW>2.04
2008-12-21 18:00:00,Peak_Shift,High,High consumption 3.57kW at 18.0h (peak). Shift washing/dishwasher to 13-16h off-peak.,0.715,hour=18 & kW>2.09
2008-12-21 19:00:00,Peak_Shift,High,High consumption 3.05kW at 19.0h (peak). Shift washing/dishwasher to 13-16h off-peak.,0.61,hour=19 & kW>2.10
2008-12-21 20:00:00,Peak_Shift,Medium,High consumption 2.47kW at 20.0h (peak). Shift washing/dishwasher to 13-16h off-peak.,0.494,hour=20 & kW>2.14
2008-12-21 21:00:00,Peak_Shift,Medium,High consumption 2.97kW at 21.0h (peak). Shift washing/dishwasher to 13-16h off-peak.,0.594,hour=21 & kW>2.23
2008-12-22 04:00:00,Night_Idle_Waste,Low,"Idle consumption 1.13kW at 4h. Check standby: router, fridge, Sub_metering_3.",0.835,hour in 1-5 & kW>0.8
2008-12-22 20:00:00,Peak_Shift,Medium,High consumption 1.87kW at 20.0h (peak). Shift washing/dishwasher to 13-16h off-peak.,0.374,hour=20 & kW>1.57
2008-12-22 21:00:00,Peak_Shift,Medium,High consumption 1.90kW at 21.0h (peak). Shift washing/dishwasher to 13-16h off-peak.,0.381,hour=21 & kW>1.52
2008-12-23 01:00:00,Night_Idle_Waste,Low,"Idle consumption 0.88kW at 1h. Check standby: router, fridge, Sub_metering_3.",0.585,hour in 1-5 & kW>0.8
2008-12-23 02:00:00,Night_Idle_Waste,Low,"Idle consumption 0.81kW at 2h. Check standby: router, fridge, Sub_metering_3.",0.512,hour in 1-5 & kW>0.8
2008-12-23 05:00:00,Night_Idle_Waste,Low,"Idle consumption 0.82kW at 5h. Check standby: router, fridge, Sub_metering_3.",0.519,hour in 1-5 & kW>0.8
2008-12-23 19:00:00,Peak_Shift,Medium,High consumption 2.41kW at 19.0h (peak). Shift washing/dishwasher to 13-16h off-peak.,0.481,hour=19 & kW>1.68
2008-12-23 20:00:00,Peak_Shift,High,High consumption 3.05kW at 20.0h (peak). Shift washing/dishwasher to 13-16h off-peak.,0.61,hour=20 & kW>1.74
2008-12-25 01:00:00,Night_Idle_Waste,Low,"Idle consumption 0.87kW at 1h. Check standby: router, fridge, Sub_metering_3.",0.574,hour in 1-5 & kW>0.8
2008-12-27 01:00:00,Night_Idle_Waste,Low,"Idle consumption 2.74kW at 1h. Check standby: router, fridge, Sub_metering_3.",2.442,hour in 1-5 & kW>0.8
2008-12-27 02:00:00,Night_Idle_Waste,Low,"Idle consumption 2.59kW at 2h. Check standby: router, fridge, Sub_metering_3.",2.291,hour in 1-5 & kW>0.8
2008-12-27 03:00:00,Night_Idle_Waste,Low,"Idle consumption 2.58kW at 3h. Check standby: router, fridge, Sub_metering_3.",2.284,hour in 1-5 & kW>0.8
2008-12-27 04:00:00,Night_Idle_Waste,Low,"Idle consumption 2.58kW at 4h. Check standby: router, fridge, Sub_metering_3.",2.278,hour in 1-5 & kW>0.8
2008-12-27 05:00:00,Night_Idle_Waste,Low,"Idle consumption 2.50kW at 5h. Check standby: router, fridge, Sub_metering_3.",2.204,hour in 1-5 & kW>0.8
2008-12-27 20:00:00,Peak_Shift,High,High consumption 3.06kW at 20.0h (peak). Shift washing/dishwasher to 13-16h off-peak.,0.612,hour=20 & kW>2.18
2008-12-27 21:00:00,Peak_Shift,Medium,High consumption 2.68kW at 21.0h (peak). Shift washing/dishwasher to 13-16h off-peak.,0.537,hour=21 & kW>2.28
2008-12-28 01:00:00,Night_Idle_Waste,Low,"Idle consumption 1.78kW at 1h. Check standby: router, fridge, Sub_metering_3.",1.484,hour in 1-5 & kW>0.8
2008-12-28 02:00:00,Night_Idle_Waste,Low,"Idle consumption 2.22kW at 2h. Check standby: router, fridge, Sub_metering_3.",1.919,hour in 1-5 & kW>0.8
2008-12-28 03:00:00,Night_Idle_Waste,Low,"Idle consumption 1.86kW at 3h. Check standby: router, fridge, Sub_metering_3.",1.564,hour in 1-5 & kW>0.8
2008-12-28 04:00:00,Night_Idle_Waste,Low,"Idle consumption 1.74kW at 4h. Check standby: router, fridge, Sub_metering_3.",1.442,hour in 1-5 & kW>0.8
2008-12-28 05:00:00,Night_Idle_Waste,Low,"Idle consumption 2.25kW at 5h. Check standby: router, fridge, Sub_metering_3.",1.945,hour in 1-5 & kW>0.8
2008-12-30 04:00:00,Night_Idle_Waste,Low,"Idle consumption 1.29kW at 4h. Check standby: router, fridge, Sub_metering_3.",0.994,hour in 1-5 & kW>0.8
2008-12-31 04:00:00,Night_Idle_Waste,Low,"Idle consumption 0.82kW at 4h. Check standby: router, fridge, Sub_metering_3.",0.519,hour in 1-5 & kW>0.8
2008-12-31 18:00:00,Peak_Shift,Medium,High consumption 1.75kW at 18.0h (peak). Shift washing/dishwasher to 13-16h off-peak.,0.349,hour=18 & kW>1.33
2008-12-31 19:00:00,Peak_Shift,High,High consumption 3.15kW at 19.0h (peak). Shift washing/dishwasher to 13-16h off-peak.,0.631,hour=19 & kW>1.41
2008-12-31 20:00:00,Peak_Shift,High,High consumption 4.18kW at 20.0h (peak). Shift washing/dishwasher to 13-16h off-peak.,0.836,hour=20 & kW>1.55
2008-12-31 21:00:00,Peak_Shift,Medium,High consumption 2.03kW at 21.0h (peak). Shift washing/dishwasher to 13-16h off-peak.,0.405,hour=21 & kW>1.62
2009-01-01 19:00:00,Peak_Shift,Medium,High consumption 1.74kW at 19.0h (peak). Shift washing/dishwasher to 13-16h off-peak.,0.349,hour=19 & kW>1.06
2009-01-01 20:00:00,Peak_Shift,High,High consumption 3.46kW at 20.0h (peak). Shift washing/dishwasher to 13-16h off-peak.,0.692,hour=20 & kW>1.02
2009-01-01 21:00:00,Peak_Shift,Medium,High consumption 2.11kW at 21.0h (peak). Shift washing/dishwasher to 13-16h off-peak.,0.423,hour=21 & kW>1.03
2009-01-02 05:00:00,Night_Idle_Waste,Low,"Idle consumption 0.96kW at 5h. Check standby: router, fridge, Sub_metering_3.",0.657,hour in 1-5 & kW>0.8
2009-01-02 18:00:00,Peak_Shift,High,High consumption 4.06kW at 18.0h (peak). Shift washing/dishwasher to 13-16h off-peak.,0.813,hour=18 & kW>2.13
2009-01-02 19:00:00,Peak_Shift,Medium,High consumption 2.74kW at 19.0h (peak). Shift washing/dishwasher to 13-16h off-peak.,0.548,hour=19 & kW>2.18
2009-01-03 18:00:00,Peak_Shift,Medium,High consumption 1.58kW at 18.0h (peak). Shift washing/dishwasher to 13-16h off-peak.,0.316,hour=18 & kW>1.51
2009-01-03 19:00:00,Peak_Shift,High,High consumption 3.02kW at 19.0h (peak). Shift washing/dishwasher to 13-16h off-peak.,0.605,hour=19 & kW>1.52
2009-01-03 20:00:00,Peak_Shift,Medium,High consumption 2.36kW at 20.0h (peak). Shift washing/dishwasher to 13-16h off-peak.,0.472,hour=20 & kW>1.57
2009-01-03 21:00:00,Peak_Shift,Medium,High consumption 1.72kW at 21.0h (peak). Shift washing/dishwasher to 13-16h off-peak.,0.344,hour=21 & kW>1.59
2009-01-04 05:00:00,Night_Idle_Waste,Low,"Idle consumption 0.97kW at 5h. Check standby: router, fridge, Sub_metering_3.",0.674,hour in 1-5 & kW>0.8
2009-01-04 18:00:00,Peak_Shift,Medium,High consumption 2.56kW at 18.0h (peak). Shift washing/dishwasher to 13-16h off-peak.,0.511,hour=18 & kW>1.56
2009-01-04 19:00:00,Peak_Shift,High,High consumption 3.78kW at 19.0h (peak). Shift washing/dishwasher to 13-16h off-peak.,0.755,hour=19 & kW>1.60
2009-01-04 20:00:00,Peak_Shift,High,High consumption 3.20kW at 20.0h (peak). Shift washing/dishwasher to 13-16h off-peak.,0.641,hour=20 & kW>1.64
2009-01-04 21:00:00,Peak_Shift,High,High consumption 3.06kW at 21.0h (peak). Shift washing/dishwasher to 13-16h off-peak.,0.612,hour=21 & kW>1.71
2009-01-05 04:00:00,Night_Idle_Waste,Low,"Idle consumption 0.94kW at 4h. Check standby: router, fridge, Sub_metering_3.",0.636,hour in 1-5 & kW>0.8
2009-01-05 18:00:00,Peak_Shift,Medium,High consumption 1.81kW at 18.0h (peak). Shift washing/dishwasher to 13-16h off-peak.,0.362,hour=18 & kW>1.41
2009-01-05 19:00:00,Peak_Shift,Medium,High consumption 2.51kW at 19.0h (peak). Shift washing/dishwasher to 13-16h off-peak.,0.503,hour=19 & kW>1.35
2009-01-05 20:00:00,Peak_Shift,High,High consumption 3.75kW at 20.0h (peak). Shift washing/dishwasher to 13-16h off-peak.,0.749,hour=20 & kW>1.38
2009-01-05 21:00:00,Peak_Shift,Medium,High consumption 2.32kW at 21.0h (peak). Shift washing/dishwasher to 13-16h off-peak.,0.463,hour=21 & kW>1.34
2009-01-06 02:00:00,Night_Idle_Waste,Low,"Idle consumption 1.01kW at 2h. Check standby: router, fridge, Sub_metering_3.",0.706,hour in 1-5 & kW>0.8
2009-01-06 19:00:00,Peak_Shift,Medium,High consumption 2.53kW at 19.0h (peak). Shift washing/dishwasher to 13-16h off-peak.,0.506,hour=19 & kW>1.56
2009-01-06 20:00:00,Peak_Shift,Medium,High consumption 1.73kW at 20.0h (peak). Shift washing/dishwasher to 13-16h off-peak.,0.345,hour=20 & kW>1.46
2009-01-07 18:00:00,Peak_Shift,Medium,High consumption 2.11kW at 18.0h (peak). Shift washing/dishwasher to 13-16h off-peak.,0.422,hour=18 & kW>1.58
2009-01-07 19:00:00,Peak_Shift,High,High consumption 3.47kW at 19.0h (peak). Shift washing/dishwasher to 13-16h off-peak.,0.694,hour=19 & kW>1.62
2009-01-07 20:00:00,Peak_Shift,High,High consumption 3.24kW at 20.0h (peak). Shift washing/dishwasher to 13-16h off-peak.,0.648,hour=20 & kW>1.70
2009-01-08 04:00:00,Night_Idle_Waste,Low,"Idle consumption 0.95kW at 4h. Check standby: router, fridge, Sub_metering_3.",0.654,hour in 1-5 & kW>0.8
2009-01-08 18:00:00,Peak_Shift,Medium,High consumption 2.28kW at 18.0h (peak). Shift washing/dishwasher to 13-16h off-peak.,0.456,hour=18 & kW>1.42
2009-01-08 19:00:00,Peak_Shift,Medium,High consumption 2.52kW at 19.0h (peak). Shift washing/dishwasher to 13-16h off-peak.,0.503,hour=19 & kW>1.38
2009-01-08 20:00:00,Peak_Shift,High,High consumption 3.11kW at 20.0h (peak). Shift washing/dishwasher to 13-16h off-peak.,0.623,hour=20 & kW>1.37
2009-01-08 21:00:00,Peak_Shift,Medium,High consumption 1.61kW at 21.0h (peak). Shift washing/dishwasher to 13-16h off-peak.,0.322,hour=21 & kW>1.38
2009-01-09 04:00:00,Night_Idle_Waste,Low,"Idle consumption 1.07kW at 4h. Check standby: router, fridge, Sub_metering_3.",0.768,hour in 1-5 & kW>0.8
2009-01-09 18:00:00,Peak_Shift,High,High consumption 3.12kW at 18.0h (peak). Shift washing/dishwasher to 13-16h off-peak.,0.624,hour=18 & kW>1.48
2009-01-09 19:00:00,Peak_Shift,Medium,High consumption 2.59kW at 19.0h (peak). Shift washing/dishwasher to 13-16h off-peak.,0.517,hour=19 & kW>1.48
2009-01-09 20:00:00,Peak_Shift,Medium,High consumption 1.80kW at 20.0h (peak). Shift washing/dishwasher to 13-16h off-peak.,0.359,hour=20 & kW>1.42
2009-01-09 21:00:00,Peak_Shift,Medium,High consumption 2.12kW at 21.0h (peak). Shift washing/dishwasher to 13-16h off-peak.,0.425,hour=21 & kW>1.44
2009-01-10 18:00:00,Peak_Shift,High,High consumption 3.92kW at 18.0h (peak). Shift washing/dishwasher to 13-16h off-peak.,0.785,hour=18 & kW>1.63
2009-01-10 19:00:00,Peak_Shift,High,High consumption 3.79kW at 19.0h (peak). Shift washing/dishwasher to 13-16h off-peak.,0.759,hour=19 & kW>1.69
2009-01-10 20:00:00,Peak_Shift,High,High consumption 3.09kW at 20.0h (peak). Shift washing/dishwasher to 13-16h off-peak.,0.618,hour=20 & kW>1.75
2009-01-11 18:00:00,Peak_Shift,High,High consumption 3.11kW at 18.0h (peak). Shift washing/dishwasher to 13-16h off-peak.,0.622,hour=18 & kW>1.55
2009-01-11 19:00:00,Peak_Shift,High,High consumption 3.81kW at 19.0h (peak). Shift washing/dishwasher to 13-16h off-peak.,0.761,hour=19 & kW>1.55
2009-01-11 20:00:00,Peak_Shift,Medium,High consumption 2.00kW at 20.0h (peak). Shift washing/dishwasher to 13-16h off-peak.,0.4,hour=20 & kW>1.50
2009-01-11 21:00:00,Peak_Shift,High,High consumption 3.50kW at 21.0h (peak). Shift washing/dishwasher to 13-16h off-peak.,0.701,hour=21 & kW>1.61
2009-01-12 04:00:00,Night_Idle_Waste,Low,"Idle consumption 0.84kW at 4h. Check standby: router, fridge, Sub_metering_3.",0.537,hour in 1-5 & kW>0.8
2009-01-12 19:00:00,Peak_Shift,Medium,High consumption 1.53kW at 19.0h (peak). Shift washing/dishwasher to 13-16h off-peak.,0.306,hour=19 & kW>1.51
2009-01-12 20:00:00,Peak_Shift,Medium,High consumption 1.70kW at 20.0h (peak). Shift washing/dishwasher to 13-16h off-peak.,0.34,hour=20 & kW>1.49
2009-01-12 21:00:00,Peak_Shift,Medium,High consumption 2.70kW at 21.0h (peak). Shift washing/dishwasher to 13-16h off-peak.,0.54,hour=21 & kW>1.45
2009-01-13 03:00:00,Night_Idle_Waste,Low,"Idle consumption 1.00kW at 3h. Check standby: router, fridge, Sub_metering_3.",0.697,hour in 1-5 & kW>0.8
2009-01-13 18:00:00,Peak_Shift,Medium,High consumption 2.03kW at 18.0h (peak). Shift washing/dishwasher to 13-16h off-peak.,0.407,hour=18 & kW>1.61
2009-01-13 19:00:00,Peak_Shift,Medium,High consumption 1.63kW at 19.0h (peak). Shift washing/dishwasher to 13-16h off-peak.,0.327,hour=19 & kW>1.62
2009-01-13 20:00:00,Peak_Shift,Medium,High consumption 2.62kW at 20.0h (peak). Shift washing/dishwasher to 13-16h off-peak.,0.524,hour=20 & kW>1.66
2009-01-13 21:00:00,Peak_Shift,Medium,High consumption 2.72kW at 21.0h (peak). Shift washing/dishwasher to 13-16h off-peak.,0.545,hour=21 & kW>1.66
2009-01-14 19:00:00,Peak_Shift,Medium,High consumption 1.89kW at 19.0h (peak). Shift washing/dishwasher to 13-16h off-peak.,0.379,hour=19 & kW>1.56
2009-01-14 20:00:00,Peak_Shift,Medium,High consumption 2.74kW at 20.0h (peak). Shift washing/dishwasher to 13-16h off-peak.,0.548,hour=20 & kW>1.56
2009-01-14 21:00:00,Peak_Shift,High,High consumption 3.32kW at 21.0h (peak). Shift washing/dishwasher to 13-16h off-peak.,0.665,hour=21 & kW>1.59
2009-01-15 04:00:00,Night_Idle_Waste,Low,"Idle consumption 0.85kW at 4h. Check standby: router, fridge, Sub_metering_3.",0.546,hour in 1-5 & kW>0.8
2009-01-15 19:00:00,Peak_Shift,Medium,High consumption 2.85kW at 19.0h (peak). Shift washing/dishwasher to 13-16h off-peak.,0.57,hour=19 & kW>1.33
2009-01-15 20:00:00,Peak_Shift,High,High consumption 3.36kW at 20.0h (peak). Shift washing/dishwasher to 13-16h off-peak.,0.673,hour=20 & kW>1.36
2009-01-15 21:00:00,Peak_Shift,Medium,High consumption 2.56kW at 21.0h (peak). Shift washing/dishwasher to 13-16h off-peak.,0.511,hour=21 & kW>1.32
2009-01-16 03:00:00,Night_Idle_Waste,Low,"Idle consumption 1.00kW at 3h. Check standby: router, fridge, Sub_metering_3.",0.7,hour in 1-5 & kW>0.8
2009-01-16 18:00:00,Peak_Shift,High,High consumption 3.19kW at 18.0h (peak). Shift washing/dishwasher to 13-16h off-peak.,0.638,hour=18 & kW>1.82
2009-01-16 19:00:00,Peak_Shift,High,High consumption 4.96kW at 19.0h (peak). Shift washing/dishwasher to 13-16h off-peak.,0.992,hour=19 & kW>1.92
2009-01-16 20:00:00,Peak_Shift,High,High consumption 6.52kW at 20.0h (peak). Shift washing/dishwasher to 13-16h off-peak.,1.304,hour=20 & kW>2.08
2009-01-16 21:00:00,Peak_Shift,High,High consumption 3.40kW at 21.0h (peak). Shift washing/dishwasher to 13-16h off-peak.,0.68,hour=21 & kW>2.12
2009-01-17 01:00:00,Night_Idle_Waste,Low,"Idle consumption 1.43kW at 1h. Check standby: router, fridge, Sub_metering_3.",1.129,hour in 1-5 & kW>0.8
2009-01-17 02:00:00,Night_Idle_Waste,Low,"Idle consumption 1.42kW at 2h. Check standby: router, fridge, Sub_metering_3.",1.122,hour in 1-5 & kW>0.8
2009-01-17 03:00:00,Night_Idle_Waste,Low,"Idle consumption 1.45kW at 3h. Check standby: router, fridge, Sub_metering_3.",1.153,hour in 1-5 & kW>0.8
2009-01-17 04:00:00,Night_Idle_Waste,Low,"Idle consumption 1.44kW at 4h. Check standby: router, fridge, Sub_metering_3.",1.137,hour in 1-5 & kW>0.8
2009-01-17 05:00:00,Night_Idle_Waste,Low,"Idle consumption 1.79kW at 5h. Check standby: router, fridge, Sub_metering_3.",1.487,hour in 1-5 & kW>0.8
2009-01-17 19:00:00,Peak_Shift,High,High consumption 3.44kW at 19.0h (peak). Shift washing/dishwasher to 13-16h off-peak.,0.688,hour=19 & kW>3.00
2009-01-17 21:00:00,Peak_Shift,High,High consumption 3.67kW at 21.0h (peak). Shift washing/dishwasher to 13-16h off-peak.,0.733,hour=21 & kW>2.81
2009-01-18 18:00:00,Peak_Shift,High,High consumption 3.55kW at 18.0h (peak). Shift washing/dishwasher to 13-16h off-peak.,0.709,hour=18 & kW>2.47
2009-01-18 19:00:00,Peak_Shift,High,High consumption 4.57kW at 19.0h (peak). Shift washing/dishwasher to 13-16h off-peak.,0.915,hour=19 & kW>2.53
2009-01-18 20:00:00,Peak_Shift,High,High consumption 3.61kW at 20.0h (peak). Shift washing/dishwasher to 13-16h off-peak.,0.721,hour=20 & kW>2.58
2009-01-18 21:00:00,Peak_Shift,High,High consumption 4.86kW at 21.0h (peak). Shift washing/dishwasher to 13-16h off-peak.,0.972,hour=21 & kW>2.64
2009-01-19 19:00:00,Peak_Shift,Medium,High consumption 1.78kW at 19.0h (peak). Shift washing/dishwasher to 13-16h off-peak.,0.356,hour=19 & kW>1.65
2009-01-19 20:00:00,Peak_Shift,High,High consumption 3.61kW at 20.0h (peak). Shift washing/dishwasher to 13-16h off-peak.,0.722,hour=20 & kW>1.65
2009-01-19 21:00:00,Peak_Shift,Medium,High consumption 2.65kW at 21.0h (peak). Shift washing/dishwasher to 13-16h off-peak.,0.53,hour=21 & kW>1.54
2009-01-20 04:00:00,Night_Idle_Waste,Low,"Idle consumption 1.04kW at 4h. Check standby: router, fridge, Sub_metering_3.",0.744,hour in 1-5 & kW>0.8
2009-01-20 20:00:00,Peak_Shift,Medium,High consumption 1.76kW at 20.0h (peak). Shift washing/dishwasher to 13-16h off-peak.,0.352,hour=20 & kW>1.48
2009-01-20 21:00:00,Peak_Shift,Medium,High consumption 1.63kW at 21.0h (peak). Shift washing/dishwasher to 13-16h off-peak.,0.326,hour=21 & kW>1.43
2009-01-21 18:00:00,Peak_Shift,Medium,High consumption 1.67kW at 18.0h (peak). Shift washing/dishwasher to 13-16h off-peak.,0.335,hour=18 & kW>1.40
2009-01-21 20:00:00,Peak_Shift,Medium,High consumption 1.74kW at 20.0h (peak). Shift washing/dishwasher to 13-16h off-peak.,0.348,hour=20 & kW>1.39
2009-01-21 21:00:00,Peak_Shift,High,High consumption 3.58kW at 21.0h (peak). Shift washing/dishwasher to 13-16h off-peak.,0.716,hour=21 & kW>1.48
2009-01-22 04:00:00,Night_Idle_Waste,Low,"Idle consumption 1.11kW at 4h. Check standby: router, fridge, Sub_metering_3.",0.809,hour in 1-5 & kW>0.8
2009-01-22 21:00:00,Peak_Shift,Medium,High consumption 1.58kW at 21.0h (peak). Shift washing/dishwasher to 13-16h off-peak.,0.316,hour=21 & kW>1.04
2009-01-23 18:00:00,Peak_Shift,Medium,High consumption 2.68kW at 18.0h (peak). Shift washing/dishwasher to 13-16h off-peak.,0.536,hour=18 & kW>1.47
2009-01-23 19:00:00,Peak_Shift,Medium,High consumption 2.20kW at 19.0h (peak). Shift washing/dishwasher to 13-16h off-peak.,0.44,hour=19 & kW>1.55
2009-01-24 11:00:00,Anomaly_Inspection,High,Anomaly detected: 5.07kW vs expected 2.03kW (residual 3.05). Check appliance left on.,3.045,z_score=6.39 | abs_error=3.05
2009-01-24 18:00:00,Peak_Shift,Medium,High consumption 2.50kW at 18.0h (peak). Shift washing/dishwasher to 13-16h off-peak.,0.499,hour=18 & kW>1.66
2009-01-24 19:00:00,Peak_Shift,Medium,High consumption 2.02kW at 19.0h (peak). Shift washing/dishwasher to 13-16h off-peak.,0.403,hour=19 & kW>1.65
2009-01-24 20:00:00,Peak_Shift,High,High consumption 3.14kW at 20.0h (peak). Shift washing/dishwasher to 13-16h off-peak.,0.628,hour=20 & kW>1.74
2009-01-25 01:00:00,Night_Idle_Waste,Low,"Idle consumption 2.00kW at 1h. Check standby: router, fridge, Sub_metering_3.",1.701,hour in 1-5 & kW>0.8
2009-01-25 02:00:00,Night_Idle_Waste,Low,"Idle consumption 1.41kW at 2h. Check standby: router, fridge, Sub_metering_3.",1.109,hour in 1-5 & kW>0.8
2009-01-25 03:00:00,Night_Idle_Waste,Low,"Idle consumption 1.36kW at 3h. Check standby: router, fridge, Sub_metering_3.",1.055,hour in 1-5 & kW>0.8
2009-01-25 04:00:00,Night_Idle_Waste,Low,"Idle consumption 1.38kW at 4h. Check standby: router, fridge, Sub_metering_3.",1.082,hour in 1-5 & kW>0.8
2009-01-25 05:00:00,Night_Idle_Waste,Low,"Idle consumption 1.38kW at 5h. Check standby: router, fridge, Sub_metering_3.",1.08,hour in 1-5 & kW>0.8
2009-01-25 19:00:00,Peak_Shift,Medium,High consumption 2.75kW at 19.0h (peak). Shift washing/dishwasher to 13-16h off-peak.,0.55,hour=19 & kW>2.56
2009-01-26 19:00:00,Peak_Shift,Medium,High consumption 2.39kW at 19.0h (peak). Shift washing/dishwasher to 13-16h off-peak.,0.478,hour=19 & kW>1.30
2009-01-26 20:00:00,Peak_Shift,Medium,High consumption 1.89kW at 20.0h (peak). Shift washing/dishwasher to 13-16h off-peak.,0.378,hour=20 & kW>1.34
2009-01-26 21:00:00,Peak_Shift,Medium,High consumption 2.42kW at 21.0h (peak). Shift washing/dishwasher to 13-16h off-peak.,0.485,hour=21 & kW>1.40
2009-01-27 05:00:00,Night_Idle_Waste,Low,"Idle consumption 1.02kW at 5h. Check standby: router, fridge, Sub_metering_3.",0.716,hour in 1-5 & kW>0.8
2009-01-27 19:00:00,Peak_Shift,Medium,High consumption 2.91kW at 19.0h (peak). Shift washing/dishwasher to 13-16h off-peak.,0.583,hour=19 & kW>1.27
2009-01-27 20:00:00,Peak_Shift,Medium,High consumption 1.70kW at 20.0h (peak). Shift washing/dishwasher to 13-16h off-peak.,0.34,hour=20 & kW>1.26
2009-01-28 01:00:00,Night_Idle_Waste,Low,"Idle consumption 1.22kW at 1h. Check standby: router, fridge, Sub_metering_3.",0.922,hour in 1-5 & kW>0.8
2009-01-28 18:00:00,Peak_Shift,High,High consumption 3.88kW at 18.0h (peak). Shift washing/dishwasher to 13-16h off-peak.,0.775,hour=18 & kW>2.25
2009-01-28 19:00:00,Peak_Shift,Medium,High consumption 2.38kW at 19.0h (peak). Shift washing/dishwasher to 13-16h off-peak.,0.476,hour=19 & kW>2.22
2009-01-28 20:00:00,Peak_Shift,Medium,High consumption 2.83kW at 20.0h (peak). Shift washing/dishwasher to 13-16h off-peak.,0.566,hour=20 & kW>2.28
2009-01-29 04:00:00,Night_Idle_Waste,Low,"Idle consumption 0.93kW at 4h. Check standby: router, fridge, Sub_metering_3.",0.628,hour in 1-5 & kW>0.8
2009-01-29 19:00:00,Peak_Shift,Medium,High consumption 1.67kW at 19.0h (peak). Shift washing/dishwasher to 13-16h off-peak.,0.334,hour=19 & kW>1.35
2009-01-29 21:00:00,Peak_Shift,Medium,High consumption 1.59kW at 21.0h (peak). Shift washing/dishwasher to 13-16h off-peak.,0.317,hour=21 & kW>1.27
2009-01-30 18:00:00,Peak_Shift,Medium,High consumption 2.53kW at 18.0h (peak). Shift washing/dishwasher to 13-16h off-peak.,0.505,hour=18 & kW>1.68
2009-01-30 19:00:00,Peak_Shift,Medium,High consumption 2.00kW at 19.0h (peak). Shift washing/dishwasher to 13-16h off-peak.,0.4,hour=19 & kW>1.70
2009-01-30 21:00:00,Peak_Shift,Medium,High consumption 1.94kW at 21.0h (peak). Shift washing/dishwasher to 13-16h off-peak.,0.388,hour=21 & kW>1.73
2009-01-31 18:00:00,Peak_Shift,High,High consumption 3.76kW at 18.0h (peak). Shift washing/dishwasher to 13-16h off-peak.,0.753,hour=18 & kW>2.17
2009-01-31 19:00:00,Peak_Shift,High,High consumption 4.50kW at 19.0h (peak). Shift washing/dishwasher to 13-16h off-peak.,0.901,hour=19 & kW>2.29
2009-01-31 20:00:00,Peak_Shift,High,High consumption 3.90kW at 20.0h (peak). Shift washing/dishwasher to 13-16h off-peak.,0.78,hour=20 & kW>2.40
2009-01-31 21:00:00,Peak_Shift,High,High consumption 3.47kW at 21.0h (peak). Shift washing/dishwasher to 13-16h off-peak.,0.694,hour=21 & kW>2.48
2009-02-01 01:00:00,Night_Idle_Waste,Low,"Idle consumption 3.08kW at 1h. Check standby: router, fridge, Sub_metering_3.",2.776,hour in 1-5 & kW>0.8
2009-02-01 02:00:00,Night_Idle_Waste,Low,"Idle consumption 1.42kW at 2h. Check standby: router, fridge, Sub_metering_3.",1.115,hour in 1-5 & kW>0.8
2009-02-01 18:00:00,Peak_Shift,Medium,High consumption 2.34kW at 18.0h (peak). Shift washing/dishwasher to 13-16h off-peak.,0.467,hour=18 & kW>2.19
2009-02-01 20:00:00,Peak_Shift,Medium,High consumption 2.29kW at 20.0h (peak). Shift washing/dishwasher to 13-16h off-peak.,0.458,hour=20 & kW>1.95
2009-02-02 03:00:00,Night_Idle_Waste,Low,"Idle consumption 0.86kW at 3h. Check standby: router, fridge, Sub_metering_3.",0.564,hour in 1-5 & kW>0.8
2009-02-02 19:00:00,Peak_Shift,Medium,High consumption 2.22kW at 19.0h (peak). Shift washing/dishwasher to 13-16h off-peak.,0.444,hour=19 & kW>1.11
2009-02-02 20:00:00,Peak_Shift,Medium,High consumption 2.75kW at 20.0h (peak). Shift washing/dishwasher to 13-16h off-peak.,0.55,hour=20 & kW>1.14
2009-02-02 21:00:00,Peak_Shift,Medium,High consumption 1.84kW at 21.0h (peak). Shift washing/dishwasher to 13-16h off-peak.,0.368,hour=21 & kW>1.17
2009-02-03 18:00:00,Peak_Shift,Medium,High consumption 1.88kW at 18.0h (peak). Shift washing/dishwasher to 13-16h off-peak.,0.376,hour=18 & kW>1.73
2009-02-03 19:00:00,Peak_Shift,Medium,High consumption 1.76kW at 19.0h (peak). Shift washing/dishwasher to 13-16h off-peak.,0.353,hour=19 & kW>1.71
2009-02-03 20:00:00,Peak_Shift,Medium,High consumption 1.73kW at 20.0h (peak). Shift washing/dishwasher to 13-16h off-peak.,0.347,hour=20 & kW>1.66
2009-02-03 21:00:00,Peak_Shift,Medium,High consumption 1.76kW at 21.0h (peak). Shift washing/dishwasher to 13-16h off-peak.,0.352,hour=21 & kW>1.66
2009-02-04 02:00:00,Night_Idle_Waste,Low,"Idle consumption 0.96kW at 2h. Check standby: router, fridge, Sub_metering_3.",0.656,hour in 1-5 & kW>0.8
2009-02-04 18:00:00,Peak_Shift,Medium,High consumption 2.54kW at 18.0h (peak). Shift washing/dishwasher to 13-16h off-peak.,0.508,hour=18 & kW>2.02
2009-02-04 19:00:00,Peak_Shift,Medium,High consumption 2.56kW at 19.0h (peak). Shift washing/dishwasher to 13-16h off-peak.,0.511,hour=19 & kW>2.06
2009-02-04 20:00:00,Peak_Shift,Medium,High consumption 2.60kW at 20.0h (peak). Shift washing/dishwasher to 13-16h off-peak.,0.521,hour=20 & kW>2.10
2009-02-05 01:00:00,Night_Idle_Waste,Low,"Idle consumption 1.15kW at 1h. Check standby: router, fridge, Sub_metering_3.",0.845,hour in 1-5 & kW>0.8
2009-02-05 04:00:00,Night_Idle_Waste,Low,"Idle consumption 0.81kW at 4h. Check standby: router, fridge, Sub_metering_3.",0.51,hour in 1-5 & kW>0.8
2009-02-05 19:00:00,Peak_Shift,Medium,High consumption 1.92kW at 19.0h (peak). Shift washing/dishwasher to 13-16h off-peak.,0.385,hour=19 & kW>1.41
2009-02-05 20:00:00,Peak_Shift,Medium,High consumption 2.72kW at 20.0h (peak). Shift washing/dishwasher to 13-16h off-peak.,0.545,hour=20 & kW>1.42
2009-02-06 01:00:00,Night_Idle_Waste,Low,"Idle consumption 1.03kW at 1h. Check standby: router, fridge, Sub_metering_3.",0.732,hour in 1-5 & kW>0.8
2009-02-06 18:00:00,Peak_Shift,Medium,High consumption 2.90kW at 18.0h (peak). Shift washing/dishwasher to 13-16h off-peak.,0.579,hour=18 & kW>1.61
2009-02-06 19:00:00,Peak_Shift,Medium,High consumption 1.79kW at 19.0h (peak). Shift washing/dishwasher to 13-16h off-peak.,0.358,hour=19 & kW>1.60
2009-02-06 21:00:00,Peak_Shift,Medium,High consumption 2.34kW at 21.0h (peak). Shift washing/dishwasher to 13-16h off-peak.,0.467,hour=21 & kW>1.62
2009-02-07 18:00:00,Peak_Shift,High,High consumption 3.05kW at 18.0h (peak). Shift washing/dishwasher to 13-16h off-peak.,0.61,hour=18 & kW>2.22
2009-02-07 19:00:00,Peak_Shift,High,High consumption 3.01kW at 19.0h (peak). Shift washing/dishwasher to 13-16h off-peak.,0.602,hour=19 & kW>2.28
2009-02-07 20:00:00,Peak_Shift,High,High consumption 4.40kW at 20.0h (peak). Shift washing/dishwasher to 13-16h off-peak.,0.879,hour=20 & kW>2.42
2009-02-07 21:00:00,Peak_Shift,Medium,High consumption 2.93kW at 21.0h (peak). Shift washing/dishwasher to 13-16h off-peak.,0.587,hour=21 & kW>2.45
2009-02-08 01:00:00,Night_Idle_Waste,Low,"Idle consumption 3.16kW at 1h. Check standby: router, fridge, Sub_metering_3.",2.863,hour in 1-5 & kW>0.8
2009-02-08 02:00:00,Night_Idle_Waste,Low,"Idle consumption 1.40kW at 2h. Check standby: router, fridge, Sub_metering_3.",1.099,hour in 1-5 & kW>0.8
2009-02-08 03:00:00,Night_Idle_Waste,Low,"Idle consumption 1.40kW at 3h. Check standby: router, fridge, Sub_metering_3.",1.096,hour in 1-5 & kW>0.8
2009-02-08 04:00:00,Night_Idle_Waste,Low,"Idle consumption 0.85kW at 4h. Check standby: router, fridge, Sub_metering_3.",0.547,hour in 1-5 & kW>0.8
2009-02-08 18:00:00,Peak_Shift,High,High consumption 3.73kW at 18.0h (peak). Shift washing/dishwasher to 13-16h off-peak.,0.746,hour=18 & kW>2.21
2009-02-08 19:00:00,Peak_Shift,High,High consumption 3.01kW at 19.0h (peak). Shift washing/dishwasher to 13-16h off-peak.,0.602,hour=19 & kW>2.21
2009-02-08 20:00:00,Peak_Shift,High,High consumption 3.53kW at 20.0h (peak). Shift washing/dishwasher to 13-16h off-peak.,0.707,hour=20 & kW>2.17
2009-02-09 01:00:00,Night_Idle_Waste,Low,"Idle consumption 0.86kW at 1h. Check standby: router, fridge, Sub_metering_3.",0.563,hour in 1-5 & kW>0.8
2009-02-09 19:00:00,Peak_Shift,Medium,High consumption 2.81kW at 19.0h (peak). Shift washing/dishwasher to 13-16h off-peak.,0.562,hour=19 & kW>1.52
2009-02-09 20:00:00,Peak_Shift,Medium,High consumption 1.69kW at 20.0h (peak). Shift washing/dishwasher to 13-16h off-peak.,0.338,hour=20 & kW>1.43
2009-02-10 19:00:00,Peak_Shift,Medium,High consumption 1.76kW at 19.0h (peak). Shift washing/dishwasher to 13-16h off-peak.,0.351,hour=19 & kW>1.47
2009-02-10 20:00:00,Peak_Shift,Medium,High consumption 2.26kW at 20.0h (peak). Shift washing/dishwasher to 13-16h off-peak.,0.452,hour=20 & kW>1.50
2009-02-11 18:00:00,Peak_Shift,High,High consumption 5.23kW at 18.0h (peak). Shift washing/dishwasher to 13-16h off-peak.,1.047,hour=18 & kW>2.03
2009-02-11 19:00:00,Peak_Shift,Medium,High consumption 2.37kW at 19.0h (peak). Shift washing/dishwasher to 13-16h off-peak.,0.473,hour=19 & kW>2.06
2009-02-11 20:00:00,Peak_Shift,High,High consumption 4.06kW at 20.0h (peak). Shift washing/dishwasher to 13-16h off-peak.,0.813,hour=20 & kW>2.15
2009-02-11 21:00:00,Peak_Shift,High,High consumption 3.47kW at 21.0h (peak). Shift washing/dishwasher to 13-16h off-peak.,0.693,hour=21 & kW>2.26
2009-02-12 02:00:00,Night_Idle_Waste,Low,"Idle consumption 1.02kW at 2h. Check standby: router, fridge, Sub_metering_3.",0.723,hour in 1-5 & kW>0.8
2009-02-12 19:00:00,Peak_Shift,Medium,High consumption 2.88kW at 19.0h (peak). Shift washing/dishwasher to 13-16h off-peak.,0.576,hour=19 & kW>1.75
2009-02-12 20:00:00,Peak_Shift,High,High consumption 3.27kW at 20.0h (peak). Shift washing/dishwasher to 13-16h off-peak.,0.653,hour=20 & kW>1.71
2009-02-12 21:00:00,Peak_Shift,Medium,High consumption 2.80kW at 21.0h (peak). Shift washing/dishwasher to 13-16h off-peak.,0.56,hour=21 & kW>1.68
2009-02-13 19:00:00,Peak_Shift,High,High consumption 3.01kW at 19.0h (peak). Shift washing/dishwasher to 13-16h off-peak.,0.602,hour=19 & kW>1.55
2009-02-13 20:00:00,Peak_Shift,Medium,High consumption 1.75kW at 20.0h (peak). Shift washing/dishwasher to 13-16h off-peak.,0.351,hour=20 & kW>1.48
2009-02-14 18:00:00,Peak_Shift,Medium,High consumption 2.12kW at 18.0h (peak). Shift washing/dishwasher to 13-16h off-peak.,0.424,hour=18 & kW>1.80
2009-02-14 19:00:00,Peak_Shift,Medium,High consumption 2.39kW at 19.0h (peak). Shift washing/dishwasher to 13-16h off-peak.,0.478,hour=19 & kW>1.77
2009-02-14 20:00:00,Peak_Shift,Medium,High consumption 2.58kW at 20.0h (peak). Shift washing/dishwasher to 13-16h off-peak.,0.516,hour=20 & kW>1.81
2009-02-14 21:00:00,Peak_Shift,Medium,High consumption 1.89kW at 21.0h (peak). Shift washing/dishwasher to 13-16h off-peak.,0.379,hour=21 & kW>1.83
2009-02-15 01:00:00,Night_Idle_Waste,Low,"Idle consumption 1.36kW at 1h. Check standby: router, fridge, Sub_metering_3.",1.063,hour in 1-5 & kW>0.8
2009-02-15 02:00:00,Night_Idle_Waste,Low,"Idle consumption 1.35kW at 2h. Check standby: router, fridge, Sub_metering_3.",1.049,hour in 1-5 & kW>0.8
2009-02-15 03:00:00,Night_Idle_Waste,Low,"Idle consumption 1.36kW at 3h. Check standby: router, fridge, Sub_metering_3.",1.056,hour in 1-5 & kW>0.8
2009-02-15 04:00:00,Night_Idle_Waste,Low,"Idle consumption 1.34kW at 4h. Check standby: router, fridge, Sub_metering_3.",1.039,hour in 1-5 & kW>0.8
2009-02-15 05:00:00,Night_Idle_Waste,Low,"Idle consumption 1.37kW at 5h. Check standby: router, fridge, Sub_metering_3.",1.065,hour in 1-5 & kW>0.8
2009-02-16 18:00:00,Peak_Shift,Medium,High consumption 1.95kW at 18.0h (peak). Shift washing/dishwasher to 13-16h off-peak.,0.391,hour=18 & kW>0.78
2009-02-16 19:00:00,Peak_Shift,High,High consumption 3.16kW at 19.0h (peak). Shift washing/dishwasher to 13-16h off-peak.,0.633,hour=19 & kW>0.89
2009-02-16 20:00:00,Peak_Shift,Medium,High consumption 2.23kW at 20.0h (peak). Shift washing/dishwasher to 13-16h off-peak.,0.445,hour=20 & kW>0.98
2009-02-16 21:00:00,Peak_Shift,Medium,High consumption 1.65kW at 21.0h (peak). Shift washing/dishwasher to 13-16h off-peak.,0.33,hour=21 & kW>1.01
2009-02-18 05:00:00,Night_Idle_Waste,Low,"Idle consumption 0.81kW at 5h. Check standby: router, fridge, Sub_metering_3.",0.514,hour in 1-5 & kW>0.8
2009-02-20 02:00:00,Night_Idle_Waste,Low,"Idle consumption 1.00kW at 2h. Check standby: router, fridge, Sub_metering_3.",0.702,hour in 1-5 & kW>0.8
2009-02-20 18:00:00,Peak_Shift,Medium,High consumption 2.96kW at 18.0h (peak). Shift washing/dishwasher to 13-16h off-peak.,0.592,hour=18 & kW>1.06
2009-02-20 19:00:00,Peak_Shift,High,High consumption 3.02kW at 19.0h (peak). Shift washing/dishwasher to 13-16h off-peak.,0.604,hour=19 & kW>1.19
2009-02-20 20:00:00,Peak_Shift,Medium,High consumption 2.56kW at 20.0h (peak). Shift washing/dishwasher to 13-16h off-peak.,0.512,hour=20 & kW>1.30
2009-02-20 21:00:00,Peak_Shift,Medium,High consumption 2.24kW at 21.0h (peak). Shift washing/dishwasher to 13-16h off-peak.,0.449,hour=21 & kW>1.40
2009-02-21 01:00:00,Night_Idle_Waste,Low,"Idle consumption 1.74kW at 1h. Check standby: router, fridge, Sub_metering_3.",1.437,hour in 1-5 & kW>0.8
2009-02-21 02:00:00,Night_Idle_Waste,Low,"Idle consumption 1.77kW at 2h. Check standby: router, fridge, Sub_metering_3.",1.473,hour in 1-5 & kW>0.8
2009-02-21 03:00:00,Night_Idle_Waste,Low,"Idle consumption 1.95kW at 3h. Check standby: router, fridge, Sub_metering_3.",1.649,hour in 1-5 & kW>0.8
2009-02-21 04:00:00,Night_Idle_Waste,Low,"Idle consumption 1.76kW at 4h. Check standby: router, fridge, Sub_metering_3.",1.459,hour in 1-5 & kW>0.8
2009-02-22 18:00:00,Peak_Shift,High,High consumption 4.00kW at 18.0h (peak). Shift washing/dishwasher to 13-16h off-peak.,0.8,hour=18 & kW>1.11
2009-02-22 19:00:00,Peak_Shift,High,High consumption 3.85kW at 19.0h (peak). Shift washing/dishwasher to 13-16h off-peak.,0.77,hour=19 & kW>1.29
2009-02-22 20:00:00,Peak_Shift,High,High consumption 4.49kW at 20.0h (peak). Shift washing/dishwasher to 13-16h off-peak.,0.898,hour=20 & kW>1.50
2009-02-22 21:00:00,Peak_Shift,High,High consumption 4.67kW at 21.0h (peak). Shift washing/dishwasher to 13-16h off-peak.,0.935,hour=21 & kW>1.68
2009-02-23 01:00:00,Night_Idle_Waste,Low,"Idle consumption 1.36kW at 1h. Check standby: router, fridge, Sub_metering_3.",1.059,hour in 1-5 & kW>0.8
2009-02-23 02:00:00,Night_Idle_Waste,Low,"Idle consumption 1.40kW at 2h. Check standby: router, fridge, Sub_metering_3.",1.1,hour in 1-5 & kW>0.8
2009-02-23 03:00:00,Night_Idle_Waste,Low,"Idle consumption 1.35kW at 3h. Check standby: router, fridge, Sub_metering_3.",1.048,hour in 1-5 & kW>0.8
2009-02-23 04:00:00,Night_Idle_Waste,Low,"Idle consumption 1.37kW at 4h. Check standby: router, fridge, Sub_metering_3.",1.073,hour in 1-5 & kW>0.8
2009-02-23 05:00:00,Night_Idle_Waste,Low,"Idle consumption 1.36kW at 5h. Check standby: router, fridge, Sub_metering_3.",1.059,hour in 1-5 & kW>0.8
2009-02-23 20:00:00,Peak_Shift,High,High consumption 3.09kW at 20.0h (peak). Shift washing/dishwasher to 13-16h off-peak.,0.618,hour=20 & kW>2.31
2009-02-24 21:00:00,Peak_Shift,Medium,High consumption 2.11kW at 21.0h (peak). Shift washing/dishwasher to 13-16h off-peak.,0.423,hour=21 & kW>1.78
2009-02-25 05:00:00,Night_Idle_Waste,Low,"Idle consumption 0.94kW at 5h. Check standby: router, fridge, Sub_metering_3.",0.644,hour in 1-5 & kW>0.8
2009-02-25 20:00:00,Peak_Shift,Medium,High consumption 1.70kW at 20.0h (peak). Shift washing/dishwasher to 13-16h off-peak.,0.339,hour=20 & kW>0.99
2009-02-25 21:00:00,Peak_Shift,Medium,High consumption 1.72kW at 21.0h (peak). Shift washing/dishwasher to 13-16h off-peak.,0.344,hour=21 & kW>0.98
2009-02-26 18:00:00,Peak_Shift,Medium,High consumption 1.69kW at 18.0h (peak). Shift washing/dishwasher to 13-16h off-peak.,0.338,hour=18 & kW>0.99
2009-02-26 19:00:00,Peak_Shift,Medium,High consumption 1.93kW at 19.0h (peak). Shift washing/dishwasher to 13-16h off-peak.,0.385,hour=19 & kW>1.04
2009-02-27 01:00:00,Night_Idle_Waste,Low,"Idle consumption 1.11kW at 1h. Check standby: router, fridge, Sub_metering_3.",0.811,hour in 1-5 & kW>0.8
2009-02-27 18:00:00,Peak_Shift,Medium,High consumption 1.76kW at 18.0h (peak). Shift washing/dishwasher to 13-16h off-peak.,0.352,hour=18 & kW>1.45
2009-02-27 19:00:00,Peak_Shift,Medium,High consumption 1.96kW at 19.0h (peak). Shift washing/dishwasher to 13-16h off-peak.,0.393,hour=19 & kW>1.45
2009-02-27 20:00:00,Peak_Shift,Medium,High consumption 2.61kW at 20.0h (peak). Shift washing/dishwasher to 13-16h off-peak.,0.521,hour=20 & kW>1.55
2009-02-27 21:00:00,Peak_Shift,Medium,High consumption 2.54kW at 21.0h (peak). Shift washing/dishwasher to 13-16h off-peak.,0.507,hour=21 & kW>1.61
2009-02-28 18:00:00,Peak_Shift,High,High consumption 3.20kW at 18.0h (peak). Shift washing/dishwasher to 13-16h off-peak.,0.639,hour=18 & kW>1.52
2009-02-28 19:00:00,Peak_Shift,Medium,High consumption 2.74kW at 19.0h (peak). Shift washing/dishwasher to 13-16h off-peak.,0.547,hour=19 & kW>1.56
2009-03-01 20:00:00,Peak_Shift,High,High consumption 3.39kW at 20.0h (peak). Shift washing/dishwasher to 13-16h off-peak.,0.679,hour=20 & kW>2.03
2009-03-01 21:00:00,Peak_Shift,Medium,High consumption 2.44kW at 21.0h (peak). Shift washing/dishwasher to 13-16h off-peak.,0.488,hour=21 & kW>2.10
2009-03-02 03:00:00,Night_Idle_Waste,Low,"Idle consumption 0.83kW at 3h. Check standby: router, fridge, Sub_metering_3.",0.529,hour in 1-5 & kW>0.8
2009-03-02 19:00:00,Peak_Shift,Medium,High consumption 1.68kW at 19.0h (peak). Shift washing/dishwasher to 13-16h off-peak.,0.335,hour=19 & kW>1.31
2009-03-02 20:00:00,Peak_Shift,Medium,High consumption 2.70kW at 20.0h (peak). Shift washing/dishwasher to 13-16h off-peak.,0.54,hour=20 & kW>1.28
2009-03-02 21:00:00,Peak_Shift,Medium,High consumption 1.51kW at 21.0h (peak). Shift washing/dishwasher to 13-16h off-peak.,0.303,hour=21 & kW>1.23
2009-03-03 02:00:00,Night_Idle_Waste,Low,"Idle consumption 0.99kW at 2h. Check standby: router, fridge, Sub_metering_3.",0.693,hour in 1-5 & kW>0.8
2009-03-03 20:00:00,Peak_Shift,Medium,High consumption 2.27kW at 20.0h (peak). Shift washing/dishwasher to 13-16h off-peak.,0.455,hour=20 & kW>1.47
2009-03-03 21:00:00,Peak_Shift,Medium,High consumption 2.11kW at 21.0h (peak). Shift washing/dishwasher to 13-16h off-peak.,0.421,hour=21 & kW>1.50
2009-03-04 18:00:00,Peak_Shift,Medium,High consumption 2.68kW at 18.0h (peak). Shift washing/dishwasher to 13-16h off-peak.,0.537,hour=18 & kW>1.46
2009-03-04 19:00:00,Peak_Shift,Medium,High consumption 2.05kW at 19.0h (peak). Shift washing/dishwasher to 13-16h off-peak.,0.41,hour=19 & kW>1.50
2009-03-04 20:00:00,Peak_Shift,Medium,High consumption 1.54kW at 20.0h (peak). Shift washing/dishwasher to 13-16h off-peak.,0.308,hour=20 & kW>1.46
2009-03-04 21:00:00,Peak_Shift,Medium,High consumption 2.42kW at 21.0h (peak). Shift washing/dishwasher to 13-16h off-peak.,0.485,hour=21 & kW>1.48
2009-03-05 05:00:00,Night_Idle_Waste,Low,"Idle consumption 1.01kW at 5h. Check standby: router, fridge, Sub_metering_3.",0.707,hour in 1-5 & kW>0.8
2009-03-05 19:00:00,Peak_Shift,Medium,High consumption 2.10kW at 19.0h (peak). Shift washing/dishwasher to 13-16h off-peak.,0.42,hour=19 & kW>1.35
2009-03-05 20:00:00,Peak_Shift,Medium,High consumption 2.33kW at 20.0h (peak). Shift washing/dishwasher to 13-16h off-peak.,0.467,hour=20 & kW>1.39
2009-03-06 04:00:00,Night_Idle_Waste,Low,"Idle consumption 1.02kW at 4h. Check standby: router, fridge, Sub_metering_3.",0.717,hour in 1-5 & kW>0.8
2009-03-06 19:00:00,Peak_Shift,Medium,High consumption 1.81kW at 19.0h (peak). Shift washing/dishwasher to 13-16h off-peak.,0.361,hour=19 & kW>1.34
2009-03-06 20:00:00,Peak_Shift,High,High consumption 3.38kW at 20.0h (peak). Shift washing/dishwasher to 13-16h off-peak.,0.675,hour=20 & kW>1.39
2009-03-06 21:00:00,Peak_Shift,Medium,High consumption 2.18kW at 21.0h (peak). Shift washing/dishwasher to 13-16h off-peak.,0.436,hour=21 & kW>1.47
2009-03-07 01:00:00,Night_Idle_Waste,Low,"Idle consumption 0.87kW at 1h. Check standby: router, fridge, Sub_metering_3.",0.567,hour in 1-5 & kW>0.8
2009-03-07 18:00:00,Peak_Shift,Medium,High consumption 2.67kW at 18.0h (peak). Shift washing/dishwasher to 13-16h off-peak.,0.534,hour=18 & kW>1.56
2009-03-07 19:00:00,Peak_Shift,Medium,High consumption 2.46kW at 19.0h (peak). Shift washing/dishwasher to 13-16h off-peak.,0.491,hour=19 & kW>1.59
2009-03-07 20:00:00,Peak_Shift,Medium,High consumption 1.57kW at 20.0h (peak). Shift washing/dishwasher to 13-16h off-peak.,0.314,hour=20 & kW>1.50
2009-03-08 04:00:00,Night_Idle_Waste,Low,"Idle consumption 0.90kW at 4h. Check standby: router, fridge, Sub_metering_3.",0.597,hour in 1-5 & kW>0.8
2009-03-08 18:00:00,Peak_Shift,High,High consumption 3.41kW at 18.0h (peak). Shift washing/dishwasher to 13-16h off-peak.,0.683,hour=18 & kW>1.82
2009-03-08 21:00:00,Peak_Shift,High,High consumption 3.85kW at 21.0h (peak). Shift washing/dishwasher to 13-16h off-peak.,0.77,hour=21 & kW>1.90
2009-03-09 19:00:00,Peak_Shift,Medium,High consumption 1.80kW at 19.0h (peak). Shift washing/dishwasher to 13-16h off-peak.,0.361,hour=19 & kW>1.42
2009-03-09 20:00:00,Peak_Shift,Medium,High consumption 2.56kW at 20.0h (peak). Shift washing/dishwasher to 13-16h off-peak.,0.513,hour=20 & kW>1.49
2009-03-09 21:00:00,Peak_Shift,Medium,High consumption 2.42kW at 21.0h (peak). Shift washing/dishwasher to 13-16h off-peak.,0.484,hour=21 & kW>1.42
2009-03-10 03:00:00,Night_Idle_Waste,Low,"Idle consumption 1.09kW at 3h. Check standby: router, fridge, Sub_metering_3.",0.785,hour in 1-5 & kW>0.8
2009-03-10 19:00:00,Peak_Shift,Medium,High consumption 1.69kW at 19.0h (peak). Shift washing/dishwasher to 13-16h off-peak.,0.338,hour=19 & kW>1.53
2009-03-10 21:00:00,Peak_Shift,Medium,High consumption 1.86kW at 21.0h (peak). Shift washing/dishwasher to 13-16h off-peak.,0.372,hour=21 & kW>1.44
2009-03-11 01:00:00,Night_Idle_Waste,Low,"Idle consumption 0.96kW at 1h. Check standby: router, fridge, Sub_metering_3.",0.661,hour in 1-5 & kW>0.8
2009-03-11 02:00:00,Night_Idle_Waste,Low,"Idle consumption 1.03kW at 2h. Check standby: router, fridge, Sub_metering_3.",0.728,hour in 1-5 & kW>0.8
2009-03-11 03:00:00,Night_Idle_Waste,Low,"Idle consumption 1.01kW at 3h. Check standby: router, fridge, Sub_metering_3.",0.714,hour in 1-5 & kW>0.8
2009-03-11 04:00:00,Night_Idle_Waste,Low,"Idle consumption 0.86kW at 4h. Check standby: router, fridge, Sub_metering_3.",0.56,hour in 1-5 & kW>0.8
2009-03-11 05:00:00,Night_Idle_Waste,Low,"Idle consumption 1.01kW at 5h. Check standby: router, fridge, Sub_metering_3.",0.707,hour in 1-5 & kW>0.8
2009-03-11 21:00:00,Peak_Shift,High,High consumption 3.55kW at 21.0h (peak). Shift washing/dishwasher to 13-16h off-peak.,0.71,hour=21 & kW>2.12
2009-03-12 05:00:00,Night_Idle_Waste,Low,"Idle consumption 0.92kW at 5h. Check standby: router, fridge, Sub_metering_3.",0.621,hour in 1-5 & kW>0.8
2009-03-12 19:00:00,Peak_Shift,Medium,High consumption 1.76kW at 19.0h (peak). Shift washing/dishwasher to 13-16h off-peak.,0.352,hour=19 & kW>1.67
2009-03-12 20:00:00,Peak_Shift,Medium,High consumption 1.93kW at 20.0h (peak). Shift washing/dishwasher to 13-16h off-peak.,0.386,hour=20 & kW>1.70
2009-03-12 21:00:00,Peak_Shift,Medium,High consumption 1.68kW at 21.0h (peak). Shift washing/dishwasher to 13-16h off-peak.,0.337,hour=21 & kW>1.60
2009-03-13 20:00:00,Peak_Shift,Medium,High consumption 1.78kW at 20.0h (peak). Shift washing/dishwasher to 13-16h off-peak.,0.356,hour=20 & kW>1.16
2009-03-13 21:00:00,Peak_Shift,Medium,High consumption 1.59kW at 21.0h (peak). Shift washing/dishwasher to 13-16h off-peak.,0.318,hour=21 & kW>1.15
2009-03-14 05:00:00,Night_Idle_Waste,Low,"Idle consumption 0.82kW at 5h. Check standby: router, fridge, Sub_metering_3.",0.522,hour in 1-5 & kW>0.8
2009-03-14 18:00:00,Peak_Shift,Medium,High consumption 2.49kW at 18.0h (peak). Shift washing/dishwasher to 13-16h off-peak.,0.498,hour=18 & kW>1.44
2009-03-14 19:00:00,Peak_Shift,Medium,High consumption 2.54kW at 19.0h (peak). Shift washing/dishwasher to 13-16h off-peak.,0.508,hour=19 & kW>1.51
2009-03-14 20:00:00,Peak_Shift,Medium,High consumption 2.49kW at 20.0h (peak). Shift washing/dishwasher to 13-16h off-peak.,0.498,hour=20 & kW>1.54
2009-03-14 21:00:00,Peak_Shift,Medium,High consumption 2.57kW at 21.0h (peak). Shift washing/dishwasher to 13-16h off-peak.,0.513,hour=21 & kW>1.59
2009-03-15 01:00:00,Night_Idle_Waste,Low,"Idle consumption 1.54kW at 1h. Check standby: router, fridge, Sub_metering_3.",1.238,hour in 1-5 & kW>0.8
2009-03-15 02:00:00,Night_Idle_Waste,Low,"Idle consumption 1.50kW at 2h. Check standby: router, fridge, Sub_metering_3.",1.199,hour in 1-5 & kW>0.8
2009-03-15 19:00:00,Peak_Shift,Medium,High consumption 2.23kW at 19.0h (peak). Shift washing/dishwasher to 13-16h off-peak.,0.447,hour=19 & kW>1.81
2009-03-16 20:00:00,Peak_Shift,Medium,High consumption 1.70kW at 20.0h (peak). Shift washing/dishwasher to 13-16h off-peak.,0.34,hour=20 & kW>1.15
2009-03-16 21:00:00,Peak_Shift,Medium,High consumption 2.88kW at 21.0h (peak). Shift washing/dishwasher to 13-16h off-peak.,0.576,hour=21 & kW>1.21
2009-03-17 02:00:00,Night_Idle_Waste,Low,"Idle consumption 0.98kW at 2h. Check standby: router, fridge, Sub_metering_3.",0.684,hour in 1-5 & kW>0.8
2009-03-17 19:00:00,Peak_Shift,Medium,High consumption 2.33kW at 19.0h (peak). Shift washing/dishwasher to 13-16h off-peak.,0.465,hour=19 & kW>1.47
2009-03-17 20:00:00,Peak_Shift,High,High consumption 3.87kW at 20.0h (peak). Shift washing/dishwasher to 13-16h off-peak.,0.775,hour=20 & kW>1.58
2009-03-17 21:00:00,Peak_Shift,Medium,High consumption 2.74kW at 21.0h (peak). Shift washing/dishwasher to 13-16h off-peak.,0.547,hour=21 & kW>1.57
2009-03-18 21:00:00,Peak_Shift,Medium,High consumption 2.55kW at 21.0h (peak). Shift washing/dishwasher to 13-16h off-peak.,0.509,hour=21 & kW>1.24
2009-03-20 19:00:00,Peak_Shift,High,High consumption 3.13kW at 19.0h (peak). Shift washing/dishwasher to 13-16h off-peak.,0.626,hour=19 & kW>1.10
2009-03-20 20:00:00,Peak_Shift,Medium,High consumption 2.24kW at 20.0h (peak). Shift washing/dishwasher to 13-16h off-peak.,0.448,hour=20 & kW>1.18
2009-03-20 21:00:00,Peak_Shift,Medium,High consumption 1.52kW at 21.0h (peak). Shift washing/dishwasher to 13-16h off-peak.,0.304,hour=21 & kW>1.22
2009-03-21 18:00:00,Peak_Shift,Medium,High consumption 2.71kW at 18.0h (peak). Shift washing/dishwasher to 13-16h off-peak.,0.543,hour=18 & kW>1.46
2009-03-21 19:00:00,Peak_Shift,High,High consumption 3.59kW at 19.0h (peak). Shift washing/dishwasher to 13-16h off-peak.,0.719,hour=19 & kW>1.48
2009-03-21 20:00:00,Peak_Shift,Medium,High consumption 2.98kW at 20.0h (peak). Shift washing/dishwasher to 13-16h off-peak.,0.595,hour=20 & kW>1.52
2009-03-21 21:00:00,Peak_Shift,Medium,High consumption 2.62kW at 21.0h (peak). Shift washing/dishwasher to 13-16h off-peak.,0.523,hour=21 & kW>1.57
2009-03-22 19:00:00,Peak_Shift,Medium,High consumption 1.61kW at 19.0h (peak). Shift washing/dishwasher to 13-16h off-peak.,0.323,hour=19 & kW>1.56
2009-03-22 20:00:00,Peak_Shift,Medium,High consumption 1.60kW at 20.0h (peak). Shift washing/dishwasher to 13-16h off-peak.,0.32,hour=20 & kW>1.50
2009-03-22 21:00:00,Peak_Shift,Medium,High consumption 1.72kW at 21.0h (peak). Shift washing/dishwasher to 13-16h off-peak.,0.344,hour=21 & kW>1.45
2009-03-23 19:00:00,Peak_Shift,Medium,High consumption 1.78kW at 19.0h (peak). Shift washing/dishwasher to 13-16h off-peak.,0.355,hour=19 & kW>1.08
2009-03-23 20:00:00,Peak_Shift,Medium,High consumption 2.29kW at 20.0h (peak). Shift washing/dishwasher to 13-16h off-peak.,0.459,hour=20 & kW>1.12
2009-03-24 19:00:00,Peak_Shift,High,High consumption 3.74kW at 19.0h (peak). Shift washing/dishwasher to 13-16h off-peak.,0.748,hour=19 & kW>1.30
2009-03-24 20:00:00,Peak_Shift,Medium,High consumption 2.30kW at 20.0h (peak). Shift washing/dishwasher to 13-16h off-peak.,0.46,hour=20 & kW>1.30
2009-03-24 21:00:00,Peak_Shift,Medium,High consumption 1.91kW at 21.0h (peak). Shift washing/dishwasher to 13-16h off-peak.,0.383,hour=21 & kW>1.34
2009-03-25 19:00:00,Peak_Shift,Medium,High consumption 2.41kW at 19.0h (peak). Shift washing/dishwasher to 13-16h off-peak.,0.482,hour=19 & kW>1.43
2009-03-25 20:00:00,Peak_Shift,Medium,High consumption 2.92kW at 20.0h (peak). Shift washing/dishwasher to 13-16h off-peak.,0.583,hour=20 & kW>1.46
2009-03-25 21:00:00,Peak_Shift,Medium,High consumption 1.74kW at 21.0h (peak). Shift washing/dishwasher to 13-16h off-peak.,0.347,hour=21 & kW>1.45
2009-03-26 20:00:00,Peak_Shift,Medium,High consumption 2.61kW at 20.0h (peak). Shift washing/dishwasher to 13-16h off-peak.,0.521,hour=20 & kW>1.14
2009-03-27 18:00:00,Peak_Shift,Medium,High consumption 1.73kW at 18.0h (peak). Shift washing/dishwasher to 13-16h off-peak.,0.346,hour=18 & kW>1.34
2009-03-27 19:00:00,Peak_Shift,Medium,High consumption 1.87kW at 19.0h (peak). Shift washing/dishwasher to 13-16h off-peak.,0.374,hour=19 & kW>1.38
2009-03-27 20:00:00,Peak_Shift,Medium,High consumption 2.90kW at 20.0h (peak). Shift washing/dishwasher to 13-16h off-peak.,0.58,hour=20 & kW>1.39
2009-03-27 21:00:00,Peak_Shift,Medium,High consumption 2.34kW at 21.0h (peak). Shift washing/dishwasher to 13-16h off-peak.,0.468,hour=21 & kW>1.44
2009-03-28 01:00:00,Night_Idle_Waste,Low,"Idle consumption 0.94kW at 1h. Check standby: router, fridge, Sub_metering_3.",0.636,hour in 1-5 & kW>0.8
2009-03-28 18:00:00,Peak_Shift,High,High consumption 4.38kW at 18.0h (peak). Shift washing/dishwasher to 13-16h off-peak.,0.875,hour=18 & kW>1.71
2009-03-28 19:00:00,Peak_Shift,Medium,High consumption 2.86kW at 19.0h (peak). Shift washing/dishwasher to 13-16h off-peak.,0.572,hour=19 & kW>1.76
2009-03-28 20:00:00,Peak_Shift,Medium,High consumption 2.23kW at 20.0h (peak). Shift washing/dishwasher to 13-16h off-peak.,0.445,hour=20 & kW>1.73
2009-03-29 01:00:00,Night_Idle_Waste,Low,"Idle consumption 1.31kW at 1h. Check standby: router, fridge, Sub_metering_3.",1.014,hour in 1-5 & kW>0.8
2009-03-29 02:00:00,Night_Idle_Waste,Low,"Idle consumption 1.13kW at 2h. Check standby: router, fridge, Sub_metering_3.",0.825,hour in 1-5 & kW>0.8
2009-03-29 03:00:00,Night_Idle_Waste,Low,"Idle consumption 1.12kW at 3h. Check standby: router, fridge, Sub_metering_3.",0.82,hour in 1-5 & kW>0.8
2009-03-29 04:00:00,Night_Idle_Waste,Low,"Idle consumption 1.16kW at 4h. Check standby: router, fridge, Sub_metering_3.",0.858,hour in 1-5 & kW>0.8
2009-03-29 05:00:00,Night_Idle_Waste,Low,"Idle consumption 1.10kW at 5h. Check standby: router, fridge, Sub_metering_3.",0.803,hour in 1-5 & kW>0.8
2009-03-29 20:00:00,Peak_Shift,Medium,High consumption 2.10kW at 20.0h (peak). Shift washing/dishwasher to 13-16h off-peak.,0.42,hour=20 & kW>1.97
2009-03-29 21:00:00,Peak_Shift,High,High consumption 3.28kW at 21.0h (peak). Shift washing/dishwasher to 13-16h off-peak.,0.656,hour=21 & kW>2.06
2009-03-30 04:00:00,Night_Idle_Waste,Low,"Idle consumption 0.96kW at 4h. Check standby: router, fridge, Sub_metering_3.",0.658,hour in 1-5 & kW>0.8
2009-03-30 20:00:00,Peak_Shift,Medium,High consumption 2.15kW at 20.0h (peak). Shift washing/dishwasher to 13-16h off-peak.,0.429,hour=20 & kW>1.22
2009-03-30 21:00:00,Peak_Shift,Medium,High consumption 2.80kW at 21.0h (peak). Shift washing/dishwasher to 13-16h off-peak.,0.561,hour=21 & kW>1.20
2009-03-31 20:00:00,Peak_Shift,High,High consumption 3.51kW at 20.0h (peak). Shift washing/dishwasher to 13-16h off-peak.,0.701,hour=20 & kW>1.59
2009-03-31 21:00:00,Peak_Shift,Medium,High consumption 2.04kW at 21.0h (peak). Shift washing/dishwasher to 13-16h off-peak.,0.408,hour=21 & kW>1.55
2009-04-01 04:00:00,Night_Idle_Waste,Low,"Idle consumption 1.38kW at 4h. Check standby: router, fridge, Sub_metering_3.",1.083,hour in 1-5 & kW>0.8
2009-04-01 19:00:00,Peak_Shift,Medium,High consumption 2.43kW at 19.0h (peak). Shift washing/dishwasher to 13-16h off-peak.,0.485,hour=19 & kW>1.40
2009-04-01 20:00:00,Peak_Shift,Medium,High consumption 2.15kW at 20.0h (peak). Shift washing/dishwasher to 13-16h off-peak.,0.43,hour=20 & kW>1.33
2009-04-01 21:00:00,Peak_Shift,Medium,High consumption 2.28kW at 21.0h (peak). Shift washing/dishwasher to 13-16h off-peak.,0.456,hour=21 & kW>1.35
2009-04-02 20:00:00,Peak_Shift,Medium,High consumption 2.86kW at 20.0h (peak). Shift washing/dishwasher to 13-16h off-peak.,0.572,hour=20 & kW>1.39
2009-04-02 21:00:00,Peak_Shift,Medium,High consumption 1.85kW at 21.0h (peak). Shift washing/dishwasher to 13-16h off-peak.,0.371,hour=21 & kW>1.37
2009-04-03 21:00:00,Peak_Shift,Medium,High consumption 1.65kW at 21.0h (peak). Shift washing/dishwasher to 13-16h off-peak.,0.329,hour=21 & kW>1.11
2009-04-04 18:00:00,Peak_Shift,Medium,High consumption 1.84kW at 18.0h (peak). Shift washing/dishwasher to 13-16h off-peak.,0.368,hour=18 & kW>1.58
2009-04-04 19:00:00,Peak_Shift,Medium,High consumption 2.28kW at 19.0h (peak). Shift washing/dishwasher to 13-16h off-peak.,0.456,hour=19 & kW>1.67
2009-04-04 20:00:00,Peak_Shift,High,High consumption 3.12kW at 20.0h (peak). Shift washing/dishwasher to 13-16h off-peak.,0.623,hour=20 & kW>1.77
2009-04-05 20:00:00,Peak_Shift,Medium,High consumption 2.18kW at 20.0h (peak). Shift washing/dishwasher to 13-16h off-peak.,0.437,hour=20 & kW>1.29
2009-04-06 04:00:00,Night_Idle_Waste,Low,"Idle consumption 0.83kW at 4h. Check standby: router, fridge, Sub_metering_3.",0.528,hour in 1-5 & kW>0.8
2009-04-06 19:00:00,Peak_Shift,Medium,High consumption 1.66kW at 19.0h (peak). Shift washing/dishwasher to 13-16h off-peak.,0.332,hour=19 & kW>1.13
2009-04-06 20:00:00,Peak_Shift,Medium,High consumption 2.14kW at 20.0h (peak). Shift washing/dishwasher to 13-16h off-peak.,0.429,hour=20 & kW>1.13
2009-04-06 21:00:00,Peak_Shift,Medium,High consumption 2.12kW at 21.0h (peak). Shift washing/dishwasher to 13-16h off-peak.,0.423,hour=21 & kW>1.17
2009-04-07 20:00:00,Peak_Shift,Medium,High consumption 2.12kW at 20.0h (peak). Shift washing/dishwasher to 13-16h off-peak.,0.423,hour=20 & kW>1.14
2009-04-07 21:00:00,Peak_Shift,Medium,High consumption 2.31kW at 21.0h (peak). Shift washing/dishwasher to 13-16h off-peak.,0.462,hour=21 & kW>1.15
2009-04-08 20:00:00,Peak_Shift,Medium,High consumption 2.09kW at 20.0h (peak). Shift washing/dishwasher to 13-16h off-peak.,0.418,hour=20 & kW>1.31
2009-04-08 21:00:00,Peak_Shift,Medium,High consumption 2.45kW at 21.0h (peak). Shift washing/dishwasher to 13-16h off-peak.,0.489,hour=21 & kW>1.32
2009-04-09 05:00:00,Night_Idle_Waste,Low,"Idle consumption 1.00kW at 5h. Check standby: router, fridge, Sub_metering_3.",0.703,hour in 1-5 & kW>0.8
2009-04-09 19:00:00,Peak_Shift,High,High consumption 3.40kW at 19.0h (peak). Shift washing/dishwasher to 13-16h off-peak.,0.679,hour=19 & kW>1.44
2009-04-09 20:00:00,Peak_Shift,High,High consumption 3.17kW at 20.0h (peak). Shift washing/dishwasher to 13-16h off-peak.,0.634,hour=20 & kW>1.50
2009-04-09 21:00:00,Peak_Shift,High,High consumption 3.42kW at 21.0h (peak). Shift washing/dishwasher to 13-16h off-peak.,0.683,hour=21 & kW>1.55
2009-04-10 19:00:00,Peak_Shift,Medium,High consumption 2.53kW at 19.0h (peak). Shift washing/dishwasher to 13-16h off-peak.,0.505,hour=19 & kW>1.64
2009-04-10 20:00:00,Peak_Shift,Medium,High consumption 2.59kW at 20.0h (peak). Shift washing/dishwasher to 13-16h off-peak.,0.519,hour=20 & kW>1.61
2009-04-10 21:00:00,Peak_Shift,Medium,High consumption 1.90kW at 21.0h (peak). Shift washing/dishwasher to 13-16h off-peak.,0.38,hour=21 & kW>1.53
2009-04-11 18:00:00,Peak_Shift,Medium,High consumption 2.01kW at 18.0h (peak). Shift washing/dishwasher to 13-16h off-peak.,0.402,hour=18 & kW>1.73
2009-04-11 19:00:00,Peak_Shift,High,High consumption 4.30kW at 19.0h (peak). Shift washing/dishwasher to 13-16h off-peak.,0.861,hour=19 & kW>1.82
2009-04-11 20:00:00,Peak_Shift,High,High consumption 4.15kW at 20.0h (peak). Shift washing/dishwasher to 13-16h off-peak.,0.829,hour=20 & kW>1.90
2009-04-11 21:00:00,Peak_Shift,Medium,High consumption 2.74kW at 21.0h (peak). Shift washing/dishwasher to 13-16h off-peak.,0.548,hour=21 & kW>1.94
2009-04-12 01:00:00,Night_Idle_Waste,Low,"Idle consumption 1.47kW at 1h. Check standby: router, fridge, Sub_metering_3.",1.168,hour in 1-5 & kW>0.8
2009-04-12 02:00:00,Night_Idle_Waste,Low,"Idle consumption 1.46kW at 2h. Check standby: router, fridge, Sub_metering_3.",1.163,hour in 1-5 & kW>0.8
2009-04-12 03:00:00,Night_Idle_Waste,Low,"Idle consumption 1.09kW at 3h. Check standby: router, fridge, Sub_metering_3.",0.789,hour in 1-5 & kW>0.8
2009-04-12 19:00:00,Peak_Shift,Medium,High consumption 2.65kW at 19.0h (peak). Shift washing/dishwasher to 13-16h off-peak.,0.531,hour=19 & kW>1.74
2009-04-12 20:00:00,Peak_Shift,High,High consumption 5.10kW at 20.0h (peak). Shift washing/dishwasher to 13-16h off-peak.,1.02,hour=20 & kW>1.79
2009-04-12 21:00:00,Peak_Shift,High,High consumption 5.13kW at 21.0h (peak). Shift washing/dishwasher to 13-16h off-peak.,1.027,hour=21 & kW>1.91
2009-04-13 20:00:00,Peak_Shift,High,High consumption 3.46kW at 20.0h (peak). Shift washing/dishwasher to 13-16h off-peak.,0.692,hour=20 & kW>1.40
2009-04-13 21:00:00,Peak_Shift,Medium,High consumption 2.62kW at 21.0h (peak). Shift washing/dishwasher to 13-16h off-peak.,0.523,hour=21 & kW>1.27
2009-04-14 19:00:00,Peak_Shift,Medium,High consumption 2.68kW at 19.0h (peak). Shift washing/dishwasher to 13-16h off-peak.,0.535,hour=19 & kW>1.40
2009-04-14 20:00:00,Peak_Shift,Medium,High consumption 2.23kW at 20.0h (peak). Shift washing/dishwasher to 13-16h off-peak.,0.447,hour=20 & kW>1.33
2009-04-14 21:00:00,Peak_Shift,Medium,High consumption 1.87kW at 21.0h (peak). Shift washing/dishwasher to 13-16h off-peak.,0.374,hour=21 & kW>1.30
2009-04-15 19:00:00,Peak_Shift,Medium,High consumption 1.84kW at 19.0h (peak). Shift washing/dishwasher to 13-16h off-peak.,0.368,hour=19 & kW>1.03
2009-04-15 20:00:00,Peak_Shift,Medium,High consumption 2.09kW at 20.0h (peak). Shift washing/dishwasher to 13-16h off-peak.,0.417,hour=20 & kW>1.02
2009-04-15 21:00:00,Peak_Shift,Medium,High consumption 2.43kW at 21.0h (peak). Shift washing/dishwasher to 13-16h off-peak.,0.487,hour=21 & kW>1.05
2009-04-16 04:00:00,Night_Idle_Waste,Low,"Idle consumption 1.01kW at 4h. Check standby: router, fridge, Sub_metering_3.",0.708,hour in 1-5 & kW>0.8
2009-04-16 19:00:00,Peak_Shift,Medium,High consumption 2.84kW at 19.0h (peak). Shift washing/dishwasher to 13-16h off-peak.,0.568,hour=19 & kW>1.21
2009-04-16 20:00:00,Peak_Shift,Medium,High consumption 1.51kW at 20.0h (peak). Shift washing/dishwasher to 13-16h off-peak.,0.301,hour=20 & kW>1.18
2009-04-16 21:00:00,Peak_Shift,Medium,High consumption 2.57kW at 21.0h (peak). Shift washing/dishwasher to 13-16h off-peak.,0.514,hour=21 & kW>1.18
2009-04-17 01:00:00,Night_Idle_Waste,Low,"Idle consumption 1.45kW at 1h. Check standby: router, fridge, Sub_metering_3.",1.148,hour in 1-5 & kW>0.8
2009-04-17 02:00:00,Night_Idle_Waste,Low,"Idle consumption 1.45kW at 2h. Check standby: router, fridge, Sub_metering_3.",1.147,hour in 1-5 & kW>0.8
2009-04-17 03:00:00,Night_Idle_Waste,Low,"Idle consumption 1.41kW at 3h. Check standby: router, fridge, Sub_metering_3.",1.106,hour in 1-5 & kW>0.8
2009-04-17 04:00:00,Night_Idle_Waste,Low,"Idle consumption 1.49kW at 4h. Check standby: router, fridge, Sub_metering_3.",1.185,hour in 1-5 & kW>0.8
2009-04-17 05:00:00,Night_Idle_Waste,Low,"Idle consumption 1.57kW at 5h. Check standby: router, fridge, Sub_metering_3.",1.267,hour in 1-5 & kW>0.8
2009-04-17 20:00:00,Peak_Shift,Medium,High consumption 2.81kW at 20.0h (peak). Shift washing/dishwasher to 13-16h off-peak.,0.562,hour=20 & kW>1.67
2009-04-17 21:00:00,Peak_Shift,Medium,High consumption 2.76kW at 21.0h (peak). Shift washing/dishwasher to 13-16h off-peak.,0.552,hour=21 & kW>1.68
2009-04-18 04:00:00,Night_Idle_Waste,Low,"Idle consumption 0.98kW at 4h. Check standby: router, fridge, Sub_metering_3.",0.676,hour in 1-5 & kW>0.8
2009-04-18 19:00:00,Peak_Shift,Medium,High consumption 2.07kW at 19.0h (peak). Shift washing/dishwasher to 13-16h off-peak.,0.414,hour=19 & kW>1.67
2009-04-19 04:00:00,Night_Idle_Waste,Low,"Idle consumption 0.90kW at 4h. Check standby: router, fridge, Sub_metering_3.",0.602,hour in 1-5 & kW>0.8
2009-04-19 20:00:00,Peak_Shift,Medium,High consumption 2.04kW at 20.0h (peak). Shift washing/dishwasher to 13-16h off-peak.,0.408,hour=20 & kW>0.86
2009-04-19 21:00:00,Peak_Shift,High,High consumption 3.19kW at 21.0h (peak). Shift washing/dishwasher to 13-16h off-peak.,0.637,hour=21 & kW>1.00
2009-04-21 01:00:00,Night_Idle_Waste,Low,"Idle consumption 1.58kW at 1h. Check standby: router, fridge, Sub_metering_3.",1.279,hour in 1-5 & kW>0.8
2009-04-21 02:00:00,Night_Idle_Waste,Low,"Idle consumption 1.36kW at 2h. Check standby: router, fridge, Sub_metering_3.",1.06,hour in 1-5 & kW>0.8
2009-04-21 03:00:00,Night_Idle_Waste,Low,"Idle consumption 1.46kW at 3h. Check standby: router, fridge, Sub_metering_3.",1.161,hour in 1-5 & kW>0.8
2009-04-21 04:00:00,Night_Idle_Waste,Low,"Idle consumption 1.35kW at 4h. Check standby: router, fridge, Sub_metering_3.",1.049,hour in 1-5 & kW>0.8
2009-04-21 05:00:00,Night_Idle_Waste,Low,"Idle consumption 1.41kW at 5h. Check standby: router, fridge, Sub_metering_3.",1.114,hour in 1-5 & kW>0.8
2009-04-21 19:00:00,Peak_Shift,Medium,High consumption 1.99kW at 19.0h (peak). Shift washing/dishwasher to 13-16h off-peak.,0.398,hour=19 & kW>1.45
2009-04-21 20:00:00,Peak_Shift,Medium,High consumption 2.79kW at 20.0h (peak). Shift washing/dishwasher to 13-16h off-peak.,0.559,hour=20 & kW>1.53
2009-04-21 21:00:00,Peak_Shift,Medium,High consumption 1.81kW at 21.0h (peak). Shift washing/dishwasher to 13-16h off-peak.,0.362,hour=21 & kW>1.56
2009-04-22 04:00:00,Night_Idle_Waste,Low,"Idle consumption 0.94kW at 4h. Check standby: router, fridge, Sub_metering_3.",0.642,hour in 1-5 & kW>0.8
2009-04-23 01:00:00,Night_Idle_Waste,Low,"Idle consumption 0.93kW at 1h. Check standby: router, fridge, Sub_metering_3.",0.626,hour in 1-5 & kW>0.8
2009-04-23 21:00:00,Peak_Shift,High,High consumption 3.06kW at 21.0h (peak). Shift washing/dishwasher to 13-16h off-peak.,0.612,hour=21 & kW>0.88
2009-04-24 04:00:00,Night_Idle_Waste,Low,"Idle consumption 1.10kW at 4h. Check standby: router, fridge, Sub_metering_3.",0.797,hour in 1-5 & kW>0.8
2009-04-25 01:00:00,Night_Idle_Waste,Low,"Idle consumption 0.94kW at 1h. Check standby: router, fridge, Sub_metering_3.",0.645,hour in 1-5 & kW>0.8
2009-04-25 21:00:00,Peak_Shift,Medium,High consumption 1.65kW at 21.0h (peak). Shift washing/dishwasher to 13-16h off-peak.,0.33,hour=21 & kW>1.51
2009-04-26 20:00:00,Peak_Shift,Medium,High consumption 1.79kW at 20.0h (peak). Shift washing/dishwasher to 13-16h off-peak.,0.359,hour=20 & kW>1.70
2009-04-27 03:00:00,Night_Idle_Waste,Low,"Idle consumption 0.89kW at 3h. Check standby: router, fridge, Sub_metering_3.",0.589,hour in 1-5 & kW>0.8
2009-04-27 20:00:00,Peak_Shift,Medium,High consumption 2.23kW at 20.0h (peak). Shift washing/dishwasher to 13-16h off-peak.,0.446,hour=20 & kW>1.01
2009-04-27 21:00:00,Peak_Shift,Medium,High consumption 2.89kW at 21.0h (peak). Shift washing/dishwasher to 13-16h off-peak.,0.577,hour=21 & kW>1.10
2009-04-28 03:00:00,Night_Idle_Waste,Low,"Idle consumption 0.88kW at 3h. Check standby: router, fridge, Sub_metering_3.",0.58,hour in 1-5 & kW>0.8
2009-04-28 20:00:00,Peak_Shift,Medium,High consumption 1.66kW at 20.0h (peak). Shift washing/dishwasher to 13-16h off-peak.,0.333,hour=20 & kW>1.47
2009-04-28 21:00:00,Peak_Shift,Medium,High consumption 1.50kW at 21.0h (peak). Shift washing/dishwasher to 13-16h off-peak.,0.3,hour=21 & kW>1.40
2009-04-29 19:00:00,Peak_Shift,Medium,High consumption 1.54kW at 19.0h (peak). Shift washing/dishwasher to 13-16h off-peak.,0.307,hour=19 & kW>1.28
2009-04-29 21:00:00,Peak_Shift,Medium,High consumption 2.35kW at 21.0h (peak). Shift washing/dishwasher to 13-16h off-peak.,0.47,hour=21 & kW>1.30
2009-04-30 02:00:00,Night_Idle_Waste,Low,"Idle consumption 0.93kW at 2h. Check standby: router, fridge, Sub_metering_3.",0.629,hour in 1-5 & kW>0.8
2009-04-30 18:00:00,Peak_Shift,Medium,High consumption 1.79kW at 18.0h (peak). Shift washing/dishwasher to 13-16h off-peak.,0.358,hour=18 & kW>1.49
2009-04-30 19:00:00,Peak_Shift,Medium,High consumption 1.77kW at 19.0h (peak). Shift washing/dishwasher to 13-16h off-peak.,0.353,hour=19 & kW>1.50
2009-05-01 01:00:00,Night_Idle_Waste,Low,"Idle consumption 1.40kW at 1h. Check standby: router, fridge, Sub_metering_3.",1.1,hour in 1-5 & kW>0.8
2009-05-01 02:00:00,Night_Idle_Waste,Low,"Idle consumption 1.46kW at 2h. Check standby: router, fridge, Sub_metering_3.",1.165,hour in 1-5 & kW>0.8
2009-05-01 03:00:00,Night_Idle_Waste,Low,"Idle consumption 1.35kW at 3h. Check standby: router, fridge, Sub_metering_3.",1.054,hour in 1-5 & kW>0.8
2009-05-01 05:00:00,Night_Idle_Waste,Low,"Idle consumption 1.55kW at 5h. Check standby: router, fridge, Sub_metering_3.",1.252,hour in 1-5 & kW>0.8
2009-05-01 21:00:00,Peak_Shift,Medium,High consumption 1.91kW at 21.0h (peak). Shift washing/dishwasher to 13-16h off-peak.,0.382,hour=21 & kW>1.45
2009-05-03 20:00:00,Peak_Shift,High,High consumption 4.27kW at 20.0h (peak). Shift washing/dishwasher to 13-16h off-peak.,0.853,hour=20 & kW>1.27
2009-05-03 21:00:00,Peak_Shift,High,High consumption 3.11kW at 21.0h (peak). Shift washing/dishwasher to 13-16h off-peak.,0.621,hour=21 & kW>1.36
2009-05-04 01:00:00,Night_Idle_Waste,Low,"Idle consumption 0.91kW at 1h. Check standby: router, fridge, Sub_metering_3.",0.614,hour in 1-5 & kW>0.8
2009-05-04 02:00:00,Night_Idle_Waste,Low,"Idle consumption 0.94kW at 2h. Check standby: router, fridge, Sub_metering_3.",0.637,hour in 1-5 & kW>0.8
2009-05-04 03:00:00,Night_Idle_Waste,Low,"Idle consumption 0.89kW at 3h. Check standby: router, fridge, Sub_metering_3.",0.585,hour in 1-5 & kW>0.8
2009-05-04 04:00:00,Night_Idle_Waste,Low,"Idle consumption 0.93kW at 4h. Check standby: router, fridge, Sub_metering_3.",0.628,hour in 1-5 & kW>0.8
2009-05-04 05:00:00,Night_Idle_Waste,Low,"Idle consumption 0.81kW at 5h. Check standby: router, fridge, Sub_metering_3.",0.515,hour in 1-5 & kW>0.8
2009-05-04 20:00:00,Peak_Shift,Medium,High consumption 1.98kW at 20.0h (peak). Shift washing/dishwasher to 13-16h off-peak.,0.395,hour=20 & kW>1.41
2009-05-04 21:00:00,Peak_Shift,Medium,High consumption 2.77kW at 21.0h (peak). Shift washing/dishwasher to 13-16h off-peak.,0.554,hour=21 & kW>1.39
2009-05-05 19:00:00,Peak_Shift,Medium,High consumption 1.97kW at 19.0h (peak). Shift washing/dishwasher to 13-16h off-peak.,0.395,hour=19 & kW>1.48
2009-05-05 21:00:00,Peak_Shift,Medium,High consumption 2.71kW at 21.0h (peak). Shift washing/dishwasher to 13-16h off-peak.,0.542,hour=21 & kW>1.44
2009-05-06 21:00:00,Peak_Shift,Medium,High consumption 2.33kW at 21.0h (peak). Shift washing/dishwasher to 13-16h off-peak.,0.467,hour=21 & kW>1.16
2009-05-08 18:00:00,Peak_Shift,Medium,High consumption 2.97kW at 18.0h (peak). Shift washing/dishwasher to 13-16h off-peak.,0.595,hour=18 & kW>1.40
2009-05-08 19:00:00,Peak_Shift,Medium,High consumption 1.64kW at 19.0h (peak). Shift washing/dishwasher to 13-16h off-peak.,0.328,hour=19 & kW>1.42
2009-05-08 20:00:00,Peak_Shift,Medium,High consumption 1.68kW at 20.0h (peak). Shift washing/dishwasher to 13-16h off-peak.,0.336,hour=20 & kW>1.48
2009-05-08 21:00:00,Peak_Shift,Medium,High consumption 1.96kW at 21.0h (peak). Shift washing/dishwasher to 13-16h off-peak.,0.392,hour=21 & kW>1.55
2009-05-10 18:00:00,Peak_Shift,Medium,High consumption 2.27kW at 18.0h (peak). Shift washing/dishwasher to 13-16h off-peak.,0.455,hour=18 & kW>1.31
2009-05-10 19:00:00,Peak_Shift,High,High consumption 3.64kW at 19.0h (peak). Shift washing/dishwasher to 13-16h off-peak.,0.727,hour=19 & kW>1.46
2009-05-10 20:00:00,Peak_Shift,Medium,High consumption 1.65kW at 20.0h (peak). Shift washing/dishwasher to 13-16h off-peak.,0.329,hour=20 & kW>1.49
2009-05-10 21:00:00,Peak_Shift,High,High consumption 3.35kW at 21.0h (peak). Shift washing/dishwasher to 13-16h off-peak.,0.671,hour=21 & kW>1.60
2009-05-11 19:00:00,Peak_Shift,Medium,High consumption 1.73kW at 19.0h (peak). Shift washing/dishwasher to 13-16h off-peak.,0.345,hour=19 & kW>1.14
2009-05-11 20:00:00,Peak_Shift,Medium,High consumption 2.40kW at 20.0h (peak). Shift washing/dishwasher to 13-16h off-peak.,0.479,hour=20 & kW>1.17
2009-05-11 21:00:00,Peak_Shift,High,High consumption 3.17kW at 21.0h (peak). Shift washing/dishwasher to 13-16h off-peak.,0.633,hour=21 & kW>1.16
2009-05-12 20:00:00,Peak_Shift,Medium,High consumption 2.22kW at 20.0h (peak). Shift washing/dishwasher to 13-16h off-peak.,0.444,hour=20 & kW>1.41
2009-05-13 21:00:00,Peak_Shift,Medium,High consumption 2.39kW at 21.0h (peak). Shift washing/dishwasher to 13-16h off-peak.,0.477,hour=21 & kW>1.13
2009-05-14 19:00:00,Peak_Shift,Medium,High consumption 2.48kW at 19.0h (peak). Shift washing/dishwasher to 13-16h off-peak.,0.495,hour=19 & kW>1.15
2009-05-14 20:00:00,Peak_Shift,High,High consumption 3.18kW at 20.0h (peak). Shift washing/dishwasher to 13-16h off-peak.,0.637,hour=20 & kW>1.26
2009-05-14 21:00:00,Peak_Shift,High,High consumption 3.50kW at 21.0h (peak). Shift washing/dishwasher to 13-16h off-peak.,0.701,hour=21 & kW>1.31
2009-05-15 18:00:00,Peak_Shift,Medium,High consumption 1.57kW at 18.0h (peak). Shift washing/dishwasher to 13-16h off-peak.,0.315,hour=18 & kW>1.53
2009-05-15 19:00:00,Peak_Shift,Medium,High consumption 1.51kW at 19.0h (peak). Shift washing/dishwasher to 13-16h off-peak.,0.302,hour=19 & kW>1.48
2009-05-16 02:00:00,Night_Idle_Waste,Low,"Idle consumption 0.89kW at 2h. Check standby: router, fridge, Sub_metering_3.",0.594,hour in 1-5 & kW>0.8
2009-05-16 18:00:00,Peak_Shift,Medium,High consumption 1.63kW at 18.0h (peak). Shift washing/dishwasher to 13-16h off-peak.,0.327,hour=18 & kW>1.48
2009-05-16 19:00:00,Peak_Shift,Medium,High consumption 1.71kW at 19.0h (peak). Shift washing/dishwasher to 13-16h off-peak.,0.343,hour=19 & kW>1.49
2009-05-16 20:00:00,Peak_Shift,Medium,High consumption 1.92kW at 20.0h (peak). Shift washing/dishwasher to 13-16h off-peak.,0.383,hour=20 & kW>1.52
2009-05-16 21:00:00,Peak_Shift,Medium,High consumption 1.82kW at 21.0h (peak). Shift washing/dishwasher to 13-16h off-peak.,0.364,hour=21 & kW>1.54
2009-05-17 10:00:00,Anomaly_Inspection,High,Anomaly detected: 3.76kW vs expected 1.54kW (residual 2.22). Check appliance left on.,2.221,z_score=4.74 | abs_error=2.22
2009-05-17 19:00:00,Peak_Shift,Medium,High consumption 1.76kW at 19.0h (peak). Shift washing/dishwasher to 13-16h off-peak.,0.353,hour=19 & kW>1.40
2009-05-17 20:00:00,Peak_Shift,Medium,High consumption 1.86kW at 20.0h (peak). Shift washing/dishwasher to 13-16h off-peak.,0.371,hour=20 & kW>1.40
2009-05-17 21:00:00,Peak_Shift,Medium,High consumption 1.57kW at 21.0h (peak). Shift washing/dishwasher to 13-16h off-peak.,0.313,hour=21 & kW>1.39
2009-05-18 20:00:00,Peak_Shift,Medium,High consumption 2.49kW at 20.0h (peak). Shift washing/dishwasher to 13-16h off-peak.,0.497,hour=20 & kW>0.99
2009-05-18 21:00:00,Peak_Shift,Medium,High consumption 2.11kW at 21.0h (peak). Shift washing/dishwasher to 13-16h off-peak.,0.422,hour=21 & kW>1.02
2009-05-19 18:00:00,Peak_Shift,Medium,High consumption 2.06kW at 18.0h (peak). Shift washing/dishwasher to 13-16h off-peak.,0.412,hour=18 & kW>1.16
2009-05-19 19:00:00,Peak_Shift,Medium,High consumption 2.67kW at 19.0h (peak). Shift washing/dishwasher to 13-16h off-peak.,0.534,hour=19 & kW>1.26
2009-05-19 20:00:00,Peak_Shift,Medium,High consumption 2.16kW at 20.0h (peak). Shift washing/dishwasher to 13-16h off-peak.,0.433,hour=20 & kW>1.25
2009-05-19 21:00:00,Peak_Shift,Medium,High consumption 1.74kW at 21.0h (peak). Shift washing/dishwasher to 13-16h off-peak.,0.349,hour=21 & kW>1.23
2009-05-20 01:00:00,Night_Idle_Waste,Low,"Idle consumption 1.01kW at 1h. Check standby: router, fridge, Sub_metering_3.",0.71,hour in 1-5 & kW>0.8
2009-05-20 21:00:00,Peak_Shift,Medium,High consumption 2.21kW at 21.0h (peak). Shift washing/dishwasher to 13-16h off-peak.,0.441,hour=21 & kW>1.22
2009-05-23 18:00:00,Peak_Shift,Medium,High consumption 1.62kW at 18.0h (peak). Shift washing/dishwasher to 13-16h off-peak.,0.323,hour=18 & kW>1.12
2009-05-23 19:00:00,Peak_Shift,Medium,High consumption 1.99kW at 19.0h (peak). Shift washing/dishwasher to 13-16h off-peak.,0.399,hour=19 & kW>1.20
2009-05-23 20:00:00,Peak_Shift,Medium,High consumption 1.60kW at 20.0h (peak). Shift washing/dishwasher to 13-16h off-peak.,0.32,hour=20 & kW>1.26
2009-05-24 18:00:00,Peak_Shift,Medium,High consumption 2.56kW at 18.0h (peak). Shift washing/dishwasher to 13-16h off-peak.,0.512,hour=18 & kW>1.08
2009-05-24 19:00:00,Peak_Shift,Medium,High consumption 2.32kW at 19.0h (peak). Shift washing/dishwasher to 13-16h off-peak.,0.465,hour=19 & kW>1.10
2009-05-24 20:00:00,Peak_Shift,Medium,High consumption 1.59kW at 20.0h (peak). Shift washing/dishwasher to 13-16h off-peak.,0.317,hour=20 & kW>1.10
2009-05-25 03:00:00,Night_Idle_Waste,Low,"Idle consumption 0.96kW at 3h. Check standby: router, fridge, Sub_metering_3.",0.664,hour in 1-5 & kW>0.8
2009-05-25 18:00:00,Peak_Shift,Medium,High consumption 1.57kW at 18.0h (peak). Shift washing/dishwasher to 13-16h off-peak.,0.314,hour=18 & kW>1.15
2009-05-25 21:00:00,Peak_Shift,Medium,High consumption 2.36kW at 21.0h (peak). Shift washing/dishwasher to 13-16h off-peak.,0.471,hour=21 & kW>1.12
2009-05-26 21:00:00,Peak_Shift,Medium,High consumption 1.65kW at 21.0h (peak). Shift washing/dishwasher to 13-16h off-peak.,0.33,hour=21 & kW>0.97
2009-05-27 21:00:00,Peak_Shift,Medium,High consumption 2.92kW at 21.0h (peak). Shift washing/dishwasher to 13-16h off-peak.,0.585,hour=21 & kW>1.37
2009-05-28 19:00:00,Peak_Shift,Medium,High consumption 2.66kW at 19.0h (peak). Shift washing/dishwasher to 13-16h off-peak.,0.532,hour=19 & kW>1.08
2009-05-28 21:00:00,Peak_Shift,Medium,High consumption 1.86kW at 21.0h (peak). Shift washing/dishwasher to 13-16h off-peak.,0.372,hour=21 & kW>1.03
2009-05-29 21:00:00,Peak_Shift,Medium,High consumption 1.95kW at 21.0h (peak). Shift washing/dishwasher to 13-16h off-peak.,0.39,hour=21 & kW>0.99
2009-05-30 05:00:00,Night_Idle_Waste,Low,"Idle consumption 1.10kW at 5h. Check standby: router, fridge, Sub_metering_3.",0.803,hour in 1-5 & kW>0.8
2009-05-30 18:00:00,Peak_Shift,Medium,High consumption 1.84kW at 18.0h (peak). Shift washing/dishwasher to 13-16h off-peak.,0.367,hour=18 & kW>1.27
2009-05-30 20:00:00,Peak_Shift,Medium,High consumption 1.66kW at 20.0h (peak). Shift washing/dishwasher to 13-16h off-peak.,0.332,hour=20 & kW>1.37
2009-05-31 05:00:00,Night_Idle_Waste,Low,"Idle consumption 0.84kW at 5h. Check standby: router, fridge, Sub_metering_3.",0.544,hour in 1-5 & kW>0.8
2009-05-31 21:00:00,Peak_Shift,Medium,High consumption 1.81kW at 21.0h (peak). Shift washing/dishwasher to 13-16h off-peak.,0.363,hour=21 & kW>0.82
2009-06-01 20:00:00,Peak_Shift,Medium,High consumption 1.89kW at 20.0h (peak). Shift washing/dishwasher to 13-16h off-peak.,0.377,hour=20 & kW>1.28
2009-06-01 21:00:00,Peak_Shift,Medium,High consumption 2.14kW at 21.0h (peak). Shift washing/dishwasher to 13-16h off-peak.,0.428,hour=21 & kW>1.30
2009-06-02 21:00:00,Peak_Shift,Medium,High consumption 1.52kW at 21.0h (peak). Shift washing/dishwasher to 13-16h off-peak.,0.304,hour=21 & kW>0.88
2009-06-03 21:00:00,Peak_Shift,Medium,High consumption 1.91kW at 21.0h (peak). Shift washing/dishwasher to 13-16h off-peak.,0.382,hour=21 & kW>1.18
2009-06-05 01:00:00,Night_Idle_Waste,Low,"Idle consumption 1.06kW at 1h. Check standby: router, fridge, Sub_metering_3.",0.762,hour in 1-5 & kW>0.8
2009-06-05 19:00:00,Peak_Shift,Medium,High consumption 1.57kW at 19.0h (peak). Shift washing/dishwasher to 13-16h off-peak.,0.314,hour=19 & kW>1.18
2009-06-06 19:00:00,Peak_Shift,Medium,High consumption 2.56kW at 19.0h (peak). Shift washing/dishwasher to 13-16h off-peak.,0.511,hour=19 & kW>1.02
2009-06-06 20:00:00,Peak_Shift,Medium,High consumption 2.37kW at 20.0h (peak). Shift washing/dishwasher to 13-16h off-peak.,0.474,hour=20 & kW>1.11
2009-06-06 21:00:00,Peak_Shift,Medium,High consumption 1.56kW at 21.0h (peak). Shift washing/dishwasher to 13-16h off-peak.,0.311,hour=21 & kW>1.15
2009-06-07 13:00:00,Anomaly_Inspection,High,Anomaly detected: 3.46kW vs expected 1.32kW (residual 2.14). Check appliance left on.,2.135,z_score=6.09 | abs_error=2.14
2009-06-08 19:00:00,Peak_Shift,Medium,High consumption 2.42kW at 19.0h (peak). Shift washing/dishwasher to 13-16h off-peak.,0.485,hour=19 & kW>0.87
2009-06-08 20:00:00,Peak_Shift,Medium,High consumption 1.90kW at 20.0h (peak). Shift washing/dishwasher to 13-16h off-peak.,0.38,hour=20 & kW>0.94
2009-06-09 20:00:00,Peak_Shift,Medium,High consumption 1.83kW at 20.0h (peak). Shift washing/dishwasher to 13-16h off-peak.,0.365,hour=20 & kW>1.05
2009-06-09 21:00:00,Peak_Shift,Medium,High consumption 2.52kW at 21.0h (peak). Shift washing/dishwasher to 13-16h off-peak.,0.503,hour=21 & kW>1.11
2009-06-10 05:00:00,Night_Idle_Waste,Low,"Idle consumption 0.93kW at 5h. Check standby: router, fridge, Sub_metering_3.",0.633,hour in 1-5 & kW>0.8
2009-06-10 18:00:00,Peak_Shift,Medium,High consumption 1.56kW at 18.0h (peak). Shift washing/dishwasher to 13-16h off-peak.,0.311,hour=18 & kW>1.31
2009-06-10 19:00:00,Peak_Shift,Medium,High consumption 1.78kW at 19.0h (peak). Shift washing/dishwasher to 13-16h off-peak.,0.356,hour=19 & kW>1.36
2009-06-10 21:00:00,Peak_Shift,Medium,High consumption 2.06kW at 21.0h (peak). Shift washing/dishwasher to 13-16h off-peak.,0.413,hour=21 & kW>1.29
2009-06-12 21:00:00,Peak_Shift,Medium,High consumption 1.74kW at 21.0h (peak). Shift washing/dishwasher to 13-16h off-peak.,0.348,hour=21 & kW>0.90
2009-06-14 01:00:00,Night_Idle_Waste,Low,"Idle consumption 1.17kW at 1h. Check standby: router, fridge, Sub_metering_3.",0.867,hour in 1-5 & kW>0.8
2009-06-14 02:00:00,Night_Idle_Waste,Low,"Idle consumption 1.20kW at 2h. Check standby: router, fridge, Sub_metering_3.",0.9,hour in 1-5 & kW>0.8
2009-06-14 03:00:00,Night_Idle_Waste,Low,"Idle consumption 1.23kW at 3h. Check standby: router, fridge, Sub_metering_3.",0.933,hour in 1-5 & kW>0.8
2009-06-14 04:00:00,Night_Idle_Waste,Low,"Idle consumption 1.27kW at 4h. Check standby: router, fridge, Sub_metering_3.",0.966,hour in 1-5 & kW>0.8
2009-06-14 05:00:00,Night_Idle_Waste,Low,"Idle consumption 1.30kW at 5h. Check standby: router, fridge, Sub_metering_3.",0.999,hour in 1-5 & kW>0.8
2009-06-14 18:00:00,Peak_Shift,Medium,High consumption 1.73kW at 18.0h (peak). Shift washing/dishwasher to 13-16h off-peak.,0.346,hour=18 & kW>1.62
2009-06-14 19:00:00,Peak_Shift,Medium,High consumption 1.76kW at 19.0h (peak). Shift washing/dishwasher to 13-16h off-peak.,0.352,hour=19 & kW>1.66
2009-06-14 20:00:00,Peak_Shift,Medium,High consumption 1.80kW at 20.0h (peak). Shift washing/dishwasher to 13-16h off-peak.,0.359,hour=20 & kW>1.70
2009-06-14 21:00:00,Peak_Shift,Medium,High consumption 1.83kW at 21.0h (peak). Shift washing/dishwasher to 13-16h off-peak.,0.366,hour=21 & kW>1.74
2009-06-15 01:00:00,Night_Idle_Waste,Low,"Idle consumption 1.96kW at 1h. Check standby: router, fridge, Sub_metering_3.",1.661,hour in 1-5 & kW>0.8
2009-06-15 02:00:00,Night_Idle_Waste,Low,"Idle consumption 1.99kW at 2h. Check standby: router, fridge, Sub_metering_3.",1.694,hour in 1-5 & kW>0.8
2009-06-15 03:00:00,Night_Idle_Waste,Low,"Idle consumption 2.03kW at 3h. Check standby: router, fridge, Sub_metering_3.",1.727,hour in 1-5 & kW>0.8
2009-06-15 04:00:00,Night_Idle_Waste,Low,"Idle consumption 2.06kW at 4h. Check standby: router, fridge, Sub_metering_3.",1.76,hour in 1-5 & kW>0.8
2009-06-15 05:00:00,Night_Idle_Waste,Low,"Idle consumption 2.09kW at 5h. Check standby: router, fridge, Sub_metering_3.",1.793,hour in 1-5 & kW>0.8
2009-06-15 21:00:00,Peak_Shift,Medium,High consumption 2.19kW at 21.0h (peak). Shift washing/dishwasher to 13-16h off-peak.,0.439,hour=21 & kW>1.55
2009-06-16 18:00:00,Peak_Shift,Medium,High consumption 2.49kW at 18.0h (peak). Shift washing/dishwasher to 13-16h off-peak.,0.499,hour=18 & kW>1.21
2009-06-17 21:00:00,Peak_Shift,Medium,High consumption 2.33kW at 21.0h (peak). Shift washing/dishwasher to 13-16h off-peak.,0.467,hour=21 & kW>0.83
2009-06-18 02:00:00,Night_Idle_Waste,Low,"Idle consumption 0.92kW at 2h. Check standby: router, fridge, Sub_metering_3.",0.621,hour in 1-5 & kW>0.8
2009-06-18 19:00:00,Peak_Shift,Medium,High consumption 1.66kW at 19.0h (peak). Shift washing/dishwasher to 13-16h off-peak.,0.331,hour=19 & kW>1.00
2009-06-18 20:00:00,Peak_Shift,Medium,High consumption 1.58kW at 20.0h (peak). Shift washing/dishwasher to 13-16h off-peak.,0.316,hour=20 & kW>1.03
2009-06-21 20:00:00,Peak_Shift,Medium,High consumption 2.05kW at 20.0h (peak). Shift washing/dishwasher to 13-16h off-peak.,0.41,hour=20 & kW>0.64
2009-06-22 05:00:00,Night_Idle_Waste,Low,"Idle consumption 0.90kW at 5h. Check standby: router, fridge, Sub_metering_3.",0.599,hour in 1-5 & kW>0.8
2009-06-22 21:00:00,Peak_Shift,Medium,High consumption 1.85kW at 21.0h (peak). Shift washing/dishwasher to 13-16h off-peak.,0.37,hour=21 & kW>0.92
2009-06-23 03:00:00,Night_Idle_Waste,Low,"Idle consumption 0.85kW at 3h. Check standby: router, fridge, Sub_metering_3.",0.555,hour in 1-5 & kW>0.8
2009-06-24 18:00:00,Peak_Shift,Medium,High consumption 2.73kW at 18.0h (peak). Shift washing/dishwasher to 13-16h off-peak.,0.547,hour=18 & kW>1.27
2009-06-24 19:00:00,Peak_Shift,Medium,High consumption 2.02kW at 19.0h (peak). Shift washing/dishwasher to 13-16h off-peak.,0.404,hour=19 & kW>1.31
2009-06-26 19:00:00,Peak_Shift,Medium,High consumption 1.51kW at 19.0h (peak). Shift washing/dishwasher to 13-16h off-peak.,0.302,hour=19 & kW>0.96
2009-06-27 01:00:00,Night_Idle_Waste,Low,"Idle consumption 1.18kW at 1h. Check standby: router, fridge, Sub_metering_3.",0.881,hour in 1-5 & kW>0.8
2009-06-27 18:00:00,Peak_Shift,Medium,High consumption 1.54kW at 18.0h (peak). Shift washing/dishwasher to 13-16h off-peak.,0.307,hour=18 & kW>1.31
2009-06-27 20:00:00,Peak_Shift,Medium,High consumption 1.87kW at 20.0h (peak). Shift washing/dishwasher to 13-16h off-peak.,0.374,hour=20 & kW>1.36
2009-06-27 21:00:00,Peak_Shift,Medium,High consumption 2.09kW at 21.0h (peak). Shift washing/dishwasher to 13-16h off-peak.,0.417,hour=21 & kW>1.41
2009-06-28 18:00:00,Peak_Shift,Medium,High consumption 1.68kW at 18.0h (peak). Shift washing/dishwasher to 13-16h off-peak.,0.337,hour=18 & kW>1.06
2009-06-29 05:00:00,Night_Idle_Waste,Low,"Idle consumption 0.90kW at 5h. Check standby: router, fridge, Sub_metering_3.",0.596,hour in 1-5 & kW>0.8
2009-07-01 05:00:00,Night_Idle_Waste,Low,"Idle consumption 0.87kW at 5h. Check standby: router, fridge, Sub_metering_3.",0.573,hour in 1-5 & kW>0.8
2009-07-02 21:00:00,Peak_Shift,Medium,High consumption 1.91kW at 21.0h (peak). Shift washing/dishwasher to 13-16h off-peak.,0.381,hour=21 & kW>1.02
2009-07-04 04:00:00,Night_Idle_Waste,Low,"Idle consumption 0.87kW at 4h. Check standby: router, fridge, Sub_metering_3.",0.569,hour in 1-5 & kW>0.8
2009-07-05 01:00:00,Night_Idle_Waste,Low,"Idle consumption 1.80kW at 1h. Check standby: router, fridge, Sub_metering_3.",1.497,hour in 1-5 & kW>0.8
2009-07-05 19:00:00,Peak_Shift,Medium,High consumption 2.40kW at 19.0h (peak). Shift washing/dishwasher to 13-16h off-peak.,0.48,hour=19 & kW>1.20
2009-07-05 21:00:00,Peak_Shift,Medium,High consumption 1.87kW at 21.0h (peak). Shift washing/dishwasher to 13-16h off-peak.,0.373,hour=21 & kW>1.26
2009-07-07 18:00:00,Peak_Shift,Medium,High consumption 1.50kW at 18.0h (peak). Shift washing/dishwasher to 13-16h off-peak.,0.3,hour=18 & kW>0.88
2009-07-07 19:00:00,Peak_Shift,Medium,High consumption 1.63kW at 19.0h (peak). Shift washing/dishwasher to 13-16h off-peak.,0.326,hour=19 & kW>0.91
2009-07-07 20:00:00,Peak_Shift,Medium,High consumption 2.37kW at 20.0h (peak). Shift washing/dishwasher to 13-16h off-peak.,0.473,hour=20 & kW>0.99
2009-07-07 21:00:00,Peak_Shift,Medium,High consumption 1.76kW at 21.0h (peak). Shift washing/dishwasher to 13-16h off-peak.,0.351,hour=21 & kW>1.02
2009-07-08 01:00:00,Night_Idle_Waste,Low,"Idle consumption 0.90kW at 1h. Check standby: router, fridge, Sub_metering_3.",0.604,hour in 1-5 & kW>0.8
2009-07-08 21:00:00,Peak_Shift,Medium,High consumption 1.93kW at 21.0h (peak). Shift washing/dishwasher to 13-16h off-peak.,0.387,hour=21 & kW>0.99
2009-07-10 05:00:00,Night_Idle_Waste,Low,"Idle consumption 1.01kW at 5h. Check standby: router, fridge, Sub_metering_3.",0.707,hour in 1-5 & kW>0.8
2009-07-14 21:00:00,Peak_Shift,Medium,High consumption 1.74kW at 21.0h (peak). Shift washing/dishwasher to 13-16h off-peak.,0.349,hour=21 & kW>0.75
2009-07-16 05:00:00,Night_Idle_Waste,Low,"Idle consumption 1.04kW at 5h. Check standby: router, fridge, Sub_metering_3.",0.741,hour in 1-5 & kW>0.8
2009-07-17 05:00:00,Night_Idle_Waste,Low,"Idle consumption 0.82kW at 5h. Check standby: router, fridge, Sub_metering_3.",0.516,hour in 1-5 & kW>0.8
2009-07-18 19:00:00,Peak_Shift,Medium,High consumption 1.56kW at 19.0h (peak). Shift washing/dishwasher to 13-16h off-peak.,0.312,hour=19 & kW>0.63
2009-07-19 01:00:00,Night_Idle_Waste,Low,"Idle consumption 1.74kW at 1h. Check standby: router, fridge, Sub_metering_3.",1.442,hour in 1-5 & kW>0.8
2009-07-19 02:00:00,Night_Idle_Waste,Low,"Idle consumption 2.07kW at 2h. Check standby: router, fridge, Sub_metering_3.",1.769,hour in 1-5 & kW>0.8
2009-07-19 03:00:00,Night_Idle_Waste,Low,"Idle consumption 2.00kW at 3h. Check standby: router, fridge, Sub_metering_3.",1.698,hour in 1-5 & kW>0.8
2009-07-20 04:00:00,Night_Idle_Waste,Low,"Idle consumption 0.99kW at 4h. Check standby: router, fridge, Sub_metering_3.",0.686,hour in 1-5 & kW>0.8
2009-07-23 01:00:00,Night_Idle_Waste,Low,"Idle consumption 1.10kW at 1h. Check standby: router, fridge, Sub_metering_3.",0.798,hour in 1-5 & kW>0.8
2009-07-23 02:00:00,Night_Idle_Waste,Low,"Idle consumption 1.74kW at 2h. Check standby: router, fridge, Sub_metering_3.",1.44,hour in 1-5 & kW>0.8
2009-07-23 03:00:00,Night_Idle_Waste,Low,"Idle consumption 0.98kW at 3h. Check standby: router, fridge, Sub_metering_3.",0.676,hour in 1-5 & kW>0.8
2009-07-24 05:00:00,Night_Idle_Waste,Low,"Idle consumption 0.94kW at 5h. Check standby: router, fridge, Sub_metering_3.",0.642,hour in 1-5 & kW>0.8
2009-07-27 04:00:00,Night_Idle_Waste,Low,"Idle consumption 1.21kW at 4h. Check standby: router, fridge, Sub_metering_3.",0.912,hour in 1-5 & kW>0.8
2009-07-28 19:00:00,Peak_Shift,Medium,High consumption 1.54kW at 19.0h (peak). Shift washing/dishwasher to 13-16h off-peak.,0.307,hour=19 & kW>0.63
2009-07-30 18:00:00,Peak_Shift,Medium,High consumption 1.59kW at 18.0h (peak). Shift washing/dishwasher to 13-16h off-peak.,0.318,hour=18 & kW>0.52
2009-07-31 01:00:00,Night_Idle_Waste,Low,"Idle consumption 1.18kW at 1h. Check standby: router, fridge, Sub_metering_3.",0.88,hour in 1-5 & kW>0.8
2009-07-31 18:00:00,Peak_Shift,Medium,High consumption 1.64kW at 18.0h (peak). Shift washing/dishwasher to 13-16h off-peak.,0.328,hour=18 & kW>0.82
2009-07-31 19:00:00,Peak_Shift,Medium,High consumption 2.98kW at 19.0h (peak). Shift washing/dishwasher to 13-16h off-peak.,0.596,hour=19 & kW>0.94
2009-08-01 05:00:00,Night_Idle_Waste,Low,"Idle consumption 1.02kW at 5h. Check standby: router, fridge, Sub_metering_3.",0.725,hour in 1-5 & kW>0.8
2009-08-03 05:00:00,Night_Idle_Waste,Low,"Idle consumption 1.18kW at 5h. Check standby: router, fridge, Sub_metering_3.",0.881,hour in 1-5 & kW>0.8
2009-08-05 04:00:00,Night_Idle_Waste,Low,"Idle consumption 1.07kW at 4h. Check standby: router, fridge, Sub_metering_3.",0.767,hour in 1-5 & kW>0.8
2009-08-06 04:00:00,Night_Idle_Waste,Low,"Idle consumption 1.16kW at 4h. Check standby: router, fridge, Sub_metering_3.",0.864,hour in 1-5 & kW>0.8
2009-08-07 05:00:00,Night_Idle_Waste,Low,"Idle consumption 0.83kW at 5h. Check standby: router, fridge, Sub_metering_3.",0.529,hour in 1-5 & kW>0.8
2009-08-08 05:00:00,Night_Idle_Waste,Low,"Idle consumption 1.01kW at 5h. Check standby: router, fridge, Sub_metering_3.",0.708,hour in 1-5 & kW>0.8
2009-08-09 18:00:00,Peak_Shift,Medium,High consumption 2.71kW at 18.0h (peak). Shift washing/dishwasher to 13-16h off-peak.,0.542,hour=18 & kW>0.61
2009-08-09 19:00:00,Peak_Shift,Medium,High consumption 1.55kW at 19.0h (peak). Shift washing/dishwasher to 13-16h off-peak.,0.309,hour=19 & kW>0.68
2009-08-09 21:00:00,Peak_Shift,Medium,High consumption 2.23kW at 21.0h (peak). Shift washing/dishwasher to 13-16h off-peak.,0.447,hour=21 & kW>0.80
2009-08-10 19:00:00,Peak_Shift,Medium,High consumption 1.79kW at 19.0h (peak). Shift washing/dishwasher to 13-16h off-peak.,0.359,hour=19 & kW>0.75
2009-08-13 20:00:00,Peak_Shift,High,High consumption 3.72kW at 20.0h (peak). Shift washing/dishwasher to 13-16h off-peak.,0.744,hour=20 & kW>0.65
2009-08-13 21:00:00,Peak_Shift,Medium,High consumption 1.86kW at 21.0h (peak). Shift washing/dishwasher to 13-16h off-peak.,0.371,hour=21 & kW>0.67
2009-08-15 05:00:00,Night_Idle_Waste,Low,"Idle consumption 0.98kW at 5h. Check standby: router, fridge, Sub_metering_3.",0.68,hour in 1-5 & kW>0.8
2009-08-15 18:00:00,Peak_Shift,Medium,High consumption 1.57kW at 18.0h (peak). Shift washing/dishwasher to 13-16h off-peak.,0.314,hour=18 & kW>0.98
2009-08-15 19:00:00,Peak_Shift,Medium,High consumption 1.74kW at 19.0h (peak). Shift washing/dishwasher to 13-16h off-peak.,0.348,hour=19 & kW>1.03
2009-08-15 20:00:00,Peak_Shift,Medium,High consumption 1.52kW at 20.0h (peak). Shift washing/dishwasher to 13-16h off-peak.,0.304,hour=20 & kW>1.06
2009-08-15 21:00:00,Peak_Shift,Medium,High consumption 1.90kW at 21.0h (peak). Shift washing/dishwasher to 13-16h off-peak.,0.381,hour=21 & kW>1.13
2009-08-16 01:00:00,Night_Idle_Waste,Low,"Idle consumption 2.09kW at 1h. Check standby: router, fridge, Sub_metering_3.",1.791,hour in 1-5 & kW>0.8
2009-08-16 18:00:00,Peak_Shift,Medium,High consumption 1.54kW at 18.0h (peak). Shift washing/dishwasher to 13-16h off-peak.,0.308,hour=18 & kW>1.18
2009-08-18 21:00:00,Peak_Shift,High,High consumption 3.85kW at 21.0h (peak). Shift washing/dishwasher to 13-16h off-peak.,0.771,hour=21 & kW>0.92
2009-08-18 21:00:00,Anomaly_Inspection,High,Anomaly detected: 3.85kW vs expected 1.59kW (residual 2.26). Check appliance left on.,2.263,z_score=6.58 | abs_error=2.26
2009-08-21 19:00:00,Peak_Shift,Medium,High consumption 1.99kW at 19.0h (peak). Shift washing/dishwasher to 13-16h off-peak.,0.398,hour=19 & kW>0.77
2009-08-21 20:00:00,Peak_Shift,Medium,High consumption 2.18kW at 20.0h (peak). Shift washing/dishwasher to 13-16h off-peak.,0.436,hour=20 & kW>0.86
2009-08-21 21:00:00,Peak_Shift,Medium,High consumption 1.51kW at 21.0h (peak). Shift washing/dishwasher to 13-16h off-peak.,0.302,hour=21 & kW>0.91
2009-08-22 18:00:00,Peak_Shift,High,High consumption 3.18kW at 18.0h (peak). Shift washing/dishwasher to 13-16h off-peak.,0.636,hour=18 & kW>1.38
2009-08-22 19:00:00,Peak_Shift,Medium,High consumption 2.16kW at 19.0h (peak). Shift washing/dishwasher to 13-16h off-peak.,0.431,hour=19 & kW>1.39
2009-08-22 20:00:00,Peak_Shift,Medium,High consumption 1.79kW at 20.0h (peak). Shift washing/dishwasher to 13-16h off-peak.,0.359,hour=20 & kW>1.37
2009-08-23 20:00:00,Peak_Shift,Medium,High consumption 1.50kW at 20.0h (peak). Shift washing/dishwasher to 13-16h off-peak.,0.301,hour=20 & kW>0.84
2009-08-23 21:00:00,Peak_Shift,Medium,High consumption 2.07kW at 21.0h (peak). Shift washing/dishwasher to 13-16h off-peak.,0.413,hour=21 & kW>0.89
2009-08-24 05:00:00,Night_Idle_Waste,Low,"Idle consumption 0.90kW at 5h. Check standby: router, fridge, Sub_metering_3.",0.602,hour in 1-5 & kW>0.8
2009-08-24 18:00:00,Peak_Shift,Medium,High consumption 2.31kW at 18.0h (peak). Shift washing/dishwasher to 13-16h off-peak.,0.463,hour=18 & kW>0.97
2009-08-24 19:00:00,Peak_Shift,Medium,High consumption 1.95kW at 19.0h (peak). Shift washing/dishwasher to 13-16h off-peak.,0.389,hour=19 & kW>1.03
2009-08-24 21:00:00,Peak_Shift,Medium,High consumption 2.38kW at 21.0h (peak). Shift washing/dishwasher to 13-16h off-peak.,0.476,hour=21 & kW>1.01
2009-08-25 19:00:00,Peak_Shift,Medium,High consumption 2.00kW at 19.0h (peak). Shift washing/dishwasher to 13-16h off-peak.,0.4,hour=19 & kW>0.82
2009-08-25 20:00:00,Peak_Shift,Medium,High consumption 1.72kW at 20.0h (peak). Shift washing/dishwasher to 13-16h off-peak.,0.343,hour=20 & kW>0.86
2009-08-26 20:00:00,Peak_Shift,Medium,High consumption 2.29kW at 20.0h (peak). Shift washing/dishwasher to 13-16h off-peak.,0.458,hour=20 & kW>0.89
2009-08-26 21:00:00,Peak_Shift,Medium,High consumption 2.82kW at 21.0h (peak). Shift washing/dishwasher to 13-16h off-peak.,0.565,hour=21 & kW>0.96
2009-08-27 04:00:00,Night_Idle_Waste,Low,"Idle consumption 0.95kW at 4h. Check standby: router, fridge, Sub_metering_3.",0.65,hour in 1-5 & kW>0.8
2009-08-28 02:00:00,Night_Idle_Waste,Low,"Idle consumption 1.02kW at 2h. Check standby: router, fridge, Sub_metering_3.",0.718,hour in 1-5 & kW>0.8
2009-08-28 21:00:00,Peak_Shift,Medium,High consumption 2.18kW at 21.0h (peak). Shift washing/dishwasher to 13-16h off-peak.,0.437,hour=21 & kW>0.96
2009-08-29 18:00:00,Peak_Shift,Medium,High consumption 1.60kW at 18.0h (peak). Shift washing/dishwasher to 13-16h off-peak.,0.32,hour=18 & kW>1.12
2009-08-29 19:00:00,Peak_Shift,Medium,High consumption 1.69kW at 19.0h (peak). Shift washing/dishwasher to 13-16h off-peak.,0.338,hour=19 & kW>1.19
2009-08-29 20:00:00,Peak_Shift,Medium,High consumption 1.57kW at 20.0h (peak). Shift washing/dishwasher to 13-16h off-peak.,0.315,hour=20 & kW>1.21
2009-08-30 19:00:00,Peak_Shift,Medium,High consumption 1.56kW at 19.0h (peak). Shift washing/dishwasher to 13-16h off-peak.,0.312,hour=19 & kW>1.28
2009-08-30 20:00:00,Peak_Shift,Medium,High consumption 1.79kW at 20.0h (peak). Shift washing/dishwasher to 13-16h off-peak.,0.358,hour=20 & kW>1.29
2009-08-30 21:00:00,Peak_Shift,Medium,High consumption 2.07kW at 21.0h (peak). Shift washing/dishwasher to 13-16h off-peak.,0.414,hour=21 & kW>1.34
2009-08-31 04:00:00,Night_Idle_Waste,Low,"Idle consumption 0.86kW at 4h. Check standby: router, fridge, Sub_metering_3.",0.556,hour in 1-5 & kW>0.8
2009-08-31 21:00:00,Peak_Shift,Medium,High consumption 2.57kW at 21.0h (peak). Shift washing/dishwasher to 13-16h off-peak.,0.513,hour=21 & kW>1.06
2009-09-01 20:00:00,Peak_Shift,Medium,High consumption 2.19kW at 20.0h (peak). Shift washing/dishwasher to 13-16h off-peak.,0.438,hour=20 & kW>0.90
2009-09-01 21:00:00,Peak_Shift,Medium,High consumption 1.55kW at 21.0h (peak). Shift washing/dishwasher to 13-16h off-peak.,0.311,hour=21 & kW>0.85
2009-09-02 05:00:00,Night_Idle_Waste,Low,"Idle consumption 0.99kW at 5h. Check standby: router, fridge, Sub_metering_3.",0.691,hour in 1-5 & kW>0.8
2009-09-02 20:00:00,Peak_Shift,Medium,High consumption 1.86kW at 20.0h (peak). Shift washing/dishwasher to 13-16h off-peak.,0.371,hour=20 & kW>1.02
2009-09-02 21:00:00,Peak_Shift,Medium,High consumption 1.74kW at 21.0h (peak). Shift washing/dishwasher to 13-16h off-peak.,0.348,hour=21 & kW>1.03
2009-09-03 21:00:00,Peak_Shift,Medium,High consumption 2.17kW at 21.0h (peak). Shift washing/dishwasher to 13-16h off-peak.,0.434,hour=21 & kW>0.98
2009-09-04 20:00:00,Peak_Shift,Medium,High consumption 1.96kW at 20.0h (peak). Shift washing/dishwasher to 13-16h off-peak.,0.391,hour=20 & kW>1.00
2009-09-05 05:00:00,Night_Idle_Waste,Low,"Idle consumption 1.01kW at 5h. Check standby: router, fridge, Sub_metering_3.",0.714,hour in 1-5 & kW>0.8
2009-09-05 19:00:00,Peak_Shift,Medium,High consumption 1.63kW at 19.0h (peak). Shift washing/dishwasher to 13-16h off-peak.,0.325,hour=19 & kW>1.32
2009-09-06 20:00:00,Peak_Shift,Medium,High consumption 2.44kW at 20.0h (peak). Shift washing/dishwasher to 13-16h off-peak.,0.488,hour=20 & kW>0.91
2009-09-06 21:00:00,Peak_Shift,Medium,High consumption 2.59kW at 21.0h (peak). Shift washing/dishwasher to 13-16h off-peak.,0.519,hour=21 & kW>1.01
2009-09-07 19:00:00,Peak_Shift,Medium,High consumption 1.87kW at 19.0h (peak). Shift washing/dishwasher to 13-16h off-peak.,0.373,hour=19 & kW>0.97
2009-09-07 20:00:00,Peak_Shift,Medium,High consumption 2.33kW at 20.0h (peak). Shift washing/dishwasher to 13-16h off-peak.,0.467,hour=20 & kW>0.96
2009-09-07 21:00:00,Peak_Shift,High,High consumption 3.15kW at 21.0h (peak). Shift washing/dishwasher to 13-16h off-peak.,0.63,hour=21 & kW>0.99
2009-09-08 21:00:00,Peak_Shift,Medium,High consumption 2.59kW at 21.0h (peak). Shift washing/dishwasher to 13-16h off-peak.,0.518,hour=21 & kW>0.92
2009-09-09 19:00:00,Peak_Shift,Medium,High consumption 1.57kW at 19.0h (peak). Shift washing/dishwasher to 13-16h off-peak.,0.314,hour=19 & kW>1.18
2009-09-09 20:00:00,Peak_Shift,Medium,High consumption 2.12kW at 20.0h (peak). Shift washing/dishwasher to 13-16h off-peak.,0.424,hour=20 & kW>1.23
2009-09-09 21:00:00,Peak_Shift,Medium,High consumption 2.64kW at 21.0h (peak). Shift washing/dishwasher to 13-16h off-peak.,0.527,hour=21 & kW>1.23
2009-09-10 19:00:00,Peak_Shift,Medium,High consumption 1.96kW at 19.0h (peak). Shift washing/dishwasher to 13-16h off-peak.,0.393,hour=19 & kW>0.97
2009-09-10 20:00:00,Peak_Shift,Medium,High consumption 1.61kW at 20.0h (peak). Shift washing/dishwasher to 13-16h off-peak.,0.323,hour=20 & kW>0.94
2009-09-10 21:00:00,Peak_Shift,Medium,High consumption 2.64kW at 21.0h (peak). Shift washing/dishwasher to 13-16h off-peak.,0.529,hour=21 & kW>0.94
2009-09-11 20:00:00,Peak_Shift,Medium,High consumption 2.31kW at 20.0h (peak). Shift washing/dishwasher to 13-16h off-peak.,0.462,hour=20 & kW>1.13
2009-09-12 02:00:00,Night_Idle_Waste,Low,"Idle consumption 0.90kW at 2h. Check standby: router, fridge, Sub_metering_3.",0.602,hour in 1-5 & kW>0.8
2009-09-12 18:00:00,Peak_Shift,Medium,High consumption 1.82kW at 18.0h (peak). Shift washing/dishwasher to 13-16h off-peak.,0.364,hour=18 & kW>1.20
2009-09-12 19:00:00,Peak_Shift,High,High consumption 3.06kW at 19.0h (peak). Shift washing/dishwasher to 13-16h off-peak.,0.612,hour=19 & kW>1.32
2009-09-12 20:00:00,Peak_Shift,Medium,High consumption 2.33kW at 20.0h (peak). Shift washing/dishwasher to 13-16h off-peak.,0.465,hour=20 & kW>1.32
2009-09-12 21:00:00,Peak_Shift,High,High consumption 4.30kW at 21.0h (peak). Shift washing/dishwasher to 13-16h off-peak.,0.86,hour=21 & kW>1.47
2009-09-13 20:00:00,Peak_Shift,Medium,High consumption 2.24kW at 20.0h (peak). Shift washing/dishwasher to 13-16h off-peak.,0.447,hour=20 & kW>1.45
2009-09-13 21:00:00,Peak_Shift,Medium,High consumption 2.79kW at 21.0h (peak). Shift washing/dishwasher to 13-16h off-peak.,0.557,hour=21 & kW>1.38
2009-09-14 19:00:00,Peak_Shift,Medium,High consumption 1.63kW at 19.0h (peak). Shift washing/dishwasher to 13-16h off-peak.,0.325,hour=19 & kW>1.49
2009-09-14 20:00:00,Peak_Shift,Medium,High consumption 1.76kW at 20.0h (peak). Shift washing/dishwasher to 13-16h off-peak.,0.351,hour=20 & kW>1.47
2009-09-14 21:00:00,Peak_Shift,Medium,High consumption 2.33kW at 21.0h (peak). Shift washing/dishwasher to 13-16h off-peak.,0.466,hour=21 & kW>1.45
2009-09-15 19:00:00,Peak_Shift,Medium,High consumption 2.24kW at 19.0h (peak). Shift washing/dishwasher to 13-16h off-peak.,0.448,hour=19 & kW>1.03
2009-09-15 20:00:00,Peak_Shift,High,High consumption 3.52kW at 20.0h (peak). Shift washing/dishwasher to 13-16h off-peak.,0.703,hour=20 & kW>1.12
2009-09-15 21:00:00,Peak_Shift,Medium,High consumption 2.95kW at 21.0h (peak). Shift washing/dishwasher to 13-16h off-peak.,0.59,hour=21 & kW>1.15
2009-09-16 05:00:00,Night_Idle_Waste,Low,"Idle consumption 1.04kW at 5h. Check standby: router, fridge, Sub_metering_3.",0.737,hour in 1-5 & kW>0.8
2009-09-16 20:00:00,Peak_Shift,High,High consumption 3.01kW at 20.0h (peak). Shift washing/dishwasher to 13-16h off-peak.,0.603,hour=20 & kW>1.45
2009-09-16 21:00:00,Peak_Shift,Medium,High consumption 2.97kW at 21.0h (peak). Shift washing/dishwasher to 13-16h off-peak.,0.594,hour=21 & kW>1.45
2009-09-17 21:00:00,Peak_Shift,Medium,High consumption 1.62kW at 21.0h (peak). Shift washing/dishwasher to 13-16h off-peak.,0.324,hour=21 & kW>1.11
2009-09-18 20:00:00,Peak_Shift,High,High consumption 3.31kW at 20.0h (peak). Shift washing/dishwasher to 13-16h off-peak.,0.661,hour=20 & kW>1.08
2009-09-18 21:00:00,Peak_Shift,Medium,High consumption 1.72kW at 21.0h (peak). Shift washing/dishwasher to 13-16h off-peak.,0.345,hour=21 & kW>1.09
2009-09-19 04:00:00,Night_Idle_Waste,Low,"Idle consumption 0.91kW at 4h. Check standby: router, fridge, Sub_metering_3.",0.608,hour in 1-5 & kW>0.8
2009-09-19 18:00:00,Peak_Shift,Medium,High consumption 1.74kW at 18.0h (peak). Shift washing/dishwasher to 13-16h off-peak.,0.348,hour=18 & kW>1.67
2009-09-19 20:00:00,Peak_Shift,Medium,High consumption 2.38kW at 20.0h (peak). Shift washing/dishwasher to 13-16h off-peak.,0.476,hour=20 & kW>1.62
2009-09-19 21:00:00,Peak_Shift,Medium,High consumption 2.86kW at 21.0h (peak). Shift washing/dishwasher to 13-16h off-peak.,0.572,hour=21 & kW>1.67
2009-09-20 01:00:00,Night_Idle_Waste,Low,"Idle consumption 2.39kW at 1h. Check standby: router, fridge, Sub_metering_3.",2.09,hour in 1-5 & kW>0.8
2009-09-20 02:00:00,Night_Idle_Waste,Low,"Idle consumption 0.90kW at 2h. Check standby: router, fridge, Sub_metering_3.",0.598,hour in 1-5 & kW>0.8
2009-09-20 19:00:00,Peak_Shift,Medium,High consumption 2.30kW at 19.0h (peak). Shift washing/dishwasher to 13-16h off-peak.,0.46,hour=19 & kW>1.80
2009-09-20 20:00:00,Peak_Shift,Medium,High consumption 2.65kW at 20.0h (peak). Shift washing/dishwasher to 13-16h off-peak.,0.531,hour=20 & kW>1.81
2009-09-20 21:00:00,Peak_Shift,Medium,High consumption 2.48kW at 21.0h (peak). Shift washing/dishwasher to 13-16h off-peak.,0.497,hour=21 & kW>1.79
2009-09-21 01:00:00,Night_Idle_Waste,Low,"Idle consumption 0.84kW at 1h. Check standby: router, fridge, Sub_metering_3.",0.536,hour in 1-5 & kW>0.8
2009-09-21 19:00:00,Peak_Shift,Medium,High consumption 1.52kW at 19.0h (peak). Shift washing/dishwasher to 13-16h off-peak.,0.304,hour=19 & kW>1.26
2009-09-21 20:00:00,Peak_Shift,Medium,High consumption 2.88kW at 20.0h (peak). Shift washing/dishwasher to 13-16h off-peak.,0.576,hour=20 & kW>1.27
2009-09-21 21:00:00,Peak_Shift,Medium,High consumption 2.18kW at 21.0h (peak). Shift washing/dishwasher to 13-16h off-peak.,0.437,hour=21 & kW>1.26
2009-09-22 03:00:00,Night_Idle_Waste,Low,"Idle consumption 1.02kW at 3h. Check standby: router, fridge, Sub_metering_3.",0.722,hour in 1-5 & kW>0.8
2009-09-22 20:00:00,Peak_Shift,Medium,High consumption 2.11kW at 20.0h (peak). Shift washing/dishwasher to 13-16h off-peak.,0.422,hour=20 & kW>1.04
2009-09-22 21:00:00,Peak_Shift,Medium,High consumption 1.96kW at 21.0h (peak). Shift washing/dishwasher to 13-16h off-peak.,0.392,hour=21 & kW>1.03
2009-09-23 19:00:00,Peak_Shift,Medium,High consumption 1.62kW at 19.0h (peak). Shift washing/dishwasher to 13-16h off-peak.,0.324,hour=19 & kW>1.29
2009-09-23 20:00:00,Peak_Shift,Medium,High consumption 1.78kW at 20.0h (peak). Shift washing/dishwasher to 13-16h off-peak.,0.355,hour=20 & kW>1.27
2009-09-23 21:00:00,Peak_Shift,Medium,High consumption 2.04kW at 21.0h (peak). Shift washing/dishwasher to 13-16h off-peak.,0.407,hour=21 & kW>1.27
2009-09-24 19:00:00,Peak_Shift,Medium,High consumption 1.86kW at 19.0h (peak). Shift washing/dishwasher to 13-16h off-peak.,0.372,hour=19 & kW>1.09
2009-09-24 20:00:00,Peak_Shift,High,High consumption 3.69kW at 20.0h (peak). Shift washing/dishwasher to 13-16h off-peak.,0.737,hour=20 & kW>1.19
2009-09-24 21:00:00,Peak_Shift,High,High consumption 3.07kW at 21.0h (peak). Shift washing/dishwasher to 13-16h off-peak.,0.614,hour=21 & kW>1.24
2009-09-25 21:00:00,Peak_Shift,Medium,High consumption 1.71kW at 21.0h (peak). Shift washing/dishwasher to 13-16h off-peak.,0.343,hour=21 & kW>1.00
2009-09-27 20:00:00,Peak_Shift,Medium,High consumption 2.80kW at 20.0h (peak). Shift washing/dishwasher to 13-16h off-peak.,0.559,hour=20 & kW>0.92
2009-09-27 21:00:00,Peak_Shift,Medium,High consumption 2.71kW at 21.0h (peak). Shift washing/dishwasher to 13-16h off-peak.,0.542,hour=21 & kW>1.04
2009-09-28 19:00:00,Peak_Shift,Medium,High consumption 2.15kW at 19.0h (peak). Shift washing/dishwasher to 13-16h off-peak.,0.431,hour=19 & kW>1.23
2009-09-28 20:00:00,Peak_Shift,Medium,High consumption 1.72kW at 20.0h (peak). Shift washing/dishwasher to 13-16h off-peak.,0.343,hour=20 & kW>1.17
2009-09-28 21:00:00,Peak_Shift,Medium,High consumption 2.06kW at 21.0h (peak). Shift washing/dishwasher to 13-16h off-peak.,0.412,hour=21 & kW>1.14
2009-09-29 20:00:00,Peak_Shift,Medium,High consumption 2.61kW at 20.0h (peak). Shift washing/dishwasher to 13-16h off-peak.,0.522,hour=20 & kW>1.05
2009-09-29 21:00:00,Peak_Shift,Medium,High consumption 1.92kW at 21.0h (peak). Shift washing/dishwasher to 13-16h off-peak.,0.384,hour=21 & kW>1.04
2009-09-30 03:00:00,Night_Idle_Waste,Low,"Idle consumption 0.80kW at 3h. Check standby: router, fridge, Sub_metering_3.",0.504,hour in 1-5 & kW>0.8
2009-09-30 18:00:00,Peak_Shift,Medium,High consumption 1.68kW at 18.0h (peak). Shift washing/dishwasher to 13-16h off-peak.,0.335,hour=18 & kW>1.25
2009-09-30 19:00:00,Peak_Shift,Medium,High consumption 2.64kW at 19.0h (peak). Shift washing/dishwasher to 13-16h off-peak.,0.528,hour=19 & kW>1.34
2009-09-30 20:00:00,Peak_Shift,Medium,High consumption 1.80kW at 20.0h (peak). Shift washing/dishwasher to 13-16h off-peak.,0.359,hour=20 & kW>1.30
2009-09-30 21:00:00,Peak_Shift,Medium,High consumption 2.57kW at 21.0h (peak). Shift washing/dishwasher to 13-16h off-peak.,0.514,hour=21 & kW>1.34
2009-10-01 20:00:00,Peak_Shift,Medium,High consumption 2.50kW at 20.0h (peak). Shift washing/dishwasher to 13-16h off-peak.,0.499,hour=20 & kW>1.04
2009-10-01 21:00:00,Peak_Shift,High,High consumption 3.45kW at 21.0h (peak). Shift washing/dishwasher to 13-16h off-peak.,0.69,hour=21 & kW>1.08
2009-10-02 20:00:00,Peak_Shift,Medium,High consumption 1.73kW at 20.0h (peak). Shift washing/dishwasher to 13-16h off-peak.,0.346,hour=20 & kW>1.24
2009-10-03 18:00:00,Peak_Shift,Medium,High consumption 2.21kW at 18.0h (peak). Shift washing/dishwasher to 13-16h off-peak.,0.442,hour=18 & kW>1.39
2009-10-04 19:00:00,Peak_Shift,Medium,High consumption 1.87kW at 19.0h (peak). Shift washing/dishwasher to 13-16h off-peak.,0.375,hour=19 & kW>1.14
2009-10-04 20:00:00,Peak_Shift,High,High consumption 3.43kW at 20.0h (peak). Shift washing/dishwasher to 13-16h off-peak.,0.686,hour=20 & kW>1.24
2009-10-04 21:00:00,Peak_Shift,Medium,High consumption 2.69kW at 21.0h (peak). Shift washing/dishwasher to 13-16h off-peak.,0.538,hour=21 & kW>1.31
2009-10-05 20:00:00,Peak_Shift,Medium,High consumption 2.44kW at 20.0h (peak). Shift washing/dishwasher to 13-16h off-peak.,0.488,hour=20 & kW>1.08
2009-10-05 21:00:00,Peak_Shift,Medium,High consumption 1.99kW at 21.0h (peak). Shift washing/dishwasher to 13-16h off-peak.,0.398,hour=21 & kW>1.05
2009-10-06 04:00:00,Night_Idle_Waste,Low,"Idle consumption 1.08kW at 4h. Check standby: router, fridge, Sub_metering_3.",0.783,hour in 1-5 & kW>0.8
2009-10-06 20:00:00,Peak_Shift,Medium,High consumption 2.83kW at 20.0h (peak). Shift washing/dishwasher to 13-16h off-peak.,0.566,hour=20 & kW>1.25
2009-10-06 21:00:00,Peak_Shift,Medium,High consumption 1.95kW at 21.0h (peak). Shift washing/dishwasher to 13-16h off-peak.,0.389,hour=21 & kW>1.25
2009-10-07 19:00:00,Peak_Shift,Medium,High consumption 2.98kW at 19.0h (peak). Shift washing/dishwasher to 13-16h off-peak.,0.595,hour=19 & kW>1.44
2009-10-07 20:00:00,Peak_Shift,High,High consumption 3.65kW at 20.0h (peak). Shift washing/dishwasher to 13-16h off-peak.,0.729,hour=20 & kW>1.48
2009-10-07 21:00:00,Peak_Shift,Medium,High consumption 2.28kW at 21.0h (peak). Shift washing/dishwasher to 13-16h off-peak.,0.455,hour=21 & kW>1.49
2009-10-08 03:00:00,Night_Idle_Waste,Low,"Idle consumption 1.03kW at 3h. Check standby: router, fridge, Sub_metering_3.",0.732,hour in 1-5 & kW>0.8
2009-10-08 19:00:00,Peak_Shift,Medium,High consumption 2.33kW at 19.0h (peak). Shift washing/dishwasher to 13-16h off-peak.,0.465,hour=19 & kW>1.41
2009-10-08 20:00:00,Peak_Shift,Medium,High consumption 2.18kW at 20.0h (peak). Shift washing/dishwasher to 13-16h off-peak.,0.436,hour=20 & kW>1.34
2009-10-10 04:00:00,Night_Idle_Waste,Low,"Idle consumption 0.99kW at 4h. Check standby: router, fridge, Sub_metering_3.",0.694,hour in 1-5 & kW>0.8
2009-10-10 19:00:00,Peak_Shift,Medium,High consumption 2.87kW at 19.0h (peak). Shift washing/dishwasher to 13-16h off-peak.,0.575,hour=19 & kW>1.38
2009-10-10 20:00:00,Peak_Shift,Medium,High consumption 2.63kW at 20.0h (peak). Shift washing/dishwasher to 13-16h off-peak.,0.526,hour=20 & kW>1.45
2009-10-10 21:00:00,Peak_Shift,Medium,High consumption 2.76kW at 21.0h (peak). Shift washing/dishwasher to 13-16h off-peak.,0.552,hour=21 & kW>1.56
2009-10-11 19:00:00,Peak_Shift,Medium,High consumption 2.99kW at 19.0h (peak). Shift washing/dishwasher to 13-16h off-peak.,0.597,hour=19 & kW>1.80
2009-10-12 19:00:00,Peak_Shift,Medium,High consumption 1.94kW at 19.0h (peak). Shift washing/dishwasher to 13-16h off-peak.,0.388,hour=19 & kW>1.13
2009-10-12 20:00:00,Peak_Shift,Medium,High consumption 2.51kW at 20.0h (peak). Shift washing/dishwasher to 13-16h off-peak.,0.501,hour=20 & kW>1.17
2009-10-13 02:00:00,Night_Idle_Waste,Low,"Idle consumption 1.00kW at 2h. Check standby: router, fridge, Sub_metering_3.",0.697,hour in 1-5 & kW>0.8
2009-10-13 19:00:00,Peak_Shift,Medium,High consumption 2.48kW at 19.0h (peak). Shift washing/dishwasher to 13-16h off-peak.,0.496,hour=19 & kW>1.25
2009-10-13 20:00:00,Peak_Shift,Medium,High consumption 2.11kW at 20.0h (peak). Shift washing/dishwasher to 13-16h off-peak.,0.422,hour=20 & kW>1.23
2009-10-14 20:00:00,Peak_Shift,Medium,High consumption 1.82kW at 20.0h (peak). Shift washing/dishwasher to 13-16h off-peak.,0.364,hour=20 & kW>1.31
2009-10-14 21:00:00,Peak_Shift,Medium,High consumption 2.26kW at 21.0h (peak). Shift washing/dishwasher to 13-16h off-peak.,0.452,hour=21 & kW>1.37
2009-10-15 02:00:00,Night_Idle_Waste,Low,"Idle consumption 1.02kW at 2h. Check standby: router, fridge, Sub_metering_3.",0.715,hour in 1-5 & kW>0.8
2009-10-15 19:00:00,Peak_Shift,Medium,High consumption 2.03kW at 19.0h (peak). Shift washing/dishwasher to 13-16h off-peak.,0.406,hour=19 & kW>1.18
2009-10-15 20:00:00,Peak_Shift,High,High consumption 3.38kW at 20.0h (peak). Shift washing/dishwasher to 13-16h off-peak.,0.675,hour=20 & kW>1.26
2009-10-15 21:00:00,Peak_Shift,Medium,High consumption 2.28kW at 21.0h (peak). Shift washing/dishwasher to 13-16h off-peak.,0.456,hour=21 & kW>1.26
2009-10-16 05:00:00,Night_Idle_Waste,Low,"Idle consumption 0.84kW at 5h. Check standby: router, fridge, Sub_metering_3.",0.539,hour in 1-5 & kW>0.8
2009-10-16 20:00:00,Peak_Shift,Medium,High consumption 2.44kW at 20.0h (peak). Shift washing/dishwasher to 13-16h off-peak.,0.488,hour=20 & kW>1.37
2009-10-17 16:00:00,Anomaly_Inspection,High,Anomaly detected: 4.66kW vs expected 2.10kW (residual 2.57). Check appliance left on.,2.566,z_score=4.32 | abs_error=2.57
2009-10-17 18:00:00,Peak_Shift,High,High consumption 3.17kW at 18.0h (peak). Shift washing/dishwasher to 13-16h off-peak.,0.635,hour=18 & kW>1.90
2009-10-17 19:00:00,Peak_Shift,Medium,High consumption 2.56kW at 19.0h (peak). Shift washing/dishwasher to 13-16h off-peak.,0.511,hour=19 & kW>1.96
2009-10-17 20:00:00,Peak_Shift,Medium,High consumption 2.62kW at 20.0h (peak). Shift washing/dishwasher to 13-16h off-peak.,0.524,hour=20 & kW>1.97
2009-10-17 21:00:00,Peak_Shift,High,High consumption 3.54kW at 21.0h (peak). Shift washing/dishwasher to 13-16h off-peak.,0.708,hour=21 & kW>2.09
2009-10-18 01:00:00,Night_Idle_Waste,Low,"Idle consumption 1.65kW at 1h. Check standby: router, fridge, Sub_metering_3.",1.354,hour in 1-5 & kW>0.8
2009-10-18 02:00:00,Night_Idle_Waste,Low,"Idle consumption 1.00kW at 2h. Check standby: router, fridge, Sub_metering_3.",0.705,hour in 1-5 & kW>0.8
2009-10-18 18:00:00,Peak_Shift,Medium,High consumption 2.72kW at 18.0h (peak). Shift washing/dishwasher to 13-16h off-peak.,0.544,hour=18 & kW>1.53
2009-10-18 19:00:00,Peak_Shift,Medium,High consumption 2.28kW at 19.0h (peak). Shift washing/dishwasher to 13-16h off-peak.,0.457,hour=19 & kW>1.52
2009-10-18 20:00:00,Peak_Shift,Medium,High consumption 1.81kW at 20.0h (peak). Shift washing/dishwasher to 13-16h off-peak.,0.361,hour=20 & kW>1.48
2009-10-18 21:00:00,Peak_Shift,Medium,High consumption 1.99kW at 21.0h (peak). Shift washing/dishwasher to 13-16h off-peak.,0.397,hour=21 & kW>1.40
2009-10-19 20:00:00,Peak_Shift,Medium,High consumption 2.63kW at 20.0h (peak). Shift washing/dishwasher to 13-16h off-peak.,0.526,hour=20 & kW>1.14
2009-10-19 21:00:00,Peak_Shift,Medium,High consumption 2.55kW at 21.0h (peak). Shift washing/dishwasher to 13-16h off-peak.,0.511,hour=21 & kW>1.17
2009-10-20 19:00:00,Peak_Shift,High,High consumption 3.04kW at 19.0h (peak). Shift washing/dishwasher to 13-16h off-peak.,0.609,hour=19 & kW>1.48
2009-10-20 20:00:00,Peak_Shift,Medium,High consumption 2.77kW at 20.0h (peak). Shift washing/dishwasher to 13-16h off-peak.,0.555,hour=20 & kW>1.49
2009-10-20 21:00:00,Peak_Shift,Medium,High consumption 2.53kW at 21.0h (peak). Shift washing/dishwasher to 13-16h off-peak.,0.506,hour=21 & kW>1.49
2009-10-21 18:00:00,Peak_Shift,Medium,High consumption 2.27kW at 18.0h (peak). Shift washing/dishwasher to 13-16h off-peak.,0.455,hour=18 & kW>1.70
2009-10-21 20:00:00,Peak_Shift,Medium,High consumption 2.28kW at 20.0h (peak). Shift washing/dishwasher to 13-16h off-peak.,0.456,hour=20 & kW>1.58
2009-10-21 21:00:00,Peak_Shift,Medium,High consumption 2.28kW at 21.0h (peak). Shift washing/dishwasher to 13-16h off-peak.,0.455,hour=21 & kW>1.56
2009-10-22 19:00:00,Peak_Shift,Medium,High consumption 1.58kW at 19.0h (peak). Shift washing/dishwasher to 13-16h off-peak.,0.317,hour=19 & kW>1.33
2009-10-22 20:00:00,Peak_Shift,Medium,High consumption 1.80kW at 20.0h (peak). Shift washing/dishwasher to 13-16h off-peak.,0.36,hour=20 & kW>1.30
2009-10-23 15:00:00,Anomaly_Inspection,High,Anomaly detected: 4.03kW vs expected 1.05kW (residual 2.98). Check appliance left on.,2.979,z_score=5.15 | abs_error=2.98
2009-10-23 18:00:00,Peak_Shift,Medium,High consumption 1.88kW at 18.0h (peak). Shift washing/dishwasher to 13-16h off-peak.,0.375,hour=18 & kW>1.34
2009-10-23 19:00:00,Peak_Shift,Medium,High consumption 2.81kW at 19.0h (peak). Shift washing/dishwasher to 13-16h off-peak.,0.561,hour=19 & kW>1.40
2009-10-23 20:00:00,Peak_Shift,Medium,High consumption 2.21kW at 20.0h (peak). Shift washing/dishwasher to 13-16h off-peak.,0.441,hour=20 & kW>1.42
2009-10-23 21:00:00,Peak_Shift,Medium,High consumption 1.92kW at 21.0h (peak). Shift washing/dishwasher to 13-16h off-peak.,0.384,hour=21 & kW>1.47
2009-10-24 05:00:00,Night_Idle_Waste,Low,"Idle consumption 0.85kW at 5h. Check standby: router, fridge, Sub_metering_3.",0.549,hour in 1-5 & kW>0.8
2009-10-24 18:00:00,Peak_Shift,High,High consumption 4.00kW at 18.0h (peak). Shift washing/dishwasher to 13-16h off-peak.,0.8,hour=18 & kW>1.83
2009-10-24 18:00:00,Anomaly_Inspection,High,Anomaly detected: 4.00kW vs expected 1.31kW (residual 2.68). Check appliance left on.,2.684,z_score=4.30 | abs_error=2.68
2009-10-24 19:00:00,Peak_Shift,Medium,High consumption 2.78kW at 19.0h (peak). Shift washing/dishwasher to 13-16h off-peak.,0.555,hour=19 & kW>1.83
2009-10-24 20:00:00,Peak_Shift,High,High consumption 3.44kW at 20.0h (peak). Shift washing/dishwasher to 13-16h off-peak.,0.688,hour=20 & kW>1.89
2009-10-24 21:00:00,Peak_Shift,High,High consumption 3.12kW at 21.0h (peak). Shift washing/dishwasher to 13-16h off-peak.,0.623,hour=21 & kW>1.95
2009-10-25 01:00:00,Night_Idle_Waste,Low,"Idle consumption 2.08kW at 1h. Check standby: router, fridge, Sub_metering_3.",1.783,hour in 1-5 & kW>0.8
2009-10-25 02:00:00,Night_Idle_Waste,Low,"Idle consumption 1.55kW at 2h. Check standby: router, fridge, Sub_metering_3.",1.249,hour in 1-5 & kW>0.8
2009-10-25 18:00:00,Peak_Shift,High,High consumption 3.72kW at 18.0h (peak). Shift washing/dishwasher to 13-16h off-peak.,0.744,hour=18 & kW>2.31
2009-10-25 19:00:00,Peak_Shift,Medium,High consumption 2.48kW at 19.0h (peak). Shift washing/dishwasher to 13-16h off-peak.,0.496,hour=19 & kW>2.29
2009-10-25 20:00:00,Peak_Shift,Medium,High consumption 2.41kW at 20.0h (peak). Shift washing/dishwasher to 13-16h off-peak.,0.482,hour=20 & kW>2.24
2009-10-26 21:00:00,Peak_Shift,Medium,High consumption 1.97kW at 21.0h (peak). Shift washing/dishwasher to 13-16h off-peak.,0.393,hour=21 & kW>0.89
2009-10-27 01:00:00,Night_Idle_Waste,Low,"Idle consumption 0.83kW at 1h. Check standby: router, fridge, Sub_metering_3.",0.533,hour in 1-5 & kW>0.8
2009-10-27 03:00:00,Night_Idle_Waste,Low,"Idle consumption 0.90kW at 3h. Check standby: router, fridge, Sub_metering_3.",0.604,hour in 1-5 & kW>0.8
2009-10-27 20:00:00,Peak_Shift,Medium,High consumption 2.06kW at 20.0h (peak). Shift washing/dishwasher to 13-16h off-peak.,0.411,hour=20 & kW>1.09
2009-10-28 04:00:00,Night_Idle_Waste,Low,"Idle consumption 1.09kW at 4h. Check standby: router, fridge, Sub_metering_3.",0.789,hour in 1-5 & kW>0.8
2009-10-28 20:00:00,Peak_Shift,Medium,High consumption 1.77kW at 20.0h (peak). Shift washing/dishwasher to 13-16h off-peak.,0.354,hour=20 & kW>0.91
2009-10-28 21:00:00,Peak_Shift,Medium,High consumption 2.65kW at 21.0h (peak). Shift washing/dishwasher to 13-16h off-peak.,0.529,hour=21 & kW>1.01
2009-10-29 04:00:00,Night_Idle_Waste,Low,"Idle consumption 1.06kW at 4h. Check standby: router, fridge, Sub_metering_3.",0.759,hour in 1-5 & kW>0.8
2009-10-29 15:00:00,Anomaly_Inspection,High,Anomaly detected: 3.44kW vs expected 1.03kW (residual 2.40). Check appliance left on.,2.403,z_score=3.70 | abs_error=2.40
2009-10-29 18:00:00,Peak_Shift,Medium,High consumption 2.73kW at 18.0h (peak). Shift washing/dishwasher to 13-16h off-peak.,0.547,hour=18 & kW>1.45
2009-10-29 19:00:00,Peak_Shift,Medium,High consumption 2.91kW at 19.0h (peak). Shift washing/dishwasher to 13-16h off-peak.,0.583,hour=19 & kW>1.55
2009-10-29 20:00:00,Peak_Shift,High,High consumption 3.04kW at 20.0h (peak). Shift washing/dishwasher to 13-16h off-peak.,0.608,hour=20 & kW>1.61
2009-10-29 21:00:00,Peak_Shift,Medium,High consumption 1.62kW at 21.0h (peak). Shift washing/dishwasher to 13-16h off-peak.,0.323,hour=21 & kW>1.56
2009-10-30 20:00:00,Peak_Shift,Medium,High consumption 2.18kW at 20.0h (peak). Shift washing/dishwasher to 13-16h off-peak.,0.435,hour=20 & kW>1.37
2009-10-30 21:00:00,Peak_Shift,Medium,High consumption 1.60kW at 21.0h (peak). Shift washing/dishwasher to 13-16h off-peak.,0.32,hour=21 & kW>1.37
2009-10-31 03:00:00,Night_Idle_Waste,Low,"Idle consumption 0.86kW at 3h. Check standby: router, fridge, Sub_metering_3.",0.556,hour in 1-5 & kW>0.8
2009-10-31 18:00:00,Peak_Shift,Medium,High consumption 1.62kW at 18.0h (peak). Shift washing/dishwasher to 13-16h off-peak.,0.325,hour=18 & kW>1.41
2009-10-31 19:00:00,Peak_Shift,Medium,High consumption 2.74kW at 19.0h (peak). Shift washing/dishwasher to 13-16h off-peak.,0.549,hour=19 & kW>1.49
2009-10-31 20:00:00,Peak_Shift,Medium,High consumption 2.45kW at 20.0h (peak). Shift washing/dishwasher to 13-16h off-peak.,0.489,hour=20 & kW>1.51
2009-10-31 21:00:00,Peak_Shift,Medium,High consumption 2.35kW at 21.0h (peak). Shift washing/dishwasher to 13-16h off-peak.,0.469,hour=21 & kW>1.54
2009-11-01 18:00:00,Peak_Shift,Medium,High consumption 1.81kW at 18.0h (peak). Shift washing/dishwasher to 13-16h off-peak.,0.362,hour=18 & kW>1.47
2009-11-01 19:00:00,Peak_Shift,Medium,High consumption 1.78kW at 19.0h (peak). Shift washing/dishwasher to 13-16h off-peak.,0.356,hour=19 & kW>1.42
2009-11-01 20:00:00,Peak_Shift,Medium,High consumption 2.22kW at 20.0h (peak). Shift washing/dishwasher to 13-16h off-peak.,0.444,hour=20 & kW>1.41
2009-11-01 21:00:00,Peak_Shift,Medium,High consumption 2.12kW at 21.0h (peak). Shift washing/dishwasher to 13-16h off-peak.,0.423,hour=21 & kW>1.40
2009-11-02 18:00:00,Peak_Shift,Medium,High consumption 2.51kW at 18.0h (peak). Shift washing/dishwasher to 13-16h off-peak.,0.502,hour=18 & kW>1.36
2009-11-02 19:00:00,Peak_Shift,Medium,High consumption 1.97kW at 19.0h (peak). Shift washing/dishwasher to 13-16h off-peak.,0.395,hour=19 & kW>1.37
2009-11-02 20:00:00,Peak_Shift,Medium,High consumption 2.75kW at 20.0h (peak). Shift washing/dishwasher to 13-16h off-peak.,0.551,hour=20 & kW>1.40
2009-11-02 21:00:00,Peak_Shift,Medium,High consumption 1.58kW at 21.0h (peak). Shift washing/dishwasher to 13-16h off-peak.,0.316,hour=21 & kW>1.37
2009-11-03 18:00:00,Peak_Shift,Medium,High consumption 2.93kW at 18.0h (peak). Shift washing/dishwasher to 13-16h off-peak.,0.586,hour=18 & kW>1.55
2009-11-03 19:00:00,Peak_Shift,High,High consumption 4.13kW at 19.0h (peak). Shift washing/dishwasher to 13-16h off-peak.,0.825,hour=19 & kW>1.66
2009-11-03 20:00:00,Peak_Shift,High,High consumption 4.83kW at 20.0h (peak). Shift washing/dishwasher to 13-16h off-peak.,0.966,hour=20 & kW>1.76
2009-11-03 21:00:00,Peak_Shift,Medium,High consumption 2.70kW at 21.0h (peak). Shift washing/dishwasher to 13-16h off-peak.,0.539,hour=21 & kW>1.82
2009-11-04 18:00:00,Peak_Shift,High,High consumption 3.03kW at 18.0h (peak). Shift washing/dishwasher to 13-16h off-peak.,0.607,hour=18 & kW>1.84
2009-11-04 19:00:00,Peak_Shift,High,High consumption 3.41kW at 19.0h (peak). Shift washing/dishwasher to 13-16h off-peak.,0.682,hour=19 & kW>1.80
2009-11-04 21:00:00,Peak_Shift,Medium,High consumption 2.48kW at 21.0h (peak). Shift washing/dishwasher to 13-16h off-peak.,0.496,hour=21 & kW>1.61
2009-11-05 02:00:00,Night_Idle_Waste,Low,"Idle consumption 0.86kW at 2h. Check standby: router, fridge, Sub_metering_3.",0.555,hour in 1-5 & kW>0.8
2009-11-05 18:00:00,Peak_Shift,Medium,High consumption 1.70kW at 18.0h (peak). Shift washing/dishwasher to 13-16h off-peak.,0.34,hour=18 & kW>1.19
2009-11-05 19:00:00,Peak_Shift,Medium,High consumption 2.50kW at 19.0h (peak). Shift washing/dishwasher to 13-16h off-peak.,0.499,hour=19 & kW>1.14
2009-11-05 20:00:00,Peak_Shift,High,High consumption 3.57kW at 20.0h (peak). Shift washing/dishwasher to 13-16h off-peak.,0.715,hour=20 & kW>1.26
2009-11-05 21:00:00,Peak_Shift,Medium,High consumption 2.25kW at 21.0h (peak). Shift washing/dishwasher to 13-16h off-peak.,0.45,hour=21 & kW>1.25
2009-11-06 21:00:00,Peak_Shift,Medium,High consumption 1.68kW at 21.0h (peak). Shift washing/dishwasher to 13-16h off-peak.,0.336,hour=21 & kW>1.23
2009-11-07 18:00:00,Peak_Shift,Medium,High consumption 1.51kW at 18.0h (peak). Shift washing/dishwasher to 13-16h off-peak.,0.301,hour=18 & kW>1.24
2009-11-07 19:00:00,Peak_Shift,Medium,High consumption 1.51kW at 19.0h (peak). Shift washing/dishwasher to 13-16h off-peak.,0.302,hour=19 & kW>1.27
2009-11-08 01:00:00,Night_Idle_Waste,Low,"Idle consumption 1.05kW at 1h. Check standby: router, fridge, Sub_metering_3.",0.746,hour in 1-5 & kW>0.8
2009-11-08 12:00:00,Anomaly_Inspection,High,Anomaly detected: 4.34kW vs expected 2.08kW (residual 2.26). Check appliance left on.,2.257,z_score=3.57 | abs_error=2.26
2009-11-08 18:00:00,Peak_Shift,Medium,High consumption 2.80kW at 18.0h (peak). Shift washing/dishwasher to 13-16h off-peak.,0.56,hour=18 & kW>1.76
2009-11-08 19:00:00,Peak_Shift,Medium,High consumption 2.95kW at 19.0h (peak). Shift washing/dishwasher to 13-16h off-peak.,0.591,hour=19 & kW>1.83
2009-11-08 20:00:00,Peak_Shift,High,High consumption 3.54kW at 20.0h (peak). Shift washing/dishwasher to 13-16h off-peak.,0.709,hour=20 & kW>1.95
2009-11-08 21:00:00,Peak_Shift,Medium,High consumption 2.32kW at 21.0h (peak). Shift washing/dishwasher to 13-16h off-peak.,0.465,hour=21 & kW>2.03
2009-11-09 18:00:00,Peak_Shift,Medium,High consumption 2.07kW at 18.0h (peak). Shift washing/dishwasher to 13-16h off-peak.,0.415,hour=18 & kW>1.39
2009-11-09 19:00:00,Peak_Shift,Medium,High consumption 1.52kW at 19.0h (peak). Shift washing/dishwasher to 13-16h off-peak.,0.305,hour=19 & kW>1.32
2009-11-09 20:00:00,Peak_Shift,High,High consumption 3.02kW at 20.0h (peak). Shift washing/dishwasher to 13-16h off-peak.,0.604,hour=20 & kW>1.30
2009-11-09 21:00:00,Peak_Shift,Medium,High consumption 1.90kW at 21.0h (peak). Shift washing/dishwasher to 13-16h off-peak.,0.379,hour=21 & kW>1.28
2009-11-10 19:00:00,Peak_Shift,Medium,High consumption 1.57kW at 19.0h (peak). Shift washing/dishwasher to 13-16h off-peak.,0.313,hour=19 & kW>1.35
2009-11-10 20:00:00,Peak_Shift,Medium,High consumption 2.11kW at 20.0h (peak). Shift washing/dishwasher to 13-16h off-peak.,0.422,hour=20 & kW>1.31
2009-11-10 21:00:00,Peak_Shift,Medium,High consumption 2.30kW at 21.0h (peak). Shift washing/dishwasher to 13-16h off-peak.,0.459,hour=21 & kW>1.33
2009-11-11 17:00:00,Anomaly_Inspection,High,Anomaly detected: 4.54kW vs expected 1.90kW (residual 2.63). Check appliance left on.,2.635,z_score=4.55 | abs_error=2.63
2009-11-11 18:00:00,Peak_Shift,High,High consumption 3.16kW at 18.0h (peak). Shift washing/dishwasher to 13-16h off-peak.,0.631,hour=18 & kW>1.55
2009-11-11 19:00:00,Peak_Shift,High,High consumption 3.53kW at 19.0h (peak). Shift washing/dishwasher to 13-16h off-peak.,0.706,hour=19 & kW>1.64
2009-11-11 20:00:00,Peak_Shift,Medium,High consumption 2.26kW at 20.0h (peak). Shift washing/dishwasher to 13-16h off-peak.,0.452,hour=20 & kW>1.65
2009-11-11 21:00:00,Peak_Shift,Medium,High consumption 1.76kW at 21.0h (peak). Shift washing/dishwasher to 13-16h off-peak.,0.352,hour=21 & kW>1.62
2009-11-12 05:00:00,Night_Idle_Waste,Low,"Idle consumption 0.92kW at 5h. Check standby: router, fridge, Sub_metering_3.",0.619,hour in 1-5 & kW>0.8
2009-11-12 19:00:00,Peak_Shift,High,High consumption 3.58kW at 19.0h (peak). Shift washing/dishwasher to 13-16h off-peak.,0.716,hour=19 & kW>1.28
2009-11-12 20:00:00,Peak_Shift,Medium,High consumption 2.30kW at 20.0h (peak). Shift washing/dishwasher to 13-16h off-peak.,0.46,hour=20 & kW>1.28
2009-11-12 21:00:00,Peak_Shift,Medium,High consumption 2.23kW at 21.0h (peak). Shift washing/dishwasher to 13-16h off-peak.,0.446,hour=21 & kW>1.31
2009-11-13 19:00:00,Peak_Shift,Medium,High consumption 2.48kW at 19.0h (peak). Shift washing/dishwasher to 13-16h off-peak.,0.495,hour=19 & kW>1.27
2009-11-13 20:00:00,Peak_Shift,Medium,High consumption 2.85kW at 20.0h (peak). Shift washing/dishwasher to 13-16h off-peak.,0.57,hour=20 & kW>1.30
2009-11-14 03:00:00,Night_Idle_Waste,Low,"Idle consumption 0.89kW at 3h. Check standby: router, fridge, Sub_metering_3.",0.595,hour in 1-5 & kW>0.8
2009-11-14 18:00:00,Peak_Shift,High,High consumption 3.25kW at 18.0h (peak). Shift washing/dishwasher to 13-16h off-peak.,0.651,hour=18 & kW>1.79
2009-11-14 19:00:00,Peak_Shift,High,High consumption 3.97kW at 19.0h (peak). Shift washing/dishwasher to 13-16h off-peak.,0.795,hour=19 & kW>1.86
2009-11-14 20:00:00,Peak_Shift,High,High consumption 3.12kW at 20.0h (peak). Shift washing/dishwasher to 13-16h off-peak.,0.625,hour=20 & kW>1.88
2009-11-14 21:00:00,Peak_Shift,High,High consumption 3.03kW at 21.0h (peak). Shift washing/dishwasher to 13-16h off-peak.,0.607,hour=21 & kW>1.96
2009-11-15 01:00:00,Night_Idle_Waste,Low,"Idle consumption 1.40kW at 1h. Check standby: router, fridge, Sub_metering_3.",1.102,hour in 1-5 & kW>0.8
2009-11-15 02:00:00,Night_Idle_Waste,Low,"Idle consumption 1.37kW at 2h. Check standby: router, fridge, Sub_metering_3.",1.071,hour in 1-5 & kW>0.8
2009-11-15 03:00:00,Night_Idle_Waste,Low,"Idle consumption 0.89kW at 3h. Check standby: router, fridge, Sub_metering_3.",0.586,hour in 1-5 & kW>0.8
2009-11-15 17:00:00,Anomaly_Inspection,High,Anomaly detected: 4.25kW vs expected 2.11kW (residual 2.13). Check appliance left on.,2.132,z_score=3.98 | abs_error=2.13
2009-11-15 18:00:00,Peak_Shift,High,High consumption 4.39kW at 18.0h (peak). Shift washing/dishwasher to 13-16h off-peak.,0.879,hour=18 & kW>1.94
2009-11-15 19:00:00,Peak_Shift,Medium,High consumption 2.82kW at 19.0h (peak). Shift washing/dishwasher to 13-16h off-peak.,0.564,hour=19 & kW>1.88
2009-11-15 20:00:00,Peak_Shift,Medium,High consumption 2.04kW at 20.0h (peak). Shift washing/dishwasher to 13-16h off-peak.,0.408,hour=20 & kW>1.83
2009-11-15 21:00:00,Peak_Shift,Medium,High consumption 2.45kW at 21.0h (peak). Shift washing/dishwasher to 13-16h off-peak.,0.49,hour=21 & kW>1.80
2009-11-16 04:00:00,Night_Idle_Waste,Low,"Idle consumption 0.81kW at 4h. Check standby: router, fridge, Sub_metering_3.",0.512,hour in 1-5 & kW>0.8
2009-11-16 19:00:00,Peak_Shift,Medium,High consumption 2.60kW at 19.0h (peak). Shift washing/dishwasher to 13-16h off-peak.,0.519,hour=19 & kW>1.23
2009-11-16 20:00:00,Peak_Shift,Medium,High consumption 2.24kW at 20.0h (peak). Shift washing/dishwasher to 13-16h off-peak.,0.449,hour=20 & kW>1.24
2009-11-16 21:00:00,Peak_Shift,Medium,High consumption 2.19kW at 21.0h (peak). Shift washing/dishwasher to 13-16h off-peak.,0.439,hour=21 & kW>1.23
2009-11-17 19:00:00,Peak_Shift,Medium,High consumption 1.66kW at 19.0h (peak). Shift washing/dishwasher to 13-16h off-peak.,0.331,hour=19 & kW>1.45
2009-11-17 20:00:00,Peak_Shift,Medium,High consumption 2.24kW at 20.0h (peak). Shift washing/dishwasher to 13-16h off-peak.,0.448,hour=20 & kW>1.45
2009-11-17 21:00:00,Peak_Shift,Medium,High consumption 2.57kW at 21.0h (peak). Shift washing/dishwasher to 13-16h off-peak.,0.515,hour=21 & kW>1.46
2009-11-18 05:00:00,Night_Idle_Waste,Low,"Idle consumption 1.00kW at 5h. Check standby: router, fridge, Sub_metering_3.",0.701,hour in 1-5 & kW>0.8
2009-11-18 18:00:00,Peak_Shift,Medium,High consumption 2.74kW at 18.0h (peak). Shift washing/dishwasher to 13-16h off-peak.,0.549,hour=18 & kW>2.08
2009-11-18 19:00:00,Peak_Shift,High,High consumption 3.11kW at 19.0h (peak). Shift washing/dishwasher to 13-16h off-peak.,0.622,hour=19 & kW>2.15
2009-11-18 20:00:00,Peak_Shift,High,High consumption 3.33kW at 20.0h (peak). Shift washing/dishwasher to 13-16h off-peak.,0.667,hour=20 & kW>2.21
2009-11-18 21:00:00,Peak_Shift,Medium,High consumption 2.32kW at 21.0h (peak). Shift washing/dishwasher to 13-16h off-peak.,0.464,hour=21 & kW>2.19
2009-11-19 20:00:00,Peak_Shift,Medium,High consumption 1.55kW at 20.0h (peak). Shift washing/dishwasher to 13-16h off-peak.,0.309,hour=20 & kW>1.26
2009-11-19 21:00:00,Peak_Shift,Medium,High consumption 1.53kW at 21.0h (peak). Shift washing/dishwasher to 13-16h off-peak.,0.305,hour=21 & kW>1.22
2009-11-20 01:00:00,Night_Idle_Waste,Low,"Idle consumption 0.87kW at 1h. Check standby: router, fridge, Sub_metering_3.",0.569,hour in 1-5 & kW>0.8
2009-11-20 18:00:00,Peak_Shift,Medium,High consumption 1.73kW at 18.0h (peak). Shift washing/dishwasher to 13-16h off-peak.,0.346,hour=18 & kW>1.39
2009-11-20 19:00:00,Peak_Shift,High,High consumption 3.16kW at 19.0h (peak). Shift washing/dishwasher to 13-16h off-peak.,0.632,hour=19 & kW>1.49
2009-11-20 20:00:00,Peak_Shift,High,High consumption 3.49kW at 20.0h (peak). Shift washing/dishwasher to 13-16h off-peak.,0.699,hour=20 & kW>1.59
2009-11-20 21:00:00,Peak_Shift,Medium,High consumption 2.09kW at 21.0h (peak). Shift washing/dishwasher to 13-16h off-peak.,0.418,hour=21 & kW>1.62
2009-11-21 18:00:00,Peak_Shift,High,High consumption 4.24kW at 18.0h (peak). Shift washing/dishwasher to 13-16h off-peak.,0.848,hour=18 & kW>1.92
2009-11-21 19:00:00,Peak_Shift,High,High consumption 3.26kW at 19.0h (peak). Shift washing/dishwasher to 13-16h off-peak.,0.653,hour=19 & kW>1.92
2009-11-21 20:00:00,Peak_Shift,High,High consumption 3.54kW at 20.0h (peak). Shift washing/dishwasher to 13-16h off-peak.,0.708,hour=20 & kW>1.92
2009-11-21 21:00:00,Peak_Shift,Medium,High consumption 2.24kW at 21.0h (peak). Shift washing/dishwasher to 13-16h off-peak.,0.449,hour=21 & kW>1.93
2009-11-22 18:00:00,Peak_Shift,Medium,High consumption 2.87kW at 18.0h (peak). Shift washing/dishwasher to 13-16h off-peak.,0.574,hour=18 & kW>1.94
2009-11-22 19:00:00,Peak_Shift,High,High consumption 3.82kW at 19.0h (peak). Shift washing/dishwasher to 13-16h off-peak.,0.764,hour=19 & kW>1.96
2009-11-22 20:00:00,Peak_Shift,High,High consumption 5.12kW at 20.0h (peak). Shift washing/dishwasher to 13-16h off-peak.,1.023,hour=20 & kW>2.04
2009-11-22 21:00:00,Peak_Shift,High,High consumption 4.46kW at 21.0h (peak). Shift washing/dishwasher to 13-16h off-peak.,0.892,hour=21 & kW>2.15
2009-11-23 18:00:00,Peak_Shift,Medium,High consumption 1.68kW at 18.0h (peak). Shift washing/dishwasher to 13-16h off-peak.,0.336,hour=18 & kW>1.54
2009-11-23 19:00:00,Peak_Shift,Medium,High consumption 1.84kW at 19.0h (peak). Shift washing/dishwasher to 13-16h off-peak.,0.367,hour=19 & kW>1.44
2009-11-23 20:00:00,Peak_Shift,Medium,High consumption 2.46kW at 20.0h (peak). Shift washing/dishwasher to 13-16h off-peak.,0.491,hour=20 & kW>1.31
2009-11-23 21:00:00,Peak_Shift,Medium,High consumption 2.24kW at 21.0h (peak). Shift washing/dishwasher to 13-16h off-peak.,0.448,hour=21 & kW>1.20
2009-11-24 19:00:00,Anomaly_Inspection,High,Anomaly detected: 4.51kW vs expected 1.67kW (residual 2.84). Check appliance left on.,2.836,z_score=4.72 | abs_error=2.84
2009-11-24 19:00:00,Peak_Shift,High,High consumption 4.51kW at 19.0h (peak). Shift washing/dishwasher to 13-16h off-peak.,0.901,hour=19 & kW>1.71
2009-11-24 20:00:00,Peak_Shift,High,High consumption 3.21kW at 20.0h (peak). Shift washing/dishwasher to 13-16h off-peak.,0.642,hour=20 & kW>1.75
2009-11-24 21:00:00,Peak_Shift,Medium,High consumption 2.98kW at 21.0h (peak). Shift washing/dishwasher to 13-16h off-peak.,0.596,hour=21 & kW>1.78
2009-11-25 18:00:00,Peak_Shift,Medium,High consumption 2.17kW at 18.0h (peak). Shift washing/dishwasher to 13-16h off-peak.,0.434,hour=18 & kW>1.94
2009-11-25 19:00:00,Peak_Shift,High,High consumption 3.33kW at 19.0h (peak). Shift washing/dishwasher to 13-16h off-peak.,0.665,hour=19 & kW>1.88
2009-11-25 20:00:00,Peak_Shift,Medium,High consumption 2.22kW at 20.0h (peak). Shift washing/dishwasher to 13-16h off-peak.,0.444,hour=20 & kW>1.83
2009-11-26 20:00:00,Anomaly_Inspection,High,Anomaly detected: 3.81kW vs expected 1.61kW (residual 2.20). Check appliance left on.,2.2,z_score=3.53 | abs_error=2.20
2009-11-26 20:00:00,Peak_Shift,High,High consumption 3.81kW at 20.0h (peak). Shift washing/dishwasher to 13-16h off-peak.,0.763,hour=20 & kW>1.29
2009-11-26 21:00:00,Peak_Shift,Medium,High consumption 1.86kW at 21.0h (peak). Shift washing/dishwasher to 13-16h off-peak.,0.372,hour=21 & kW>1.32
2009-11-27 04:00:00,Night_Idle_Waste,Low,"Idle consumption 0.97kW at 4h. Check standby: router, fridge, Sub_metering_3.",0.672,hour in 1-5 & kW>0.8
2009-11-28 18:00:00,Peak_Shift,Medium,High consumption 2.88kW at 18.0h (peak). Shift washing/dishwasher to 13-16h off-peak.,0.575,hour=18 & kW>1.40
2009-11-28 19:00:00,Peak_Shift,Medium,High consumption 1.73kW at 19.0h (peak). Shift washing/dishwasher to 13-16h off-peak.,0.346,hour=19 & kW>1.41
2009-11-28 20:00:00,Peak_Shift,Medium,High consumption 2.05kW at 20.0h (peak). Shift washing/dishwasher to 13-16h off-peak.,0.409,hour=20 & kW>1.50
2009-11-28 21:00:00,Peak_Shift,Medium,High consumption 1.59kW at 21.0h (peak). Shift washing/dishwasher to 13-16h off-peak.,0.319,hour=21 & kW>1.51
2009-11-29 18:00:00,Peak_Shift,Medium,High consumption 1.67kW at 18.0h (peak). Shift washing/dishwasher to 13-16h off-peak.,0.334,hour=18 & kW>1.45
2009-11-29 19:00:00,Peak_Shift,Medium,High consumption 1.68kW at 19.0h (peak). Shift washing/dishwasher to 13-16h off-peak.,0.335,hour=19 & kW>1.44
2009-11-29 20:00:00,Peak_Shift,Medium,High consumption 2.09kW at 20.0h (peak). Shift washing/dishwasher to 13-16h off-peak.,0.418,hour=20 & kW>1.45
2009-11-29 21:00:00,Peak_Shift,Medium,High consumption 1.63kW at 21.0h (peak). Shift washing/dishwasher to 13-16h off-peak.,0.325,hour=21 & kW>1.45
2009-11-30 01:00:00,Night_Idle_Waste,Low,"Idle consumption 1.17kW at 1h. Check standby: router, fridge, Sub_metering_3.",0.87,hour in 1-5 & kW>0.8
2009-11-30 19:00:00,Peak_Shift,Medium,High consumption 1.84kW at 19.0h (peak). Shift washing/dishwasher to 13-16h off-peak.,0.367,hour=19 & kW>1.39
2009-11-30 20:00:00,Peak_Shift,Medium,High consumption 2.51kW at 20.0h (peak). Shift washing/dishwasher to 13-16h off-peak.,0.502,hour=20 & kW>1.41
2009-11-30 21:00:00,Peak_Shift,Medium,High consumption 2.08kW at 21.0h (peak). Shift washing/dishwasher to 13-16h off-peak.,0.415,hour=21 & kW>1.44
2009-12-01 19:00:00,Peak_Shift,Medium,High consumption 2.01kW at 19.0h (peak). Shift washing/dishwasher to 13-16h off-peak.,0.402,hour=19 & kW>1.50
2009-12-01 20:00:00,Peak_Shift,Medium,High consumption 2.26kW at 20.0h (peak). Shift washing/dishwasher to 13-16h off-peak.,0.453,hour=20 & kW>1.48
2009-12-01 21:00:00,Peak_Shift,Medium,High consumption 2.40kW at 21.0h (peak). Shift washing/dishwasher to 13-16h off-peak.,0.48,hour=21 & kW>1.50
2009-12-02 02:00:00,Night_Idle_Waste,Low,"Idle consumption 0.86kW at 2h. Check standby: router, fridge, Sub_metering_3.",0.555,hour in 1-5 & kW>0.8
2009-12-02 18:00:00,Peak_Shift,Medium,High consumption 2.39kW at 18.0h (peak). Shift washing/dishwasher to 13-16h off-peak.,0.477,hour=18 & kW>1.86
2009-12-02 19:00:00,Peak_Shift,Medium,High consumption 2.20kW at 19.0h (peak). Shift washing/dishwasher to 13-16h off-peak.,0.441,hour=19 & kW>1.87
2009-12-02 20:00:00,Peak_Shift,Medium,High consumption 2.71kW at 20.0h (peak). Shift washing/dishwasher to 13-16h off-peak.,0.543,hour=20 & kW>1.89
2009-12-02 21:00:00,Peak_Shift,Medium,High consumption 2.28kW at 21.0h (peak). Shift washing/dishwasher to 13-16h off-peak.,0.457,hour=21 & kW>1.88
2009-12-03 19:00:00,Peak_Shift,Medium,High consumption 1.59kW at 19.0h (peak). Shift washing/dishwasher to 13-16h off-peak.,0.317,hour=19 & kW>1.31
2009-12-03 20:00:00,Peak_Shift,Medium,High consumption 2.33kW at 20.0h (peak). Shift washing/dishwasher to 13-16h off-peak.,0.467,hour=20 & kW>1.29
2009-12-03 21:00:00,Peak_Shift,Medium,High consumption 1.60kW at 21.0h (peak). Shift washing/dishwasher to 13-16h off-peak.,0.32,hour=21 & kW>1.26
2009-12-04 19:00:00,Peak_Shift,Medium,High consumption 1.77kW at 19.0h (peak). Shift washing/dishwasher to 13-16h off-peak.,0.353,hour=19 & kW>1.38
2009-12-04 20:00:00,Peak_Shift,Medium,High consumption 2.97kW at 20.0h (peak). Shift washing/dishwasher to 13-16h off-peak.,0.594,hour=20 & kW>1.41
2009-12-04 21:00:00,Peak_Shift,Medium,High consumption 2.36kW at 21.0h (peak). Shift washing/dishwasher to 13-16h off-peak.,0.472,hour=21 & kW>1.45
2009-12-05 03:00:00,Night_Idle_Waste,Low,"Idle consumption 0.94kW at 3h. Check standby: router, fridge, Sub_metering_3.",0.637,hour in 1-5 & kW>0.8
2009-12-05 18:00:00,Peak_Shift,High,High consumption 3.70kW at 18.0h (peak). Shift washing/dishwasher to 13-16h off-peak.,0.74,hour=18 & kW>1.61
2009-12-05 19:00:00,Peak_Shift,High,High consumption 4.00kW at 19.0h (peak). Shift washing/dishwasher to 13-16h off-peak.,0.8,hour=19 & kW>1.72
2009-12-05 20:00:00,Peak_Shift,High,High consumption 3.18kW at 20.0h (peak). Shift washing/dishwasher to 13-16h off-peak.,0.636,hour=20 & kW>1.73
2009-12-05 21:00:00,Peak_Shift,High,High consumption 3.24kW at 21.0h (peak). Shift washing/dishwasher to 13-16h off-peak.,0.648,hour=21 & kW>1.78
2009-12-06 01:00:00,Night_Idle_Waste,Low,"Idle consumption 1.19kW at 1h. Check standby: router, fridge, Sub_metering_3.",0.893,hour in 1-5 & kW>0.8
2009-12-06 11:00:00,Anomaly_Inspection,High,Anomaly detected: 3.73kW vs expected 1.59kW (residual 2.14). Check appliance left on.,2.137,z_score=4.63 | abs_error=2.14
2009-12-06 18:00:00,Peak_Shift,High,High consumption 3.66kW at 18.0h (peak). Shift washing/dishwasher to 13-16h off-peak.,0.732,hour=18 & kW>2.29
2009-12-06 19:00:00,Peak_Shift,Medium,High consumption 2.95kW at 19.0h (peak). Shift washing/dishwasher to 13-16h off-peak.,0.589,hour=19 & kW>2.24
2009-12-06 20:00:00,Peak_Shift,Medium,High consumption 2.47kW at 20.0h (peak). Shift washing/dishwasher to 13-16h off-peak.,0.494,hour=20 & kW>2.20
2009-12-06 21:00:00,Peak_Shift,Medium,High consumption 2.40kW at 21.0h (peak). Shift washing/dishwasher to 13-16h off-peak.,0.479,hour=21 & kW>2.16
2009-12-07 18:00:00,Peak_Shift,Medium,High consumption 2.31kW at 18.0h (peak). Shift washing/dishwasher to 13-16h off-peak.,0.462,hour=18 & kW>1.58
2009-12-07 19:00:00,Peak_Shift,Medium,High consumption 1.61kW at 19.0h (peak). Shift washing/dishwasher to 13-16h off-peak.,0.322,hour=19 & kW>1.52
2009-12-07 20:00:00,Peak_Shift,Medium,High consumption 1.72kW at 20.0h (peak). Shift washing/dishwasher to 13-16h off-peak.,0.345,hour=20 & kW>1.48
2009-12-07 21:00:00,Peak_Shift,Medium,High consumption 2.18kW at 21.0h (peak). Shift washing/dishwasher to 13-16h off-peak.,0.436,hour=21 & kW>1.47
2009-12-08 18:00:00,Peak_Shift,Medium,High consumption 2.54kW at 18.0h (peak). Shift washing/dishwasher to 13-16h off-peak.,0.509,hour=18 & kW>1.50
2009-12-08 19:00:00,Peak_Shift,Medium,High consumption 2.80kW at 19.0h (peak). Shift washing/dishwasher to 13-16h off-peak.,0.559,hour=19 & kW>1.56
2009-12-08 20:00:00,Peak_Shift,Medium,High consumption 2.92kW at 20.0h (peak). Shift washing/dishwasher to 13-16h off-peak.,0.585,hour=20 & kW>1.62
2009-12-08 21:00:00,Peak_Shift,Medium,High consumption 2.76kW at 21.0h (peak). Shift washing/dishwasher to 13-16h off-peak.,0.553,hour=21 & kW>1.65
2009-12-09 18:00:00,Peak_Shift,Medium,High consumption 2.60kW at 18.0h (peak). Shift washing/dishwasher to 13-16h off-peak.,0.52,hour=18 & kW>1.61
2009-12-09 19:00:00,Peak_Shift,Medium,High consumption 1.84kW at 19.0h (peak). Shift washing/dishwasher to 13-16h off-peak.,0.369,hour=19 & kW>1.56
2009-12-09 20:00:00,Peak_Shift,Medium,High consumption 1.69kW at 20.0h (peak). Shift washing/dishwasher to 13-16h off-peak.,0.337,hour=20 & kW>1.50
2009-12-09 21:00:00,Peak_Shift,Medium,High consumption 1.87kW at 21.0h (peak). Shift washing/dishwasher to 13-16h off-peak.,0.375,hour=21 & kW>1.46
2009-12-10 19:00:00,Peak_Shift,High,High consumption 3.16kW at 19.0h (peak). Shift washing/dishwasher to 13-16h off-peak.,0.632,hour=19 & kW>1.59
2009-12-10 20:00:00,Peak_Shift,Medium,High consumption 2.79kW at 20.0h (peak). Shift washing/dishwasher to 13-16h off-peak.,0.558,hour=20 & kW>1.64
2009-12-10 21:00:00,Peak_Shift,High,High consumption 3.34kW at 21.0h (peak). Shift washing/dishwasher to 13-16h off-peak.,0.669,hour=21 & kW>1.72
2009-12-11 18:00:00,Peak_Shift,Medium,High consumption 2.62kW at 18.0h (peak). Shift washing/dishwasher to 13-16h off-peak.,0.524,hour=18 & kW>1.74
2009-12-11 19:00:00,Peak_Shift,Medium,High consumption 2.28kW at 19.0h (peak). Shift washing/dishwasher to 13-16h off-peak.,0.457,hour=19 & kW>1.70
2009-12-11 21:00:00,Peak_Shift,Medium,High consumption 1.53kW at 21.0h (peak). Shift washing/dishwasher to 13-16h off-peak.,0.306,hour=21 & kW>1.53
2009-12-12 17:00:00,Anomaly_Inspection,High,Anomaly detected: 4.24kW vs expected 1.84kW (residual 2.40). Check appliance left on.,2.401,z_score=4.18 | abs_error=2.40
2009-12-12 18:00:00,Peak_Shift,Medium,High consumption 2.23kW at 18.0h (peak). Shift washing/dishwasher to 13-16h off-peak.,0.447,hour=18 & kW>1.45
2009-12-12 19:00:00,Peak_Shift,Medium,High consumption 2.64kW at 19.0h (peak). Shift washing/dishwasher to 13-16h off-peak.,0.528,hour=19 & kW>1.47
2009-12-12 20:00:00,Peak_Shift,High,High consumption 3.02kW at 20.0h (peak). Shift washing/dishwasher to 13-16h off-peak.,0.605,hour=20 & kW>1.56
2009-12-13 18:00:00,Peak_Shift,Medium,High consumption 2.71kW at 18.0h (peak). Shift washing/dishwasher to 13-16h off-peak.,0.542,hour=18 & kW>1.75
2009-12-13 19:00:00,Peak_Shift,Medium,High consumption 2.77kW at 19.0h (peak). Shift washing/dishwasher to 13-16h off-peak.,0.554,hour=19 & kW>1.75
2009-12-13 20:00:00,Peak_Shift,Medium,High consumption 2.12kW at 20.0h (peak). Shift washing/dishwasher to 13-16h off-peak.,0.424,hour=20 & kW>1.71
2009-12-13 21:00:00,Peak_Shift,Medium,High consumption 2.54kW at 21.0h (peak). Shift washing/dishwasher to 13-16h off-peak.,0.507,hour=21 & kW>1.78
2009-12-14 05:00:00,Night_Idle_Waste,Low,"Idle consumption 0.83kW at 5h. Check standby: router, fridge, Sub_metering_3.",0.533,hour in 1-5 & kW>0.8
2009-12-14 18:00:00,Peak_Shift,High,High consumption 3.70kW at 18.0h (peak). Shift washing/dishwasher to 13-16h off-peak.,0.74,hour=18 & kW>1.34
2009-12-14 19:00:00,Peak_Shift,Medium,High consumption 2.64kW at 19.0h (peak). Shift washing/dishwasher to 13-16h off-peak.,0.527,hour=19 & kW>1.33
2009-12-14 20:00:00,Peak_Shift,Medium,High consumption 2.56kW at 20.0h (peak). Shift washing/dishwasher to 13-16h off-peak.,0.513,hour=20 & kW>1.35
2009-12-14 21:00:00,Peak_Shift,High,High consumption 4.02kW at 21.0h (peak). Shift washing/dishwasher to 13-16h off-peak.,0.804,hour=21 & kW>1.42
2009-12-15 21:00:00,Peak_Shift,Medium,High consumption 2.49kW at 21.0h (peak). Shift washing/dishwasher to 13-16h off-peak.,0.497,hour=21 & kW>1.67
2009-12-16 20:00:00,Peak_Shift,Medium,High consumption 2.56kW at 20.0h (peak). Shift washing/dishwasher to 13-16h off-peak.,0.513,hour=20 & kW>1.27
2009-12-16 21:00:00,Peak_Shift,Medium,High consumption 1.55kW at 21.0h (peak). Shift washing/dishwasher to 13-16h off-peak.,0.311,hour=21 & kW>1.22
2009-12-17 04:00:00,Night_Idle_Waste,Low,"Idle consumption 0.92kW at 4h. Check standby: router, fridge, Sub_metering_3.",0.623,hour in 1-5 & kW>0.8
2009-12-17 19:00:00,Peak_Shift,Medium,High consumption 2.61kW at 19.0h (peak). Shift washing/dishwasher to 13-16h off-peak.,0.522,hour=19 & kW>1.41
2009-12-17 20:00:00,Peak_Shift,Medium,High consumption 2.09kW at 20.0h (peak). Shift washing/dishwasher to 13-16h off-peak.,0.418,hour=20 & kW>1.38
2009-12-18 19:00:00,Peak_Shift,Medium,High consumption 2.24kW at 19.0h (peak). Shift washing/dishwasher to 13-16h off-peak.,0.448,hour=19 & kW>1.43
2009-12-18 20:00:00,Peak_Shift,Medium,High consumption 1.62kW at 20.0h (peak). Shift washing/dishwasher to 13-16h off-peak.,0.323,hour=20 & kW>1.41
2009-12-18 21:00:00,Peak_Shift,Medium,High consumption 2.33kW at 21.0h (peak). Shift washing/dishwasher to 13-16h off-peak.,0.465,hour=21 & kW>1.45
2009-12-19 01:00:00,Night_Idle_Waste,Low,"Idle consumption 1.40kW at 1h. Check standby: router, fridge, Sub_metering_3.",1.1,hour in 1-5 & kW>0.8
2009-12-19 02:00:00,Night_Idle_Waste,Low,"Idle consumption 1.38kW at 2h. Check standby: router, fridge, Sub_metering_3.",1.084,hour in 1-5 & kW>0.8
2009-12-19 03:00:00,Night_Idle_Waste,Low,"Idle consumption 1.38kW at 3h. Check standby: router, fridge, Sub_metering_3.",1.08,hour in 1-5 & kW>0.8
2009-12-19 04:00:00,Night_Idle_Waste,Low,"Idle consumption 1.42kW at 4h. Check standby: router, fridge, Sub_metering_3.",1.117,hour in 1-5 & kW>0.8
2009-12-19 05:00:00,Night_Idle_Waste,Low,"Idle consumption 1.94kW at 5h. Check standby: router, fridge, Sub_metering_3.",1.644,hour in 1-5 & kW>0.8
2009-12-20 01:00:00,Night_Idle_Waste,Low,"Idle consumption 1.36kW at 1h. Check standby: router, fridge, Sub_metering_3.",1.062,hour in 1-5 & kW>0.8
2009-12-21 19:00:00,Peak_Shift,High,High consumption 3.33kW at 19.0h (peak). Shift washing/dishwasher to 13-16h off-peak.,0.665,hour=19 & kW>1.27
2009-12-21 20:00:00,Peak_Shift,High,High consumption 4.21kW at 20.0h (peak). Shift washing/dishwasher to 13-16h off-peak.,0.842,hour=20 & kW>1.47
2009-12-21 21:00:00,Peak_Shift,Medium,High consumption 2.93kW at 21.0h (peak). Shift washing/dishwasher to 13-16h off-peak.,0.586,hour=21 & kW>1.56
2009-12-22 18:00:00,Peak_Shift,Medium,High consumption 2.58kW at 18.0h (peak). Shift washing/dishwasher to 13-16h off-peak.,0.516,hour=18 & kW>1.77
2009-12-22 19:00:00,Peak_Shift,Medium,High consumption 2.71kW at 19.0h (peak). Shift washing/dishwasher to 13-16h off-peak.,0.542,hour=19 & kW>1.74
2009-12-22 20:00:00,Peak_Shift,Medium,High consumption 2.24kW at 20.0h (peak). Shift washing/dishwasher to 13-16h off-peak.,0.448,hour=20 & kW>1.64
2009-12-22 21:00:00,Peak_Shift,Medium,High consumption 2.46kW at 21.0h (peak). Shift washing/dishwasher to 13-16h off-peak.,0.493,hour=21 & kW>1.62
2009-12-23 01:00:00,Night_Idle_Waste,Low,"Idle consumption 1.37kW at 1h. Check standby: router, fridge, Sub_metering_3.",1.071,hour in 1-5 & kW>0.8
2009-12-23 02:00:00,Night_Idle_Waste,Low,"Idle consumption 1.41kW at 2h. Check standby: router, fridge, Sub_metering_3.",1.114,hour in 1-5 & kW>0.8
2009-12-23 03:00:00,Night_Idle_Waste,Low,"Idle consumption 1.42kW at 3h. Check standby: router, fridge, Sub_metering_3.",1.117,hour in 1-5 & kW>0.8
2009-12-23 04:00:00,Night_Idle_Waste,Low,"Idle consumption 1.40kW at 4h. Check standby: router, fridge, Sub_metering_3.",1.096,hour in 1-5 & kW>0.8
2009-12-23 05:00:00,Night_Idle_Waste,Low,"Idle consumption 1.39kW at 5h. Check standby: router, fridge, Sub_metering_3.",1.095,hour in 1-5 & kW>0.8
2009-12-23 18:00:00,Peak_Shift,Medium,High consumption 1.78kW at 18.0h (peak). Shift washing/dishwasher to 13-16h off-peak.,0.357,hour=18 & kW>1.49
2009-12-23 19:00:00,Peak_Shift,Medium,High consumption 1.99kW at 19.0h (peak). Shift washing/dishwasher to 13-16h off-peak.,0.397,hour=19 & kW>1.45
2009-12-24 05:00:00,Night_Idle_Waste,Low,"Idle consumption 0.85kW at 5h. Check standby: router, fridge, Sub_metering_3.",0.553,hour in 1-5 & kW>0.8
2009-12-24 15:00:00,Anomaly_Inspection,High,Anomaly detected: 3.51kW vs expected 1.33kW (residual 2.18). Check appliance left on.,2.178,z_score=4.11 | abs_error=2.18
2009-12-24 16:00:00,Anomaly_Inspection,High,Anomaly detected: 4.53kW vs expected 2.32kW (residual 2.22). Check appliance left on.,2.217,z_score=3.98 | abs_error=2.22
2009-12-24 18:00:00,Peak_Shift,High,High consumption 4.56kW at 18.0h (peak). Shift washing/dishwasher to 13-16h off-peak.,0.913,hour=18 & kW>1.72
2009-12-24 19:00:00,Peak_Shift,High,High consumption 4.68kW at 19.0h (peak). Shift washing/dishwasher to 13-16h off-peak.,0.935,hour=19 & kW>1.86
2009-12-24 20:00:00,Peak_Shift,High,High consumption 4.39kW at 20.0h (peak). Shift washing/dishwasher to 13-16h off-peak.,0.879,hour=20 & kW>2.03
2009-12-24 21:00:00,Peak_Shift,Medium,High consumption 2.97kW at 21.0h (peak). Shift washing/dishwasher to 13-16h off-peak.,0.594,hour=21 & kW>2.12
2009-12-25 01:00:00,Night_Idle_Waste,Low,"Idle consumption 1.41kW at 1h. Check standby: router, fridge, Sub_metering_3.",1.106,hour in 1-5 & kW>0.8
2009-12-25 02:00:00,Night_Idle_Waste,Low,"Idle consumption 1.10kW at 2h. Check standby: router, fridge, Sub_metering_3.",0.799,hour in 1-5 & kW>0.8
2009-12-25 18:00:00,Peak_Shift,Medium,High consumption 2.63kW at 18.0h (peak). Shift washing/dishwasher to 13-16h off-peak.,0.526,hour=18 & kW>2.32
2009-12-26 01:00:00,Night_Idle_Waste,Low,"Idle consumption 1.41kW at 1h. Check standby: router, fridge, Sub_metering_3.",1.108,hour in 1-5 & kW>0.8
2009-12-26 02:00:00,Night_Idle_Waste,Low,"Idle consumption 1.38kW at 2h. Check standby: router, fridge, Sub_metering_3.",1.08,hour in 1-5 & kW>0.8
2009-12-26 03:00:00,Night_Idle_Waste,Low,"Idle consumption 1.41kW at 3h. Check standby: router, fridge, Sub_metering_3.",1.111,hour in 1-5 & kW>0.8
2009-12-26 18:00:00,Peak_Shift,Medium,High consumption 2.02kW at 18.0h (peak). Shift washing/dishwasher to 13-16h off-peak.,0.405,hour=18 & kW>1.73
2009-12-26 19:00:00,Peak_Shift,Medium,High consumption 2.45kW at 19.0h (peak). Shift washing/dishwasher to 13-16h off-peak.,0.489,hour=19 & kW>1.76
2009-12-26 20:00:00,Peak_Shift,Medium,High consumption 1.95kW at 20.0h (peak). Shift washing/dishwasher to 13-16h off-peak.,0.391,hour=20 & kW>1.79
2009-12-26 21:00:00,Peak_Shift,Medium,High consumption 1.94kW at 21.0h (peak). Shift washing/dishwasher to 13-16h off-peak.,0.389,hour=21 & kW>1.81
2009-12-27 18:00:00,Peak_Shift,Medium,High consumption 2.88kW at 18.0h (peak). Shift washing/dishwasher to 13-16h off-peak.,0.577,hour=18 & kW>1.68
2009-12-27 19:00:00,Peak_Shift,Medium,High consumption 2.97kW at 19.0h (peak). Shift washing/dishwasher to 13-16h off-peak.,0.595,hour=19 & kW>1.71
2009-12-27 20:00:00,Peak_Shift,High,High consumption 3.56kW at 20.0h (peak). Shift washing/dishwasher to 13-16h off-peak.,0.713,hour=20 & kW>1.79
2009-12-27 21:00:00,Peak_Shift,Medium,High consumption 2.78kW at 21.0h (peak). Shift washing/dishwasher to 13-16h off-peak.,0.556,hour=21 & kW>1.83
2009-12-28 18:00:00,Peak_Shift,High,High consumption 3.15kW at 18.0h (peak). Shift washing/dishwasher to 13-16h off-peak.,0.63,hour=18 & kW>1.83
2009-12-28 19:00:00,Peak_Shift,High,High consumption 3.16kW at 19.0h (peak). Shift washing/dishwasher to 13-16h off-peak.,0.631,hour=19 & kW>1.84
2009-12-28 20:00:00,Peak_Shift,Medium,High consumption 2.61kW at 20.0h (peak). Shift washing/dishwasher to 13-16h off-peak.,0.522,hour=20 & kW>1.79
2009-12-28 21:00:00,Peak_Shift,Medium,High consumption 2.55kW at 21.0h (peak). Shift washing/dishwasher to 13-16h off-peak.,0.509,hour=21 & kW>1.78
2009-12-29 18:00:00,Peak_Shift,Medium,High consumption 2.51kW at 18.0h (peak). Shift washing/dishwasher to 13-16h off-peak.,0.501,hour=18 & kW>1.96
2009-12-30 19:00:00,Anomaly_Inspection,High,Anomaly detected: 3.79kW vs expected 1.58kW (residual 2.21). Check appliance left on.,2.212,z_score=3.23 | abs_error=2.21
2009-12-30 19:00:00,Peak_Shift,High,High consumption 3.79kW at 19.0h (peak). Shift washing/dishwasher to 13-16h off-peak.,0.758,hour=19 & kW>1.83
2009-12-30 20:00:00,Peak_Shift,High,High consumption 4.17kW at 20.0h (peak). Shift washing/dishwasher to 13-16h off-peak.,0.835,hour=20 & kW>2.00
2009-12-30 21:00:00,Peak_Shift,Medium,High consumption 2.97kW at 21.0h (peak). Shift washing/dishwasher to 13-16h off-peak.,0.593,hour=21 & kW>2.10
2009-12-31 05:00:00,Night_Idle_Waste,Low,"Idle consumption 0.96kW at 5h. Check standby: router, fridge, Sub_metering_3.",0.658,hour in 1-5 & kW>0.8
2009-12-31 18:00:00,Peak_Shift,Medium,High consumption 2.97kW at 18.0h (peak). Shift washing/dishwasher to 13-16h off-peak.,0.594,hour=18 & kW>1.83
2009-12-31 19:00:00,Peak_Shift,High,High consumption 3.06kW at 19.0h (peak). Shift washing/dishwasher to 13-16h off-peak.,0.613,hour=19 & kW>1.79
2009-12-31 20:00:00,Peak_Shift,Medium,High consumption 2.84kW at 20.0h (peak). Shift washing/dishwasher to 13-16h off-peak.,0.568,hour=20 & kW>1.73
2009-12-31 21:00:00,Peak_Shift,Medium,High consumption 2.88kW at 21.0h (peak). Shift washing/dishwasher to 13-16h off-peak.,0.575,hour=21 & kW>1.72
2010-01-02 18:00:00,Peak_Shift,High,High consumption 3.52kW at 18.0h (peak). Shift washing/dishwasher to 13-16h off-peak.,0.703,hour=18 & kW>0.84
2010-01-02 19:00:00,Peak_Shift,Medium,High consumption 2.07kW at 19.0h (peak). Shift washing/dishwasher to 13-16h off-peak.,0.413,hour=19 & kW>0.92
2010-01-02 20:00:00,Peak_Shift,Medium,High consumption 2.21kW at 20.0h (peak). Shift washing/dishwasher to 13-16h off-peak.,0.443,hour=20 & kW>1.01
2010-01-03 19:00:00,Peak_Shift,Medium,High consumption 2.64kW at 19.0h (peak). Shift washing/dishwasher to 13-16h off-peak.,0.528,hour=19 & kW>1.69
2010-01-03 20:00:00,Peak_Shift,High,High consumption 3.25kW at 20.0h (peak). Shift washing/dishwasher to 13-16h off-peak.,0.65,hour=20 & kW>1.74
2010-01-03 21:00:00,Peak_Shift,Medium,High consumption 2.00kW at 21.0h (peak). Shift washing/dishwasher to 13-16h off-peak.,0.401,hour=21 & kW>1.77
2010-01-04 03:00:00,Night_Idle_Waste,Low,"Idle consumption 0.90kW at 3h. Check standby: router, fridge, Sub_metering_3.",0.601,hour in 1-5 & kW>0.8
2010-01-04 18:00:00,Peak_Shift,Medium,High consumption 1.65kW at 18.0h (peak). Shift washing/dishwasher to 13-16h off-peak.,0.33,hour=18 & kW>1.32
2010-01-04 19:00:00,Peak_Shift,Medium,High consumption 2.48kW at 19.0h (peak). Shift washing/dishwasher to 13-16h off-peak.,0.497,hour=19 & kW>1.31
2010-01-04 20:00:00,Peak_Shift,Medium,High consumption 1.93kW at 20.0h (peak). Shift washing/dishwasher to 13-16h off-peak.,0.387,hour=20 & kW>1.24
2010-01-04 21:00:00,Peak_Shift,Medium,High consumption 1.63kW at 21.0h (peak). Shift washing/dishwasher to 13-16h off-peak.,0.325,hour=21 & kW>1.22
2010-01-05 18:00:00,Peak_Shift,Medium,High consumption 2.61kW at 18.0h (peak). Shift washing/dishwasher to 13-16h off-peak.,0.522,hour=18 & kW>1.88
2010-01-05 19:00:00,Peak_Shift,Medium,High consumption 2.06kW at 19.0h (peak). Shift washing/dishwasher to 13-16h off-peak.,0.412,hour=19 & kW>1.86
2010-01-06 20:00:00,Peak_Shift,High,High consumption 3.39kW at 20.0h (peak). Shift washing/dishwasher to 13-16h off-peak.,0.678,hour=20 & kW>1.51
2010-01-06 21:00:00,Peak_Shift,Medium,High consumption 2.60kW at 21.0h (peak). Shift washing/dishwasher to 13-16h off-peak.,0.52,hour=21 & kW>1.56
2010-01-07 18:00:00,Peak_Shift,Medium,High consumption 1.69kW at 18.0h (peak). Shift washing/dishwasher to 13-16h off-peak.,0.338,hour=18 & kW>1.36
2010-01-07 19:00:00,Peak_Shift,Medium,High consumption 2.30kW at 19.0h (peak). Shift washing/dishwasher to 13-16h off-peak.,0.461,hour=19 & kW>1.41
2010-01-07 20:00:00,Peak_Shift,High,High consumption 3.28kW at 20.0h (peak). Shift washing/dishwasher to 13-16h off-peak.,0.656,hour=20 & kW>1.40
2010-01-07 21:00:00,Peak_Shift,Medium,High consumption 2.61kW at 21.0h (peak). Shift washing/dishwasher to 13-16h off-peak.,0.522,hour=21 & kW>1.40
2010-01-08 19:00:00,Peak_Shift,Medium,High consumption 2.51kW at 19.0h (peak). Shift washing/dishwasher to 13-16h off-peak.,0.503,hour=19 & kW>1.72
2010-01-08 21:00:00,Peak_Shift,Medium,High consumption 2.11kW at 21.0h (peak). Shift washing/dishwasher to 13-16h off-peak.,0.423,hour=21 & kW>1.61
2010-01-09 14:00:00,Anomaly_Inspection,High,Anomaly detected: 3.41kW vs expected 0.92kW (residual 2.49). Check appliance left on.,2.49,z_score=4.35 | abs_error=2.49
2010-01-09 18:00:00,Peak_Shift,High,High consumption 4.30kW at 18.0h (peak). Shift washing/dishwasher to 13-16h off-peak.,0.86,hour=18 & kW>1.66
2010-01-09 19:00:00,Peak_Shift,High,High consumption 4.21kW at 19.0h (peak). Shift washing/dishwasher to 13-16h off-peak.,0.841,hour=19 & kW>1.74
2010-01-09 20:00:00,Peak_Shift,Medium,High consumption 1.98kW at 20.0h (peak). Shift washing/dishwasher to 13-16h off-peak.,0.396,hour=20 & kW>1.77
2010-01-09 21:00:00,Peak_Shift,Medium,High consumption 2.99kW at 21.0h (peak). Shift washing/dishwasher to 13-16h off-peak.,0.597,hour=21 & kW>1.81
2010-01-10 01:00:00,Night_Idle_Waste,Low,"Idle consumption 1.35kW at 1h. Check standby: router, fridge, Sub_metering_3.",1.049,hour in 1-5 & kW>0.8
2010-01-10 18:00:00,Peak_Shift,Medium,High consumption 2.94kW at 18.0h (peak). Shift washing/dishwasher to 13-16h off-peak.,0.589,hour=18 & kW>2.38
2010-01-11 18:00:00,Peak_Shift,Medium,High consumption 1.78kW at 18.0h (peak). Shift washing/dishwasher to 13-16h off-peak.,0.355,hour=18 & kW>1.21
2010-01-11 19:00:00,Peak_Shift,Medium,High consumption 1.85kW at 19.0h (peak). Shift washing/dishwasher to 13-16h off-peak.,0.37,hour=19 & kW>1.22
2010-01-11 20:00:00,Peak_Shift,High,High consumption 3.27kW at 20.0h (peak). Shift washing/dishwasher to 13-16h off-peak.,0.653,hour=20 & kW>1.28
2010-01-13 01:00:00,Night_Idle_Waste,Low,"Idle consumption 1.70kW at 1h. Check standby: router, fridge, Sub_metering_3.",1.399,hour in 1-5 & kW>0.8
2010-01-13 02:00:00,Night_Idle_Waste,Low,"Idle consumption 1.70kW at 2h. Check standby: router, fridge, Sub_metering_3.",1.403,hour in 1-5 & kW>0.8
2010-01-13 03:00:00,Night_Idle_Waste,Low,"Idle consumption 1.71kW at 3h. Check standby: router, fridge, Sub_metering_3.",1.406,hour in 1-5 & kW>0.8
2010-01-13 04:00:00,Night_Idle_Waste,Low,"Idle consumption 1.71kW at 4h. Check standby: router, fridge, Sub_metering_3.",1.41,hour in 1-5 & kW>0.8
2010-01-13 05:00:00,Night_Idle_Waste,Low,"Idle consumption 1.71kW at 5h. Check standby: router, fridge, Sub_metering_3.",1.414,hour in 1-5 & kW>0.8
2010-01-14 01:00:00,Night_Idle_Waste,Low,"Idle consumption 1.79kW at 1h. Check standby: router, fridge, Sub_metering_3.",1.487,hour in 1-5 & kW>0.8
2010-01-14 02:00:00,Night_Idle_Waste,Low,"Idle consumption 1.79kW at 2h. Check standby: router, fridge, Sub_metering_3.",1.491,hour in 1-5 & kW>0.8
2010-01-14 03:00:00,Night_Idle_Waste,Low,"Idle consumption 1.79kW at 3h. Check standby: router, fridge, Sub_metering_3.",1.495,hour in 1-5 & kW>0.8
2010-01-14 04:00:00,Night_Idle_Waste,Low,"Idle consumption 1.80kW at 4h. Check standby: router, fridge, Sub_metering_3.",1.498,hour in 1-5 & kW>0.8
2010-01-14 05:00:00,Night_Idle_Waste,Low,"Idle consumption 1.80kW at 5h. Check standby: router, fridge, Sub_metering_3.",1.502,hour in 1-5 & kW>0.8
2010-01-14 19:00:00,Peak_Shift,High,High consumption 3.04kW at 19.0h (peak). Shift washing/dishwasher to 13-16h off-peak.,0.607,hour=19 & kW>2.23
2010-01-14 20:00:00,Peak_Shift,Medium,High consumption 2.45kW at 20.0h (peak). Shift washing/dishwasher to 13-16h off-peak.,0.489,hour=20 & kW>2.27
2010-01-15 19:00:00,Peak_Shift,Medium,High consumption 2.71kW at 19.0h (peak). Shift washing/dishwasher to 13-16h off-peak.,0.541,hour=19 & kW>1.60
2010-01-15 20:00:00,Anomaly_Inspection,High,Anomaly detected: 5.34kW vs expected 2.37kW (residual 2.97). Check appliance left on.,2.968,z_score=5.17 | abs_error=2.97
2010-01-15 20:00:00,Peak_Shift,High,High consumption 5.34kW at 20.0h (peak). Shift washing/dishwasher to 13-16h off-peak.,1.067,hour=20 & kW>1.74
2010-01-15 21:00:00,Peak_Shift,High,High consumption 4.53kW at 21.0h (peak). Shift washing/dishwasher to 13-16h off-peak.,0.906,hour=21 & kW>1.87
2010-01-16 05:00:00,Night_Idle_Waste,Low,"Idle consumption 0.86kW at 5h. Check standby: router, fridge, Sub_metering_3.",0.557,hour in 1-5 & kW>0.8
2010-01-16 20:00:00,Peak_Shift,Medium,High consumption 2.55kW at 20.0h (peak). Shift washing/dishwasher to 13-16h off-peak.,0.511,hour=20 & kW>1.88
2010-01-16 21:00:00,Peak_Shift,Medium,High consumption 2.51kW at 21.0h (peak). Shift washing/dishwasher to 13-16h off-peak.,0.502,hour=21 & kW>1.78
2010-01-17 18:00:00,Peak_Shift,Medium,High consumption 1.61kW at 18.0h (peak). Shift washing/dishwasher to 13-16h off-peak.,0.321,hour=18 & kW>1.42
2010-01-17 19:00:00,Peak_Shift,Medium,High consumption 2.48kW at 19.0h (peak). Shift washing/dishwasher to 13-16h off-peak.,0.497,hour=19 & kW>1.47
2010-01-17 20:00:00,Peak_Shift,Medium,High consumption 2.99kW at 20.0h (peak). Shift washing/dishwasher to 13-16h off-peak.,0.597,hour=20 & kW>1.50
2010-01-17 21:00:00,Peak_Shift,High,High consumption 3.28kW at 21.0h (peak). Shift washing/dishwasher to 13-16h off-peak.,0.656,hour=21 & kW>1.53
2010-01-18 01:00:00,Night_Idle_Waste,Low,"Idle consumption 1.27kW at 1h. Check standby: router, fridge, Sub_metering_3.",0.969,hour in 1-5 & kW>0.8
2010-01-18 18:00:00,Peak_Shift,Medium,High consumption 2.17kW at 18.0h (peak). Shift washing/dishwasher to 13-16h off-peak.,0.434,hour=18 & kW>1.74
2010-01-18 19:00:00,Peak_Shift,Medium,High consumption 1.97kW at 19.0h (peak). Shift washing/dishwasher to 13-16h off-peak.,0.394,hour=19 & kW>1.72
2010-01-18 20:00:00,Peak_Shift,Medium,High consumption 1.82kW at 20.0h (peak). Shift washing/dishwasher to 13-16h off-peak.,0.364,hour=20 & kW>1.66
2010-01-18 21:00:00,Peak_Shift,Medium,High consumption 2.03kW at 21.0h (peak). Shift washing/dishwasher to 13-16h off-peak.,0.405,hour=21 & kW>1.59
2010-01-19 18:00:00,Peak_Shift,Medium,High consumption 2.78kW at 18.0h (peak). Shift washing/dishwasher to 13-16h off-peak.,0.556,hour=18 & kW>1.83
2010-01-19 19:00:00,Peak_Shift,High,High consumption 4.45kW at 19.0h (peak). Shift washing/dishwasher to 13-16h off-peak.,0.891,hour=19 & kW>1.95
2010-01-19 20:00:00,Peak_Shift,High,High consumption 3.02kW at 20.0h (peak). Shift washing/dishwasher to 13-16h off-peak.,0.603,hour=20 & kW>2.01
2010-01-19 21:00:00,Peak_Shift,High,High consumption 3.01kW at 21.0h (peak). Shift washing/dishwasher to 13-16h off-peak.,0.603,hour=21 & kW>2.06
2010-01-20 19:00:00,Peak_Shift,High,High consumption 3.34kW at 19.0h (peak). Shift washing/dishwasher to 13-16h off-peak.,0.668,hour=19 & kW>1.86
2010-01-20 20:00:00,Peak_Shift,Medium,High consumption 2.62kW at 20.0h (peak). Shift washing/dishwasher to 13-16h off-peak.,0.524,hour=20 & kW>1.84
2010-01-20 21:00:00,Peak_Shift,High,High consumption 3.28kW at 21.0h (peak). Shift washing/dishwasher to 13-16h off-peak.,0.657,hour=21 & kW>1.85
2010-01-21 18:00:00,Peak_Shift,Medium,High consumption 1.97kW at 18.0h (peak). Shift washing/dishwasher to 13-16h off-peak.,0.394,hour=18 & kW>1.80
2010-01-21 19:00:00,Peak_Shift,Medium,High consumption 2.66kW at 19.0h (peak). Shift washing/dishwasher to 13-16h off-peak.,0.531,hour=19 & kW>1.77
2010-01-21 20:00:00,Peak_Shift,Medium,High consumption 2.92kW at 20.0h (peak). Shift washing/dishwasher to 13-16h off-peak.,0.584,hour=20 & kW>1.78
2010-01-21 21:00:00,Peak_Shift,High,High consumption 3.34kW at 21.0h (peak). Shift washing/dishwasher to 13-16h off-peak.,0.667,hour=21 & kW>1.79
2010-01-22 01:00:00,Night_Idle_Waste,Low,"Idle consumption 1.38kW at 1h. Check standby: router, fridge, Sub_metering_3.",1.082,hour in 1-5 & kW>0.8
2010-01-22 18:00:00,Peak_Shift,Medium,High consumption 1.83kW at 18.0h (peak). Shift washing/dishwasher to 13-16h off-peak.,0.366,hour=18 & kW>1.76
2010-01-22 19:00:00,Peak_Shift,Medium,High consumption 1.74kW at 19.0h (peak). Shift washing/dishwasher to 13-16h off-peak.,0.347,hour=19 & kW>1.72
2010-01-23 18:00:00,Peak_Shift,High,High consumption 5.27kW at 18.0h (peak). Shift washing/dishwasher to 13-16h off-peak.,1.053,hour=18 & kW>1.83
2010-01-23 18:00:00,Anomaly_Inspection,High,Anomaly detected: 5.27kW vs expected 1.75kW (residual 3.51). Check appliance left on.,3.513,z_score=6.00 | abs_error=3.51
2010-01-23 19:00:00,Peak_Shift,High,High consumption 3.61kW at 19.0h (peak). Shift washing/dishwasher to 13-16h off-peak.,0.723,hour=19 & kW>1.93
2010-01-23 20:00:00,Peak_Shift,Medium,High consumption 2.76kW at 20.0h (peak). Shift washing/dishwasher to 13-16h off-peak.,0.552,hour=20 & kW>2.01
2010-01-23 21:00:00,Peak_Shift,High,High consumption 3.07kW at 21.0h (peak). Shift washing/dishwasher to 13-16h off-peak.,0.614,hour=21 & kW>2.09
2010-01-24 20:00:00,Peak_Shift,Medium,High consumption 2.39kW at 20.0h (peak). Shift washing/dishwasher to 13-16h off-peak.,0.479,hour=20 & kW>2.17
2010-01-25 04:00:00,Night_Idle_Waste,Low,"Idle consumption 0.94kW at 4h. Check standby: router, fridge, Sub_metering_3.",0.639,hour in 1-5 & kW>0.8
2010-01-25 18:00:00,Peak_Shift,Medium,High consumption 1.81kW at 18.0h (peak). Shift washing/dishwasher to 13-16h off-peak.,0.362,hour=18 & kW>1.29
2010-01-25 19:00:00,Peak_Shift,High,High consumption 3.71kW at 19.0h (peak). Shift washing/dishwasher to 13-16h off-peak.,0.743,hour=19 & kW>1.37
2010-01-25 20:00:00,Peak_Shift,Medium,High consumption 2.80kW at 20.0h (peak). Shift washing/dishwasher to 13-16h off-peak.,0.559,hour=20 & kW>1.39
2010-01-25 21:00:00,Peak_Shift,Medium,High consumption 2.54kW at 21.0h (peak). Shift washing/dishwasher to 13-16h off-peak.,0.508,hour=21 & kW>1.45
2010-01-26 01:00:00,Night_Idle_Waste,Low,"Idle consumption 1.40kW at 1h. Check standby: router, fridge, Sub_metering_3.",1.1,hour in 1-5 & kW>0.8
2010-01-26 02:00:00,Night_Idle_Waste,Low,"Idle consumption 1.15kW at 2h. Check standby: router, fridge, Sub_metering_3.",0.848,hour in 1-5 & kW>0.8
2010-01-26 20:00:00,Peak_Shift,Medium,High consumption 2.32kW at 20.0h (peak). Shift washing/dishwasher to 13-16h off-peak.,0.463,hour=20 & kW>1.82
2010-01-27 01:00:00,Night_Idle_Waste,Low,"Idle consumption 1.41kW at 1h. Check standby: router, fridge, Sub_metering_3.",1.111,hour in 1-5 & kW>0.8
2010-01-27 02:00:00,Night_Idle_Waste,Low,"Idle consumption 1.40kW at 2h. Check standby: router, fridge, Sub_metering_3.",1.096,hour in 1-5 & kW>0.8
2010-01-27 03:00:00,Night_Idle_Waste,Low,"Idle consumption 1.31kW at 3h. Check standby: router, fridge, Sub_metering_3.",1.01,hour in 1-5 & kW>0.8
2010-01-27 17:00:00,Anomaly_Inspection,High,Anomaly detected: 4.08kW vs expected 1.41kW (residual 2.67). Check appliance left on.,2.667,z_score=4.01 | abs_error=2.67
2010-01-27 18:00:00,Peak_Shift,Medium,High consumption 2.90kW at 18.0h (peak). Shift washing/dishwasher to 13-16h off-peak.,0.579,hour=18 & kW>2.00
2010-01-27 19:00:00,Peak_Shift,High,High consumption 3.27kW at 19.0h (peak). Shift washing/dishwasher to 13-16h off-peak.,0.654,hour=19 & kW>2.08
2010-01-27 20:00:00,Peak_Shift,High,High consumption 3.26kW at 20.0h (peak). Shift washing/dishwasher to 13-16h off-peak.,0.652,hour=20 & kW>2.13
2010-01-27 21:00:00,Peak_Shift,High,High consumption 4.06kW at 21.0h (peak). Shift washing/dishwasher to 13-16h off-peak.,0.813,hour=21 & kW>2.25
2010-01-28 01:00:00,Night_Idle_Waste,Low,"Idle consumption 1.45kW at 1h. Check standby: router, fridge, Sub_metering_3.",1.151,hour in 1-5 & kW>0.8
2010-01-28 02:00:00,Night_Idle_Waste,Low,"Idle consumption 1.46kW at 2h. Check standby: router, fridge, Sub_metering_3.",1.159,hour in 1-5 & kW>0.8
2010-01-28 18:00:00,Peak_Shift,Medium,High consumption 2.07kW at 18.0h (peak). Shift washing/dishwasher to 13-16h off-peak.,0.414,hour=18 & kW>1.85
2010-01-28 19:00:00,Peak_Shift,Medium,High consumption 2.35kW at 19.0h (peak). Shift washing/dishwasher to 13-16h off-peak.,0.471,hour=19 & kW>1.80
2010-01-28 20:00:00,Peak_Shift,High,High consumption 3.06kW at 20.0h (peak). Shift washing/dishwasher to 13-16h off-peak.,0.612,hour=20 & kW>1.79
2010-01-28 21:00:00,Peak_Shift,High,High consumption 3.03kW at 21.0h (peak). Shift washing/dishwasher to 13-16h off-peak.,0.607,hour=21 & kW>1.74
2010-01-29 01:00:00,Night_Idle_Waste,Low,"Idle consumption 1.38kW at 1h. Check standby: router, fridge, Sub_metering_3.",1.076,hour in 1-5 & kW>0.8
2010-01-29 02:00:00,Night_Idle_Waste,Low,"Idle consumption 1.43kW at 2h. Check standby: router, fridge, Sub_metering_3.",1.13,hour in 1-5 & kW>0.8
2010-01-30 18:00:00,Peak_Shift,High,High consumption 5.14kW at 18.0h (peak). Shift washing/dishwasher to 13-16h off-peak.,1.028,hour=18 & kW>1.85
2010-01-30 19:00:00,Peak_Shift,Medium,High consumption 2.72kW at 19.0h (peak). Shift washing/dishwasher to 13-16h off-peak.,0.543,hour=19 & kW>1.97
2010-01-30 20:00:00,Peak_Shift,High,High consumption 3.91kW at 20.0h (peak). Shift washing/dishwasher to 13-16h off-peak.,0.783,hour=20 & kW>2.14
2010-01-30 21:00:00,Peak_Shift,High,High consumption 3.00kW at 21.0h (peak). Shift washing/dishwasher to 13-16h off-peak.,0.601,hour=21 & kW>2.28
2010-01-31 18:00:00,Peak_Shift,Medium,High consumption 2.47kW at 18.0h (peak). Shift washing/dishwasher to 13-16h off-peak.,0.494,hour=18 & kW>1.62
2010-01-31 19:00:00,Peak_Shift,Medium,High consumption 2.60kW at 19.0h (peak). Shift washing/dishwasher to 13-16h off-peak.,0.521,hour=19 & kW>1.62
2010-01-31 20:00:00,Peak_Shift,Medium,High consumption 2.96kW at 20.0h (peak). Shift washing/dishwasher to 13-16h off-peak.,0.593,hour=20 & kW>1.57
2010-01-31 21:00:00,Peak_Shift,Medium,High consumption 2.33kW at 21.0h (peak). Shift washing/dishwasher to 13-16h off-peak.,0.466,hour=21 & kW>1.53
2010-02-01 19:00:00,Peak_Shift,Medium,High consumption 2.78kW at 19.0h (peak). Shift washing/dishwasher to 13-16h off-peak.,0.556,hour=19 & kW>1.36
2010-02-01 20:00:00,Peak_Shift,Medium,High consumption 2.91kW at 20.0h (peak). Shift washing/dishwasher to 13-16h off-peak.,0.583,hour=20 & kW>1.36
2010-02-01 21:00:00,Peak_Shift,Medium,High consumption 1.53kW at 21.0h (peak). Shift washing/dishwasher to 13-16h off-peak.,0.305,hour=21 & kW>1.32
2010-02-02 01:00:00,Night_Idle_Waste,Low,"Idle consumption 1.03kW at 1h. Check standby: router, fridge, Sub_metering_3.",0.726,hour in 1-5 & kW>0.8
2010-02-02 18:00:00,Peak_Shift,Medium,High consumption 1.83kW at 18.0h (peak). Shift washing/dishwasher to 13-16h off-peak.,0.366,hour=18 & kW>1.81
2010-02-02 19:00:00,Peak_Shift,High,High consumption 3.03kW at 19.0h (peak). Shift washing/dishwasher to 13-16h off-peak.,0.605,hour=19 & kW>1.82
2010-02-02 20:00:00,Peak_Shift,Medium,High consumption 2.74kW at 20.0h (peak). Shift washing/dishwasher to 13-16h off-peak.,0.549,hour=20 & kW>1.81
2010-02-02 21:00:00,Peak_Shift,Medium,High consumption 2.36kW at 21.0h (peak). Shift washing/dishwasher to 13-16h off-peak.,0.472,hour=21 & kW>1.85
2010-02-03 01:00:00,Night_Idle_Waste,Low,"Idle consumption 1.45kW at 1h. Check standby: router, fridge, Sub_metering_3.",1.148,hour in 1-5 & kW>0.8
2010-02-03 02:00:00,Night_Idle_Waste,Low,"Idle consumption 1.42kW at 2h. Check standby: router, fridge, Sub_metering_3.",1.12,hour in 1-5 & kW>0.8
2010-02-03 19:00:00,Peak_Shift,High,High consumption 3.08kW at 19.0h (peak). Shift washing/dishwasher to 13-16h off-peak.,0.617,hour=19 & kW>2.25
2010-02-03 20:00:00,Peak_Shift,Medium,High consumption 2.72kW at 20.0h (peak). Shift washing/dishwasher to 13-16h off-peak.,0.544,hour=20 & kW>2.25
2010-02-03 21:00:00,Peak_Shift,High,High consumption 4.52kW at 21.0h (peak). Shift washing/dishwasher to 13-16h off-peak.,0.904,hour=21 & kW>2.36
2010-02-04 01:00:00,Night_Idle_Waste,Low,"Idle consumption 1.44kW at 1h. Check standby: router, fridge, Sub_metering_3.",1.136,hour in 1-5 & kW>0.8
2010-02-04 02:00:00,Night_Idle_Waste,Low,"Idle consumption 1.40kW at 2h. Check standby: router, fridge, Sub_metering_3.",1.102,hour in 1-5 & kW>0.8
2010-02-04 03:00:00,Night_Idle_Waste,Low,"Idle consumption 1.42kW at 3h. Check standby: router, fridge, Sub_metering_3.",1.125,hour in 1-5 & kW>0.8
2010-02-04 04:00:00,Night_Idle_Waste,Low,"Idle consumption 0.97kW at 4h. Check standby: router, fridge, Sub_metering_3.",0.673,hour in 1-5 & kW>0.8
2010-02-04 19:00:00,Peak_Shift,Medium,High consumption 2.69kW at 19.0h (peak). Shift washing/dishwasher to 13-16h off-peak.,0.538,hour=19 & kW>2.08
2010-02-04 20:00:00,Peak_Shift,High,High consumption 3.13kW at 20.0h (peak). Shift washing/dishwasher to 13-16h off-peak.,0.626,hour=20 & kW>2.10
2010-02-04 21:00:00,Peak_Shift,Medium,High consumption 2.32kW at 21.0h (peak). Shift washing/dishwasher to 13-16h off-peak.,0.464,hour=21 & kW>1.99
2010-02-05 01:00:00,Night_Idle_Waste,Low,"Idle consumption 1.58kW at 1h. Check standby: router, fridge, Sub_metering_3.",1.278,hour in 1-5 & kW>0.8
2010-02-05 02:00:00,Night_Idle_Waste,Low,"Idle consumption 0.99kW at 2h. Check standby: router, fridge, Sub_metering_3.",0.686,hour in 1-5 & kW>0.8
2010-02-05 19:00:00,Peak_Shift,Medium,High consumption 2.56kW at 19.0h (peak). Shift washing/dishwasher to 13-16h off-peak.,0.511,hour=19 & kW>1.72
2010-02-05 20:00:00,Peak_Shift,Medium,High consumption 2.76kW at 20.0h (peak). Shift washing/dishwasher to 13-16h off-peak.,0.553,hour=20 & kW>1.70
2010-02-05 21:00:00,Peak_Shift,Medium,High consumption 2.57kW at 21.0h (peak). Shift washing/dishwasher to 13-16h off-peak.,0.513,hour=21 & kW>1.71
2010-02-06 18:00:00,Peak_Shift,High,High consumption 3.88kW at 18.0h (peak). Shift washing/dishwasher to 13-16h off-peak.,0.775,hour=18 & kW>2.09
2010-02-06 19:00:00,Peak_Shift,High,High consumption 3.84kW at 19.0h (peak). Shift washing/dishwasher to 13-16h off-peak.,0.768,hour=19 & kW>2.15
2010-02-06 20:00:00,Peak_Shift,Medium,High consumption 2.56kW at 20.0h (peak). Shift washing/dishwasher to 13-16h off-peak.,0.512,hour=20 & kW>2.14
2010-02-06 21:00:00,Peak_Shift,Medium,High consumption 2.99kW at 21.0h (peak). Shift washing/dishwasher to 13-16h off-peak.,0.598,hour=21 & kW>2.16
2010-02-07 01:00:00,Night_Idle_Waste,Low,"Idle consumption 1.01kW at 1h. Check standby: router, fridge, Sub_metering_3.",0.71,hour in 1-5 & kW>0.8
2010-02-07 02:00:00,Night_Idle_Waste,Low,"Idle consumption 0.98kW at 2h. Check standby: router, fridge, Sub_metering_3.",0.677,hour in 1-5 & kW>0.8
2010-02-07 18:00:00,Peak_Shift,Medium,High consumption 2.45kW at 18.0h (peak). Shift washing/dishwasher to 13-16h off-peak.,0.489,hour=18 & kW>1.71
2010-02-07 19:00:00,Peak_Shift,Medium,High consumption 2.76kW at 19.0h (peak). Shift washing/dishwasher to 13-16h off-peak.,0.552,hour=19 & kW>1.65
2010-02-07 20:00:00,Peak_Shift,Medium,High consumption 1.96kW at 20.0h (peak). Shift washing/dishwasher to 13-16h off-peak.,0.392,hour=20 & kW>1.62
2010-02-07 21:00:00,Peak_Shift,Medium,High consumption 1.90kW at 21.0h (peak). Shift washing/dishwasher to 13-16h off-peak.,0.38,hour=21 & kW>1.57
2010-02-08 18:00:00,Peak_Shift,High,High consumption 3.11kW at 18.0h (peak). Shift washing/dishwasher to 13-16h off-peak.,0.622,hour=18 & kW>1.91
2010-02-08 19:00:00,Peak_Shift,High,High consumption 3.17kW at 19.0h (peak). Shift washing/dishwasher to 13-16h off-peak.,0.633,hour=19 & kW>1.93
2010-02-08 20:00:00,Peak_Shift,Medium,High consumption 2.77kW at 20.0h (peak). Shift washing/dishwasher to 13-16h off-peak.,0.553,hour=20 & kW>1.97
2010-02-08 21:00:00,Peak_Shift,High,High consumption 3.17kW at 21.0h (peak). Shift washing/dishwasher to 13-16h off-peak.,0.634,hour=21 & kW>2.04
2010-02-09 01:00:00,Night_Idle_Waste,Low,"Idle consumption 1.43kW at 1h. Check standby: router, fridge, Sub_metering_3.",1.129,hour in 1-5 & kW>0.8
2010-02-09 02:00:00,Night_Idle_Waste,Low,"Idle consumption 1.42kW at 2h. Check standby: router, fridge, Sub_metering_3.",1.116,hour in 1-5 & kW>0.8
2010-02-09 03:00:00,Night_Idle_Waste,Low,"Idle consumption 1.50kW at 3h. Check standby: router, fridge, Sub_metering_3.",1.202,hour in 1-5 & kW>0.8
2010-02-09 04:00:00,Night_Idle_Waste,Low,"Idle consumption 1.49kW at 4h. Check standby: router, fridge, Sub_metering_3.",1.192,hour in 1-5 & kW>0.8
2010-02-09 05:00:00,Night_Idle_Waste,Low,"Idle consumption 1.11kW at 5h. Check standby: router, fridge, Sub_metering_3.",0.813,hour in 1-5 & kW>0.8
2010-02-09 18:00:00,Peak_Shift,Medium,High consumption 1.99kW at 18.0h (peak). Shift washing/dishwasher to 13-16h off-peak.,0.399,hour=18 & kW>1.98
2010-02-09 19:00:00,Peak_Shift,High,High consumption 3.50kW at 19.0h (peak). Shift washing/dishwasher to 13-16h off-peak.,0.701,hour=19 & kW>2.00
2010-02-09 20:00:00,Peak_Shift,Medium,High consumption 2.78kW at 20.0h (peak). Shift washing/dishwasher to 13-16h off-peak.,0.556,hour=20 & kW>2.00
2010-02-09 21:00:00,Peak_Shift,High,High consumption 3.23kW at 21.0h (peak). Shift washing/dishwasher to 13-16h off-peak.,0.646,hour=21 & kW>2.00
2010-02-10 01:00:00,Night_Idle_Waste,Low,"Idle consumption 1.38kW at 1h. Check standby: router, fridge, Sub_metering_3.",1.082,hour in 1-5 & kW>0.8
2010-02-10 21:00:00,Peak_Shift,Medium,High consumption 2.84kW at 21.0h (peak). Shift washing/dishwasher to 13-16h off-peak.,0.567,hour=21 & kW>1.76
2010-02-11 19:00:00,Peak_Shift,Medium,High consumption 2.32kW at 19.0h (peak). Shift washing/dishwasher to 13-16h off-peak.,0.464,hour=19 & kW>1.28
2010-02-11 20:00:00,Peak_Shift,Medium,High consumption 2.16kW at 20.0h (peak). Shift washing/dishwasher to 13-16h off-peak.,0.432,hour=20 & kW>1.30
2010-02-12 02:00:00,Night_Idle_Waste,Low,"Idle consumption 0.99kW at 2h. Check standby: router, fridge, Sub_metering_3.",0.686,hour in 1-5 & kW>0.8
2010-02-12 20:00:00,Peak_Shift,Medium,High consumption 2.12kW at 20.0h (peak). Shift washing/dishwasher to 13-16h off-peak.,0.424,hour=20 & kW>1.45
2010-02-13 12:00:00,Anomaly_Inspection,High,Anomaly detected: 3.92kW vs expected 1.54kW (residual 2.39). Check appliance left on.,2.386,z_score=4.25 | abs_error=2.39
2010-02-14 01:00:00,Night_Idle_Waste,Low,"Idle consumption 0.99kW at 1h. Check standby: router, fridge, Sub_metering_3.",0.692,hour in 1-5 & kW>0.8
2010-02-14 18:00:00,Peak_Shift,Medium,High consumption 1.88kW at 18.0h (peak). Shift washing/dishwasher to 13-16h off-peak.,0.375,hour=18 & kW>1.42
2010-02-14 19:00:00,Peak_Shift,Medium,High consumption 2.39kW at 19.0h (peak). Shift washing/dishwasher to 13-16h off-peak.,0.479,hour=19 & kW>1.46
2010-02-14 20:00:00,Peak_Shift,Medium,High consumption 2.25kW at 20.0h (peak). Shift washing/dishwasher to 13-16h off-peak.,0.449,hour=20 & kW>1.50
2010-02-15 18:00:00,Peak_Shift,Medium,High consumption 1.52kW at 18.0h (peak). Shift washing/dishwasher to 13-16h off-peak.,0.303,hour=18 & kW>1.34
2010-02-15 19:00:00,Peak_Shift,High,High consumption 3.51kW at 19.0h (peak). Shift washing/dishwasher to 13-16h off-peak.,0.702,hour=19 & kW>1.40
2010-02-15 20:00:00,Peak_Shift,High,High consumption 4.62kW at 20.0h (peak). Shift washing/dishwasher to 13-16h off-peak.,0.924,hour=20 & kW>1.51
2010-02-15 21:00:00,Peak_Shift,High,High consumption 3.75kW at 21.0h (peak). Shift washing/dishwasher to 13-16h off-peak.,0.751,hour=21 & kW>1.64
2010-02-16 19:00:00,Peak_Shift,Medium,High consumption 2.23kW at 19.0h (peak). Shift washing/dishwasher to 13-16h off-peak.,0.447,hour=19 & kW>1.86
2010-02-16 20:00:00,Peak_Shift,Medium,High consumption 1.74kW at 20.0h (peak). Shift washing/dishwasher to 13-16h off-peak.,0.348,hour=20 & kW>1.72
2010-02-16 21:00:00,Peak_Shift,Medium,High consumption 2.01kW at 21.0h (peak). Shift washing/dishwasher to 13-16h off-peak.,0.401,hour=21 & kW>1.63
2010-02-17 05:00:00,Night_Idle_Waste,Low,"Idle consumption 1.03kW at 5h. Check standby: router, fridge, Sub_metering_3.",0.732,hour in 1-5 & kW>0.8
2010-02-17 12:00:00,Anomaly_Inspection,High,Anomaly detected: 4.06kW vs expected 1.61kW (residual 2.45). Check appliance left on.,2.449,z_score=4.53 | abs_error=2.45
2010-02-17 18:00:00,Peak_Shift,Medium,High consumption 2.17kW at 18.0h (peak). Shift washing/dishwasher to 13-16h off-peak.,0.434,hour=18 & kW>1.71
2010-02-17 19:00:00,Peak_Shift,Medium,High consumption 1.87kW at 19.0h (peak). Shift washing/dishwasher to 13-16h off-peak.,0.374,hour=19 & kW>1.69
2010-02-17 20:00:00,Peak_Shift,High,High consumption 3.20kW at 20.0h (peak). Shift washing/dishwasher to 13-16h off-peak.,0.64,hour=20 & kW>1.77
2010-02-18 02:00:00,Night_Idle_Waste,Low,"Idle consumption 0.95kW at 2h. Check standby: router, fridge, Sub_metering_3.",0.648,hour in 1-5 & kW>0.8
2010-02-18 19:00:00,Peak_Shift,Medium,High consumption 2.90kW at 19.0h (peak). Shift washing/dishwasher to 13-16h off-peak.,0.581,hour=19 & kW>1.51
2010-02-18 20:00:00,Peak_Shift,Medium,High consumption 2.50kW at 20.0h (peak). Shift washing/dishwasher to 13-16h off-peak.,0.499,hour=20 & kW>1.47
2010-02-19 19:00:00,Peak_Shift,Medium,High consumption 2.70kW at 19.0h (peak). Shift washing/dishwasher to 13-16h off-peak.,0.541,hour=19 & kW>1.38
2010-02-19 20:00:00,Peak_Shift,Medium,High consumption 2.48kW at 20.0h (peak). Shift washing/dishwasher to 13-16h off-peak.,0.496,hour=20 & kW>1.37
2010-02-19 21:00:00,Peak_Shift,Medium,High consumption 2.51kW at 21.0h (peak). Shift washing/dishwasher to 13-16h off-peak.,0.501,hour=21 & kW>1.44
2010-02-20 01:00:00,Night_Idle_Waste,Low,"Idle consumption 1.40kW at 1h. Check standby: router, fridge, Sub_metering_3.",1.1,hour in 1-5 & kW>0.8
2010-02-20 18:00:00,Peak_Shift,High,High consumption 3.08kW at 18.0h (peak). Shift washing/dishwasher to 13-16h off-peak.,0.615,hour=18 & kW>1.78
2010-02-20 19:00:00,Peak_Shift,Medium,High consumption 2.81kW at 19.0h (peak). Shift washing/dishwasher to 13-16h off-peak.,0.561,hour=19 & kW>1.79
2010-02-20 20:00:00,Peak_Shift,Medium,High consumption 2.22kW at 20.0h (peak). Shift washing/dishwasher to 13-16h off-peak.,0.445,hour=20 & kW>1.77
2010-02-20 21:00:00,Peak_Shift,Medium,High consumption 2.10kW at 21.0h (peak). Shift washing/dishwasher to 13-16h off-peak.,0.42,hour=21 & kW>1.75
2010-02-21 11:00:00,Anomaly_Inspection,High,Anomaly detected: 5.09kW vs expected 1.32kW (residual 3.77). Check appliance left on.,3.77,z_score=5.88 | abs_error=3.77
2010-02-21 14:00:00,Anomaly_Inspection,High,Anomaly detected: 4.64kW vs expected 2.19kW (residual 2.45). Check appliance left on.,2.449,z_score=3.62 | abs_error=2.45
2010-02-21 20:00:00,Peak_Shift,Medium,High consumption 2.53kW at 20.0h (peak). Shift washing/dishwasher to 13-16h off-peak.,0.506,hour=20 & kW>2.17
2010-02-21 21:00:00,Peak_Shift,Medium,High consumption 2.33kW at 21.0h (peak). Shift washing/dishwasher to 13-16h off-peak.,0.465,hour=21 & kW>2.19
2010-02-22 20:00:00,Peak_Shift,Medium,High consumption 2.62kW at 20.0h (peak). Shift washing/dishwasher to 13-16h off-peak.,0.523,hour=20 & kW>1.45
2010-02-22 21:00:00,Peak_Shift,Medium,High consumption 1.65kW at 21.0h (peak). Shift washing/dishwasher to 13-16h off-peak.,0.329,hour=21 & kW>1.42
2010-02-23 19:00:00,Peak_Shift,Medium,High consumption 2.69kW at 19.0h (peak). Shift washing/dishwasher to 13-16h off-peak.,0.538,hour=19 & kW>1.14
2010-02-23 21:00:00,Peak_Shift,Medium,High consumption 2.20kW at 21.0h (peak). Shift washing/dishwasher to 13-16h off-peak.,0.439,hour=21 & kW>1.10
2010-02-24 20:00:00,Peak_Shift,Medium,High consumption 2.86kW at 20.0h (peak). Shift washing/dishwasher to 13-16h off-peak.,0.571,hour=20 & kW>1.69
2010-02-25 02:00:00,Night_Idle_Waste,Low,"Idle consumption 1.08kW at 2h. Check standby: router, fridge, Sub_metering_3.",0.781,hour in 1-5 & kW>0.8
2010-02-25 18:00:00,Peak_Shift,Medium,High consumption 1.86kW at 18.0h (peak). Shift washing/dishwasher to 13-16h off-peak.,0.372,hour=18 & kW>1.58
2010-02-25 21:00:00,Peak_Shift,Medium,High consumption 1.77kW at 21.0h (peak). Shift washing/dishwasher to 13-16h off-peak.,0.353,hour=21 & kW>1.53
2010-02-26 18:00:00,Peak_Shift,Medium,High consumption 1.73kW at 18.0h (peak). Shift washing/dishwasher to 13-16h off-peak.,0.347,hour=18 & kW>1.48
2010-02-26 19:00:00,Peak_Shift,Medium,High consumption 2.70kW at 19.0h (peak). Shift washing/dishwasher to 13-16h off-peak.,0.54,hour=19 & kW>1.54
2010-02-26 20:00:00,Peak_Shift,Medium,High consumption 2.54kW at 20.0h (peak). Shift washing/dishwasher to 13-16h off-peak.,0.509,hour=20 & kW>1.60
2010-02-26 21:00:00,Peak_Shift,Medium,High consumption 2.94kW at 21.0h (peak). Shift washing/dishwasher to 13-16h off-peak.,0.588,hour=21 & kW>1.66
2010-02-27 18:00:00,Peak_Shift,Medium,High consumption 2.63kW at 18.0h (peak). Shift washing/dishwasher to 13-16h off-peak.,0.526,hour=18 & kW>1.88
2010-02-28 05:00:00,Night_Idle_Waste,Low,"Idle consumption 1.18kW at 5h. Check standby: router, fridge, Sub_metering_3.",0.884,hour in 1-5 & kW>0.8
2010-03-01 01:00:00,Night_Idle_Waste,Low,"Idle consumption 1.06kW at 1h. Check standby: router, fridge, Sub_metering_3.",0.763,hour in 1-5 & kW>0.8
2010-03-01 20:00:00,Peak_Shift,Medium,High consumption 1.58kW at 20.0h (peak). Shift washing/dishwasher to 13-16h off-peak.,0.316,hour=20 & kW>0.97
2010-03-05 02:00:00,Night_Idle_Waste,Low,"Idle consumption 1.39kW at 2h. Check standby: router, fridge, Sub_metering_3.",1.087,hour in 1-5 & kW>0.8
2010-03-05 19:00:00,Peak_Shift,Medium,High consumption 1.62kW at 19.0h (peak). Shift washing/dishwasher to 13-16h off-peak.,0.324,hour=19 & kW>0.88
2010-03-07 01:00:00,Night_Idle_Waste,Low,"Idle consumption 1.15kW at 1h. Check standby: router, fridge, Sub_metering_3.",0.849,hour in 1-5 & kW>0.8
2010-03-07 18:00:00,Peak_Shift,Medium,High consumption 2.58kW at 18.0h (peak). Shift washing/dishwasher to 13-16h off-peak.,0.515,hour=18 & kW>0.88
2010-03-07 19:00:00,Peak_Shift,Medium,High consumption 1.53kW at 19.0h (peak). Shift washing/dishwasher to 13-16h off-peak.,0.306,hour=19 & kW>0.93
2010-03-07 20:00:00,Peak_Shift,Medium,High consumption 2.14kW at 20.0h (peak). Shift washing/dishwasher to 13-16h off-peak.,0.428,hour=20 & kW>1.02
2010-03-07 21:00:00,Peak_Shift,Medium,High consumption 2.21kW at 21.0h (peak). Shift washing/dishwasher to 13-16h off-peak.,0.442,hour=21 & kW>1.10
2010-03-08 01:00:00,Night_Idle_Waste,Low,"Idle consumption 1.06kW at 1h. Check standby: router, fridge, Sub_metering_3.",0.758,hour in 1-5 & kW>0.8
2010-03-08 20:00:00,Peak_Shift,Medium,High consumption 2.45kW at 20.0h (peak). Shift washing/dishwasher to 13-16h off-peak.,0.49,hour=20 & kW>2.17
2010-03-09 19:00:00,Peak_Shift,Medium,High consumption 1.85kW at 19.0h (peak). Shift washing/dishwasher to 13-16h off-peak.,0.37,hour=19 & kW>1.40
2010-03-09 20:00:00,Peak_Shift,Medium,High consumption 2.75kW at 20.0h (peak). Shift washing/dishwasher to 13-16h off-peak.,0.549,hour=20 & kW>1.41
2010-03-09 21:00:00,Peak_Shift,Medium,High consumption 2.38kW at 21.0h (peak). Shift washing/dishwasher to 13-16h off-peak.,0.476,hour=21 & kW>1.46
2010-03-11 01:00:00,Night_Idle_Waste,Low,"Idle consumption 0.84kW at 1h. Check standby: router, fridge, Sub_metering_3.",0.537,hour in 1-5 & kW>0.8
2010-03-11 19:00:00,Peak_Shift,Medium,High consumption 2.49kW at 19.0h (peak). Shift washing/dishwasher to 13-16h off-peak.,0.498,hour=19 & kW>1.27
2010-03-11 20:00:00,Peak_Shift,High,High consumption 3.49kW at 20.0h (peak). Shift washing/dishwasher to 13-16h off-peak.,0.697,hour=20 & kW>1.39
2010-03-11 21:00:00,Peak_Shift,High,High consumption 3.95kW at 21.0h (peak). Shift washing/dishwasher to 13-16h off-peak.,0.789,hour=21 & kW>1.51
2010-03-12 19:00:00,Peak_Shift,Medium,High consumption 2.92kW at 19.0h (peak). Shift washing/dishwasher to 13-16h off-peak.,0.585,hour=19 & kW>1.76
2010-03-13 18:00:00,Peak_Shift,High,High consumption 3.84kW at 18.0h (peak). Shift washing/dishwasher to 13-16h off-peak.,0.768,hour=18 & kW>1.81
2010-03-13 19:00:00,Peak_Shift,High,High consumption 3.42kW at 19.0h (peak). Shift washing/dishwasher to 13-16h off-peak.,0.684,hour=19 & kW>1.84
2010-03-13 20:00:00,Peak_Shift,Medium,High consumption 2.10kW at 20.0h (peak). Shift washing/dishwasher to 13-16h off-peak.,0.419,hour=20 & kW>1.90
2010-03-14 01:00:00,Night_Idle_Waste,Low,"Idle consumption 1.00kW at 1h. Check standby: router, fridge, Sub_metering_3.",0.695,hour in 1-5 & kW>0.8
2010-03-14 19:00:00,Peak_Shift,Medium,High consumption 1.65kW at 19.0h (peak). Shift washing/dishwasher to 13-16h off-peak.,0.329,hour=19 & kW>1.26
2010-03-14 20:00:00,Peak_Shift,Medium,High consumption 1.51kW at 20.0h (peak). Shift washing/dishwasher to 13-16h off-peak.,0.301,hour=20 & kW>1.23
2010-03-14 21:00:00,Peak_Shift,Medium,High consumption 2.99kW at 21.0h (peak). Shift washing/dishwasher to 13-16h off-peak.,0.599,hour=21 & kW>1.31
2010-03-15 19:00:00,Peak_Shift,Medium,High consumption 2.93kW at 19.0h (peak). Shift washing/dishwasher to 13-16h off-peak.,0.586,hour=19 & kW>1.49
2010-03-15 20:00:00,Peak_Shift,Medium,High consumption 2.76kW at 20.0h (peak). Shift washing/dishwasher to 13-16h off-peak.,0.553,hour=20 & kW>1.55
2010-03-15 21:00:00,Peak_Shift,Medium,High consumption 2.56kW at 21.0h (peak). Shift washing/dishwasher to 13-16h off-peak.,0.511,hour=21 & kW>1.53
2010-03-16 04:00:00,Night_Idle_Waste,Low,"Idle consumption 0.90kW at 4h. Check standby: router, fridge, Sub_metering_3.",0.601,hour in 1-5 & kW>0.8
2010-03-16 18:00:00,Peak_Shift,Medium,High consumption 1.56kW at 18.0h (peak). Shift washing/dishwasher to 13-16h off-peak.,0.311,hour=18 & kW>1.45
2010-03-16 19:00:00,Peak_Shift,Medium,High consumption 1.71kW at 19.0h (peak). Shift washing/dishwasher to 13-16h off-peak.,0.343,hour=19 & kW>1.39
2010-03-16 21:00:00,Peak_Shift,Medium,High consumption 1.70kW at 21.0h (peak). Shift washing/dishwasher to 13-16h off-peak.,0.339,hour=21 & kW>1.28
2010-03-17 18:00:00,Peak_Shift,Medium,High consumption 2.43kW at 18.0h (peak). Shift washing/dishwasher to 13-16h off-peak.,0.487,hour=18 & kW>1.68
2010-03-17 19:00:00,Peak_Shift,Medium,High consumption 1.70kW at 19.0h (peak). Shift washing/dishwasher to 13-16h off-peak.,0.34,hour=19 & kW>1.68
2010-03-17 21:00:00,Peak_Shift,Medium,High consumption 2.25kW at 21.0h (peak). Shift washing/dishwasher to 13-16h off-peak.,0.45,hour=21 & kW>1.71
2010-03-18 18:00:00,Peak_Shift,Medium,High consumption 1.62kW at 18.0h (peak). Shift washing/dishwasher to 13-16h off-peak.,0.324,hour=18 & kW>1.21
2010-03-18 19:00:00,Peak_Shift,Medium,High consumption 2.50kW at 19.0h (peak). Shift washing/dishwasher to 13-16h off-peak.,0.499,hour=19 & kW>1.25
2010-03-18 20:00:00,Peak_Shift,High,High consumption 3.02kW at 20.0h (peak). Shift washing/dishwasher to 13-16h off-peak.,0.603,hour=20 & kW>1.33
2010-03-18 21:00:00,Peak_Shift,Medium,High consumption 1.96kW at 21.0h (peak). Shift washing/dishwasher to 13-16h off-peak.,0.392,hour=21 & kW>1.32
2010-03-19 04:00:00,Night_Idle_Waste,Low,"Idle consumption 0.90kW at 4h. Check standby: router, fridge, Sub_metering_3.",0.603,hour in 1-5 & kW>0.8
2010-03-19 19:00:00,Peak_Shift,Medium,High consumption 2.72kW at 19.0h (peak). Shift washing/dishwasher to 13-16h off-peak.,0.545,hour=19 & kW>1.43
2010-03-19 20:00:00,Peak_Shift,Medium,High consumption 1.88kW at 20.0h (peak). Shift washing/dishwasher to 13-16h off-peak.,0.376,hour=20 & kW>1.38
2010-03-21 01:00:00,Night_Idle_Waste,Low,"Idle consumption 0.91kW at 1h. Check standby: router, fridge, Sub_metering_3.",0.611,hour in 1-5 & kW>0.8
2010-03-21 02:00:00,Night_Idle_Waste,Low,"Idle consumption 0.93kW at 2h. Check standby: router, fridge, Sub_metering_3.",0.634,hour in 1-5 & kW>0.8
2010-03-21 03:00:00,Night_Idle_Waste,Low,"Idle consumption 0.96kW at 3h. Check standby: router, fridge, Sub_metering_3.",0.656,hour in 1-5 & kW>0.8
2010-03-21 04:00:00,Night_Idle_Waste,Low,"Idle consumption 0.98kW at 4h. Check standby: router, fridge, Sub_metering_3.",0.679,hour in 1-5 & kW>0.8
2010-03-21 05:00:00,Night_Idle_Waste,Low,"Idle consumption 1.00kW at 5h. Check standby: router, fridge, Sub_metering_3.",0.702,hour in 1-5 & kW>0.8
2010-03-21 19:00:00,Peak_Shift,Medium,High consumption 2.52kW at 19.0h (peak). Shift washing/dishwasher to 13-16h off-peak.,0.505,hour=19 & kW>1.31
2010-03-21 20:00:00,Peak_Shift,Medium,High consumption 2.49kW at 20.0h (peak). Shift washing/dishwasher to 13-16h off-peak.,0.498,hour=20 & kW>1.39
2010-03-21 21:00:00,Peak_Shift,Medium,High consumption 2.50kW at 21.0h (peak). Shift washing/dishwasher to 13-16h off-peak.,0.5,hour=21 & kW>1.48
2010-03-22 02:00:00,Night_Idle_Waste,Low,"Idle consumption 0.91kW at 2h. Check standby: router, fridge, Sub_metering_3.",0.61,hour in 1-5 & kW>0.8
2010-03-22 20:00:00,Peak_Shift,Medium,High consumption 2.13kW at 20.0h (peak). Shift washing/dishwasher to 13-16h off-peak.,0.427,hour=20 & kW>1.38
2010-03-22 21:00:00,Peak_Shift,Medium,High consumption 1.90kW at 21.0h (peak). Shift washing/dishwasher to 13-16h off-peak.,0.38,hour=21 & kW>1.35
2010-03-23 01:00:00,Night_Idle_Waste,Low,"Idle consumption 1.05kW at 1h. Check standby: router, fridge, Sub_metering_3.",0.746,hour in 1-5 & kW>0.8
2010-03-23 19:00:00,Peak_Shift,Medium,High consumption 2.45kW at 19.0h (peak). Shift washing/dishwasher to 13-16h off-peak.,0.489,hour=19 & kW>1.43
2010-03-23 20:00:00,Peak_Shift,Medium,High consumption 2.50kW at 20.0h (peak). Shift washing/dishwasher to 13-16h off-peak.,0.499,hour=20 & kW>1.45
2010-03-23 21:00:00,Peak_Shift,Medium,High consumption 2.50kW at 21.0h (peak). Shift washing/dishwasher to 13-16h off-peak.,0.5,hour=21 & kW>1.48
2010-03-24 20:00:00,Peak_Shift,Medium,High consumption 2.08kW at 20.0h (peak). Shift washing/dishwasher to 13-16h off-peak.,0.416,hour=20 & kW>1.70
2010-03-24 21:00:00,Peak_Shift,Medium,High consumption 2.40kW at 21.0h (peak). Shift washing/dishwasher to 13-16h off-peak.,0.479,hour=21 & kW>1.69
2010-03-25 05:00:00,Night_Idle_Waste,Low,"Idle consumption 0.98kW at 5h. Check standby: router, fridge, Sub_metering_3.",0.683,hour in 1-5 & kW>0.8
2010-03-25 19:00:00,Peak_Shift,Medium,High consumption 1.60kW at 19.0h (peak). Shift washing/dishwasher to 13-16h off-peak.,0.319,hour=19 & kW>1.36
2010-03-25 20:00:00,Peak_Shift,Medium,High consumption 2.43kW at 20.0h (peak). Shift washing/dishwasher to 13-16h off-peak.,0.486,hour=20 & kW>1.38
2010-03-25 21:00:00,Peak_Shift,Medium,High consumption 2.12kW at 21.0h (peak). Shift washing/dishwasher to 13-16h off-peak.,0.424,hour=21 & kW>1.36
2010-03-26 20:00:00,Peak_Shift,Medium,High consumption 2.19kW at 20.0h (peak). Shift washing/dishwasher to 13-16h off-peak.,0.438,hour=20 & kW>1.33
2010-03-26 21:00:00,Peak_Shift,Medium,High consumption 2.82kW at 21.0h (peak). Shift washing/dishwasher to 13-16h off-peak.,0.564,hour=21 & kW>1.36
2010-03-27 05:00:00,Night_Idle_Waste,Low,"Idle consumption 0.96kW at 5h. Check standby: router, fridge, Sub_metering_3.",0.664,hour in 1-5 & kW>0.8
2010-03-27 18:00:00,Peak_Shift,High,High consumption 3.49kW at 18.0h (peak). Shift washing/dishwasher to 13-16h off-peak.,0.698,hour=18 & kW>1.66
2010-03-28 02:00:00,Night_Idle_Waste,Low,"Idle consumption 1.26kW at 2h. Check standby: router, fridge, Sub_metering_3.",0.958,hour in 1-5 & kW>0.8
2010-03-28 03:00:00,Night_Idle_Waste,Low,"Idle consumption 1.24kW at 3h. Check standby: router, fridge, Sub_metering_3.",0.941,hour in 1-5 & kW>0.8
2010-03-28 19:00:00,Peak_Shift,Medium,High consumption 2.77kW at 19.0h (peak). Shift washing/dishwasher to 13-16h off-peak.,0.553,hour=19 & kW>1.30
2010-03-28 20:00:00,Peak_Shift,High,High consumption 3.01kW at 20.0h (peak). Shift washing/dishwasher to 13-16h off-peak.,0.601,hour=20 & kW>1.40
2010-03-28 21:00:00,Peak_Shift,Medium,High consumption 2.57kW at 21.0h (peak). Shift washing/dishwasher to 13-16h off-peak.,0.515,hour=21 & kW>1.47
2010-03-29 05:00:00,Night_Idle_Waste,Low,"Idle consumption 0.88kW at 5h. Check standby: router, fridge, Sub_metering_3.",0.583,hour in 1-5 & kW>0.8
2010-03-29 20:00:00,Peak_Shift,Medium,High consumption 1.53kW at 20.0h (peak). Shift washing/dishwasher to 13-16h off-peak.,0.307,hour=20 & kW>1.48
2010-03-29 21:00:00,Peak_Shift,Medium,High consumption 2.04kW at 21.0h (peak). Shift washing/dishwasher to 13-16h off-peak.,0.408,hour=21 & kW>1.45
2010-03-30 05:00:00,Night_Idle_Waste,Low,"Idle consumption 1.21kW at 5h. Check standby: router, fridge, Sub_metering_3.",0.908,hour in 1-5 & kW>0.8
2010-03-30 20:00:00,Peak_Shift,Medium,High consumption 1.76kW at 20.0h (peak). Shift washing/dishwasher to 13-16h off-peak.,0.352,hour=20 & kW>1.48
2010-03-30 21:00:00,Peak_Shift,Medium,High consumption 2.97kW at 21.0h (peak). Shift washing/dishwasher to 13-16h off-peak.,0.594,hour=21 & kW>1.52
2010-03-31 14:00:00,Anomaly_Inspection,High,Anomaly detected: 0.49kW vs expected 2.76kW (residual -2.27). Check appliance left on.,2.273,z_score=-4.66 | abs_error=2.27
2010-03-31 19:00:00,Peak_Shift,Medium,High consumption 1.94kW at 19.0h (peak). Shift washing/dishwasher to 13-16h off-peak.,0.388,hour=19 & kW>1.65
2010-03-31 20:00:00,Peak_Shift,Medium,High consumption 2.17kW at 20.0h (peak). Shift washing/dishwasher to 13-16h off-peak.,0.433,hour=20 & kW>1.68
2010-03-31 21:00:00,Peak_Shift,Medium,High consumption 2.62kW at 21.0h (peak). Shift washing/dishwasher to 13-16h off-peak.,0.524,hour=21 & kW>1.66
2010-04-01 05:00:00,Night_Idle_Waste,Low,"Idle consumption 0.96kW at 5h. Check standby: router, fridge, Sub_metering_3.",0.656,hour in 1-5 & kW>0.8
2010-04-01 19:00:00,Peak_Shift,Medium,High consumption 1.99kW at 19.0h (peak). Shift washing/dishwasher to 13-16h off-peak.,0.398,hour=19 & kW>1.27
2010-04-01 20:00:00,Peak_Shift,Medium,High consumption 2.85kW at 20.0h (peak). Shift washing/dishwasher to 13-16h off-peak.,0.57,hour=20 & kW>1.31
2010-04-01 21:00:00,Peak_Shift,Medium,High consumption 2.49kW at 21.0h (peak). Shift washing/dishwasher to 13-16h off-peak.,0.498,hour=21 & kW>1.30
2010-04-02 20:00:00,Peak_Shift,Medium,High consumption 2.26kW at 20.0h (peak). Shift washing/dishwasher to 13-16h off-peak.,0.453,hour=20 & kW>1.53
2010-04-02 21:00:00,Peak_Shift,Medium,High consumption 1.55kW at 21.0h (peak). Shift washing/dishwasher to 13-16h off-peak.,0.309,hour=21 & kW>1.48
2010-04-03 20:00:00,Peak_Shift,Medium,High consumption 1.59kW at 20.0h (peak). Shift washing/dishwasher to 13-16h off-peak.,0.318,hour=20 & kW>1.55
2010-04-04 02:00:00,Night_Idle_Waste,Low,"Idle consumption 0.96kW at 2h. Check standby: router, fridge, Sub_metering_3.",0.661,hour in 1-5 & kW>0.8
2010-04-04 18:00:00,Peak_Shift,Medium,High consumption 2.01kW at 18.0h (peak). Shift washing/dishwasher to 13-16h off-peak.,0.402,hour=18 & kW>1.44
2010-04-04 19:00:00,Peak_Shift,Medium,High consumption 2.02kW at 19.0h (peak). Shift washing/dishwasher to 13-16h off-peak.,0.403,hour=19 & kW>1.47
2010-04-05 03:00:00,Night_Idle_Waste,Low,"Idle consumption 0.83kW at 3h. Check standby: router, fridge, Sub_metering_3.",0.531,hour in 1-5 & kW>0.8
2010-04-05 21:00:00,Peak_Shift,Medium,High consumption 2.03kW at 21.0h (peak). Shift washing/dishwasher to 13-16h off-peak.,0.406,hour=21 & kW>0.94
2010-04-06 05:00:00,Night_Idle_Waste,Low,"Idle consumption 0.96kW at 5h. Check standby: router, fridge, Sub_metering_3.",0.658,hour in 1-5 & kW>0.8
2010-04-06 20:00:00,Peak_Shift,High,High consumption 3.20kW at 20.0h (peak). Shift washing/dishwasher to 13-16h off-peak.,0.64,hour=20 & kW>1.40
2010-04-06 21:00:00,Peak_Shift,Medium,High consumption 2.51kW at 21.0h (peak). Shift washing/dishwasher to 13-16h off-peak.,0.503,hour=21 & kW>1.42
2010-04-07 02:00:00,Night_Idle_Waste,Low,"Idle consumption 0.93kW at 2h. Check standby: router, fridge, Sub_metering_3.",0.635,hour in 1-5 & kW>0.8
2010-04-07 20:00:00,Peak_Shift,Medium,High consumption 2.71kW at 20.0h (peak). Shift washing/dishwasher to 13-16h off-peak.,0.542,hour=20 & kW>1.43
2010-04-07 21:00:00,Peak_Shift,Medium,High consumption 1.76kW at 21.0h (peak). Shift washing/dishwasher to 13-16h off-peak.,0.352,hour=21 & kW>1.39
2010-04-08 01:00:00,Night_Idle_Waste,Low,"Idle consumption 0.97kW at 1h. Check standby: router, fridge, Sub_metering_3.",0.668,hour in 1-5 & kW>0.8
2010-04-08 19:00:00,Peak_Shift,Medium,High consumption 1.57kW at 19.0h (peak). Shift washing/dishwasher to 13-16h off-peak.,0.314,hour=19 & kW>1.30
2010-04-08 20:00:00,Peak_Shift,Medium,High consumption 2.65kW at 20.0h (peak). Shift washing/dishwasher to 13-16h off-peak.,0.531,hour=20 & kW>1.30
2010-04-08 21:00:00,Peak_Shift,Medium,High consumption 2.52kW at 21.0h (peak). Shift washing/dishwasher to 13-16h off-peak.,0.504,hour=21 & kW>1.34
2010-04-10 05:00:00,Night_Idle_Waste,Low,"Idle consumption 0.83kW at 5h. Check standby: router, fridge, Sub_metering_3.",0.526,hour in 1-5 & kW>0.8
2010-04-10 18:00:00,Peak_Shift,Medium,High consumption 2.15kW at 18.0h (peak). Shift washing/dishwasher to 13-16h off-peak.,0.431,hour=18 & kW>0.95
2010-04-11 18:00:00,Peak_Shift,Medium,High consumption 1.77kW at 18.0h (peak). Shift washing/dishwasher to 13-16h off-peak.,0.354,hour=18 & kW>0.97
2010-04-11 19:00:00,Peak_Shift,Medium,High consumption 1.67kW at 19.0h (peak). Shift washing/dishwasher to 13-16h off-peak.,0.335,hour=19 & kW>0.98
2010-04-11 20:00:00,Peak_Shift,High,High consumption 3.82kW at 20.0h (peak). Shift washing/dishwasher to 13-16h off-peak.,0.763,hour=20 & kW>1.14
2010-04-11 20:00:00,Anomaly_Inspection,High,Anomaly detected: 3.82kW vs expected 1.58kW (residual 2.24). Check appliance left on.,2.238,z_score=4.91 | abs_error=2.24
2010-04-11 21:00:00,Peak_Shift,High,High consumption 3.88kW at 21.0h (peak). Shift washing/dishwasher to 13-16h off-peak.,0.777,hour=21 & kW>1.31
2010-04-12 20:00:00,Peak_Shift,Medium,High consumption 2.27kW at 20.0h (peak). Shift washing/dishwasher to 13-16h off-peak.,0.453,hour=20 & kW>1.37
2010-04-13 19:00:00,Peak_Shift,Medium,High consumption 1.58kW at 19.0h (peak). Shift washing/dishwasher to 13-16h off-peak.,0.316,hour=19 & kW>1.29
2010-04-13 21:00:00,Peak_Shift,Medium,High consumption 1.70kW at 21.0h (peak). Shift washing/dishwasher to 13-16h off-peak.,0.341,hour=21 & kW>1.26
2010-04-14 05:00:00,Night_Idle_Waste,Low,"Idle consumption 1.00kW at 5h. Check standby: router, fridge, Sub_metering_3.",0.702,hour in 1-5 & kW>0.8
2010-04-14 20:00:00,Peak_Shift,Medium,High consumption 2.42kW at 20.0h (peak). Shift washing/dishwasher to 13-16h off-peak.,0.484,hour=20 & kW>1.34
2010-04-14 21:00:00,Peak_Shift,Medium,High consumption 1.76kW at 21.0h (peak). Shift washing/dishwasher to 13-16h off-peak.,0.352,hour=21 & kW>1.34
2010-04-15 02:00:00,Night_Idle_Waste,Low,"Idle consumption 0.89kW at 2h. Check standby: router, fridge, Sub_metering_3.",0.586,hour in 1-5 & kW>0.8
2010-04-15 19:00:00,Peak_Shift,Medium,High consumption 1.77kW at 19.0h (peak). Shift washing/dishwasher to 13-16h off-peak.,0.354,hour=19 & kW>1.46
2010-04-15 20:00:00,Peak_Shift,Medium,High consumption 2.09kW at 20.0h (peak). Shift washing/dishwasher to 13-16h off-peak.,0.417,hour=20 & kW>1.44
2010-04-15 21:00:00,Peak_Shift,High,High consumption 3.03kW at 21.0h (peak). Shift washing/dishwasher to 13-16h off-peak.,0.606,hour=21 & kW>1.50
2010-04-16 18:00:00,Peak_Shift,Medium,High consumption 1.59kW at 18.0h (peak). Shift washing/dishwasher to 13-16h off-peak.,0.318,hour=18 & kW>1.56
2010-04-16 19:00:00,Peak_Shift,Medium,High consumption 2.08kW at 19.0h (peak). Shift washing/dishwasher to 13-16h off-peak.,0.415,hour=19 & kW>1.58
2010-04-17 02:00:00,Night_Idle_Waste,Low,"Idle consumption 0.87kW at 2h. Check standby: router, fridge, Sub_metering_3.",0.571,hour in 1-5 & kW>0.8
2010-04-18 03:00:00,Night_Idle_Waste,Low,"Idle consumption 0.81kW at 3h. Check standby: router, fridge, Sub_metering_3.",0.506,hour in 1-5 & kW>0.8
2010-04-18 19:00:00,Peak_Shift,Medium,High consumption 1.67kW at 19.0h (peak). Shift washing/dishwasher to 13-16h off-peak.,0.333,hour=19 & kW>1.04
2010-04-18 20:00:00,Peak_Shift,Medium,High consumption 1.82kW at 20.0h (peak). Shift washing/dishwasher to 13-16h off-peak.,0.365,hour=20 & kW>1.11
2010-04-18 21:00:00,Peak_Shift,Medium,High consumption 2.20kW at 21.0h (peak). Shift washing/dishwasher to 13-16h off-peak.,0.439,hour=21 & kW>1.20
2010-04-19 18:00:00,Peak_Shift,Medium,High consumption 2.15kW at 18.0h (peak). Shift washing/dishwasher to 13-16h off-peak.,0.43,hour=18 & kW>1.46
2010-04-19 19:00:00,Peak_Shift,Medium,High consumption 2.19kW at 19.0h (peak). Shift washing/dishwasher to 13-16h off-peak.,0.439,hour=19 & kW>1.48
2010-04-19 20:00:00,Peak_Shift,Medium,High consumption 1.84kW at 20.0h (peak). Shift washing/dishwasher to 13-16h off-peak.,0.368,hour=20 & kW>1.48
2010-04-19 21:00:00,Peak_Shift,Medium,High consumption 1.67kW at 21.0h (peak). Shift washing/dishwasher to 13-16h off-peak.,0.334,hour=21 & kW>1.46
2010-04-20 20:00:00,Peak_Shift,Medium,High consumption 2.42kW at 20.0h (peak). Shift washing/dishwasher to 13-16h off-peak.,0.483,hour=20 & kW>1.45
2010-04-20 21:00:00,Peak_Shift,Medium,High consumption 2.27kW at 21.0h (peak). Shift washing/dishwasher to 13-16h off-peak.,0.454,hour=21 & kW>1.48
2010-04-21 21:00:00,Peak_Shift,Medium,High consumption 1.68kW at 21.0h (peak). Shift washing/dishwasher to 13-16h off-peak.,0.336,hour=21 & kW>1.24
2010-04-22 04:00:00,Night_Idle_Waste,Low,"Idle consumption 0.93kW at 4h. Check standby: router, fridge, Sub_metering_3.",0.628,hour in 1-5 & kW>0.8
2010-04-24 05:00:00,Night_Idle_Waste,Low,"Idle consumption 1.09kW at 5h. Check standby: router, fridge, Sub_metering_3.",0.791,hour in 1-5 & kW>0.8
2010-04-24 18:00:00,Peak_Shift,Medium,High consumption 2.45kW at 18.0h (peak). Shift washing/dishwasher to 13-16h off-peak.,0.489,hour=18 & kW>0.78
2010-04-24 19:00:00,Peak_Shift,Medium,High consumption 2.48kW at 19.0h (peak). Shift washing/dishwasher to 13-16h off-peak.,0.496,hour=19 & kW>0.86
2010-04-24 20:00:00,Peak_Shift,Medium,High consumption 2.03kW at 20.0h (peak). Shift washing/dishwasher to 13-16h off-peak.,0.405,hour=20 & kW>0.93
2010-04-24 21:00:00,Peak_Shift,High,High consumption 3.14kW at 21.0h (peak). Shift washing/dishwasher to 13-16h off-peak.,0.629,hour=21 & kW>1.06
2010-04-25 01:00:00,Night_Idle_Waste,Low,"Idle consumption 2.76kW at 1h. Check standby: router, fridge, Sub_metering_3.",2.461,hour in 1-5 & kW>0.8
2010-04-25 02:00:00,Night_Idle_Waste,Low,"Idle consumption 1.93kW at 2h. Check standby: router, fridge, Sub_metering_3.",1.634,hour in 1-5 & kW>0.8
2010-04-25 03:00:00,Night_Idle_Waste,Low,"Idle consumption 1.65kW at 3h. Check standby: router, fridge, Sub_metering_3.",1.351,hour in 1-5 & kW>0.8
2010-04-25 04:00:00,Night_Idle_Waste,Low,"Idle consumption 1.87kW at 4h. Check standby: router, fridge, Sub_metering_3.",1.566,hour in 1-5 & kW>0.8
2010-04-25 05:00:00,Night_Idle_Waste,Low,"Idle consumption 1.77kW at 5h. Check standby: router, fridge, Sub_metering_3.",1.473,hour in 1-5 & kW>0.8
2010-04-27 01:00:00,Night_Idle_Waste,Low,"Idle consumption 0.84kW at 1h. Check standby: router, fridge, Sub_metering_3.",0.545,hour in 1-5 & kW>0.8
2010-04-27 02:00:00,Night_Idle_Waste,Low,"Idle consumption 0.84kW at 2h. Check standby: router, fridge, Sub_metering_3.",0.537,hour in 1-5 & kW>0.8
2010-04-27 04:00:00,Night_Idle_Waste,Low,"Idle consumption 0.88kW at 4h. Check standby: router, fridge, Sub_metering_3.",0.584,hour in 1-5 & kW>0.8
2010-04-27 05:00:00,Night_Idle_Waste,Low,"Idle consumption 0.84kW at 5h. Check standby: router, fridge, Sub_metering_3.",0.54,hour in 1-5 & kW>0.8
2010-04-28 20:00:00,Peak_Shift,Medium,High consumption 1.83kW at 20.0h (peak). Shift washing/dishwasher to 13-16h off-peak.,0.366,hour=20 & kW>0.72
2010-04-30 04:00:00,Night_Idle_Waste,Low,"Idle consumption 1.04kW at 4h. Check standby: router, fridge, Sub_metering_3.",0.74,hour in 1-5 & kW>0.8
2010-05-01 21:00:00,Peak_Shift,Medium,High consumption 1.57kW at 21.0h (peak). Shift washing/dishwasher to 13-16h off-peak.,0.314,hour=21 & kW>0.94
2010-05-02 18:00:00,Peak_Shift,Medium,High consumption 1.79kW at 18.0h (peak). Shift washing/dishwasher to 13-16h off-peak.,0.359,hour=18 & kW>1.67
2010-05-02 19:00:00,Peak_Shift,High,High consumption 3.77kW at 19.0h (peak). Shift washing/dishwasher to 13-16h off-peak.,0.755,hour=19 & kW>1.83
2010-05-02 20:00:00,Peak_Shift,Medium,High consumption 2.53kW at 20.0h (peak). Shift washing/dishwasher to 13-16h off-peak.,0.506,hour=20 & kW>1.91
2010-05-02 21:00:00,Peak_Shift,Medium,High consumption 2.78kW at 21.0h (peak). Shift washing/dishwasher to 13-16h off-peak.,0.555,hour=21 & kW>1.97
2010-05-03 04:00:00,Night_Idle_Waste,Low,"Idle consumption 1.10kW at 4h. Check standby: router, fridge, Sub_metering_3.",0.8,hour in 1-5 & kW>0.8
2010-05-03 19:00:00,Peak_Shift,Medium,High consumption 2.16kW at 19.0h (peak). Shift washing/dishwasher to 13-16h off-peak.,0.431,hour=19 & kW>1.15
2010-05-03 20:00:00,Peak_Shift,Medium,High consumption 2.64kW at 20.0h (peak). Shift washing/dishwasher to 13-16h off-peak.,0.529,hour=20 & kW>1.16
2010-05-03 21:00:00,Peak_Shift,Medium,High consumption 2.39kW at 21.0h (peak). Shift washing/dishwasher to 13-16h off-peak.,0.479,hour=21 & kW>1.14
2010-05-04 20:00:00,Peak_Shift,Medium,High consumption 1.98kW at 20.0h (peak). Shift washing/dishwasher to 13-16h off-peak.,0.396,hour=20 & kW>1.32
2010-05-05 03:00:00,Night_Idle_Waste,Low,"Idle consumption 0.84kW at 3h. Check standby: router, fridge, Sub_metering_3.",0.544,hour in 1-5 & kW>0.8
2010-05-05 20:00:00,Peak_Shift,Medium,High consumption 1.88kW at 20.0h (peak). Shift washing/dishwasher to 13-16h off-peak.,0.377,hour=20 & kW>1.38
2010-05-05 21:00:00,Peak_Shift,High,High consumption 3.12kW at 21.0h (peak). Shift washing/dishwasher to 13-16h off-peak.,0.625,hour=21 & kW>1.47
2010-05-06 19:00:00,Peak_Shift,Medium,High consumption 1.82kW at 19.0h (peak). Shift washing/dishwasher to 13-16h off-peak.,0.364,hour=19 & kW>1.27
2010-05-07 04:00:00,Night_Idle_Waste,Low,"Idle consumption 1.04kW at 4h. Check standby: router, fridge, Sub_metering_3.",0.736,hour in 1-5 & kW>0.8
2010-05-07 20:00:00,Peak_Shift,Medium,High consumption 2.29kW at 20.0h (peak). Shift washing/dishwasher to 13-16h off-peak.,0.458,hour=20 & kW>1.22
2010-05-07 21:00:00,Peak_Shift,Medium,High consumption 2.30kW at 21.0h (peak). Shift washing/dishwasher to 13-16h off-peak.,0.46,hour=21 & kW>1.29
2010-05-08 01:00:00,Night_Idle_Waste,Low,"Idle consumption 2.14kW at 1h. Check standby: router, fridge, Sub_metering_3.",1.836,hour in 1-5 & kW>0.8
2010-05-08 02:00:00,Night_Idle_Waste,Low,"Idle consumption 1.21kW at 2h. Check standby: router, fridge, Sub_metering_3.",0.908,hour in 1-5 & kW>0.8
2010-05-08 03:00:00,Night_Idle_Waste,Low,"Idle consumption 0.90kW at 3h. Check standby: router, fridge, Sub_metering_3.",0.603,hour in 1-5 & kW>0.8
2010-05-08 21:00:00,Anomaly_Inspection,High,Anomaly detected: 3.27kW vs expected 0.87kW (residual 2.41). Check appliance left on.,2.407,z_score=4.58 | abs_error=2.41
2010-05-08 21:00:00,Peak_Shift,High,High consumption 3.27kW at 21.0h (peak). Shift washing/dishwasher to 13-16h off-peak.,0.655,hour=21 & kW>1.37
2010-05-09 19:00:00,Peak_Shift,Medium,High consumption 1.81kW at 19.0h (peak). Shift washing/dishwasher to 13-16h off-peak.,0.362,hour=19 & kW>1.22
2010-05-09 20:00:00,Peak_Shift,Medium,High consumption 2.49kW at 20.0h (peak). Shift washing/dishwasher to 13-16h off-peak.,0.498,hour=20 & kW>1.33
2010-05-09 21:00:00,Peak_Shift,Medium,High consumption 2.36kW at 21.0h (peak). Shift washing/dishwasher to 13-16h off-peak.,0.472,hour=21 & kW>1.28
2010-05-10 05:00:00,Night_Idle_Waste,Low,"Idle consumption 0.84kW at 5h. Check standby: router, fridge, Sub_metering_3.",0.536,hour in 1-5 & kW>0.8
2010-05-10 20:00:00,Peak_Shift,Medium,High consumption 2.41kW at 20.0h (peak). Shift washing/dishwasher to 13-16h off-peak.,0.482,hour=20 & kW>1.12
2010-05-10 21:00:00,Peak_Shift,Medium,High consumption 2.92kW at 21.0h (peak). Shift washing/dishwasher to 13-16h off-peak.,0.583,hour=21 & kW>1.15
2010-05-11 01:00:00,Night_Idle_Waste,Low,"Idle consumption 1.45kW at 1h. Check standby: router, fridge, Sub_metering_3.",1.148,hour in 1-5 & kW>0.8
2010-05-11 02:00:00,Night_Idle_Waste,Low,"Idle consumption 1.46kW at 2h. Check standby: router, fridge, Sub_metering_3.",1.158,hour in 1-5 & kW>0.8
2010-05-11 19:00:00,Peak_Shift,Medium,High consumption 2.06kW at 19.0h (peak). Shift washing/dishwasher to 13-16h off-peak.,0.412,hour=19 & kW>1.60
2010-05-12 01:00:00,Night_Idle_Waste,Low,"Idle consumption 0.99kW at 1h. Check standby: router, fridge, Sub_metering_3.",0.686,hour in 1-5 & kW>0.8
2010-05-12 20:00:00,Peak_Shift,Medium,High consumption 1.72kW at 20.0h (peak). Shift washing/dishwasher to 13-16h off-peak.,0.345,hour=20 & kW>1.53
2010-05-12 21:00:00,Peak_Shift,Medium,High consumption 1.79kW at 21.0h (peak). Shift washing/dishwasher to 13-16h off-peak.,0.357,hour=21 & kW>1.59
2010-05-13 18:00:00,Peak_Shift,Medium,High consumption 2.98kW at 18.0h (peak). Shift washing/dishwasher to 13-16h off-peak.,0.596,hour=18 & kW>1.28
2010-05-13 20:00:00,Peak_Shift,Medium,High consumption 1.81kW at 20.0h (peak). Shift washing/dishwasher to 13-16h off-peak.,0.361,hour=20 & kW>1.32
2010-05-13 21:00:00,Peak_Shift,Medium,High consumption 1.87kW at 21.0h (peak). Shift washing/dishwasher to 13-16h off-peak.,0.375,hour=21 & kW>1.33
2010-05-14 18:00:00,Peak_Shift,Medium,High consumption 1.73kW at 18.0h (peak). Shift washing/dishwasher to 13-16h off-peak.,0.346,hour=18 & kW>1.56
2010-05-14 19:00:00,Peak_Shift,Medium,High consumption 1.90kW at 19.0h (peak). Shift washing/dishwasher to 13-16h off-peak.,0.38,hour=19 & kW>1.59
2010-05-14 20:00:00,Peak_Shift,Medium,High consumption 1.64kW at 20.0h (peak). Shift washing/dishwasher to 13-16h off-peak.,0.327,hour=20 & kW>1.58
2010-05-15 05:00:00,Night_Idle_Waste,Low,"Idle consumption 1.10kW at 5h. Check standby: router, fridge, Sub_metering_3.",0.804,hour in 1-5 & kW>0.8
2010-05-15 19:00:00,Peak_Shift,Medium,High consumption 1.98kW at 19.0h (peak). Shift washing/dishwasher to 13-16h off-peak.,0.395,hour=19 & kW>1.10
2010-05-15 20:00:00,Peak_Shift,High,High consumption 3.08kW at 20.0h (peak). Shift washing/dishwasher to 13-16h off-peak.,0.617,hour=20 & kW>1.17
2010-05-15 21:00:00,Peak_Shift,High,High consumption 3.79kW at 21.0h (peak). Shift washing/dishwasher to 13-16h off-peak.,0.758,hour=21 & kW>1.33
2010-05-15 23:00:00,Anomaly_Inspection,High,Anomaly detected: 3.82kW vs expected 1.68kW (residual 2.14). Check appliance left on.,2.145,z_score=3.94 | abs_error=2.14
2010-05-16 01:00:00,Night_Idle_Waste,Low,"Idle consumption 1.77kW at 1h. Check standby: router, fridge, Sub_metering_3.",1.468,hour in 1-5 & kW>0.8
2010-05-16 02:00:00,Night_Idle_Waste,Low,"Idle consumption 1.96kW at 2h. Check standby: router, fridge, Sub_metering_3.",1.657,hour in 1-5 & kW>0.8
2010-05-16 03:00:00,Night_Idle_Waste,Low,"Idle consumption 1.45kW at 3h. Check standby: router, fridge, Sub_metering_3.",1.146,hour in 1-5 & kW>0.8
2010-05-16 19:00:00,Peak_Shift,High,High consumption 3.17kW at 19.0h (peak). Shift washing/dishwasher to 13-16h off-peak.,0.634,hour=19 & kW>1.95
2010-05-16 20:00:00,Peak_Shift,Medium,High consumption 2.58kW at 20.0h (peak). Shift washing/dishwasher to 13-16h off-peak.,0.515,hour=20 & kW>1.92
2010-05-16 21:00:00,Peak_Shift,Medium,High consumption 2.78kW at 21.0h (peak). Shift washing/dishwasher to 13-16h off-peak.,0.556,hour=21 & kW>1.87
2010-05-17 20:00:00,Peak_Shift,Medium,High consumption 1.59kW at 20.0h (peak). Shift washing/dishwasher to 13-16h off-peak.,0.319,hour=20 & kW>1.54
2010-05-17 21:00:00,Peak_Shift,Medium,High consumption 1.75kW at 21.0h (peak). Shift washing/dishwasher to 13-16h off-peak.,0.35,hour=21 & kW>1.49
2010-05-18 04:00:00,Night_Idle_Waste,Low,"Idle consumption 1.00kW at 4h. Check standby: router, fridge, Sub_metering_3.",0.697,hour in 1-5 & kW>0.8
2010-05-18 20:00:00,Peak_Shift,Medium,High consumption 1.99kW at 20.0h (peak). Shift washing/dishwasher to 13-16h off-peak.,0.397,hour=20 & kW>1.23
2010-05-19 01:00:00,Night_Idle_Waste,Low,"Idle consumption 0.90kW at 1h. Check standby: router, fridge, Sub_metering_3.",0.596,hour in 1-5 & kW>0.8
2010-05-19 20:00:00,Peak_Shift,Medium,High consumption 2.32kW at 20.0h (peak). Shift washing/dishwasher to 13-16h off-peak.,0.464,hour=20 & kW>1.15
2010-05-21 01:00:00,Night_Idle_Waste,Low,"Idle consumption 0.82kW at 1h. Check standby: router, fridge, Sub_metering_3.",0.521,hour in 1-5 & kW>0.8
2010-05-21 20:00:00,Peak_Shift,Medium,High consumption 1.74kW at 20.0h (peak). Shift washing/dishwasher to 13-16h off-peak.,0.348,hour=20 & kW>1.04
2010-05-22 02:00:00,Night_Idle_Waste,Low,"Idle consumption 0.95kW at 2h. Check standby: router, fridge, Sub_metering_3.",0.655,hour in 1-5 & kW>0.8
2010-05-22 19:00:00,Peak_Shift,Medium,High consumption 1.64kW at 19.0h (peak). Shift washing/dishwasher to 13-16h off-peak.,0.327,hour=19 & kW>1.61
2010-05-22 20:00:00,Peak_Shift,Medium,High consumption 2.60kW at 20.0h (peak). Shift washing/dishwasher to 13-16h off-peak.,0.521,hour=20 & kW>1.65
2010-05-22 21:00:00,Peak_Shift,Medium,High consumption 1.86kW at 21.0h (peak). Shift washing/dishwasher to 13-16h off-peak.,0.373,hour=21 & kW>1.70
2010-05-23 05:00:00,Night_Idle_Waste,Low,"Idle consumption 1.08kW at 5h. Check standby: router, fridge, Sub_metering_3.",0.779,hour in 1-5 & kW>0.8
2010-05-23 21:00:00,Peak_Shift,Medium,High consumption 1.96kW at 21.0h (peak). Shift washing/dishwasher to 13-16h off-peak.,0.392,hour=21 & kW>1.23
2010-05-24 18:00:00,Peak_Shift,Medium,High consumption 1.71kW at 18.0h (peak). Shift washing/dishwasher to 13-16h off-peak.,0.341,hour=18 & kW>1.04
2010-05-24 20:00:00,Peak_Shift,Medium,High consumption 2.25kW at 20.0h (peak). Shift washing/dishwasher to 13-16h off-peak.,0.451,hour=20 & kW>1.14
2010-05-24 21:00:00,Peak_Shift,Medium,High consumption 2.45kW at 21.0h (peak). Shift washing/dishwasher to 13-16h off-peak.,0.489,hour=21 & kW>1.17
2010-05-25 20:00:00,Peak_Shift,Medium,High consumption 1.92kW at 20.0h (peak). Shift washing/dishwasher to 13-16h off-peak.,0.385,hour=20 & kW>1.05
2010-05-25 21:00:00,Peak_Shift,Medium,High consumption 1.89kW at 21.0h (peak). Shift washing/dishwasher to 13-16h off-peak.,0.378,hour=21 & kW>1.02
2010-05-26 19:00:00,Peak_Shift,Medium,High consumption 2.69kW at 19.0h (peak). Shift washing/dishwasher to 13-16h off-peak.,0.538,hour=19 & kW>1.21
2010-05-26 20:00:00,Peak_Shift,Medium,High consumption 2.17kW at 20.0h (peak). Shift washing/dishwasher to 13-16h off-peak.,0.434,hour=20 & kW>1.22
2010-05-27 20:00:00,Peak_Shift,Medium,High consumption 1.89kW at 20.0h (peak). Shift washing/dishwasher to 13-16h off-peak.,0.378,hour=20 & kW>1.03
2010-05-29 18:00:00,Peak_Shift,High,High consumption 3.41kW at 18.0h (peak). Shift washing/dishwasher to 13-16h off-peak.,0.682,hour=18 & kW>1.43
2010-05-29 18:00:00,Anomaly_Inspection,High,Anomaly detected: 3.41kW vs expected 1.23kW (residual 2.18). Check appliance left on.,2.182,z_score=4.86 | abs_error=2.18
2010-05-29 19:00:00,Peak_Shift,Medium,High consumption 2.41kW at 19.0h (peak). Shift washing/dishwasher to 13-16h off-peak.,0.481,hour=19 & kW>1.51
2010-05-29 20:00:00,Peak_Shift,Medium,High consumption 1.65kW at 20.0h (peak). Shift washing/dishwasher to 13-16h off-peak.,0.33,hour=20 & kW>1.57
2010-05-29 21:00:00,Peak_Shift,Medium,High consumption 2.24kW at 21.0h (peak). Shift washing/dishwasher to 13-16h off-peak.,0.448,hour=21 & kW>1.63
2010-05-30 01:00:00,Night_Idle_Waste,Low,"Idle consumption 1.42kW at 1h. Check standby: router, fridge, Sub_metering_3.",1.124,hour in 1-5 & kW>0.8
2010-05-30 18:00:00,Peak_Shift,Medium,High consumption 1.82kW at 18.0h (peak). Shift washing/dishwasher to 13-16h off-peak.,0.365,hour=18 & kW>1.51
2010-05-30 19:00:00,Peak_Shift,Medium,High consumption 2.13kW at 19.0h (peak). Shift washing/dishwasher to 13-16h off-peak.,0.427,hour=19 & kW>1.49
2010-05-30 20:00:00,Peak_Shift,High,High consumption 3.00kW at 20.0h (peak). Shift washing/dishwasher to 13-16h off-peak.,0.601,hour=20 & kW>1.56
2010-05-30 21:00:00,Peak_Shift,Medium,High consumption 2.28kW at 21.0h (peak). Shift washing/dishwasher to 13-16h off-peak.,0.456,hour=21 & kW>1.56
2010-05-31 18:00:00,Peak_Shift,Medium,High consumption 1.72kW at 18.0h (peak). Shift washing/dishwasher to 13-16h off-peak.,0.343,hour=18 & kW>1.28
2010-06-02 02:00:00,Night_Idle_Waste,Low,"Idle consumption 1.10kW at 2h. Check standby: router, fridge, Sub_metering_3.",0.8,hour in 1-5 & kW>0.8
2010-06-03 03:00:00,Night_Idle_Waste,Low,"Idle consumption 1.01kW at 3h. Check standby: router, fridge, Sub_metering_3.",0.706,hour in 1-5 & kW>0.8
2010-06-04 01:00:00,Night_Idle_Waste,Low,"Idle consumption 1.35kW at 1h. Check standby: router, fridge, Sub_metering_3.",1.054,hour in 1-5 & kW>0.8
2010-06-04 21:00:00,Peak_Shift,Medium,High consumption 1.80kW at 21.0h (peak). Shift washing/dishwasher to 13-16h off-peak.,0.36,hour=21 & kW>1.10
2010-06-05 01:00:00,Night_Idle_Waste,Low,"Idle consumption 0.94kW at 1h. Check standby: router, fridge, Sub_metering_3.",0.636,hour in 1-5 & kW>0.8
2010-06-05 18:00:00,Peak_Shift,Medium,High consumption 2.01kW at 18.0h (peak). Shift washing/dishwasher to 13-16h off-peak.,0.402,hour=18 & kW>1.42
2010-06-05 19:00:00,Peak_Shift,Medium,High consumption 1.81kW at 19.0h (peak). Shift washing/dishwasher to 13-16h off-peak.,0.361,hour=19 & kW>1.49
2010-06-05 20:00:00,Peak_Shift,Medium,High consumption 1.73kW at 20.0h (peak). Shift washing/dishwasher to 13-16h off-peak.,0.346,hour=20 & kW>1.55
2010-06-05 22:00:00,Anomaly_Inspection,High,Anomaly detected: 3.02kW vs expected 0.90kW (residual 2.12). Check appliance left on.,2.12,z_score=4.25 | abs_error=2.12
2010-06-06 01:00:00,Night_Idle_Waste,Low,"Idle consumption 1.40kW at 1h. Check standby: router, fridge, Sub_metering_3.",1.097,hour in 1-5 & kW>0.8
2010-06-06 21:00:00,Peak_Shift,Medium,High consumption 2.14kW at 21.0h (peak). Shift washing/dishwasher to 13-16h off-peak.,0.428,hour=21 & kW>1.60
2010-06-08 01:00:00,Night_Idle_Waste,Low,"Idle consumption 0.82kW at 1h. Check standby: router, fridge, Sub_metering_3.",0.52,hour in 1-5 & kW>0.8
2010-06-09 18:00:00,Peak_Shift,Medium,High consumption 1.56kW at 18.0h (peak). Shift washing/dishwasher to 13-16h off-peak.,0.311,hour=18 & kW>1.21
2010-06-09 20:00:00,Peak_Shift,Medium,High consumption 1.92kW at 20.0h (peak). Shift washing/dishwasher to 13-16h off-peak.,0.384,hour=20 & kW>1.24
2010-06-09 21:00:00,Peak_Shift,Medium,High consumption 1.51kW at 21.0h (peak). Shift washing/dishwasher to 13-16h off-peak.,0.303,hour=21 & kW>1.25
2010-06-10 20:00:00,Peak_Shift,Medium,High consumption 1.74kW at 20.0h (peak). Shift washing/dishwasher to 13-16h off-peak.,0.347,hour=20 & kW>1.08
2010-06-11 19:00:00,Peak_Shift,Medium,High consumption 1.75kW at 19.0h (peak). Shift washing/dishwasher to 13-16h off-peak.,0.35,hour=19 & kW>1.21
2010-06-12 02:00:00,Night_Idle_Waste,Low,"Idle consumption 0.80kW at 2h. Check standby: router, fridge, Sub_metering_3.",0.503,hour in 1-5 & kW>0.8
2010-06-12 18:00:00,Peak_Shift,Medium,High consumption 2.11kW at 18.0h (peak). Shift washing/dishwasher to 13-16h off-peak.,0.423,hour=18 & kW>1.43
2010-06-12 19:00:00,Peak_Shift,Medium,High consumption 2.52kW at 19.0h (peak). Shift washing/dishwasher to 13-16h off-peak.,0.504,hour=19 & kW>1.46
2010-06-12 20:00:00,Peak_Shift,Medium,High consumption 1.66kW at 20.0h (peak). Shift washing/dishwasher to 13-16h off-peak.,0.332,hour=20 & kW>1.52
2010-06-12 21:00:00,Peak_Shift,Medium,High consumption 1.84kW at 21.0h (peak). Shift washing/dishwasher to 13-16h off-peak.,0.369,hour=21 & kW>1.55
2010-06-13 04:00:00,Night_Idle_Waste,Low,"Idle consumption 0.89kW at 4h. Check standby: router, fridge, Sub_metering_3.",0.591,hour in 1-5 & kW>0.8
2010-06-13 19:00:00,Peak_Shift,Medium,High consumption 2.03kW at 19.0h (peak). Shift washing/dishwasher to 13-16h off-peak.,0.406,hour=19 & kW>1.48
2010-06-13 21:00:00,Peak_Shift,Medium,High consumption 2.56kW at 21.0h (peak). Shift washing/dishwasher to 13-16h off-peak.,0.513,hour=21 & kW>1.49
2010-06-14 02:00:00,Night_Idle_Waste,Low,"Idle consumption 0.87kW at 2h. Check standby: router, fridge, Sub_metering_3.",0.565,hour in 1-5 & kW>0.8
2010-06-14 20:00:00,Peak_Shift,Medium,High consumption 1.62kW at 20.0h (peak). Shift washing/dishwasher to 13-16h off-peak.,0.324,hour=20 & kW>1.11
2010-06-15 20:00:00,Peak_Shift,Medium,High consumption 1.62kW at 20.0h (peak). Shift washing/dishwasher to 13-16h off-peak.,0.324,hour=20 & kW>0.99
2010-06-16 01:00:00,Night_Idle_Waste,Low,"Idle consumption 0.89kW at 1h. Check standby: router, fridge, Sub_metering_3.",0.595,hour in 1-5 & kW>0.8
2010-06-16 02:00:00,Night_Idle_Waste,Low,"Idle consumption 1.31kW at 2h. Check standby: router, fridge, Sub_metering_3.",1.012,hour in 1-5 & kW>0.8
2010-06-16 21:00:00,Peak_Shift,Medium,High consumption 2.25kW at 21.0h (peak). Shift washing/dishwasher to 13-16h off-peak.,0.451,hour=21 & kW>1.45
2010-06-17 20:00:00,Peak_Shift,Medium,High consumption 1.76kW at 20.0h (peak). Shift washing/dishwasher to 13-16h off-peak.,0.351,hour=20 & kW>0.99
2010-06-18 20:00:00,Peak_Shift,Medium,High consumption 1.75kW at 20.0h (peak). Shift washing/dishwasher to 13-16h off-peak.,0.35,hour=20 & kW>1.11
2010-06-19 01:00:00,Night_Idle_Waste,Low,"Idle consumption 0.81kW at 1h. Check standby: router, fridge, Sub_metering_3.",0.51,hour in 1-5 & kW>0.8
2010-06-19 21:00:00,Peak_Shift,Medium,High consumption 2.29kW at 21.0h (peak). Shift washing/dishwasher to 13-16h off-peak.,0.458,hour=21 & kW>1.07
2010-06-20 18:00:00,Peak_Shift,Medium,High consumption 2.61kW at 18.0h (peak). Shift washing/dishwasher to 13-16h off-peak.,0.521,hour=18 & kW>1.24
2010-06-20 19:00:00,Peak_Shift,High,High consumption 3.05kW at 19.0h (peak). Shift washing/dishwasher to 13-16h off-peak.,0.611,hour=19 & kW>1.38
2010-06-20 20:00:00,Peak_Shift,Medium,High consumption 2.11kW at 20.0h (peak). Shift washing/dishwasher to 13-16h off-peak.,0.421,hour=20 & kW>1.45
2010-06-20 21:00:00,Peak_Shift,Medium,High consumption 1.79kW at 21.0h (peak). Shift washing/dishwasher to 13-16h off-peak.,0.357,hour=21 & kW>1.42
2010-06-21 02:00:00,Night_Idle_Waste,Low,"Idle consumption 0.94kW at 2h. Check standby: router, fridge, Sub_metering_3.",0.639,hour in 1-5 & kW>0.8
2010-06-21 18:00:00,Peak_Shift,Medium,High consumption 2.52kW at 18.0h (peak). Shift washing/dishwasher to 13-16h off-peak.,0.503,hour=18 & kW>1.47
2010-06-21 19:00:00,Peak_Shift,Medium,High consumption 1.94kW at 19.0h (peak). Shift washing/dishwasher to 13-16h off-peak.,0.389,hour=19 & kW>1.42
2010-06-21 20:00:00,Peak_Shift,Medium,High consumption 1.84kW at 20.0h (peak). Shift washing/dishwasher to 13-16h off-peak.,0.367,hour=20 & kW>1.40
2010-06-22 18:00:00,Peak_Shift,Medium,High consumption 1.59kW at 18.0h (peak). Shift washing/dishwasher to 13-16h off-peak.,0.318,hour=18 & kW>1.34
2010-06-23 18:00:00,Peak_Shift,Medium,High consumption 1.75kW at 18.0h (peak). Shift washing/dishwasher to 13-16h off-peak.,0.35,hour=18 & kW>1.09
2010-06-23 19:00:00,Peak_Shift,Medium,High consumption 1.96kW at 19.0h (peak). Shift washing/dishwasher to 13-16h off-peak.,0.392,hour=19 & kW>1.14
2010-06-23 21:00:00,Peak_Shift,High,High consumption 3.94kW at 21.0h (peak). Shift washing/dishwasher to 13-16h off-peak.,0.788,hour=21 & kW>1.28
2010-06-23 21:00:00,Anomaly_Inspection,High,Anomaly detected: 3.94kW vs expected 1.30kW (residual 2.65). Check appliance left on.,2.645,z_score=5.15 | abs_error=2.65
2010-06-24 19:00:00,Peak_Shift,Medium,High consumption 1.53kW at 19.0h (peak). Shift washing/dishwasher to 13-16h off-peak.,0.305,hour=19 & kW>1.02
2010-06-26 05:00:00,Night_Idle_Waste,Low,"Idle consumption 0.86kW at 5h. Check standby: router, fridge, Sub_metering_3.",0.561,hour in 1-5 & kW>0.8
2010-06-27 02:00:00,Night_Idle_Waste,Low,"Idle consumption 0.85kW at 2h. Check standby: router, fridge, Sub_metering_3.",0.545,hour in 1-5 & kW>0.8
2010-06-28 18:00:00,Peak_Shift,Medium,High consumption 1.81kW at 18.0h (peak). Shift washing/dishwasher to 13-16h off-peak.,0.362,hour=18 & kW>1.09
2010-06-29 21:00:00,Peak_Shift,Medium,High consumption 1.72kW at 21.0h (peak). Shift washing/dishwasher to 13-16h off-peak.,0.344,hour=21 & kW>1.19
2010-06-30 05:00:00,Night_Idle_Waste,Low,"Idle consumption 0.95kW at 5h. Check standby: router, fridge, Sub_metering_3.",0.647,hour in 1-5 & kW>0.8
2010-07-01 00:00:00,Anomaly_Inspection,High,Anomaly detected: 3.33kW vs expected 1.21kW (residual 2.12). Check appliance left on.,2.12,z_score=5.14 | abs_error=2.12
2010-07-01 01:00:00,Night_Idle_Waste,Low,"Idle consumption 0.87kW at 1h. Check standby: router, fridge, Sub_metering_3.",0.567,hour in 1-5 & kW>0.8
2010-07-02 03:00:00,Night_Idle_Waste,Low,"Idle consumption 1.61kW at 3h. Check standby: router, fridge, Sub_metering_3.",1.312,hour in 1-5 & kW>0.8
2010-07-02 04:00:00,Night_Idle_Waste,Low,"Idle consumption 1.10kW at 4h. Check standby: router, fridge, Sub_metering_3.",0.804,hour in 1-5 & kW>0.8
2010-07-02 05:00:00,Night_Idle_Waste,Low,"Idle consumption 0.85kW at 5h. Check standby: router, fridge, Sub_metering_3.",0.548,hour in 1-5 & kW>0.8
2010-07-02 20:00:00,Peak_Shift,Medium,High consumption 1.51kW at 20.0h (peak). Shift washing/dishwasher to 13-16h off-peak.,0.302,hour=20 & kW>0.99
2010-07-03 02:00:00,Night_Idle_Waste,Low,"Idle consumption 1.49kW at 2h. Check standby: router, fridge, Sub_metering_3.",1.191,hour in 1-5 & kW>0.8
2010-07-04 01:00:00,Night_Idle_Waste,Low,"Idle consumption 1.62kW at 1h. Check standby: router, fridge, Sub_metering_3.",1.322,hour in 1-5 & kW>0.8
2010-07-04 02:00:00,Night_Idle_Waste,Low,"Idle consumption 1.81kW at 2h. Check standby: router, fridge, Sub_metering_3.",1.509,hour in 1-5 & kW>0.8
2010-07-04 03:00:00,Night_Idle_Waste,Low,"Idle consumption 1.72kW at 3h. Check standby: router, fridge, Sub_metering_3.",1.424,hour in 1-5 & kW>0.8
2010-07-04 04:00:00,Night_Idle_Waste,Low,"Idle consumption 1.63kW at 4h. Check standby: router, fridge, Sub_metering_3.",1.331,hour in 1-5 & kW>0.8
2010-07-04 05:00:00,Night_Idle_Waste,Low,"Idle consumption 1.55kW at 5h. Check standby: router, fridge, Sub_metering_3.",1.255,hour in 1-5 & kW>0.8
2010-07-05 21:00:00,Peak_Shift,Medium,High consumption 1.87kW at 21.0h (peak). Shift washing/dishwasher to 13-16h off-peak.,0.374,hour=21 & kW>0.85
2010-07-06 20:00:00,Peak_Shift,Medium,High consumption 1.53kW at 20.0h (peak). Shift washing/dishwasher to 13-16h off-peak.,0.306,hour=20 & kW>1.02
2010-07-08 20:00:00,Peak_Shift,Medium,High consumption 1.95kW at 20.0h (peak). Shift washing/dishwasher to 13-16h off-peak.,0.391,hour=20 & kW>0.89
2010-07-10 03:00:00,Night_Idle_Waste,Low,"Idle consumption 1.13kW at 3h. Check standby: router, fridge, Sub_metering_3.",0.835,hour in 1-5 & kW>0.8
2010-07-11 19:00:00,Peak_Shift,Medium,High consumption 1.95kW at 19.0h (peak). Shift washing/dishwasher to 13-16h off-peak.,0.39,hour=19 & kW>0.82
2010-07-12 20:00:00,Peak_Shift,Medium,High consumption 1.50kW at 20.0h (peak). Shift washing/dishwasher to 13-16h off-peak.,0.301,hour=20 & kW>0.97
2010-07-12 21:00:00,Peak_Shift,Medium,High consumption 2.00kW at 21.0h (peak). Shift washing/dishwasher to 13-16h off-peak.,0.4,hour=21 & kW>1.02
2010-07-13 20:00:00,Peak_Shift,Medium,High consumption 1.57kW at 20.0h (peak). Shift washing/dishwasher to 13-16h off-peak.,0.314,hour=20 & kW>1.13
2010-07-13 21:00:00,Peak_Shift,Medium,High consumption 2.11kW at 21.0h (peak). Shift washing/dishwasher to 13-16h off-peak.,0.423,hour=21 & kW>1.14
2010-07-14 21:00:00,Peak_Shift,Medium,High consumption 2.28kW at 21.0h (peak). Shift washing/dishwasher to 13-16h off-peak.,0.456,hour=21 & kW>1.00
2010-07-15 01:00:00,Night_Idle_Waste,Low,"Idle consumption 1.38kW at 1h. Check standby: router, fridge, Sub_metering_3.",1.084,hour in 1-5 & kW>0.8
2010-07-15 02:00:00,Night_Idle_Waste,Low,"Idle consumption 1.26kW at 2h. Check standby: router, fridge, Sub_metering_3.",0.959,hour in 1-5 & kW>0.8
2010-07-15 03:00:00,Night_Idle_Waste,Low,"Idle consumption 0.80kW at 3h. Check standby: router, fridge, Sub_metering_3.",0.502,hour in 1-5 & kW>0.8
2010-07-15 04:00:00,Night_Idle_Waste,Low,"Idle consumption 0.84kW at 4h. Check standby: router, fridge, Sub_metering_3.",0.535,hour in 1-5 & kW>0.8
2010-07-15 21:00:00,Peak_Shift,Medium,High consumption 1.73kW at 21.0h (peak). Shift washing/dishwasher to 13-16h off-peak.,0.346,hour=21 & kW>1.49
2010-07-17 01:00:00,Night_Idle_Waste,Low,"Idle consumption 1.02kW at 1h. Check standby: router, fridge, Sub_metering_3.",0.719,hour in 1-5 & kW>0.8
2010-07-17 02:00:00,Night_Idle_Waste,Low,"Idle consumption 1.01kW at 2h. Check standby: router, fridge, Sub_metering_3.",0.715,hour in 1-5 & kW>0.8
2010-07-20 20:00:00,Peak_Shift,Medium,High consumption 1.62kW at 20.0h (peak). Shift washing/dishwasher to 13-16h off-peak.,0.324,hour=20 & kW>0.72
2010-07-22 01:00:00,Night_Idle_Waste,Low,"Idle consumption 2.17kW at 1h. Check standby: router, fridge, Sub_metering_3.",1.868,hour in 1-5 & kW>0.8
2010-07-22 02:00:00,Night_Idle_Waste,Low,"Idle consumption 1.46kW at 2h. Check standby: router, fridge, Sub_metering_3.",1.162,hour in 1-5 & kW>0.8
2010-07-22 03:00:00,Night_Idle_Waste,Low,"Idle consumption 1.40kW at 3h. Check standby: router, fridge, Sub_metering_3.",1.104,hour in 1-5 & kW>0.8
2010-07-22 04:00:00,Night_Idle_Waste,Low,"Idle consumption 1.37kW at 4h. Check standby: router, fridge, Sub_metering_3.",1.068,hour in 1-5 & kW>0.8
2010-07-23 01:00:00,Night_Idle_Waste,Low,"Idle consumption 1.26kW at 1h. Check standby: router, fridge, Sub_metering_3.",0.964,hour in 1-5 & kW>0.8
2010-07-23 03:00:00,Night_Idle_Waste,Low,"Idle consumption 1.24kW at 3h. Check standby: router, fridge, Sub_metering_3.",0.945,hour in 1-5 & kW>0.8
2010-07-23 04:00:00,Night_Idle_Waste,Low,"Idle consumption 1.11kW at 4h. Check standby: router, fridge, Sub_metering_3.",0.815,hour in 1-5 & kW>0.8
2010-07-23 05:00:00,Night_Idle_Waste,Low,"Idle consumption 0.84kW at 5h. Check standby: router, fridge, Sub_metering_3.",0.545,hour in 1-5 & kW>0.8
2010-07-23 20:00:00,Peak_Shift,Medium,High consumption 1.50kW at 20.0h (peak). Shift washing/dishwasher to 13-16h off-peak.,0.3,hour=20 & kW>0.94
2010-07-23 21:00:00,Peak_Shift,Medium,High consumption 1.65kW at 21.0h (peak). Shift washing/dishwasher to 13-16h off-peak.,0.33,hour=21 & kW>0.98
2010-07-24 21:00:00,Peak_Shift,Medium,High consumption 1.75kW at 21.0h (peak). Shift washing/dishwasher to 13-16h off-peak.,0.351,hour=21 & kW>0.74
2010-07-25 01:00:00,Night_Idle_Waste,Low,"Idle consumption 0.90kW at 1h. Check standby: router, fridge, Sub_metering_3.",0.601,hour in 1-5 & kW>0.8
2010-07-27 01:00:00,Night_Idle_Waste,Low,"Idle consumption 1.62kW at 1h. Check standby: router, fridge, Sub_metering_3.",1.318,hour in 1-5 & kW>0.8
2010-07-27 02:00:00,Night_Idle_Waste,Low,"Idle consumption 0.81kW at 2h. Check standby: router, fridge, Sub_metering_3.",0.51,hour in 1-5 & kW>0.8
2010-07-28 01:00:00,Night_Idle_Waste,Low,"Idle consumption 1.42kW at 1h. Check standby: router, fridge, Sub_metering_3.",1.123,hour in 1-5 & kW>0.8
2010-07-31 05:00:00,Night_Idle_Waste,Low,"Idle consumption 1.01kW at 5h. Check standby: router, fridge, Sub_metering_3.",0.705,hour in 1-5 & kW>0.8
2010-08-01 05:00:00,Night_Idle_Waste,Low,"Idle consumption 0.94kW at 5h. Check standby: router, fridge, Sub_metering_3.",0.64,hour in 1-5 & kW>0.8
2010-08-02 05:00:00,Night_Idle_Waste,Low,"Idle consumption 0.86kW at 5h. Check standby: router, fridge, Sub_metering_3.",0.56,hour in 1-5 & kW>0.8
2010-08-03 04:00:00,Night_Idle_Waste,Low,"Idle consumption 0.92kW at 4h. Check standby: router, fridge, Sub_metering_3.",0.624,hour in 1-5 & kW>0.8
2010-08-04 04:00:00,Night_Idle_Waste,Low,"Idle consumption 1.15kW at 4h. Check standby: router, fridge, Sub_metering_3.",0.855,hour in 1-5 & kW>0.8
2010-08-05 04:00:00,Night_Idle_Waste,Low,"Idle consumption 0.86kW at 4h. Check standby: router, fridge, Sub_metering_3.",0.563,hour in 1-5 & kW>0.8
2010-08-06 03:00:00,Night_Idle_Waste,Low,"Idle consumption 1.23kW at 3h. Check standby: router, fridge, Sub_metering_3.",0.926,hour in 1-5 & kW>0.8
2010-08-07 02:00:00,Night_Idle_Waste,Low,"Idle consumption 0.91kW at 2h. Check standby: router, fridge, Sub_metering_3.",0.613,hour in 1-5 & kW>0.8
2010-08-08 02:00:00,Night_Idle_Waste,Low,"Idle consumption 1.18kW at 2h. Check standby: router, fridge, Sub_metering_3.",0.883,hour in 1-5 & kW>0.8
2010-08-09 01:00:00,Night_Idle_Waste,Low,"Idle consumption 0.85kW at 1h. Check standby: router, fridge, Sub_metering_3.",0.547,hour in 1-5 & kW>0.8
2010-08-10 01:00:00,Night_Idle_Waste,Low,"Idle consumption 1.25kW at 1h. Check standby: router, fridge, Sub_metering_3.",0.949,hour in 1-5 & kW>0.8
2010-08-11 01:00:00,Night_Idle_Waste,Low,"Idle consumption 1.13kW at 1h. Check standby: router, fridge, Sub_metering_3.",0.835,hour in 1-5 & kW>0.8
2010-08-12 01:00:00,Night_Idle_Waste,Low,"Idle consumption 0.94kW at 1h. Check standby: router, fridge, Sub_metering_3.",0.642,hour in 1-5 & kW>0.8
2010-08-15 18:00:00,Peak_Shift,Medium,High consumption 2.18kW at 18.0h (peak). Shift washing/dishwasher to 13-16h off-peak.,0.435,hour=18 & kW>0.73
2010-08-17 01:00:00,Night_Idle_Waste,Low,"Idle consumption 1.08kW at 1h. Check standby: router, fridge, Sub_metering_3.",0.78,hour in 1-5 & kW>0.8
2010-08-17 02:00:00,Night_Idle_Waste,Low,"Idle consumption 0.82kW at 2h. Check standby: router, fridge, Sub_metering_3.",0.525,hour in 1-5 & kW>0.8
2010-08-17 04:00:00,Night_Idle_Waste,Low,"Idle consumption 0.81kW at 4h. Check standby: router, fridge, Sub_metering_3.",0.513,hour in 1-5 & kW>0.8
2010-08-17 05:00:00,Night_Idle_Waste,Low,"Idle consumption 0.80kW at 5h. Check standby: router, fridge, Sub_metering_3.",0.501,hour in 1-5 & kW>0.8
2010-08-18 01:00:00,Night_Idle_Waste,Low,"Idle consumption 0.90kW at 1h. Check standby: router, fridge, Sub_metering_3.",0.597,hour in 1-5 & kW>0.8
2010-08-18 02:00:00,Night_Idle_Waste,Low,"Idle consumption 0.89kW at 2h. Check standby: router, fridge, Sub_metering_3.",0.595,hour in 1-5 & kW>0.8
2010-08-18 03:00:00,Night_Idle_Waste,Low,"Idle consumption 0.89kW at 3h. Check standby: router, fridge, Sub_metering_3.",0.592,hour in 1-5 & kW>0.8
2010-08-18 04:00:00,Night_Idle_Waste,Low,"Idle consumption 0.89kW at 4h. Check standby: router, fridge, Sub_metering_3.",0.59,hour in 1-5 & kW>0.8
2010-08-18 05:00:00,Night_Idle_Waste,Low,"Idle consumption 0.89kW at 5h. Check standby: router, fridge, Sub_metering_3.",0.588,hour in 1-5 & kW>0.8
2010-08-19 01:00:00,Night_Idle_Waste,Low,"Idle consumption 0.85kW at 1h. Check standby: router, fridge, Sub_metering_3.",0.546,hour in 1-5 & kW>0.8
2010-08-19 02:00:00,Night_Idle_Waste,Low,"Idle consumption 0.84kW at 2h. Check standby: router, fridge, Sub_metering_3.",0.544,hour in 1-5 & kW>0.8
2010-08-19 03:00:00,Night_Idle_Waste,Low,"Idle consumption 0.84kW at 3h. Check standby: router, fridge, Sub_metering_3.",0.542,hour in 1-5 & kW>0.8
2010-08-19 04:00:00,Night_Idle_Waste,Low,"Idle consumption 0.84kW at 4h. Check standby: router, fridge, Sub_metering_3.",0.54,hour in 1-5 & kW>0.8
2010-08-19 05:00:00,Night_Idle_Waste,Low,"Idle consumption 0.84kW at 5h. Check standby: router, fridge, Sub_metering_3.",0.538,hour in 1-5 & kW>0.8
2010-08-25 04:00:00,Night_Idle_Waste,Low,"Idle consumption 0.84kW at 4h. Check standby: router, fridge, Sub_metering_3.",0.539,hour in 1-5 & kW>0.8
2010-08-25 21:00:00,Peak_Shift,Medium,High consumption 1.58kW at 21.0h (peak). Shift washing/dishwasher to 13-16h off-peak.,0.316,hour=21 & kW>0.75
2010-08-27 04:00:00,Night_Idle_Waste,Low,"Idle consumption 1.11kW at 4h. Check standby: router, fridge, Sub_metering_3.",0.809,hour in 1-5 & kW>0.8
2010-08-27 18:00:00,Peak_Shift,Medium,High consumption 2.80kW at 18.0h (peak). Shift washing/dishwasher to 13-16h off-peak.,0.56,hour=18 & kW>1.38
2010-08-27 19:00:00,Peak_Shift,High,High consumption 3.05kW at 19.0h (peak). Shift washing/dishwasher to 13-16h off-peak.,0.611,hour=19 & kW>1.51
2010-08-27 20:00:00,Peak_Shift,Medium,High consumption 2.08kW at 20.0h (peak). Shift washing/dishwasher to 13-16h off-peak.,0.416,hour=20 & kW>1.59
2010-08-27 21:00:00,Peak_Shift,Medium,High consumption 2.33kW at 21.0h (peak). Shift washing/dishwasher to 13-16h off-peak.,0.466,hour=21 & kW>1.67
2010-08-28 05:00:00,Night_Idle_Waste,Low,"Idle consumption 0.96kW at 5h. Check standby: router, fridge, Sub_metering_3.",0.664,hour in 1-5 & kW>0.8
2010-08-29 05:00:00,Night_Idle_Waste,Low,"Idle consumption 1.12kW at 5h. Check standby: router, fridge, Sub_metering_3.",0.819,hour in 1-5 & kW>0.8
2010-08-29 19:00:00,Peak_Shift,Medium,High consumption 1.75kW at 19.0h (peak). Shift washing/dishwasher to 13-16h off-peak.,0.349,hour=19 & kW>1.04
2010-08-29 20:00:00,Peak_Shift,Medium,High consumption 2.20kW at 20.0h (peak). Shift washing/dishwasher to 13-16h off-peak.,0.44,hour=20 & kW>1.11
2010-08-29 21:00:00,Peak_Shift,High,High consumption 3.23kW at 21.0h (peak). Shift washing/dishwasher to 13-16h off-peak.,0.647,hour=21 & kW>1.26
2010-08-30 21:00:00,Peak_Shift,Medium,High consumption 2.24kW at 21.0h (peak). Shift washing/dishwasher to 13-16h off-peak.,0.448,hour=21 & kW>1.32
2010-08-31 04:00:00,Night_Idle_Waste,Low,"Idle consumption 1.04kW at 4h. Check standby: router, fridge, Sub_metering_3.",0.735,hour in 1-5 & kW>0.8
2010-08-31 18:00:00,Peak_Shift,Medium,High consumption 1.79kW at 18.0h (peak). Shift washing/dishwasher to 13-16h off-peak.,0.358,hour=18 & kW>1.16
2010-08-31 20:00:00,Peak_Shift,Medium,High consumption 1.82kW at 20.0h (peak). Shift washing/dishwasher to 13-16h off-peak.,0.364,hour=20 & kW>1.22
2010-09-01 04:00:00,Night_Idle_Waste,Low,"Idle consumption 0.80kW at 4h. Check standby: router, fridge, Sub_metering_3.",0.503,hour in 1-5 & kW>0.8
2010-09-01 20:00:00,Peak_Shift,Medium,High consumption 1.86kW at 20.0h (peak). Shift washing/dishwasher to 13-16h off-peak.,0.372,hour=20 & kW>1.24
2010-09-01 21:00:00,Peak_Shift,Medium,High consumption 2.54kW at 21.0h (peak). Shift washing/dishwasher to 13-16h off-peak.,0.507,hour=21 & kW>1.31
2010-09-02 20:00:00,Peak_Shift,Medium,High consumption 2.41kW at 20.0h (peak). Shift washing/dishwasher to 13-16h off-peak.,0.481,hour=20 & kW>1.21
2010-09-02 21:00:00,Peak_Shift,Medium,High consumption 1.59kW at 21.0h (peak). Shift washing/dishwasher to 13-16h off-peak.,0.318,hour=21 & kW>1.16
2010-09-03 05:00:00,Night_Idle_Waste,Low,"Idle consumption 0.96kW at 5h. Check standby: router, fridge, Sub_metering_3.",0.656,hour in 1-5 & kW>0.8
2010-09-03 20:00:00,Peak_Shift,Medium,High consumption 2.31kW at 20.0h (peak). Shift washing/dishwasher to 13-16h off-peak.,0.461,hour=20 & kW>1.05
2010-09-03 21:00:00,Peak_Shift,Medium,High consumption 1.80kW at 21.0h (peak). Shift washing/dishwasher to 13-16h off-peak.,0.361,hour=21 & kW>1.07
2010-09-04 04:00:00,Night_Idle_Waste,Low,"Idle consumption 1.06kW at 4h. Check standby: router, fridge, Sub_metering_3.",0.763,hour in 1-5 & kW>0.8
2010-09-04 18:00:00,Peak_Shift,Medium,High consumption 1.61kW at 18.0h (peak). Shift washing/dishwasher to 13-16h off-peak.,0.322,hour=18 & kW>1.34
2010-09-04 19:00:00,Peak_Shift,Medium,High consumption 1.62kW at 19.0h (peak). Shift washing/dishwasher to 13-16h off-peak.,0.323,hour=19 & kW>1.39
2010-09-04 20:00:00,Peak_Shift,Medium,High consumption 2.28kW at 20.0h (peak). Shift washing/dishwasher to 13-16h off-peak.,0.456,hour=20 & kW>1.39
2010-09-04 21:00:00,Peak_Shift,Medium,High consumption 2.52kW at 21.0h (peak). Shift washing/dishwasher to 13-16h off-peak.,0.504,hour=21 & kW>1.43
2010-09-05 21:00:00,Peak_Shift,Medium,High consumption 2.12kW at 21.0h (peak). Shift washing/dishwasher to 13-16h off-peak.,0.424,hour=21 & kW>1.16
2010-09-06 21:00:00,Peak_Shift,Medium,High consumption 1.72kW at 21.0h (peak). Shift washing/dishwasher to 13-16h off-peak.,0.344,hour=21 & kW>1.20
2010-09-07 19:00:00,Peak_Shift,Medium,High consumption 2.76kW at 19.0h (peak). Shift washing/dishwasher to 13-16h off-peak.,0.552,hour=19 & kW>1.04
2010-09-07 20:00:00,Peak_Shift,Medium,High consumption 2.15kW at 20.0h (peak). Shift washing/dishwasher to 13-16h off-peak.,0.43,hour=20 & kW>1.09
2010-09-07 21:00:00,Peak_Shift,Medium,High consumption 2.25kW at 21.0h (peak). Shift washing/dishwasher to 13-16h off-peak.,0.45,hour=21 & kW>1.12
2010-09-08 18:00:00,Peak_Shift,Medium,High consumption 1.63kW at 18.0h (peak). Shift washing/dishwasher to 13-16h off-peak.,0.327,hour=18 & kW>1.23
2010-09-08 20:00:00,Peak_Shift,Medium,High consumption 1.85kW at 20.0h (peak). Shift washing/dishwasher to 13-16h off-peak.,0.371,hour=20 & kW>1.11
2010-09-08 21:00:00,Peak_Shift,Medium,High consumption 2.80kW at 21.0h (peak). Shift washing/dishwasher to 13-16h off-peak.,0.56,hour=21 & kW>1.14
2010-09-09 19:00:00,Peak_Shift,Medium,High consumption 1.54kW at 19.0h (peak). Shift washing/dishwasher to 13-16h off-peak.,0.308,hour=19 & kW>1.13
2010-09-09 20:00:00,Peak_Shift,Medium,High consumption 2.65kW at 20.0h (peak). Shift washing/dishwasher to 13-16h off-peak.,0.529,hour=20 & kW>1.17
2010-09-10 01:00:00,Night_Idle_Waste,Low,"Idle consumption 0.81kW at 1h. Check standby: router, fridge, Sub_metering_3.",0.506,hour in 1-5 & kW>0.8
2010-09-10 18:00:00,Peak_Shift,Medium,High consumption 2.15kW at 18.0h (peak). Shift washing/dishwasher to 13-16h off-peak.,0.43,hour=18 & kW>0.94
2010-09-10 19:00:00,Peak_Shift,Medium,High consumption 1.80kW at 19.0h (peak). Shift washing/dishwasher to 13-16h off-peak.,0.36,hour=19 & kW>0.95
2010-09-10 20:00:00,Peak_Shift,Medium,High consumption 2.38kW at 20.0h (peak). Shift washing/dishwasher to 13-16h off-peak.,0.476,hour=20 & kW>0.94
2010-09-10 21:00:00,Peak_Shift,Medium,High consumption 2.08kW at 21.0h (peak). Shift washing/dishwasher to 13-16h off-peak.,0.415,hour=21 & kW>0.98
2010-09-11 21:00:00,Peak_Shift,Medium,High consumption 1.85kW at 21.0h (peak). Shift washing/dishwasher to 13-16h off-peak.,0.37,hour=21 & kW>1.22
2010-09-12 01:00:00,Night_Idle_Waste,Low,"Idle consumption 1.76kW at 1h. Check standby: router, fridge, Sub_metering_3.",1.463,hour in 1-5 & kW>0.8
2010-09-12 02:00:00,Night_Idle_Waste,Low,"Idle consumption 2.27kW at 2h. Check standby: router, fridge, Sub_metering_3.",1.974,hour in 1-5 & kW>0.8
2010-09-12 03:00:00,Night_Idle_Waste,Low,"Idle consumption 2.24kW at 3h. Check standby: router, fridge, Sub_metering_3.",1.936,hour in 1-5 & kW>0.8
2010-09-12 04:00:00,Night_Idle_Waste,Low,"Idle consumption 1.43kW at 4h. Check standby: router, fridge, Sub_metering_3.",1.129,hour in 1-5 & kW>0.8
2010-09-12 21:00:00,Peak_Shift,Medium,High consumption 1.54kW at 21.0h (peak). Shift washing/dishwasher to 13-16h off-peak.,0.309,hour=21 & kW>1.40
2010-09-13 02:00:00,Night_Idle_Waste,Low,"Idle consumption 0.97kW at 2h. Check standby: router, fridge, Sub_metering_3.",0.668,hour in 1-5 & kW>0.8
2010-09-13 21:00:00,Peak_Shift,Medium,High consumption 1.80kW at 21.0h (peak). Shift washing/dishwasher to 13-16h off-peak.,0.359,hour=21 & kW>0.95
2010-09-14 18:00:00,Peak_Shift,Medium,High consumption 1.60kW at 18.0h (peak). Shift washing/dishwasher to 13-16h off-peak.,0.32,hour=18 & kW>1.09
2010-09-14 19:00:00,Peak_Shift,Medium,High consumption 1.98kW at 19.0h (peak). Shift washing/dishwasher to 13-16h off-peak.,0.397,hour=19 & kW>1.12
2010-09-14 20:00:00,Peak_Shift,Medium,High consumption 2.09kW at 20.0h (peak). Shift washing/dishwasher to 13-16h off-peak.,0.419,hour=20 & kW>1.15
2010-09-14 21:00:00,Peak_Shift,Medium,High consumption 2.14kW at 21.0h (peak). Shift washing/dishwasher to 13-16h off-peak.,0.428,hour=21 & kW>1.17
2010-09-15 21:00:00,Peak_Shift,Medium,High consumption 1.59kW at 21.0h (peak). Shift washing/dishwasher to 13-16h off-peak.,0.317,hour=21 & kW>0.79
2010-09-16 03:00:00,Night_Idle_Waste,Low,"Idle consumption 0.98kW at 3h. Check standby: router, fridge, Sub_metering_3.",0.683,hour in 1-5 & kW>0.8
2010-09-16 20:00:00,Peak_Shift,Medium,High consumption 2.98kW at 20.0h (peak). Shift washing/dishwasher to 13-16h off-peak.,0.597,hour=20 & kW>1.13
2010-09-16 21:00:00,Peak_Shift,Medium,High consumption 1.73kW at 21.0h (peak). Shift washing/dishwasher to 13-16h off-peak.,0.346,hour=21 & kW>1.14
2010-09-17 18:00:00,Peak_Shift,Medium,High consumption 1.95kW at 18.0h (peak). Shift washing/dishwasher to 13-16h off-peak.,0.389,hour=18 & kW>1.30
2010-09-17 19:00:00,Peak_Shift,Medium,High consumption 2.93kW at 19.0h (peak). Shift washing/dishwasher to 13-16h off-peak.,0.585,hour=19 & kW>1.37
2010-09-17 20:00:00,Peak_Shift,Medium,High consumption 2.87kW at 20.0h (peak). Shift washing/dishwasher to 13-16h off-peak.,0.575,hour=20 & kW>1.37
2010-09-18 02:00:00,Night_Idle_Waste,Low,"Idle consumption 0.83kW at 2h. Check standby: router, fridge, Sub_metering_3.",0.525,hour in 1-5 & kW>0.8
2010-09-18 19:00:00,Peak_Shift,Medium,High consumption 1.51kW at 19.0h (peak). Shift washing/dishwasher to 13-16h off-peak.,0.302,hour=19 & kW>0.99
2010-09-18 20:00:00,Peak_Shift,Medium,High consumption 1.74kW at 20.0h (peak). Shift washing/dishwasher to 13-16h off-peak.,0.348,hour=20 & kW>0.93
2010-09-18 21:00:00,Peak_Shift,Medium,High consumption 1.60kW at 21.0h (peak). Shift washing/dishwasher to 13-16h off-peak.,0.32,hour=21 & kW>0.98
2010-09-19 18:00:00,Peak_Shift,Medium,High consumption 1.64kW at 18.0h (peak). Shift washing/dishwasher to 13-16h off-peak.,0.328,hour=18 & kW>0.80
2010-09-19 20:00:00,Peak_Shift,Medium,High consumption 2.34kW at 20.0h (peak). Shift washing/dishwasher to 13-16h off-peak.,0.469,hour=20 & kW>0.81
2010-09-19 21:00:00,Peak_Shift,Medium,High consumption 1.90kW at 21.0h (peak). Shift washing/dishwasher to 13-16h off-peak.,0.38,hour=21 & kW>0.83
2010-09-20 02:00:00,Night_Idle_Waste,Low,"Idle consumption 0.85kW at 2h. Check standby: router, fridge, Sub_metering_3.",0.55,hour in 1-5 & kW>0.8
2010-09-20 20:00:00,Peak_Shift,Medium,High consumption 2.06kW at 20.0h (peak). Shift washing/dishwasher to 13-16h off-peak.,0.413,hour=20 & kW>1.30
2010-09-20 21:00:00,Peak_Shift,Medium,High consumption 2.60kW at 21.0h (peak). Shift washing/dishwasher to 13-16h off-peak.,0.52,hour=21 & kW>1.33
2010-09-21 05:00:00,Night_Idle_Waste,Low,"Idle consumption 0.91kW at 5h. Check standby: router, fridge, Sub_metering_3.",0.61,hour in 1-5 & kW>0.8
2010-09-21 20:00:00,Peak_Shift,Medium,High consumption 2.07kW at 20.0h (peak). Shift washing/dishwasher to 13-16h off-peak.,0.414,hour=20 & kW>1.00
2010-09-21 21:00:00,Peak_Shift,Medium,High consumption 2.01kW at 21.0h (peak). Shift washing/dishwasher to 13-16h off-peak.,0.401,hour=21 & kW>0.97
2010-09-22 18:00:00,Peak_Shift,Medium,High consumption 1.64kW at 18.0h (peak). Shift washing/dishwasher to 13-16h off-peak.,0.329,hour=18 & kW>1.23
2010-09-22 19:00:00,Peak_Shift,Medium,High consumption 1.68kW at 19.0h (peak). Shift washing/dishwasher to 13-16h off-peak.,0.336,hour=19 & kW>1.29
2010-09-22 20:00:00,Peak_Shift,Medium,High consumption 2.14kW at 20.0h (peak). Shift washing/dishwasher to 13-16h off-peak.,0.428,hour=20 & kW>1.29
2010-09-22 21:00:00,Peak_Shift,Medium,High consumption 1.58kW at 21.0h (peak). Shift washing/dishwasher to 13-16h off-peak.,0.316,hour=21 & kW>1.27
2010-09-23 21:00:00,Peak_Shift,Medium,High consumption 2.04kW at 21.0h (peak). Shift washing/dishwasher to 13-16h off-peak.,0.408,hour=21 & kW>1.17
2010-09-24 19:00:00,Peak_Shift,Medium,High consumption 2.10kW at 19.0h (peak). Shift washing/dishwasher to 13-16h off-peak.,0.42,hour=19 & kW>1.09
2010-09-24 20:00:00,Peak_Shift,Medium,High consumption 2.25kW at 20.0h (peak). Shift washing/dishwasher to 13-16h off-peak.,0.45,hour=20 & kW>1.15
2010-09-24 21:00:00,Peak_Shift,Medium,High consumption 1.57kW at 21.0h (peak). Shift washing/dishwasher to 13-16h off-peak.,0.314,hour=21 & kW>1.13
2010-09-25 01:00:00,Night_Idle_Waste,Low,"Idle consumption 0.95kW at 1h. Check standby: router, fridge, Sub_metering_3.",0.649,hour in 1-5 & kW>0.8
2010-09-27 01:00:00,Night_Idle_Waste,Low,"Idle consumption 1.29kW at 1h. Check standby: router, fridge, Sub_metering_3.",0.99,hour in 1-5 & kW>0.8
2010-09-27 02:00:00,Night_Idle_Waste,Low,"Idle consumption 1.32kW at 2h. Check standby: router, fridge, Sub_metering_3.",1.015,hour in 1-5 & kW>0.8
2010-09-27 03:00:00,Night_Idle_Waste,Low,"Idle consumption 1.34kW at 3h. Check standby: router, fridge, Sub_metering_3.",1.041,hour in 1-5 & kW>0.8
2010-09-27 04:00:00,Night_Idle_Waste,Low,"Idle consumption 1.37kW at 4h. Check standby: router, fridge, Sub_metering_3.",1.066,hour in 1-5 & kW>0.8
2010-09-27 05:00:00,Night_Idle_Waste,Low,"Idle consumption 1.39kW at 5h. Check standby: router, fridge, Sub_metering_3.",1.091,hour in 1-5 & kW>0.8
2010-09-27 18:00:00,Peak_Shift,Medium,High consumption 1.72kW at 18.0h (peak). Shift washing/dishwasher to 13-16h off-peak.,0.343,hour=18 & kW>1.71
2010-09-28 01:00:00,Night_Idle_Waste,Low,"Idle consumption 1.89kW at 1h. Check standby: router, fridge, Sub_metering_3.",1.593,hour in 1-5 & kW>0.8
2010-09-28 02:00:00,Night_Idle_Waste,Low,"Idle consumption 1.92kW at 2h. Check standby: router, fridge, Sub_metering_3.",1.618,hour in 1-5 & kW>0.8
2010-09-28 03:00:00,Night_Idle_Waste,Low,"Idle consumption 1.94kW at 3h. Check standby: router, fridge, Sub_metering_3.",1.643,hour in 1-5 & kW>0.8
2010-09-28 04:00:00,Night_Idle_Waste,Low,"Idle consumption 1.97kW at 4h. Check standby: router, fridge, Sub_metering_3.",1.668,hour in 1-5 & kW>0.8
2010-09-28 05:00:00,Night_Idle_Waste,Low,"Idle consumption 1.99kW at 5h. Check standby: router, fridge, Sub_metering_3.",1.693,hour in 1-5 & kW>0.8
2010-09-29 02:00:00,Night_Idle_Waste,Low,"Idle consumption 0.85kW at 2h. Check standby: router, fridge, Sub_metering_3.",0.546,hour in 1-5 & kW>0.8
2010-09-29 20:00:00,Peak_Shift,Medium,High consumption 1.79kW at 20.0h (peak). Shift washing/dishwasher to 13-16h off-peak.,0.357,hour=20 & kW>1.41
2010-09-29 21:00:00,Peak_Shift,Medium,High consumption 1.51kW at 21.0h (peak). Shift washing/dishwasher to 13-16h off-peak.,0.302,hour=21 & kW>1.38
2010-09-30 18:00:00,Peak_Shift,Medium,High consumption 2.02kW at 18.0h (peak). Shift washing/dishwasher to 13-16h off-peak.,0.405,hour=18 & kW>1.23
2010-10-01 03:00:00,Night_Idle_Waste,Low,"Idle consumption 1.15kW at 3h. Check standby: router, fridge, Sub_metering_3.",0.854,hour in 1-5 & kW>0.8
2010-10-01 21:00:00,Peak_Shift,Medium,High consumption 2.18kW at 21.0h (peak). Shift washing/dishwasher to 13-16h off-peak.,0.437,hour=21 & kW>1.24
2010-10-02 01:00:00,Night_Idle_Waste,Low,"Idle consumption 0.90kW at 1h. Check standby: router, fridge, Sub_metering_3.",0.599,hour in 1-5 & kW>0.8
2010-10-02 03:00:00,Night_Idle_Waste,Low,"Idle consumption 0.94kW at 3h. Check standby: router, fridge, Sub_metering_3.",0.645,hour in 1-5 & kW>0.8
2010-10-02 19:00:00,Peak_Shift,Medium,High consumption 1.51kW at 19.0h (peak). Shift washing/dishwasher to 13-16h off-peak.,0.303,hour=19 & kW>1.28
2010-10-02 20:00:00,Peak_Shift,High,High consumption 3.94kW at 20.0h (peak). Shift washing/dishwasher to 13-16h off-peak.,0.788,hour=20 & kW>1.44
2010-10-02 20:00:00,Anomaly_Inspection,High,Anomaly detected: 3.94kW vs expected 1.54kW (residual 2.40). Check appliance left on.,2.402,z_score=5.55 | abs_error=2.40
2010-10-02 21:00:00,Peak_Shift,High,High consumption 3.75kW at 21.0h (peak). Shift washing/dishwasher to 13-16h off-peak.,0.75,hour=21 & kW>1.51
2010-10-03 19:00:00,Peak_Shift,Medium,High consumption 2.32kW at 19.0h (peak). Shift washing/dishwasher to 13-16h off-peak.,0.465,hour=19 & kW>1.62
2010-10-03 20:00:00,Peak_Shift,High,High consumption 3.39kW at 20.0h (peak). Shift washing/dishwasher to 13-16h off-peak.,0.678,hour=20 & kW>1.60
2010-10-03 21:00:00,Peak_Shift,Medium,High consumption 2.53kW at 21.0h (peak). Shift washing/dishwasher to 13-16h off-peak.,0.506,hour=21 & kW>1.54
2010-10-04 01:00:00,Night_Idle_Waste,Low,"Idle consumption 0.88kW at 1h. Check standby: router, fridge, Sub_metering_3.",0.581,hour in 1-5 & kW>0.8
2010-10-04 02:00:00,Night_Idle_Waste,Low,"Idle consumption 0.86kW at 2h. Check standby: router, fridge, Sub_metering_3.",0.562,hour in 1-5 & kW>0.8
2010-10-04 03:00:00,Night_Idle_Waste,Low,"Idle consumption 0.92kW at 3h. Check standby: router, fridge, Sub_metering_3.",0.617,hour in 1-5 & kW>0.8
2010-10-04 04:00:00,Night_Idle_Waste,Low,"Idle consumption 0.86kW at 4h. Check standby: router, fridge, Sub_metering_3.",0.558,hour in 1-5 & kW>0.8
2010-10-04 05:00:00,Night_Idle_Waste,Low,"Idle consumption 0.84kW at 5h. Check standby: router, fridge, Sub_metering_3.",0.538,hour in 1-5 & kW>0.8
2010-10-04 18:00:00,Peak_Shift,Medium,High consumption 1.72kW at 18.0h (peak). Shift washing/dishwasher to 13-16h off-peak.,0.344,hour=18 & kW>1.66
2010-10-04 19:00:00,Peak_Shift,Medium,High consumption 1.98kW at 19.0h (peak). Shift washing/dishwasher to 13-16h off-peak.,0.396,hour=19 & kW>1.64
2010-10-04 20:00:00,Peak_Shift,High,High consumption 3.04kW at 20.0h (peak). Shift washing/dishwasher to 13-16h off-peak.,0.608,hour=20 & kW>1.62
2010-10-04 21:00:00,Peak_Shift,Medium,High consumption 1.72kW at 21.0h (peak). Shift washing/dishwasher to 13-16h off-peak.,0.344,hour=21 & kW>1.58
2010-10-05 19:00:00,Peak_Shift,Medium,High consumption 1.66kW at 19.0h (peak). Shift washing/dishwasher to 13-16h off-peak.,0.333,hour=19 & kW>1.48
2010-10-05 20:00:00,Peak_Shift,Medium,High consumption 2.65kW at 20.0h (peak). Shift washing/dishwasher to 13-16h off-peak.,0.531,hour=20 & kW>1.46
2010-10-05 21:00:00,Peak_Shift,Medium,High consumption 2.06kW at 21.0h (peak). Shift washing/dishwasher to 13-16h off-peak.,0.412,hour=21 & kW>1.48
2010-10-06 02:00:00,Night_Idle_Waste,Low,"Idle consumption 0.98kW at 2h. Check standby: router, fridge, Sub_metering_3.",0.684,hour in 1-5 & kW>0.8
2010-10-07 19:00:00,Peak_Shift,Medium,High consumption 1.52kW at 19.0h (peak). Shift washing/dishwasher to 13-16h off-peak.,0.304,hour=19 & kW>1.36
2010-10-07 20:00:00,Peak_Shift,Medium,High consumption 2.67kW at 20.0h (peak). Shift washing/dishwasher to 13-16h off-peak.,0.533,hour=20 & kW>1.47
2010-10-07 21:00:00,Peak_Shift,Medium,High consumption 2.69kW at 21.0h (peak). Shift washing/dishwasher to 13-16h off-peak.,0.538,hour=21 & kW>1.58
2010-10-08 05:00:00,Night_Idle_Waste,Low,"Idle consumption 0.91kW at 5h. Check standby: router, fridge, Sub_metering_3.",0.61,hour in 1-5 & kW>0.8
2010-10-08 19:00:00,Peak_Shift,Medium,High consumption 1.69kW at 19.0h (peak). Shift washing/dishwasher to 13-16h off-peak.,0.337,hour=19 & kW>1.32
2010-10-08 20:00:00,Peak_Shift,Medium,High consumption 2.44kW at 20.0h (peak). Shift washing/dishwasher to 13-16h off-peak.,0.487,hour=20 & kW>1.31
2010-10-08 21:00:00,Peak_Shift,Medium,High consumption 2.31kW at 21.0h (peak). Shift washing/dishwasher to 13-16h off-peak.,0.462,hour=21 & kW>1.29
2010-10-09 19:00:00,Peak_Shift,Medium,High consumption 2.00kW at 19.0h (peak). Shift washing/dishwasher to 13-16h off-peak.,0.4,hour=19 & kW>1.37
2010-10-09 20:00:00,Peak_Shift,Medium,High consumption 1.64kW at 20.0h (peak). Shift washing/dishwasher to 13-16h off-peak.,0.328,hour=20 & kW>1.33
2010-10-09 21:00:00,Peak_Shift,Medium,High consumption 1.77kW at 21.0h (peak). Shift washing/dishwasher to 13-16h off-peak.,0.353,hour=21 & kW>1.30
2010-10-10 18:00:00,Peak_Shift,Medium,High consumption 1.83kW at 18.0h (peak). Shift washing/dishwasher to 13-16h off-peak.,0.366,hour=18 & kW>1.35
2010-10-10 19:00:00,Peak_Shift,High,High consumption 3.49kW at 19.0h (peak). Shift washing/dishwasher to 13-16h off-peak.,0.698,hour=19 & kW>1.42
2010-10-10 20:00:00,Peak_Shift,High,High consumption 3.31kW at 20.0h (peak). Shift washing/dishwasher to 13-16h off-peak.,0.662,hour=20 & kW>1.51
2010-10-10 21:00:00,Peak_Shift,High,High consumption 3.90kW at 21.0h (peak). Shift washing/dishwasher to 13-16h off-peak.,0.78,hour=21 & kW>1.61
2010-10-11 05:00:00,Night_Idle_Waste,Low,"Idle consumption 0.88kW at 5h. Check standby: router, fridge, Sub_metering_3.",0.581,hour in 1-5 & kW>0.8
2010-10-11 19:00:00,Peak_Shift,High,High consumption 3.09kW at 19.0h (peak). Shift washing/dishwasher to 13-16h off-peak.,0.619,hour=19 & kW>1.50
2010-10-11 20:00:00,Peak_Shift,Medium,High consumption 2.29kW at 20.0h (peak). Shift washing/dishwasher to 13-16h off-peak.,0.457,hour=20 & kW>1.45
2010-10-11 21:00:00,Peak_Shift,High,High consumption 3.04kW at 21.0h (peak). Shift washing/dishwasher to 13-16h off-peak.,0.609,hour=21 & kW>1.40
2010-10-12 18:00:00,Peak_Shift,Medium,High consumption 2.11kW at 18.0h (peak). Shift washing/dishwasher to 13-16h off-peak.,0.423,hour=18 & kW>1.48
2010-10-12 19:00:00,Peak_Shift,Medium,High consumption 2.16kW at 19.0h (peak). Shift washing/dishwasher to 13-16h off-peak.,0.431,hour=19 & kW>1.43
2010-10-12 20:00:00,Peak_Shift,Medium,High consumption 1.91kW at 20.0h (peak). Shift washing/dishwasher to 13-16h off-peak.,0.382,hour=20 & kW>1.41
2010-10-13 04:00:00,Night_Idle_Waste,Low,"Idle consumption 0.98kW at 4h. Check standby: router, fridge, Sub_metering_3.",0.685,hour in 1-5 & kW>0.8
2010-10-13 19:00:00,Peak_Shift,Medium,High consumption 2.03kW at 19.0h (peak). Shift washing/dishwasher to 13-16h off-peak.,0.407,hour=19 & kW>1.64
2010-10-13 20:00:00,Peak_Shift,Medium,High consumption 2.38kW at 20.0h (peak). Shift washing/dishwasher to 13-16h off-peak.,0.475,hour=20 & kW>1.66
2010-10-13 21:00:00,Peak_Shift,Medium,High consumption 2.16kW at 21.0h (peak). Shift washing/dishwasher to 13-16h off-peak.,0.433,hour=21 & kW>1.71
2010-10-14 18:00:00,Peak_Shift,Medium,High consumption 1.75kW at 18.0h (peak). Shift washing/dishwasher to 13-16h off-peak.,0.349,hour=18 & kW>1.57
2010-10-14 19:00:00,Peak_Shift,High,High consumption 4.12kW at 19.0h (peak). Shift washing/dishwasher to 13-16h off-peak.,0.824,hour=19 & kW>1.68
2010-10-14 19:00:00,Anomaly_Inspection,High,Anomaly detected: 4.12kW vs expected 1.96kW (residual 2.16). Check appliance left on.,2.16,z_score=4.23 | abs_error=2.16
2010-10-14 20:00:00,Peak_Shift,Medium,High consumption 2.91kW at 20.0h (peak). Shift washing/dishwasher to 13-16h off-peak.,0.582,hour=20 & kW>1.70
2010-10-14 21:00:00,Peak_Shift,High,High consumption 3.22kW at 21.0h (peak). Shift washing/dishwasher to 13-16h off-peak.,0.645,hour=21 & kW>1.76
2010-10-15 19:00:00,Peak_Shift,Medium,High consumption 1.82kW at 19.0h (peak). Shift washing/dishwasher to 13-16h off-peak.,0.365,hour=19 & kW>1.58
2010-10-17 19:00:00,Peak_Shift,Medium,High consumption 2.03kW at 19.0h (peak). Shift washing/dishwasher to 13-16h off-peak.,0.406,hour=19 & kW>0.64
2010-10-17 20:00:00,Peak_Shift,Medium,High consumption 2.45kW at 20.0h (peak). Shift washing/dishwasher to 13-16h off-peak.,0.491,hour=20 & kW>0.72
2010-10-17 21:00:00,Peak_Shift,Medium,High consumption 2.14kW at 21.0h (peak). Shift washing/dishwasher to 13-16h off-peak.,0.428,hour=21 & kW>0.81
2010-10-18 18:00:00,Peak_Shift,High,High consumption 3.39kW at 18.0h (peak). Shift washing/dishwasher to 13-16h off-peak.,0.678,hour=18 & kW>1.99
2010-10-18 18:00:00,Anomaly_Inspection,High,Anomaly detected: 3.39kW vs expected 1.02kW (residual 2.37). Check appliance left on.,2.369,z_score=4.17 | abs_error=2.37
2010-10-18 19:00:00,Peak_Shift,High,High consumption 3.76kW at 19.0h (peak). Shift washing/dishwasher to 13-16h off-peak.,0.751,hour=19 & kW>2.08
2010-10-18 20:00:00,Peak_Shift,Medium,High consumption 2.67kW at 20.0h (peak). Shift washing/dishwasher to 13-16h off-peak.,0.534,hour=20 & kW>2.09
2010-10-18 21:00:00,Peak_Shift,High,High consumption 3.38kW at 21.0h (peak). Shift washing/dishwasher to 13-16h off-peak.,0.675,hour=21 & kW>2.15
2010-10-19 18:00:00,Peak_Shift,High,High consumption 3.54kW at 18.0h (peak). Shift washing/dishwasher to 13-16h off-peak.,0.708,hour=18 & kW>1.78
2010-10-19 19:00:00,Peak_Shift,Medium,High consumption 2.93kW at 19.0h (peak). Shift washing/dishwasher to 13-16h off-peak.,0.586,hour=19 & kW>1.74
2010-10-19 20:00:00,Peak_Shift,Medium,High consumption 2.96kW at 20.0h (peak). Shift washing/dishwasher to 13-16h off-peak.,0.592,hour=20 & kW>1.76
2010-10-19 21:00:00,Peak_Shift,Medium,High consumption 2.53kW at 21.0h (peak). Shift washing/dishwasher to 13-16h off-peak.,0.506,hour=21 & kW>1.72
2010-10-20 19:00:00,Peak_Shift,Medium,High consumption 2.18kW at 19.0h (peak). Shift washing/dishwasher to 13-16h off-peak.,0.437,hour=19 & kW>1.44
2010-10-20 20:00:00,Peak_Shift,Medium,High consumption 2.29kW at 20.0h (peak). Shift washing/dishwasher to 13-16h off-peak.,0.459,hour=20 & kW>1.41
2010-10-20 21:00:00,Peak_Shift,Medium,High consumption 2.80kW at 21.0h (peak). Shift washing/dishwasher to 13-16h off-peak.,0.561,hour=21 & kW>1.42
2010-10-21 05:00:00,Night_Idle_Waste,Low,"Idle consumption 1.02kW at 5h. Check standby: router, fridge, Sub_metering_3.",0.723,hour in 1-5 & kW>0.8
2010-10-21 19:00:00,Peak_Shift,Medium,High consumption 1.82kW at 19.0h (peak). Shift washing/dishwasher to 13-16h off-peak.,0.365,hour=19 & kW>1.14
2010-10-21 20:00:00,Peak_Shift,Medium,High consumption 1.95kW at 20.0h (peak). Shift washing/dishwasher to 13-16h off-peak.,0.39,hour=20 & kW>1.12
2010-10-21 21:00:00,Peak_Shift,Medium,High consumption 2.58kW at 21.0h (peak). Shift washing/dishwasher to 13-16h off-peak.,0.516,hour=21 & kW>1.11
2010-10-22 21:00:00,Peak_Shift,Medium,High consumption 2.29kW at 21.0h (peak). Shift washing/dishwasher to 13-16h off-peak.,0.458,hour=21 & kW>1.46
2010-10-23 18:00:00,Peak_Shift,Medium,High consumption 2.52kW at 18.0h (peak). Shift washing/dishwasher to 13-16h off-peak.,0.505,hour=18 & kW>1.73
2010-10-23 19:00:00,Peak_Shift,Medium,High consumption 1.80kW at 19.0h (peak). Shift washing/dishwasher to 13-16h off-peak.,0.359,hour=19 & kW>1.75
2010-10-23 21:00:00,Peak_Shift,High,High consumption 3.31kW at 21.0h (peak). Shift washing/dishwasher to 13-16h off-peak.,0.662,hour=21 & kW>1.81
2010-10-24 01:00:00,Night_Idle_Waste,Low,"Idle consumption 1.50kW at 1h. Check standby: router, fridge, Sub_metering_3.",1.198,hour in 1-5 & kW>0.8
2010-10-24 02:00:00,Night_Idle_Waste,Low,"Idle consumption 1.97kW at 2h. Check standby: router, fridge, Sub_metering_3.",1.67,hour in 1-5 & kW>0.8
2010-10-24 03:00:00,Night_Idle_Waste,Low,"Idle consumption 1.70kW at 3h. Check standby: router, fridge, Sub_metering_3.",1.404,hour in 1-5 & kW>0.8
2010-10-24 04:00:00,Night_Idle_Waste,Low,"Idle consumption 0.85kW at 4h. Check standby: router, fridge, Sub_metering_3.",0.552,hour in 1-5 & kW>0.8
2010-10-24 18:00:00,Peak_Shift,Medium,High consumption 2.53kW at 18.0h (peak). Shift washing/dishwasher to 13-16h off-peak.,0.507,hour=18 & kW>2.07
2010-10-24 19:00:00,Peak_Shift,Medium,High consumption 2.58kW at 19.0h (peak). Shift washing/dishwasher to 13-16h off-peak.,0.516,hour=19 & kW>2.11
2010-10-26 02:00:00,Night_Idle_Waste,Low,"Idle consumption 1.07kW at 2h. Check standby: router, fridge, Sub_metering_3.",0.771,hour in 1-5 & kW>0.8
2010-10-27 02:00:00,Night_Idle_Waste,Low,"Idle consumption 0.90kW at 2h. Check standby: router, fridge, Sub_metering_3.",0.596,hour in 1-5 & kW>0.8
2010-10-28 19:00:00,Peak_Shift,Medium,High consumption 2.42kW at 19.0h (peak). Shift washing/dishwasher to 13-16h off-peak.,0.485,hour=19 & kW>1.24
2010-10-29 20:00:00,Peak_Shift,Medium,High consumption 1.55kW at 20.0h (peak). Shift washing/dishwasher to 13-16h off-peak.,0.31,hour=20 & kW>0.91
2010-10-29 21:00:00,Peak_Shift,Medium,High consumption 1.64kW at 21.0h (peak). Shift washing/dishwasher to 13-16h off-peak.,0.328,hour=21 & kW>0.97
2010-10-30 01:00:00,Night_Idle_Waste,Low,"Idle consumption 1.21kW at 1h. Check standby: router, fridge, Sub_metering_3.",0.911,hour in 1-5 & kW>0.8
2010-10-30 02:00:00,Night_Idle_Waste,Low,"Idle consumption 0.91kW at 2h. Check standby: router, fridge, Sub_metering_3.",0.609,hour in 1-5 & kW>0.8
2010-10-30 11:00:00,Anomaly_Inspection,High,Anomaly detected: 3.13kW vs expected 0.94kW (residual 2.19). Check appliance left on.,2.192,z_score=3.62 | abs_error=2.19
2010-10-30 18:00:00,Peak_Shift,Medium,High consumption 2.14kW at 18.0h (peak). Shift washing/dishwasher to 13-16h off-peak.,0.428,hour=18 & kW>1.40
2010-10-30 19:00:00,Peak_Shift,Medium,High consumption 2.60kW at 19.0h (peak). Shift washing/dishwasher to 13-16h off-peak.,0.521,hour=19 & kW>1.46
2010-10-30 20:00:00,Peak_Shift,High,High consumption 3.31kW at 20.0h (peak). Shift washing/dishwasher to 13-16h off-peak.,0.663,hour=20 & kW>1.55
2010-10-30 21:00:00,Peak_Shift,High,High consumption 3.02kW at 21.0h (peak). Shift washing/dishwasher to 13-16h off-peak.,0.603,hour=21 & kW>1.62
2010-10-31 01:00:00,Night_Idle_Waste,Low,"Idle consumption 1.48kW at 1h. Check standby: router, fridge, Sub_metering_3.",1.176,hour in 1-5 & kW>0.8
2010-10-31 02:00:00,Night_Idle_Waste,Low,"Idle consumption 1.43kW at 2h. Check standby: router, fridge, Sub_metering_3.",1.13,hour in 1-5 & kW>0.8
2010-10-31 03:00:00,Night_Idle_Waste,Low,"Idle consumption 1.56kW at 3h. Check standby: router, fridge, Sub_metering_3.",1.255,hour in 1-5 & kW>0.8
2010-10-31 04:00:00,Night_Idle_Waste,Low,"Idle consumption 1.47kW at 4h. Check standby: router, fridge, Sub_metering_3.",1.166,hour in 1-5 & kW>0.8
2010-10-31 05:00:00,Night_Idle_Waste,Low,"Idle consumption 2.91kW at 5h. Check standby: router, fridge, Sub_metering_3.",2.61,hour in 1-5 & kW>0.8
2010-11-01 01:00:00,Night_Idle_Waste,Low,"Idle consumption 1.48kW at 1h. Check standby: router, fridge, Sub_metering_3.",1.18,hour in 1-5 & kW>0.8
2010-11-01 02:00:00,Night_Idle_Waste,Low,"Idle consumption 1.29kW at 2h. Check standby: router, fridge, Sub_metering_3.",0.986,hour in 1-5 & kW>0.8
2010-11-01 03:00:00,Night_Idle_Waste,Low,"Idle consumption 1.06kW at 3h. Check standby: router, fridge, Sub_metering_3.",0.765,hour in 1-5 & kW>0.8
2010-11-02 01:00:00,Night_Idle_Waste,Low,"Idle consumption 1.26kW at 1h. Check standby: router, fridge, Sub_metering_3.",0.963,hour in 1-5 & kW>0.8
2010-11-02 04:00:00,Night_Idle_Waste,Low,"Idle consumption 1.43kW at 4h. Check standby: router, fridge, Sub_metering_3.",1.128,hour in 1-5 & kW>0.8
2010-11-03 01:00:00,Night_Idle_Waste,Low,"Idle consumption 0.96kW at 1h. Check standby: router, fridge, Sub_metering_3.",0.656,hour in 1-5 & kW>0.8
2010-11-03 02:00:00,Night_Idle_Waste,Low,"Idle consumption 1.06kW at 2h. Check standby: router, fridge, Sub_metering_3.",0.762,hour in 1-5 & kW>0.8
2010-11-03 20:00:00,Peak_Shift,Medium,High consumption 1.62kW at 20.0h (peak). Shift washing/dishwasher to 13-16h off-peak.,0.324,hour=20 & kW>1.11
2010-11-03 21:00:00,Peak_Shift,High,High consumption 3.14kW at 21.0h (peak). Shift washing/dishwasher to 13-16h off-peak.,0.629,hour=21 & kW>1.20
2010-11-04 01:00:00,Night_Idle_Waste,Low,"Idle consumption 0.84kW at 1h. Check standby: router, fridge, Sub_metering_3.",0.542,hour in 1-5 & kW>0.8
2010-11-04 08:00:00,Anomaly_Inspection,High,Anomaly detected: 4.42kW vs expected 1.86kW (residual 2.56). Check appliance left on.,2.562,z_score=4.29 | abs_error=2.56
2010-11-04 19:00:00,Peak_Shift,High,High consumption 4.05kW at 19.0h (peak). Shift washing/dishwasher to 13-16h off-peak.,0.811,hour=19 & kW>1.92
2010-11-04 20:00:00,Peak_Shift,High,High consumption 4.46kW at 20.0h (peak). Shift washing/dishwasher to 13-16h off-peak.,0.893,hour=20 & kW>2.06
2010-11-04 21:00:00,Peak_Shift,High,High consumption 3.10kW at 21.0h (peak). Shift washing/dishwasher to 13-16h off-peak.,0.619,hour=21 & kW>2.06
2010-11-05 19:00:00,Peak_Shift,Medium,High consumption 1.77kW at 19.0h (peak). Shift washing/dishwasher to 13-16h off-peak.,0.353,hour=19 & kW>1.67
2010-11-05 20:00:00,Peak_Shift,Medium,High consumption 2.20kW at 20.0h (peak). Shift washing/dishwasher to 13-16h off-peak.,0.441,hour=20 & kW>1.56
2010-11-05 21:00:00,Peak_Shift,Medium,High consumption 1.84kW at 21.0h (peak). Shift washing/dishwasher to 13-16h off-peak.,0.368,hour=21 & kW>1.50
2010-11-06 02:00:00,Night_Idle_Waste,Low,"Idle consumption 1.00kW at 2h. Check standby: router, fridge, Sub_metering_3.",0.702,hour in 1-5 & kW>0.8
2010-11-06 18:00:00,Peak_Shift,Medium,High consumption 2.09kW at 18.0h (peak). Shift washing/dishwasher to 13-16h off-peak.,0.418,hour=18 & kW>1.59
2010-11-06 19:00:00,Peak_Shift,Medium,High consumption 1.89kW at 19.0h (peak). Shift washing/dishwasher to 13-16h off-peak.,0.379,hour=19 & kW>1.59
2010-11-07 18:00:00,Peak_Shift,Medium,High consumption 1.94kW at 18.0h (peak). Shift washing/dishwasher to 13-16h off-peak.,0.387,hour=18 & kW>1.31
2010-11-07 19:00:00,Peak_Shift,Medium,High consumption 1.95kW at 19.0h (peak). Shift washing/dishwasher to 13-16h off-peak.,0.389,hour=19 & kW>1.31
2010-11-07 20:00:00,Peak_Shift,Medium,High consumption 2.11kW at 20.0h (peak). Shift washing/dishwasher to 13-16h off-peak.,0.422,hour=20 & kW>1.35
2010-11-07 21:00:00,Peak_Shift,Medium,High consumption 1.73kW at 21.0h (peak). Shift washing/dishwasher to 13-16h off-peak.,0.347,hour=21 & kW>1.39
2010-11-08 03:00:00,Night_Idle_Waste,Low,"Idle consumption 1.01kW at 3h. Check standby: router, fridge, Sub_metering_3.",0.71,hour in 1-5 & kW>0.8
2010-11-08 18:00:00,Peak_Shift,Medium,High consumption 1.58kW at 18.0h (peak). Shift washing/dishwasher to 13-16h off-peak.,0.316,hour=18 & kW>1.41
2010-11-08 19:00:00,Peak_Shift,Medium,High consumption 2.15kW at 19.0h (peak). Shift washing/dishwasher to 13-16h off-peak.,0.43,hour=19 & kW>1.42
2010-11-08 20:00:00,Peak_Shift,Medium,High consumption 2.56kW at 20.0h (peak). Shift washing/dishwasher to 13-16h off-peak.,0.511,hour=20 & kW>1.44
2010-11-08 21:00:00,Peak_Shift,Medium,High consumption 2.65kW at 21.0h (peak). Shift washing/dishwasher to 13-16h off-peak.,0.53,hour=21 & kW>1.49
2010-11-09 18:00:00,Peak_Shift,Medium,High consumption 2.81kW at 18.0h (peak). Shift washing/dishwasher to 13-16h off-peak.,0.562,hour=18 & kW>1.54
2010-11-09 19:00:00,Peak_Shift,Medium,High consumption 2.42kW at 19.0h (peak). Shift washing/dishwasher to 13-16h off-peak.,0.483,hour=19 & kW>1.55
2010-11-09 20:00:00,Peak_Shift,High,High consumption 3.79kW at 20.0h (peak). Shift washing/dishwasher to 13-16h off-peak.,0.757,hour=20 & kW>1.61
2010-11-09 21:00:00,Peak_Shift,Medium,High consumption 2.94kW at 21.0h (peak). Shift washing/dishwasher to 13-16h off-peak.,0.587,hour=21 & kW>1.63
2010-11-11 18:00:00,Peak_Shift,Medium,High consumption 1.58kW at 18.0h (peak). Shift washing/dishwasher to 13-16h off-peak.,0.315,hour=18 & kW>1.39
2010-11-11 19:00:00,Peak_Shift,Medium,High consumption 1.61kW at 19.0h (peak). Shift washing/dishwasher to 13-16h off-peak.,0.322,hour=19 & kW>1.42
2010-11-11 20:00:00,Peak_Shift,Medium,High consumption 1.86kW at 20.0h (peak). Shift washing/dishwasher to 13-16h off-peak.,0.372,hour=20 & kW>1.50
2010-11-12 18:00:00,Peak_Shift,Medium,High consumption 2.28kW at 18.0h (peak). Shift washing/dishwasher to 13-16h off-peak.,0.456,hour=18 & kW>1.48
2010-11-12 19:00:00,Peak_Shift,Medium,High consumption 2.39kW at 19.0h (peak). Shift washing/dishwasher to 13-16h off-peak.,0.478,hour=19 & kW>1.51
2010-11-12 20:00:00,Peak_Shift,Medium,High consumption 1.75kW at 20.0h (peak). Shift washing/dishwasher to 13-16h off-peak.,0.351,hour=20 & kW>1.51
2010-11-13 01:00:00,Night_Idle_Waste,Low,"Idle consumption 0.85kW at 1h. Check standby: router, fridge, Sub_metering_3.",0.548,hour in 1-5 & kW>0.8
2010-11-13 18:00:00,Peak_Shift,Medium,High consumption 1.72kW at 18.0h (peak). Shift washing/dishwasher to 13-16h off-peak.,0.343,hour=18 & kW>1.54
2010-11-13 19:00:00,Peak_Shift,Medium,High consumption 2.29kW at 19.0h (peak). Shift washing/dishwasher to 13-16h off-peak.,0.458,hour=19 & kW>1.53
2010-11-13 20:00:00,Peak_Shift,Medium,High consumption 1.71kW at 20.0h (peak). Shift washing/dishwasher to 13-16h off-peak.,0.343,hour=20 & kW>1.53
2010-11-13 21:00:00,Peak_Shift,Medium,High consumption 1.71kW at 21.0h (peak). Shift washing/dishwasher to 13-16h off-peak.,0.341,hour=21 & kW>1.56
2010-11-14 01:00:00,Night_Idle_Waste,Low,"Idle consumption 1.57kW at 1h. Check standby: router, fridge, Sub_metering_3.",1.268,hour in 1-5 & kW>0.8
2010-11-14 02:00:00,Night_Idle_Waste,Low,"Idle consumption 1.00kW at 2h. Check standby: router, fridge, Sub_metering_3.",0.702,hour in 1-5 & kW>0.8
2010-11-14 15:00:00,Anomaly_Inspection,High,Anomaly detected: 4.16kW vs expected 1.49kW (residual 2.67). Check appliance left on.,2.667,z_score=4.66 | abs_error=2.67
2010-11-14 18:00:00,Peak_Shift,Medium,High consumption 2.38kW at 18.0h (peak). Shift washing/dishwasher to 13-16h off-peak.,0.477,hour=18 & kW>1.76
2010-11-14 20:00:00,Peak_Shift,Medium,High consumption 2.63kW at 20.0h (peak). Shift washing/dishwasher to 13-16h off-peak.,0.526,hour=20 & kW>1.76
2010-11-14 21:00:00,Peak_Shift,Medium,High consumption 2.55kW at 21.0h (peak). Shift washing/dishwasher to 13-16h off-peak.,0.51,hour=21 & kW>1.81
2010-11-15 19:00:00,Peak_Shift,Medium,High consumption 1.58kW at 19.0h (peak). Shift washing/dishwasher to 13-16h off-peak.,0.316,hour=19 & kW>1.47
2010-11-15 20:00:00,Peak_Shift,Medium,High consumption 2.99kW at 20.0h (peak). Shift washing/dishwasher to 13-16h off-peak.,0.599,hour=20 & kW>1.49
2010-11-15 21:00:00,Peak_Shift,Medium,High consumption 1.51kW at 21.0h (peak). Shift washing/dishwasher to 13-16h off-peak.,0.302,hour=21 & kW>1.43
2010-11-16 02:00:00,Night_Idle_Waste,Low,"Idle consumption 1.03kW at 2h. Check standby: router, fridge, Sub_metering_3.",0.727,hour in 1-5 & kW>0.8
2010-11-16 18:00:00,Peak_Shift,Medium,High consumption 2.06kW at 18.0h (peak). Shift washing/dishwasher to 13-16h off-peak.,0.413,hour=18 & kW>1.25
2010-11-16 19:00:00,Peak_Shift,Medium,High consumption 1.99kW at 19.0h (peak). Shift washing/dishwasher to 13-16h off-peak.,0.397,hour=19 & kW>1.27
2010-11-16 20:00:00,Peak_Shift,Medium,High consumption 2.18kW at 20.0h (peak). Shift washing/dishwasher to 13-16h off-peak.,0.435,hour=20 & kW>1.23
2010-11-16 21:00:00,Peak_Shift,Medium,High consumption 2.53kW at 21.0h (peak). Shift washing/dishwasher to 13-16h off-peak.,0.506,hour=21 & kW>1.28
2010-11-17 18:00:00,Peak_Shift,Medium,High consumption 1.63kW at 18.0h (peak). Shift washing/dishwasher to 13-16h off-peak.,0.326,hour=18 & kW>1.32
2010-11-17 19:00:00,Peak_Shift,Medium,High consumption 2.33kW at 19.0h (peak). Shift washing/dishwasher to 13-16h off-peak.,0.465,hour=19 & kW>1.33
2010-11-17 20:00:00,Peak_Shift,Medium,High consumption 2.24kW at 20.0h (peak). Shift washing/dishwasher to 13-16h off-peak.,0.449,hour=20 & kW>1.34
2010-11-17 21:00:00,Peak_Shift,Medium,High consumption 1.74kW at 21.0h (peak). Shift washing/dishwasher to 13-16h off-peak.,0.348,hour=21 & kW>1.30
2010-11-18 03:00:00,Night_Idle_Waste,Low,"Idle consumption 1.02kW at 3h. Check standby: router, fridge, Sub_metering_3.",0.719,hour in 1-5 & kW>0.8
2010-11-18 18:00:00,Peak_Shift,Medium,High consumption 2.73kW at 18.0h (peak). Shift washing/dishwasher to 13-16h off-peak.,0.546,hour=18 & kW>1.37
2010-11-18 19:00:00,Peak_Shift,Medium,High consumption 2.57kW at 19.0h (peak). Shift washing/dishwasher to 13-16h off-peak.,0.515,hour=19 & kW>1.39
2010-11-18 20:00:00,Peak_Shift,Medium,High consumption 2.16kW at 20.0h (peak). Shift washing/dishwasher to 13-16h off-peak.,0.433,hour=20 & kW>1.38
2010-11-18 21:00:00,Peak_Shift,Medium,High consumption 1.93kW at 21.0h (peak). Shift washing/dishwasher to 13-16h off-peak.,0.387,hour=21 & kW>1.39
2010-11-19 02:00:00,Night_Idle_Waste,Low,"Idle consumption 0.95kW at 2h. Check standby: router, fridge, Sub_metering_3.",0.655,hour in 1-5 & kW>0.8
2010-11-19 20:00:00,Peak_Shift,Medium,High consumption 1.67kW at 20.0h (peak). Shift washing/dishwasher to 13-16h off-peak.,0.333,hour=20 & kW>1.34
2010-11-19 21:00:00,Peak_Shift,Medium,High consumption 1.78kW at 21.0h (peak). Shift washing/dishwasher to 13-16h off-peak.,0.356,hour=21 & kW>1.33
2010-11-20 05:00:00,Night_Idle_Waste,Low,"Idle consumption 0.89kW at 5h. Check standby: router, fridge, Sub_metering_3.",0.585,hour in 1-5 & kW>0.8
2010-11-20 18:00:00,Peak_Shift,High,High consumption 5.63kW at 18.0h (peak). Shift washing/dishwasher to 13-16h off-peak.,1.125,hour=18 & kW>1.65
2010-11-20 18:00:00,Anomaly_Inspection,High,Anomaly detected: 5.63kW vs expected 1.76kW (residual 3.87). Check appliance left on.,3.868,z_score=6.76 | abs_error=3.87
2010-11-20 19:00:00,Peak_Shift,High,High consumption 3.26kW at 19.0h (peak). Shift washing/dishwasher to 13-16h off-peak.,0.652,hour=19 & kW>1.75
2010-11-20 20:00:00,Peak_Shift,Medium,High consumption 2.12kW at 20.0h (peak). Shift washing/dishwasher to 13-16h off-peak.,0.423,hour=20 & kW>1.78
2010-11-21 02:00:00,Night_Idle_Waste,Low,"Idle consumption 0.90kW at 2h. Check standby: router, fridge, Sub_metering_3.",0.597,hour in 1-5 & kW>0.8
2010-11-22 18:00:00,Peak_Shift,High,High consumption 3.17kW at 18.0h (peak). Shift washing/dishwasher to 13-16h off-peak.,0.634,hour=18 & kW>1.49
2010-11-22 18:00:00,Anomaly_Inspection,High,Anomaly detected: 3.17kW vs expected 0.95kW (residual 2.22). Check appliance left on.,2.215,z_score=3.90 | abs_error=2.22
2010-11-22 19:00:00,Peak_Shift,Medium,High consumption 2.59kW at 19.0h (peak). Shift washing/dishwasher to 13-16h off-peak.,0.518,hour=19 & kW>1.61
2010-11-22 21:00:00,Peak_Shift,Medium,High consumption 2.39kW at 21.0h (peak). Shift washing/dishwasher to 13-16h off-peak.,0.478,hour=21 & kW>1.72
2010-11-23 18:00:00,Peak_Shift,Medium,High consumption 1.84kW at 18.0h (peak). Shift washing/dishwasher to 13-16h off-peak.,0.368,hour=18 & kW>1.33
2010-11-23 19:00:00,Peak_Shift,Medium,High consumption 2.22kW at 19.0h (peak). Shift washing/dishwasher to 13-16h off-peak.,0.444,hour=19 & kW>1.31
2010-11-23 20:00:00,Peak_Shift,Medium,High consumption 2.64kW at 20.0h (peak). Shift washing/dishwasher to 13-16h off-peak.,0.527,hour=20 & kW>1.37
2010-11-24 18:00:00,Peak_Shift,Medium,High consumption 2.06kW at 18.0h (peak). Shift washing/dishwasher to 13-16h off-peak.,0.412,hour=18 & kW>1.57
2010-11-24 20:00:00,Peak_Shift,Medium,High consumption 2.31kW at 20.0h (peak). Shift washing/dishwasher to 13-16h off-peak.,0.463,hour=20 & kW>1.52
2010-11-24 21:00:00,Peak_Shift,Medium,High consumption 1.57kW at 21.0h (peak). Shift washing/dishwasher to 13-16h off-peak.,0.314,hour=21 & kW>1.53
2010-11-25 05:00:00,Night_Idle_Waste,Low,"Idle consumption 0.88kW at 5h. Check standby: router, fridge, Sub_metering_3.",0.581,hour in 1-5 & kW>0.8
2010-11-25 18:00:00,Peak_Shift,Medium,High consumption 2.21kW at 18.0h (peak). Shift washing/dishwasher to 13-16h off-peak.,0.442,hour=18 & kW>1.12
2010-11-25 19:00:00,Peak_Shift,Medium,High consumption 2.33kW at 19.0h (peak). Shift washing/dishwasher to 13-16h off-peak.,0.466,hour=19 & kW>1.17
2010-11-25 20:00:00,Peak_Shift,Medium,High consumption 1.65kW at 20.0h (peak). Shift washing/dishwasher to 13-16h off-peak.,0.33,hour=20 & kW>1.13
2010-11-26 18:00:00,Peak_Shift,Medium,High consumption 1.57kW at 18.0h (peak). Shift washing/dishwasher to 13-16h off-peak.,0.315,hour=18 & kW>1.47
2010-11-26 19:00:00,Peak_Shift,Medium,High consumption 1.66kW at 19.0h (peak). Shift washing/dishwasher to 13-16h off-peak.,0.332,hour=19 & kW>1.44
2010-11-26 21:00:00,Base_Load_Reduction,Medium,High base load 2799 hours >2.5kW detected. Consider energy-efficient appliances or reduce simultaneous usage.,0.5,kW>2.5 for >100 hours
