time,temperature_2m_mean (°C),rain_sum (mm),wind_speed_10m_max (km/h),apparent_temperature_mean (°C),temperature_2m_min (°C),temperature_2m_max (°C),apparent_temperature_max (°C),weather_code (wmo code),wind_direction_10m_dominant (°),wind_gusts_10m_max (km/h),shortwave_radiation_sum (MJ/m²),daylight_duration (s),sunshine_duration (s),apparent_temperature_min (°C),precipitation_hours (h),precipitation_sum (mm),et0_fao_evapotranspiration (mm),snowfall_sum (cm),cloud_cover_mean (%),dew_point_2m_mean (°C),relative_humidity_2m_mean (%),visibility_mean (undefined),visibility_max (undefined),visibility_min (undefined),wind_gusts_10m_mean (km/h),wind_speed_10m_mean (km/h),winddirection_10m_dominant (°),wind_gusts_10m_min (km/h),wind_speed_10m_min (km/h)
2009-02-01 00:00:00+00:00,14.1,0.0,12.0,11.0,7.9,20.6,17.5,0.0,215.0,27.7,16.92,38792.64,35403.46,4.7,0.0,0.0,3.57,0.0,0.0,0.7,42.0,,,,17.1,8.8,215.0,10.8,5.7
2009-02-02 00:00:00+00:00,14.3,0.0,11.9,11.4,5.8,21.9,19.1,0.0,74.0,24.1,17.19,38879.4,35479.76,3.4,0.0,0.0,3.61,0.0,0.0,1.1,45.0,,,,15.1,7.5,74.0,7.9,1.1
2009-02-03 00:00:00+00:00,16.1,0.0,21.3,12.3,9.2,24.0,19.5,2.0,65.0,41.4,17.27,38967.86,35570.21,6.3,0.0,0.0,4.69,0.0,3.0,2.4,43.0,,,,27.8,15.0,65.0,17.3,9.0
2009-02-04 00:00:00+00:00,17.9,0.0,18.3,15.5,10.9,26.8,24.4,3.0,90.0,31.3,17.7,39057.9,35614.48,8.4,0.0,0.0,3.76,0.0,32.0,4.0,46.0,,,,18.9,8.8,90.0,9.7,0.4
2009-02-05 00:00:00+00:00,18.0,0.0,13.6,14.4,11.4,26.4,22.2,0.0,222.0,31.3,17.8,39149.4,35718.27,7.8,0.0,0.0,4.68,0.0,0.0,-1.6,31.0,,,,19.9,10.0,222.0,11.9,6.5
2009-02-06 00:00:00+00:00,15.5,0.0,9.7,14.4,10.4,22.0,20.2,3.0,347.0,22.7,16.08,39242.27,32732.03,9.6,0.0,0.0,2.94,0.0,29.0,9.3,72.0,,,,14.5,6.8,347.0,9.0,2.5
2009-02-07 00:00:00+00:00,15.7,0.0,10.1,14.0,7.7,23.3,21.3,3.0,53.0,23.4,17.45,39336.38,35750.41,6.1,0.0,0.0,3.43,0.0,31.0,6.9,62.0,,,,15.8,7.5,53.0,9.0,4.3
2009-02-08 00:00:00+00:00,19.0,0.0,20.5,15.7,12.0,27.7,23.1,3.0,173.0,36.0,16.12,39431.62,31341.27,9.6,0.0,0.0,4.95,0.0,85.0,2.3,37.0,,,,22.4,11.7,173.0,10.1,4.6
2009-02-09 00:00:00+00:00,20.5,0.0,24.2,16.2,16.6,25.3,21.2,3.0,215.0,46.8,16.43,39527.91,35343.29,11.5,0.0,0.0,6.05,0.0,95.0,0.4,28.0,,,,32.0,16.8,215.0,9.4,7.4
2009-02-10 00:00:00+00:00,14.9,0.2,34.9,9.8,11.6,17.4,13.3,51.0,273.0,69.5,15.14,39625.11,35417.8,6.2,1.0,0.2,4.55,0.0,45.0,1.7,42.0,,,,43.9,23.1,273.0,20.5,9.7
2009-02-11 00:00:00+00:00,15.0,0.0,14.5,12.5,10.8,20.3,17.3,1.0,234.0,32.0,17.29,39723.15,36255.81,8.7,0.0,0.0,3.46,0.0,13.0,5.3,55.0,,,,21.6,10.5,234.0,11.2,6.6
2009-02-12 00:00:00+00:00,15.9,0.0,12.3,13.1,9.5,22.8,20.2,3.0,196.0,27.7,18.21,39821.91,35917.07,6.4,0.0,0.0,3.87,0.0,29.0,2.5,44.0,,,,18.9,8.8,196.0,6.1,1.5
2009-02-13 00:00:00+00:00,15.5,0.0,8.4,12.9,6.7,23.9,21.4,3.0,194.0,23.8,18.64,39921.29,36545.47,4.6,0.0,0.0,3.73,0.0,20.0,1.6,45.0,,,,13.2,6.0,194.0,6.1,4.5
2009-02-14 00:00:00+00:00,17.0,0.0,19.4,13.5,10.6,24.5,20.5,0.0,214.0,38.9,18.65,40021.21,36584.62,7.0,0.0,0.0,4.76,0.0,1.0,1.0,37.0,,,,22.4,12.1,214.0,11.9,7.2
2009-02-15 00:00:00+00:00,14.5,0.0,21.3,10.4,10.3,19.0,14.3,3.0,257.0,42.5,18.5,40121.55,36684.12,6.4,0.0,0.0,4.34,0.0,23.0,-1.6,34.0,,,,25.1,13.1,257.0,11.2,7.0
2009-02-16 00:00:00+00:00,13.7,0.0,25.2,9.8,9.4,18.6,13.8,3.0,264.0,47.9,19.07,40222.23,36508.11,5.8,0.0,0.0,4.17,0.0,22.0,-0.7,38.0,,,,25.2,12.9,264.0,10.8,6.9
2009-02-17 00:00:00+00:00,12.3,0.0,12.7,9.6,5.8,17.9,14.3,3.0,306.0,27.4,16.07,40323.16,36512.41,3.2,0.0,0.0,2.95,0.0,26.0,3.6,60.0,,,,17.0,8.6,306.0,8.6,5.1
2009-02-18 00:00:00+00:00,14.1,0.0,13.3,11.3,6.6,21.3,18.8,2.0,83.0,23.4,18.78,40424.24,36026.43,4.0,0.0,0.0,3.81,0.0,6.0,1.8,49.0,,,,17.7,8.5,83.0,10.8,5.9
2009-02-19 00:00:00+00:00,18.2,0.0,35.3,12.9,12.0,26.7,20.4,3.0,220.0,65.2,18.78,40525.38,36618.5,6.1,0.0,0.0,6.64,0.0,26.0,-1.9,31.0,,,,37.8,22.5,220.0,14.4,12.9
2009-02-20 00:00:00+00:00,15.3,0.0,23.2,12.0,10.3,20.3,16.0,1.0,260.0,43.2,18.44,40626.58,37031.4,8.2,0.0,0.0,4.22,0.0,13.0,4.5,53.0,,,,28.5,15.1,260.0,11.2,7.1
2009-02-21 00:00:00+00:00,13.8,0.0,27.4,9.6,9.9,17.3,12.0,3.0,279.0,50.4,14.14,40728.69,28679.54,6.3,0.0,0.0,3.68,0.0,62.0,3.3,50.0,,,,34.1,18.0,279.0,22.3,10.4
2009-02-22 00:00:00+00:00,13.3,0.0,22.7,10.0,8.2,17.7,12.9,3.0,269.0,43.9,15.6,40831.87,36309.15,5.9,0.0,0.0,3.28,0.0,45.0,3.6,55.0,,,,24.9,12.6,269.0,9.0,5.8
2009-02-23 00:00:00+00:00,13.9,0.0,26.2,10.4,5.2,20.0,15.5,3.0,228.0,47.5,18.03,40936.01,34496.71,3.1,0.0,0.0,4.29,0.0,21.0,1.8,49.0,,,,24.4,12.9,228.0,5.8,2.1
2009-02-24 00:00:00+00:00,14.4,0.0,15.4,11.1,8.4,19.7,16.3,1.0,233.0,33.5,20.13,41041.04,37290.87,5.2,0.0,0.0,4.11,0.0,4.0,0.8,43.0,,,,21.4,10.5,233.0,5.8,1.5
2009-02-25 00:00:00+00:00,14.4,0.0,13.8,11.3,6.1,21.3,18.2,0.0,189.0,32.8,20.28,41146.85,37550.0,3.4,0.0,0.0,4.17,0.0,0.0,0.1,42.0,,,,17.6,8.5,189.0,4.0,2.1
2009-02-26 00:00:00+00:00,16.1,0.0,29.0,11.9,10.4,22.8,18.0,2.0,223.0,54.7,20.39,41253.37,37735.8,6.5,0.0,0.0,5.34,0.0,7.0,-0.9,33.0,,,,30.0,15.1,223.0,13.7,7.4
2009-02-27 00:00:00+00:00,12.3,0.7,28.3,8.7,9.2,16.0,11.0,51.0,277.0,61.9,16.18,41360.5,37206.11,6.3,2.0,0.7,3.07,0.0,30.0,5.0,64.0,,,,35.9,16.9,277.0,13.3,5.9
2009-02-28 00:00:00+00:00,12.5,0.2,30.6,7.9,8.1,17.2,11.6,51.0,246.0,58.3,16.12,41468.16,36075.76,4.2,1.0,0.2,3.85,0.0,34.0,2.5,52.0,,,,38.1,20.4,246.0,21.6,11.9
2009-03-01 00:00:00+00:00,12.9,0.5,29.1,8.9,8.5,18.4,13.5,51.0,298.0,54.4,17.68,41576.26,37810.68,5.4,3.0,0.5,3.68,0.0,25.0,3.8,59.0,,,,36.1,18.1,298.0,19.4,8.0
2009-03-02 00:00:00+00:00,12.3,0.0,10.1,9.8,7.8,16.7,14.0,3.0,268.0,21.2,10.2,41684.72,16322.22,5.7,0.0,0.0,2.21,0.0,73.0,3.7,57.0,,,,13.8,7.3,268.0,7.9,5.1
2009-03-03 00:00:00+00:00,14.4,0.0,9.5,12.0,4.8,22.4,20.1,0.0,303.0,24.1,21.08,41793.46,38219.12,2.5,0.0,0.0,4.04,0.0,0.0,2.1,49.0,,,,13.9,6.7,303.0,4.7,3.1
2009-03-04 00:00:00+00:00,17.5,0.0,9.4,15.2,7.4,26.4,24.9,0.0,172.0,21.6,21.02,41902.4,38352.12,4.8,0.0,0.0,4.47,0.0,0.0,2.8,42.0,,,,13.8,6.9,172.0,5.0,3.6
2009-03-05 00:00:00+00:00,20.4,0.0,11.9,17.1,13.1,29.2,26.1,3.0,153.0,25.2,16.35,42011.44,33879.46,9.9,0.0,0.0,4.85,0.0,67.0,0.9,31.0,,,,18.4,10.1,153.0,11.2,5.1
2009-03-06 00:00:00+00:00,23.9,0.0,28.9,18.6,17.8,31.3,25.6,3.0,185.0,56.5,21.84,42120.52,38633.37,12.6,0.0,0.0,8.55,0.0,20.0,-4.0,17.0,,,,37.8,19.8,185.0,17.6,10.2
2009-03-07 00:00:00+00:00,26.3,0.0,40.1,20.2,20.5,33.4,26.5,3.0,186.0,73.1,20.8,42229.55,38188.18,14.6,0.0,0.0,10.24,0.0,55.0,-3.9,14.0,,,,45.2,24.9,186.0,27.0,12.4
2009-03-08 00:00:00+00:00,18.5,0.0,19.7,15.6,12.2,25.2,21.9,3.0,308.0,38.2,21.1,42338.45,38118.49,11.0,0.0,0.0,5.31,0.0,32.0,2.1,41.0,,,,23.7,11.2,308.0,10.4,5.0
2009-03-09 00:00:00+00:00,15.1,0.0,25.4,11.3,8.1,21.0,17.1,3.0,277.0,51.1,21.65,42447.13,37375.98,4.8,0.0,0.0,4.96,0.0,10.0,0.2,38.0,,,,27.2,13.8,277.0,7.9,4.1
2009-03-10 00:00:00+00:00,15.6,0.0,9.9,13.8,8.3,22.2,20.4,3.0,300.0,25.6,21.77,42555.54,39141.02,6.8,0.0,0.0,4.11,0.0,24.0,5.5,57.0,,,,15.8,7.4,300.0,8.3,3.9
2009-03-11 00:00:00+00:00,17.8,0.0,15.7,15.5,11.3,24.1,22.1,3.0,23.0,29.2,22.43,42663.57,39301.62,9.9,0.0,0.0,4.82,0.0,30.0,4.8,46.0,,,,20.3,9.3,23.0,11.5,3.8
2009-03-12 00:00:00+00:00,16.6,0.0,14.7,14.3,9.9,23.4,21.0,0.0,11.0,28.4,22.51,42771.25,39579.0,8.4,0.0,0.0,4.6,0.0,1.0,5.4,54.0,,,,22.4,10.8,11.0,13.7,7.7
2009-03-13 00:00:00+00:00,16.6,0.0,25.3,14.0,8.9,24.6,22.0,1.0,304.0,49.3,22.61,42879.34,39980.81,7.6,0.0,0.0,5.08,0.0,1.0,5.0,54.0,,,,25.1,11.9,304.0,8.3,0.8
2009-03-14 00:00:00+00:00,15.3,0.0,15.9,12.5,10.2,20.9,17.3,2.0,296.0,35.3,18.8,42988.0,39448.18,8.5,0.0,0.0,3.97,0.0,19.0,5.3,55.0,,,,25.0,12.2,296.0,13.7,7.4
2009-03-15 00:00:00+00:00,14.9,0.0,17.6,12.2,8.0,21.0,17.6,3.0,322.0,37.8,18.86,43097.18,40119.6,5.8,0.0,0.0,4.04,0.0,29.0,5.4,57.0,,,,23.8,12.1,322.0,10.8,5.8
2009-03-16 00:00:00+00:00,14.6,0.0,18.6,11.6,7.6,21.1,18.0,0.0,13.0,34.2,23.11,43206.77,40429.35,5.6,0.0,0.0,4.76,0.0,1.0,2.6,49.0,,,,25.0,12.2,13.0,10.1,6.2
2009-03-17 00:00:00+00:00,14.6,0.0,16.9,11.4,7.1,21.8,18.8,0.0,32.0,35.6,23.38,43316.73,40540.15,4.4,0.0,0.0,4.85,0.0,2.0,2.4,48.0,,,,25.6,12.6,32.0,13.7,8.0
2009-03-18 00:00:00+00:00,15.2,0.0,13.5,12.6,7.7,22.1,19.9,0.0,14.0,27.4,23.24,43426.96,40651.08,5.5,0.0,0.0,4.58,0.0,0.0,3.2,49.0,,,,20.7,9.6,14.0,12.6,6.3
2009-03-19 00:00:00+00:00,16.4,0.1,16.4,13.6,9.6,23.0,22.5,51.0,51.0,31.3,18.61,43537.42,39860.32,7.4,1.0,0.1,4.43,0.0,37.0,3.9,47.0,,,,20.8,10.6,51.0,9.0,3.6
2009-03-20 00:00:00+00:00,17.4,0.0,28.1,13.4,13.2,23.9,20.8,3.0,35.0,54.4,21.82,43648.01,39430.3,8.2,0.0,0.0,5.76,0.0,29.0,5.0,45.0,,,,39.6,21.7,35.0,26.6,14.7
2009-03-21 00:00:00+00:00,15.6,0.0,13.1,13.0,9.0,22.6,20.1,0.0,354.0,27.0,24.18,43758.67,40983.93,7.0,0.0,0.0,4.7,0.0,1.0,3.8,52.0,,,,21.9,10.4,354.0,13.0,7.4
2009-03-22 00:00:00+00:00,17.1,0.0,9.0,14.9,7.5,25.0,23.3,2.0,59.0,20.5,24.34,43869.33,41094.66,5.6,0.0,0.0,4.37,0.0,7.0,-0.3,42.0,,,,12.7,4.5,59.0,4.3,0.8
2009-03-23 00:00:00+00:00,17.1,0.0,28.7,13.3,11.9,24.6,21.0,2.0,257.0,56.5,22.28,43979.91,41033.61,8.1,0.0,0.0,5.64,0.0,37.0,1.1,36.0,,,,29.4,15.3,257.0,6.8,6.0
2009-03-24 00:00:00+00:00,14.6,0.0,20.1,11.3,9.9,19.0,14.7,3.0,283.0,41.0,15.75,44090.36,30389.56,7.3,0.0,0.0,3.64,0.0,42.0,4.5,52.0,,,,26.9,13.6,283.0,13.3,7.6
2009-03-25 00:00:00+00:00,15.5,0.0,9.0,13.4,7.1,21.9,20.6,1.0,330.0,23.4,24.02,44200.57,41425.17,5.3,0.0,0.0,4.52,0.0,6.0,3.1,49.0,,,,14.6,6.7,330.0,8.3,2.3
2009-03-26 00:00:00+00:00,17.3,0.0,13.9,14.3,8.3,24.7,21.8,0.0,245.0,31.0,24.74,44310.5,41534.55,6.1,0.0,0.0,5.39,0.0,0.0,0.2,38.0,,,,18.4,8.9,245.0,8.6,5.7
2009-03-27 00:00:00+00:00,16.5,0.0,28.5,13.4,8.1,23.9,19.2,1.0,280.0,53.3,24.87,44420.07,41643.41,6.7,0.0,0.0,5.59,0.0,3.0,4.8,52.0,,,,30.4,15.5,280.0,7.2,2.9
2009-03-28 00:00:00+00:00,15.5,0.0,19.2,12.6,10.6,21.4,18.3,1.0,322.0,40.7,24.29,44529.2,41751.69,9.0,0.0,0.0,4.95,0.0,11.0,4.5,52.0,,,,27.6,13.3,322.0,12.6,5.7
2009-03-29 00:00:00+00:00,16.0,0.0,18.4,12.9,9.4,23.6,20.5,1.0,359.0,37.4,24.33,44637.81,41859.31,7.5,0.0,0.0,5.34,0.0,6.0,3.5,49.0,,,,27.0,13.1,359.0,14.0,7.3
2009-03-30 00:00:00+00:00,16.4,0.0,16.8,13.4,7.8,24.2,21.1,3.0,34.0,36.7,24.9,44745.84,41966.2,5.5,0.0,0.0,5.45,0.0,4.0,3.5,47.0,,,,25.7,12.7,34.0,11.9,8.4
2009-03-31 00:00:00+00:00,18.4,0.0,11.7,16.4,9.5,26.5,24.9,3.0,30.0,28.4,24.21,44853.2,42072.3,7.8,0.0,0.0,5.26,0.0,42.0,5.7,48.0,,,,20.2,9.3,30.0,10.4,6.0
2009-04-01 00:00:00+00:00,20.1,0.0,15.5,17.1,12.8,27.1,24.0,3.0,36.0,32.8,24.0,44959.89,42177.5,10.8,0.0,0.0,5.98,0.0,31.0,1.2,33.0,,,,20.8,10.4,36.0,8.6,5.9
2009-04-02 00:00:00+00:00,18.7,0.0,18.1,16.7,11.2,26.9,24.5,2.0,4.0,36.4,24.79,45066.66,42282.46,10.4,0.0,0.0,5.62,0.0,6.0,7.6,56.0,,,,25.0,12.2,4.0,12.6,6.7
2009-04-03 00:00:00+00:00,19.9,0.0,16.5,18.5,12.1,28.8,27.1,2.0,349.0,33.8,25.05,45173.64,42387.48,11.2,0.0,0.0,5.76,0.0,7.0,8.3,53.0,,,,22.0,10.2,349.0,9.0,4.5
2009-04-04 00:00:00+00:00,21.8,0.0,14.3,21.0,13.8,29.8,29.7,3.0,21.0,27.4,25.01,45280.76,42492.5,13.8,0.0,0.0,5.67,0.0,16.0,10.0,54.0,,,,17.8,8.3,21.0,7.9,4.4
2009-04-05 00:00:00+00:00,25.7,0.0,19.2,23.6,16.9,34.4,32.4,3.0,111.0,40.3,24.42,45387.95,42597.44,15.0,0.0,0.0,7.04,0.0,25.0,6.8,35.0,,,,25.4,11.9,111.0,15.5,5.5
2009-04-06 00:00:00+00:00,22.3,0.0,22.1,19.5,16.8,27.0,24.4,3.0,290.0,43.9,21.69,45495.16,42702.24,14.7,0.0,0.0,6.37,0.0,65.0,7.5,43.0,,,,34.0,16.9,290.0,22.7,11.4
2009-04-07 00:00:00+00:00,20.2,0.0,16.6,17.8,13.6,27.0,25.5,2.0,30.0,29.9,25.11,45602.3,42806.84,11.8,0.0,0.0,6.02,0.0,8.0,4.8,42.0,,,,23.6,11.4,30.0,16.9,8.1
2009-04-08 00:00:00+00:00,18.4,0.0,21.9,16.2,13.0,24.4,22.2,0.0,332.0,41.8,25.8,45709.31,42868.9,12.0,0.0,0.0,5.75,0.0,1.0,6.9,51.0,,,,27.3,13.1,332.0,7.9,1.1
2009-04-09 00:00:00+00:00,17.7,0.0,14.8,15.9,10.0,24.6,22.9,1.0,326.0,30.6,25.12,45816.11,42903.97,9.0,0.0,0.0,5.23,0.0,4.0,7.0,54.0,,,,21.2,9.6,326.0,9.4,2.9
2009-04-10 00:00:00+00:00,18.4,0.0,10.1,17.1,10.1,25.5,24.6,3.0,10.0,23.8,26.28,45922.64,42939.02,8.7,0.0,0.0,5.16,0.0,14.0,7.0,54.0,,,,17.1,7.3,10.0,9.7,4.0
2009-04-11 00:00:00+00:00,22.3,0.0,15.5,20.4,13.8,31.0,30.3,3.0,78.0,32.0,25.47,46028.82,42974.04,11.6,0.0,0.0,5.97,0.0,24.0,5.8,41.0,,,,19.7,9.5,78.0,10.8,3.1
2009-04-12 00:00:00+00:00,25.0,0.0,17.3,22.0,16.9,34.1,31.3,1.0,250.0,39.2,24.49,46134.57,43009.07,13.6,0.0,0.0,7.51,0.0,9.0,3.0,28.0,,,,24.5,12.4,250.0,12.2,6.0
2009-04-13 00:00:00+00:00,25.0,0.0,16.8,22.8,16.0,34.3,32.2,1.0,58.0,36.7,26.43,46239.84,43044.11,14.5,0.0,0.0,7.5,0.0,6.0,7.4,40.0,,,,27.3,13.6,58.0,20.2,8.9
2009-04-14 00:00:00+00:00,25.6,0.0,32.4,22.8,18.2,37.6,34.8,2.0,313.0,64.4,25.48,46344.52,43079.17,14.8,0.0,0.0,8.14,0.0,21.0,5.4,30.0,,,,30.4,14.5,313.0,11.5,4.2
2009-04-15 00:00:00+00:00,20.2,0.0,21.0,17.7,13.5,26.5,23.1,3.0,302.0,44.3,27.08,46448.55,42208.21,12.0,0.0,0.0,6.28,0.0,13.0,3.5,36.0,,,,24.1,10.4,302.0,6.8,0.8
2009-04-16 00:00:00+00:00,18.8,0.0,22.2,16.8,11.4,25.4,22.6,0.0,303.0,45.7,26.33,46551.85,43149.43,10.2,0.0,0.0,5.75,0.0,2.0,7.7,53.0,,,,26.7,12.8,303.0,10.1,4.8
2009-04-17 00:00:00+00:00,18.9,0.0,15.5,17.5,11.0,26.1,24.8,0.0,348.0,28.4,27.18,46654.34,43184.64,10.3,0.0,0.0,5.61,0.0,1.0,7.3,54.0,,,,19.7,8.8,348.0,10.4,3.9
2009-04-18 00:00:00+00:00,20.0,0.0,20.9,17.2,11.9,28.0,25.1,0.0,42.0,37.1,27.69,46755.94,43200.0,10.8,0.0,0.0,6.85,0.0,0.0,4.1,45.0,,,,28.2,14.4,42.0,15.1,9.2
2009-04-19 00:00:00+00:00,20.6,0.0,23.7,16.6,13.1,29.2,25.4,0.0,49.0,47.2,27.98,46856.57,43200.0,9.6,0.0,0.0,7.81,0.0,0.0,3.4,38.0,,,,37.9,20.5,49.0,30.2,17.4
2009-04-20 00:00:00+00:00,22.1,0.0,18.2,19.5,13.3,31.9,29.5,0.0,46.0,38.5,27.79,46956.13,43200.0,11.0,0.0,0.0,7.27,0.0,0.0,6.3,43.0,,,,29.9,15.4,46.0,23.8,12.4
2009-04-21 00:00:00+00:00,23.5,0.0,13.7,22.0,14.1,33.2,32.6,0.0,26.0,24.1,27.81,47054.62,43200.8,12.5,0.0,0.0,6.75,0.0,0.0,7.5,42.0,,,,19.9,9.6,26.0,14.4,5.7
2009-04-22 00:00:00+00:00,25.8,0.0,20.3,23.6,16.8,37.5,35.4,3.0,5.0,38.5,27.96,47152.75,43269.88,14.4,0.0,0.0,7.87,0.0,15.0,5.5,33.0,,,,24.4,12.2,5.0,15.1,5.2
2009-04-23 00:00:00+00:00,20.6,0.0,20.0,18.5,15.1,26.5,23.4,3.0,9.0,37.1,19.54,47250.64,33604.32,14.5,0.0,0.0,5.31,0.0,94.0,10.0,57.0,,,,31.3,16.5,9.0,21.6,12.1
2009-04-24 00:00:00+00:00,20.1,0.0,17.1,17.7,15.9,25.0,21.7,3.0,27.0,35.3,10.49,47348.21,5754.66,14.6,0.0,0.0,3.97,0.0,100.0,9.2,53.0,,,,28.4,15.3,27.0,18.4,12.5
2009-04-25 00:00:00+00:00,22.1,0.0,20.9,20.2,15.9,29.1,28.0,3.0,10.0,40.0,26.83,47445.41,40198.17,14.6,0.0,0.0,6.74,0.0,68.0,7.5,45.0,,,,27.1,13.0,10.0,19.4,8.9
2009-04-26 00:00:00+00:00,19.9,0.0,21.2,18.3,15.4,25.9,24.4,3.0,12.0,38.2,24.16,47542.14,42773.3,14.0,0.0,0.0,5.53,0.0,49.0,10.1,58.0,,,,29.1,14.7,12.0,19.4,11.2
2009-04-27 00:00:00+00:00,19.3,0.0,17.7,17.2,11.8,27.0,24.9,1.0,21.0,35.3,27.71,47638.34,43329.75,10.4,0.0,0.0,6.22,0.0,5.0,7.5,52.0,,,,27.8,13.8,21.0,14.8,8.8
2009-04-28 00:00:00+00:00,20.8,0.0,15.8,18.8,12.5,28.9,26.9,3.0,38.0,35.3,27.27,47733.92,42114.36,11.6,0.0,0.0,6.42,0.0,62.0,7.7,50.0,,,,25.9,13.0,38.0,14.8,8.5
2009-04-29 00:00:00+00:00,23.7,0.0,21.9,21.4,15.3,32.4,30.8,3.0,359.0,39.2,26.59,47828.8,43200.0,13.4,0.0,0.0,7.03,0.0,62.0,5.3,37.0,,,,23.8,11.4,359.0,14.8,3.8
2009-04-30 00:00:00+00:00,20.0,0.0,18.0,18.9,14.3,26.9,26.0,3.0,329.0,34.9,26.34,47922.91,43200.0,14.4,0.0,0.0,5.76,0.0,32.0,9.9,57.0,,,,24.5,11.0,329.0,11.9,5.5
2009-05-01 00:00:00+00:00,20.7,0.0,14.8,19.5,13.8,27.8,26.9,3.0,341.0,31.3,28.13,48016.16,43717.18,13.2,0.0,0.0,6.19,0.0,25.0,7.9,49.0,,,,20.1,8.3,341.0,6.1,1.3
2009-05-02 00:00:00+00:00,22.9,0.2,22.7,19.5,15.5,29.5,25.1,51.0,75.0,45.7,17.22,48108.47,21763.53,14.0,1.0,0.2,6.27,0.0,91.0,3.4,34.0,,,,26.2,13.9,75.0,12.2,7.9
2009-05-03 00:00:00+00:00,28.2,0.0,27.5,25.1,20.7,38.2,35.6,3.0,75.0,47.2,19.66,48199.75,32018.66,17.7,0.0,0.0,8.15,0.0,98.0,5.7,26.0,,,,30.6,15.7,75.0,15.8,6.9
2009-05-04 00:00:00+00:00,26.4,0.0,29.2,23.0,18.4,29.6,26.1,3.0,273.0,58.7,24.07,48289.91,43200.0,16.7,0.0,0.0,8.59,0.0,54.0,8.0,33.0,,,,49.0,21.5,273.0,29.9,8.8
2009-05-05 00:00:00+00:00,20.5,0.0,18.7,18.6,14.4,26.6,24.0,0.0,292.0,42.8,28.58,48378.87,43945.9,13.9,0.0,0.0,6.36,0.0,1.0,6.9,48.0,,,,26.0,12.0,292.0,10.1,4.6
2009-05-06 00:00:00+00:00,20.3,0.0,18.4,19.2,14.0,26.6,25.4,1.0,324.0,34.6,27.23,48466.53,44063.35,13.6,0.0,0.0,5.81,0.0,8.0,8.4,50.0,,,,21.9,8.4,324.0,6.8,0.7
2009-05-07 00:00:00+00:00,20.9,0.0,17.9,19.2,13.5,27.3,25.3,3.0,13.0,34.6,26.1,48552.8,40152.84,13.0,0.0,0.0,6.19,0.0,55.0,7.6,48.0,,,,23.1,10.9,13.0,11.5,5.2
2009-05-08 00:00:00+00:00,21.0,0.0,19.6,18.9,14.0,27.9,26.3,3.0,34.0,37.4,27.26,48637.6,44190.38,12.7,0.0,0.0,6.6,0.0,45.0,8.5,49.0,,,,30.3,15.2,34.0,16.9,10.9
2009-05-09 00:00:00+00:00,20.9,0.0,18.3,19.1,13.8,27.7,26.3,3.0,13.0,34.6,27.69,48720.82,44314.93,13.2,0.0,0.0,6.54,0.0,67.0,8.3,50.0,,,,27.2,13.4,13.0,13.0,8.1
2009-05-10 00:00:00+00:00,20.8,0.0,19.8,19.4,13.4,27.8,26.4,2.0,1.0,36.4,27.15,48802.36,43719.9,13.2,0.0,0.0,6.26,0.0,16.0,9.3,53.0,,,,25.2,11.7,1.0,9.7,4.7
2009-05-11 00:00:00+00:00,21.5,0.0,18.5,20.2,13.4,28.8,27.2,0.0,9.0,34.6,28.38,48882.21,44327.93,13.2,0.0,0.0,6.65,0.0,1.0,8.8,51.0,,,,24.1,11.6,9.0,11.5,6.8
2009-05-12 00:00:00+00:00,22.2,0.0,21.6,20.0,13.9,29.9,27.5,1.0,32.0,39.6,29.27,48960.98,44708.07,13.4,0.0,0.0,7.46,0.0,8.0,7.0,45.0,,,,28.7,14.3,32.0,15.1,8.7
2009-05-13 00:00:00+00:00,22.4,0.0,21.3,20.2,14.0,30.6,27.8,0.0,29.0,42.1,29.16,49038.78,44837.79,13.6,0.0,0.0,7.55,0.0,0.0,8.1,48.0,,,,31.3,16.0,29.0,16.2,9.0
2009-05-14 00:00:00+00:00,22.8,0.0,22.0,20.5,14.3,31.6,28.8,0.0,17.0,41.8,29.28,49115.55,44973.98,13.8,0.0,0.0,7.75,0.0,0.0,7.4,46.0,,,,30.9,15.5,17.0,16.9,9.6
2009-05-15 00:00:00+00:00,23.2,0.0,18.8,21.1,14.0,32.2,30.1,2.0,30.0,40.3,29.11,49191.21,44984.8,13.3,0.0,0.0,7.7,0.0,9.0,8.0,44.0,,,,29.0,14.7,30.0,16.2,9.4
2009-05-16 00:00:00+00:00,25.7,0.0,19.1,24.2,16.3,35.1,34.2,2.0,44.0,38.5,28.89,49265.68,44994.98,15.8,0.0,0.0,8.1,0.0,8.0,10.4,44.0,,,,28.7,14.9,44.0,18.4,10.6
2009-05-17 00:00:00+00:00,28.6,0.0,17.6,26.4,18.9,38.0,36.8,0.0,56.0,36.0,29.4,49338.9,45413.42,17.2,0.0,0.0,8.93,0.0,2.0,6.4,29.0,,,,26.9,13.3,56.0,19.8,10.2
2009-05-18 00:00:00+00:00,30.0,0.0,24.2,27.6,22.0,40.2,38.6,0.0,339.0,45.4,28.34,49410.79,45335.73,19.4,0.0,0.0,9.46,0.0,3.0,6.6,26.0,,,,28.8,14.3,339.0,20.5,6.0
2009-05-19 00:00:00+00:00,25.9,0.0,22.5,25.7,18.3,33.4,33.3,0.0,322.0,43.2,28.98,49481.27,45431.6,18.9,0.0,0.0,7.02,0.0,0.0,11.2,46.0,,,,19.7,8.3,322.0,7.2,1.3
2009-05-20 00:00:00+00:00,25.8,0.0,21.1,24.9,18.7,32.6,30.6,2.0,276.0,44.6,25.69,49550.25,45163.12,19.1,0.0,0.0,7.1,0.0,12.0,11.3,46.0,,,,27.2,12.2,276.0,10.8,5.2
2009-05-21 00:00:00+00:00,25.3,0.0,17.9,24.9,17.6,32.1,30.7,1.0,309.0,40.7,27.72,49617.68,45312.5,18.4,0.0,0.0,6.95,0.0,3.0,12.0,48.0,,,,23.6,10.7,309.0,7.9,4.6
2009-05-22 00:00:00+00:00,26.2,0.0,20.4,25.9,18.6,34.0,33.8,0.0,8.0,38.9,28.75,49683.45,45547.44,19.2,0.0,0.0,7.3,0.0,0.0,12.1,48.0,,,,25.2,11.2,8.0,13.7,1.1
2009-05-23 00:00:00+00:00,25.6,0.0,17.9,25.7,18.4,32.7,32.9,0.0,6.0,34.2,28.7,49747.5,45554.72,19.6,0.0,0.0,7.11,0.0,0.0,13.6,53.0,,,,25.1,11.6,6.0,13.7,6.6
2009-05-24 00:00:00+00:00,23.8,0.0,17.5,23.3,18.0,29.4,28.3,3.0,356.0,36.4,23.19,49809.73,45015.34,18.8,0.0,0.0,5.92,0.0,25.0,13.3,56.0,,,,27.3,13.0,356.0,14.4,7.9
2009-05-25 00:00:00+00:00,25.1,0.0,19.7,25.2,16.6,32.9,33.1,3.0,333.0,37.8,28.08,49870.08,45201.12,17.8,0.0,0.0,7.02,0.0,11.0,13.4,55.0,,,,24.0,10.9,333.0,9.4,5.6
2009-05-26 00:00:00+00:00,25.5,0.0,22.4,25.2,17.7,33.1,32.1,0.0,321.0,44.6,28.78,49928.46,45811.93,19.5,0.0,0.0,7.5,0.0,0.0,13.7,54.0,,,,28.6,13.8,321.0,8.6,4.7
2009-05-27 00:00:00+00:00,24.8,0.0,16.4,24.1,17.4,31.5,30.6,0.0,315.0,34.2,29.24,49984.77,45880.07,17.8,0.0,0.0,7.23,0.0,1.0,11.5,49.0,,,,24.7,11.9,315.0,9.7,5.7
2009-05-28 00:00:00+00:00,25.2,0.0,19.2,25.3,18.2,32.1,32.3,1.0,357.0,36.4,27.78,50038.95,44327.16,19.2,0.0,0.0,6.71,0.0,8.0,12.5,51.0,,,,21.4,9.4,357.0,10.8,6.4
2009-05-29 00:00:00+00:00,25.6,0.0,20.7,24.4,18.3,32.3,31.2,0.0,33.0,38.2,29.35,50090.89,46126.16,19.0,0.0,0.0,7.82,0.0,0.0,10.2,45.0,,,,28.2,13.8,33.0,16.6,9.0
2009-05-30 00:00:00+00:00,25.0,0.0,22.3,23.1,17.3,32.8,31.2,0.0,24.0,41.4,29.82,50140.53,46143.57,16.8,0.0,0.0,8.23,0.0,0.0,8.8,40.0,,,,30.6,15.1,24.0,16.2,9.2
2009-05-31 00:00:00+00:00,24.8,0.0,23.0,22.9,16.5,33.2,30.2,0.0,8.0,46.1,29.75,50187.82,46268.25,16.9,0.0,0.0,8.2,0.0,0.0,9.2,47.0,,,,33.0,16.5,8.0,17.3,10.1
2009-06-01 00:00:00+00:00,26.0,0.0,19.2,25.0,16.5,35.7,33.5,1.0,15.0,40.0,29.7,50233.14,46283.62,17.3,0.0,0.0,8.16,0.0,2.0,11.4,50.0,,,,29.4,14.7,15.0,15.1,8.7
2009-06-02 00:00:00+00:00,27.5,0.0,19.3,27.0,17.9,37.0,35.4,0.0,23.0,37.8,29.3,50276.59,46297.15,19.1,0.0,0.0,8.3,0.0,0.0,12.8,50.0,,,,27.7,14.2,23.0,15.1,9.0
2009-06-03 00:00:00+00:00,29.1,0.0,20.1,27.8,19.3,38.4,36.5,0.0,31.0,40.3,29.56,50318.12,46421.69,19.6,0.0,0.0,9.1,0.0,0.0,10.4,38.0,,,,28.9,14.3,31.0,15.8,9.4
2009-06-04 00:00:00+00:00,28.7,0.0,22.5,26.9,20.1,37.1,34.9,1.0,31.0,43.6,28.91,50357.68,46306.0,19.9,0.0,0.0,9.23,0.0,12.0,10.0,36.0,,,,32.2,16.1,31.0,17.3,7.9
2009-06-05 00:00:00+00:00,30.1,0.0,16.2,28.7,20.9,38.6,38.8,1.0,53.0,31.3,29.05,50395.25,46442.47,20.6,0.0,0.0,8.69,0.0,4.0,9.2,33.0,,,,24.6,12.5,53.0,16.9,5.9
2009-06-06 00:00:00+00:00,29.4,0.0,25.8,28.2,23.2,37.1,37.1,1.0,36.0,52.2,28.52,50430.78,46317.36,22.4,0.0,0.0,9.11,0.0,7.0,11.9,36.0,,,,32.9,16.0,36.0,15.8,7.3
2009-06-07 00:00:00+00:00,26.6,0.0,19.5,25.7,18.6,34.6,32.9,1.0,17.0,38.5,28.93,50464.24,43870.66,20.1,0.0,0.0,8.11,0.0,3.0,12.0,48.0,,,,30.9,15.1,17.0,17.6,8.4
2009-06-08 00:00:00+00:00,27.1,0.0,17.4,26.4,17.9,35.2,34.0,0.0,13.0,35.6,29.56,50495.58,46698.39,19.2,0.0,0.0,8.04,0.0,0.0,11.6,46.0,,,,26.1,12.5,13.0,11.2,6.5
2009-06-09 00:00:00+00:00,27.9,0.0,17.4,27.2,18.1,36.5,35.6,0.0,15.0,31.0,29.49,50524.78,46464.47,18.7,0.0,0.0,8.22,0.0,1.0,11.1,41.0,,,,24.1,11.7,15.0,12.2,6.8
2009-06-10 00:00:00+00:00,28.8,0.0,18.7,28.5,19.1,37.5,36.8,0.0,4.0,34.6,29.43,50551.78,46707.34,20.4,0.0,0.0,8.23,0.0,0.0,12.1,43.0,,,,24.1,11.6,4.0,12.2,7.6
2009-06-11 00:00:00+00:00,27.7,0.0,19.2,28.0,19.8,35.9,35.2,2.0,323.0,37.8,29.45,50576.57,46291.07,22.4,0.0,0.0,7.83,0.0,6.0,13.7,49.0,,,,24.5,11.1,323.0,9.7,4.9
2009-06-12 00:00:00+00:00,27.9,0.0,15.6,28.2,19.0,36.4,36.2,0.0,309.0,33.5,29.15,50599.09,46832.68,20.6,0.0,0.0,7.7,0.0,0.0,13.2,48.0,,,,22.2,10.1,309.0,9.4,5.4
2009-06-13 00:00:00+00:00,29.2,0.0,16.5,29.3,20.5,37.8,37.7,0.0,325.0,31.0,29.32,50619.32,46832.89,21.4,0.0,0.0,7.89,0.0,0.0,12.7,41.0,,,,20.2,9.1,325.0,6.1,1.1
2009-06-14 00:00:00+00:00,29.0,0.0,18.1,29.6,21.1,36.9,36.3,0.0,332.0,37.4,29.34,50637.23,46955.77,23.5,0.0,0.0,8.03,0.0,0.0,14.4,48.0,,,,23.7,11.0,332.0,8.3,2.4
2009-06-15 00:00:00+00:00,27.4,0.0,20.4,27.7,19.8,35.1,34.9,0.0,333.0,36.4,29.32,50652.77,46953.97,22.0,0.0,0.0,7.75,0.0,0.0,14.7,53.0,,,,26.7,13.1,333.0,12.2,7.4
2009-06-16 00:00:00+00:00,26.6,0.0,16.9,27.1,20.2,33.9,33.2,2.0,349.0,32.4,28.75,50665.92,44839.78,22.8,0.0,0.0,7.24,0.0,15.0,14.4,54.0,,,,23.6,10.9,349.0,9.4,4.7
2009-06-17 00:00:00+00:00,27.7,0.0,18.0,27.9,19.8,35.3,34.4,3.0,334.0,33.8,29.22,50676.63,46699.25,22.4,0.0,0.0,7.82,0.0,8.0,13.9,51.0,,,,25.4,12.0,334.0,11.9,6.2
2009-06-18 00:00:00+00:00,27.8,0.0,17.4,28.1,19.1,35.9,35.8,3.0,8.0,31.7,29.31,50684.89,46700.48,21.3,0.0,0.0,7.72,0.0,25.0,13.6,49.0,,,,22.5,10.5,8.0,9.0,5.1
2009-06-19 00:00:00+00:00,29.3,0.0,16.6,28.7,20.3,37.7,37.1,1.0,2.0,32.0,29.57,50690.67,47061.04,20.8,0.0,0.0,8.3,0.0,4.0,10.9,37.0,,,,22.2,10.3,2.0,8.3,4.7
2009-06-20 00:00:00+00:00,28.7,0.0,19.8,29.4,20.8,37.2,37.5,1.0,327.0,37.8,29.07,50693.93,46828.77,22.6,0.0,0.0,7.83,0.0,6.0,15.2,49.0,,,,24.4,11.5,327.0,9.0,5.8
2009-06-21 00:00:00+00:00,28.6,0.0,19.5,28.9,19.8,37.4,36.4,2.0,355.0,39.6,29.03,50694.67,46107.18,22.5,0.0,0.0,8.01,0.0,19.0,13.5,50.0,,,,24.9,11.2,355.0,10.8,6.0
2009-06-22 00:00:00+00:00,31.2,0.0,21.1,30.1,20.8,39.4,39.0,0.0,36.0,37.8,29.47,50692.92,47162.18,20.6,0.0,0.0,8.54,0.0,0.0,9.0,30.0,,,,20.9,9.8,36.0,9.0,2.2
2009-06-23 00:00:00+00:00,30.1,0.0,20.3,29.4,21.5,38.0,36.9,0.0,19.0,36.7,29.32,50688.71,47150.09,22.4,0.0,0.0,8.99,0.0,0.0,12.2,38.0,,,,27.9,13.9,19.0,15.8,9.3
2009-06-24 00:00:00+00:00,31.4,0.0,24.2,30.9,22.3,40.6,38.6,0.0,33.0,44.3,29.4,50682.06,47136.4,24.0,0.0,0.0,9.64,0.0,0.0,13.2,40.0,,,,30.4,15.3,33.0,15.5,7.9
2009-06-25 00:00:00+00:00,30.5,0.0,19.2,30.8,22.2,39.3,39.3,0.0,12.0,37.1,28.95,50673.0,46991.68,23.3,0.0,0.0,8.73,0.0,0.0,15.1,44.0,,,,28.5,13.9,12.0,16.6,9.2
2009-06-26 00:00:00+00:00,29.9,0.0,28.0,30.4,22.0,37.8,38.4,0.0,360.0,52.2,29.42,50661.56,47104.44,23.9,0.0,0.0,8.12,0.0,0.0,14.9,46.0,,,,26.3,12.4,360.0,15.8,8.0
2009-06-27 00:00:00+00:00,27.4,0.0,18.5,27.7,21.4,34.1,34.0,1.0,340.0,36.7,28.83,50647.77,46248.93,22.9,0.0,0.0,7.67,0.0,4.0,15.1,51.0,,,,29.6,14.0,340.0,18.7,10.6
2009-06-28 00:00:00+00:00,27.9,0.0,19.6,27.9,20.3,35.5,34.7,0.0,13.0,38.5,29.11,50631.66,46798.8,21.9,0.0,0.0,8.06,0.0,0.0,13.8,47.0,,,,27.8,13.0,13.0,13.3,7.1
2009-06-29 00:00:00+00:00,30.4,0.0,22.8,29.0,21.9,38.6,36.9,0.0,53.0,45.4,29.14,50613.26,47061.02,21.8,0.0,0.0,9.77,0.0,0.0,12.0,38.0,,,,33.5,17.6,53.0,19.4,12.6
2009-06-30 00:00:00+00:00,32.1,0.0,24.0,30.5,23.8,40.7,39.0,0.0,59.0,46.4,29.21,50592.6,47054.43,23.1,0.0,0.0,10.61,0.0,0.0,12.5,35.0,,,,36.8,19.5,59.0,25.2,15.8
2009-07-01 00:00:00+00:00,31.6,0.0,23.5,30.9,24.5,39.6,38.5,0.0,46.0,45.4,29.25,50569.71,47047.08,24.5,0.0,0.0,9.99,0.0,0.0,14.3,39.0,,,,35.4,18.5,46.0,26.6,14.0
2009-07-02 00:00:00+00:00,29.9,0.0,18.4,30.0,22.1,37.6,37.7,0.0,13.0,38.2,28.99,50544.64,46773.76,23.9,0.0,0.0,8.62,0.0,0.0,15.2,46.0,,,,29.3,14.8,13.0,16.9,10.2
2009-07-03 00:00:00+00:00,28.0,0.0,17.6,28.6,20.3,35.4,35.3,1.0,337.0,33.8,29.07,50517.41,46363.3,23.0,0.0,0.0,7.73,0.0,2.0,15.2,52.0,,,,25.9,12.4,337.0,11.9,6.7
2009-07-04 00:00:00+00:00,27.6,0.0,17.5,28.6,21.6,34.6,34.5,1.0,310.0,37.1,27.82,50488.05,44277.59,24.8,0.0,0.0,7.23,0.0,8.0,16.4,56.0,,,,25.6,11.8,310.0,9.7,3.9
2009-07-05 00:00:00+00:00,27.7,0.0,19.0,28.6,20.0,34.5,34.4,0.0,304.0,40.3,28.09,50456.61,46350.29,22.4,0.0,0.0,7.34,0.0,1.0,16.3,54.0,,,,24.9,11.7,304.0,5.8,4.3
2009-07-06 00:00:00+00:00,28.4,0.0,15.9,30.0,20.4,35.7,36.9,0.0,331.0,30.2,28.46,50423.11,45948.38,23.1,0.0,0.0,7.1,0.0,1.0,16.4,54.0,,,,20.0,8.8,331.0,7.2,4.8
2009-07-07 00:00:00+00:00,29.2,0.0,19.4,30.3,22.0,36.5,36.8,0.0,346.0,35.3,28.82,50387.6,46073.61,24.6,0.0,0.0,7.82,0.0,0.0,16.3,51.0,,,,24.5,11.7,346.0,12.2,5.8
2009-07-08 00:00:00+00:00,28.8,0.0,21.4,29.9,21.4,36.3,37.0,1.0,4.0,42.1,28.4,50350.11,45678.59,24.2,0.0,0.0,7.85,0.0,2.0,17.2,54.0,,,,27.8,13.8,4.0,12.2,6.9
2009-07-09 00:00:00+00:00,29.2,0.0,20.2,30.5,21.5,37.2,38.0,2.0,5.0,37.4,28.17,50310.67,45673.48,24.3,0.0,0.0,7.79,0.0,7.0,17.9,56.0,,,,29.0,14.2,5.0,13.0,8.3
2009-07-10 00:00:00+00:00,29.9,0.0,19.0,31.3,21.6,38.5,39.2,2.0,355.0,38.5,28.55,50269.29,45795.89,25.0,0.0,0.0,7.97,0.0,4.0,17.0,53.0,,,,25.8,12.1,355.0,11.2,7.6
2009-07-11 00:00:00+00:00,30.9,0.0,17.7,31.6,22.1,39.6,39.5,0.0,1.0,36.0,29.0,50225.56,46169.01,24.6,0.0,0.0,8.22,0.0,0.0,14.7,44.0,,,,22.1,10.2,1.0,7.9,4.7
2009-07-12 00:00:00+00:00,32.2,0.0,15.8,32.9,22.8,40.7,41.1,0.0,3.0,28.8,28.66,50179.46,45905.91,24.8,0.0,0.0,8.19,0.0,0.0,14.2,38.0,,,,19.7,9.1,3.0,10.1,4.3
2009-07-13 00:00:00+00:00,30.2,0.0,21.7,31.1,23.8,37.8,38.6,3.0,350.0,40.0,27.77,50131.08,45149.56,26.5,0.0,0.0,8.16,0.0,6.0,16.9,50.0,,,,29.9,15.0,350.0,22.3,11.2
2009-07-14 00:00:00+00:00,27.7,0.0,20.2,28.2,21.8,34.3,34.3,0.0,330.0,40.0,28.57,50080.49,45515.99,24.2,0.0,0.0,7.67,0.0,2.0,15.9,53.0,,,,29.8,14.4,330.0,13.3,7.4
2009-07-15 00:00:00+00:00,28.1,0.0,21.9,28.6,22.1,35.3,35.4,2.0,314.0,39.2,27.53,50027.76,44895.09,24.3,0.0,0.0,7.6,0.0,16.0,16.2,53.0,,,,29.8,14.4,314.0,15.1,7.2
2009-07-16 00:00:00+00:00,28.1,0.0,15.2,29.1,20.8,35.3,35.6,1.0,318.0,32.8,28.54,49972.99,45013.47,22.9,0.0,0.0,7.12,0.0,4.0,15.0,51.0,,,,22.6,9.7,318.0,11.2,6.3
2009-07-17 00:00:00+00:00,29.3,0.0,15.5,31.2,22.7,36.3,37.3,3.0,316.0,29.2,27.91,49916.26,44407.48,26.1,0.0,0.0,7.13,0.0,13.0,17.2,54.0,,,,21.0,9.2,316.0,10.4,4.7
2009-07-18 00:00:00+00:00,29.6,0.0,16.4,31.5,22.7,36.6,36.9,2.0,311.0,33.1,28.05,49857.64,44882.09,26.7,0.0,0.0,7.43,0.0,7.0,18.0,56.0,,,,24.4,11.3,311.0,10.8,5.9
2009-07-19 00:00:00+00:00,30.2,0.0,20.3,32.3,23.0,38.0,39.2,3.0,334.0,37.8,27.69,49797.22,44405.34,27.4,0.0,0.0,7.53,0.0,8.0,18.3,56.0,,,,23.4,10.6,334.0,9.4,4.9
2009-07-20 00:00:00+00:00,30.2,0.0,18.6,31.7,22.1,38.1,38.5,0.0,338.0,36.0,28.36,49735.07,44983.62,25.7,0.0,0.0,7.94,0.0,0.0,17.2,52.0,,,,24.9,11.6,338.0,8.3,4.2
2009-07-21 00:00:00+00:00,30.1,0.0,20.0,32.3,22.5,38.3,39.4,3.0,335.0,37.4,27.61,49671.27,44171.68,26.7,0.0,0.0,7.51,0.0,9.0,18.3,57.0,,,,23.9,10.8,335.0,10.4,4.7
2009-07-22 00:00:00+00:00,30.6,0.0,19.9,32.6,23.4,38.5,39.6,3.0,331.0,37.1,27.94,49605.91,44517.22,27.3,0.0,0.0,7.32,0.0,10.0,17.4,53.0,,,,22.2,10.1,331.0,11.9,7.0
2009-07-23 00:00:00+00:00,30.3,0.0,19.1,32.2,23.2,38.0,39.6,3.0,329.0,34.6,27.57,49539.05,44174.82,26.9,0.0,0.0,7.29,0.0,10.0,17.6,54.0,,,,22.4,10.1,329.0,14.8,6.3
2009-07-24 00:00:00+00:00,30.2,0.0,19.5,31.9,23.3,37.9,39.0,2.0,336.0,36.0,27.81,49470.79,44505.35,26.7,0.0,0.0,7.54,0.0,6.0,17.3,52.0,,,,23.3,10.9,336.0,13.3,7.1
2009-07-25 00:00:00+00:00,29.5,0.0,15.0,31.4,22.7,37.5,38.0,3.0,329.0,27.7,27.95,49401.18,44076.28,26.7,0.0,0.0,7.24,0.0,25.0,17.0,55.0,,,,20.7,9.3,329.0,9.4,5.7
2009-07-26 00:00:00+00:00,29.9,0.0,12.6,31.5,20.9,37.9,38.4,2.0,333.0,29.5,28.15,49330.3,44276.66,24.1,0.0,0.0,7.3,0.0,10.0,16.4,52.0,,,,19.3,8.5,333.0,8.3,4.4
2009-07-27 00:00:00+00:00,31.3,0.0,13.7,32.3,21.9,39.2,40.1,0.0,355.0,25.9,28.44,49258.24,44484.87,24.6,0.0,0.0,7.68,0.0,0.0,14.5,42.0,,,,18.1,8.2,355.0,7.9,4.4
2009-07-28 00:00:00+00:00,30.8,0.0,20.2,32.5,22.5,39.3,39.7,0.0,351.0,37.8,28.22,49185.05,44161.25,25.8,0.0,0.0,7.74,0.0,1.0,17.2,51.0,,,,22.8,10.5,351.0,9.4,5.9
2009-07-29 00:00:00+00:00,29.9,0.0,18.7,31.4,22.2,38.1,38.5,2.0,342.0,34.2,28.12,49110.83,44056.92,25.8,0.0,0.0,7.8,0.0,3.0,17.3,55.0,,,,25.5,12.2,342.0,11.9,7.6
2009-07-30 00:00:00+00:00,28.6,0.0,15.5,29.7,20.6,36.4,36.0,2.0,334.0,34.6,28.04,49035.55,43949.13,23.6,0.0,0.0,7.39,0.0,7.0,15.9,54.0,,,,22.7,10.6,334.0,9.0,5.1
2009-07-31 00:00:00+00:00,28.7,0.0,18.4,30.0,20.5,36.1,36.2,0.0,339.0,33.5,27.9,48958.63,43850.01,23.3,0.0,0.0,7.14,0.0,2.0,16.0,53.0,,,,21.0,9.8,339.0,8.3,5.4
2009-08-01 00:00:00+00:00,28.6,0.0,18.1,30.2,21.7,35.8,36.4,3.0,334.0,32.8,27.6,48879.96,43110.46,25.4,0.0,0.0,7.03,0.0,13.0,16.7,56.0,,,,22.3,10.1,334.0,10.4,5.5
2009-08-02 00:00:00+00:00,28.6,0.0,17.8,29.9,20.4,36.2,36.5,3.0,335.0,32.4,27.75,48799.66,43750.19,23.6,0.0,0.0,7.07,0.0,12.0,15.3,53.0,,,,20.6,9.2,335.0,7.9,4.3
2009-08-03 00:00:00+00:00,29.3,0.0,16.9,30.7,21.9,36.6,38.0,0.0,5.0,30.2,27.58,48717.79,43558.95,25.1,0.0,0.0,7.16,0.0,2.0,16.1,52.0,,,,20.6,9.4,5.0,10.1,6.5
2009-08-04 00:00:00+00:00,30.0,0.0,18.7,30.6,20.9,37.9,38.1,0.0,10.0,33.8,27.95,48634.47,43655.95,23.2,0.0,0.0,7.74,0.0,0.0,14.8,46.0,,,,23.1,11.0,10.0,11.5,7.6
2009-08-05 00:00:00+00:00,29.9,0.0,18.0,31.0,21.4,37.6,37.9,0.0,7.0,32.4,27.71,48549.78,43564.06,24.5,0.0,0.0,7.77,0.0,2.0,16.0,51.0,,,,23.0,11.3,7.0,9.7,6.6
2009-08-06 00:00:00+00:00,29.7,0.0,16.1,29.9,21.5,37.1,37.0,0.0,349.0,29.9,28.05,48463.81,43568.04,23.3,0.0,0.0,7.67,0.0,0.0,12.8,42.0,,,,20.4,9.5,349.0,8.6,4.6
2009-08-07 00:00:00+00:00,28.8,0.0,17.2,30.2,20.7,36.7,37.7,0.0,340.0,32.8,27.05,48376.65,43339.35,23.2,0.0,0.0,7.21,0.0,1.0,16.6,53.0,,,,21.8,10.1,340.0,7.6,4.4
2009-08-08 00:00:00+00:00,29.5,0.0,17.6,30.9,22.6,35.7,36.7,0.0,342.0,34.2,27.03,48288.38,43256.2,25.8,0.0,0.0,7.27,0.0,0.0,16.9,51.0,,,,22.2,10.5,342.0,6.8,4.8
2009-08-09 00:00:00+00:00,28.7,0.0,19.5,30.5,21.5,35.5,36.9,1.0,343.0,35.6,24.98,48199.1,43200.0,24.8,0.0,0.0,6.81,0.0,10.0,18.1,57.0,,,,24.0,11.1,343.0,7.9,4.2
2009-08-10 00:00:00+00:00,28.8,0.0,20.2,30.6,22.3,35.7,36.9,2.0,339.0,37.4,25.48,48108.88,43200.0,26.2,0.0,0.0,7.01,0.0,12.0,18.3,59.0,,,,25.4,12.2,339.0,9.7,5.5
2009-08-11 00:00:00+00:00,28.4,0.0,19.0,30.0,21.1,35.8,36.4,0.0,328.0,35.3,26.94,48017.79,43200.0,24.2,0.0,0.0,6.81,0.0,0.0,16.9,57.0,,,,23.4,10.2,328.0,8.6,5.1
2009-08-12 00:00:00+00:00,28.5,0.0,16.9,30.1,21.7,35.6,36.6,1.0,330.0,31.7,26.6,47925.94,43200.0,24.8,0.0,0.0,6.71,0.0,6.0,16.7,56.0,,,,21.3,9.5,330.0,10.1,5.1
2009-08-13 00:00:00+00:00,28.4,0.0,21.1,29.9,22.4,35.6,36.5,3.0,344.0,39.2,26.09,47833.39,43200.0,25.8,0.0,0.0,7.07,0.0,14.0,17.6,57.0,,,,26.8,12.2,344.0,11.5,6.8
2009-08-14 00:00:00+00:00,28.0,0.0,18.4,29.2,20.9,35.2,36.0,0.0,350.0,34.2,26.73,47740.23,43200.0,23.4,0.0,0.0,7.04,0.0,2.0,16.8,56.0,,,,25.4,12.1,350.0,12.2,7.6
2009-08-15 00:00:00+00:00,28.3,0.0,19.6,29.5,20.6,35.9,36.4,0.0,352.0,36.0,26.94,47646.53,43200.0,23.2,0.0,0.0,7.16,0.0,0.0,16.5,54.0,,,,24.2,11.3,352.0,11.5,6.5
2009-08-16 00:00:00+00:00,28.1,0.0,19.9,29.2,21.6,35.9,35.9,3.0,346.0,37.1,26.01,47552.36,41952.13,24.6,0.0,0.0,7.11,0.0,20.0,16.9,57.0,,,,26.8,12.8,346.0,13.3,7.3
2009-08-17 00:00:00+00:00,27.5,0.0,18.4,28.5,20.4,35.0,35.2,2.0,342.0,33.1,26.18,47457.8,42376.97,23.3,0.0,0.0,6.89,0.0,8.0,16.4,57.0,,,,23.8,11.6,342.0,10.1,4.7
2009-08-18 00:00:00+00:00,27.7,0.0,16.0,29.1,20.3,34.9,35.6,1.0,351.0,29.9,26.58,47362.93,43200.0,22.9,0.0,0.0,6.62,0.0,1.0,16.4,56.0,,,,20.5,9.4,351.0,8.3,5.9
2009-08-19 00:00:00+00:00,28.6,0.0,13.9,29.8,20.8,35.7,36.4,0.0,355.0,28.1,26.76,47267.73,43200.0,23.6,0.0,0.0,6.72,0.0,0.0,15.4,51.0,,,,19.4,8.5,355.0,10.1,5.8
2009-08-20 00:00:00+00:00,29.2,0.0,20.2,30.3,21.4,38.0,38.0,1.0,3.0,36.7,26.18,47171.54,43200.0,24.1,0.0,0.0,7.51,0.0,5.0,16.6,53.0,,,,25.2,12.2,3.0,11.9,6.8
2009-08-21 00:00:00+00:00,29.5,0.0,19.7,30.6,21.3,38.2,37.8,0.0,351.0,40.0,26.22,47074.25,43200.0,24.1,0.0,0.0,7.68,0.0,0.0,16.9,54.0,,,,27.3,13.4,351.0,12.2,7.2
2009-08-22 00:00:00+00:00,28.9,0.0,17.1,30.8,22.6,37.3,38.0,3.0,339.0,33.1,25.32,46975.93,39841.42,26.5,0.0,0.0,6.88,0.0,17.0,17.7,59.0,,,,23.2,10.5,339.0,12.2,5.8
2009-08-23 00:00:00+00:00,27.7,0.0,17.6,29.3,20.5,35.7,36.0,3.0,339.0,31.7,25.24,46876.66,39453.3,23.7,0.0,0.0,6.42,0.0,19.0,16.6,59.0,,,,20.3,9.3,339.0,7.9,4.6
2009-08-24 00:00:00+00:00,28.1,0.0,14.1,29.1,20.1,35.0,34.5,0.0,323.0,32.4,26.34,46776.54,43200.0,22.9,0.0,0.0,6.72,0.0,0.0,14.7,52.0,,,,19.6,8.5,323.0,8.3,1.5
2009-08-25 00:00:00+00:00,28.8,0.0,18.9,29.4,21.1,35.7,36.6,0.0,358.0,36.0,25.73,46675.62,43200.0,23.1,0.0,0.0,7.07,0.0,0.0,14.7,46.0,,,,21.4,10.2,358.0,8.6,5.1
2009-08-26 00:00:00+00:00,27.2,0.0,18.0,27.9,20.2,34.4,34.5,1.0,355.0,33.8,25.19,46574.0,43200.0,22.6,0.0,0.0,6.73,0.0,4.0,15.9,55.0,,,,24.9,11.9,355.0,8.6,4.7
2009-08-27 00:00:00+00:00,26.7,0.0,17.1,27.9,19.8,33.6,34.2,1.0,337.0,31.7,24.94,46471.75,43185.01,22.3,0.0,0.0,6.29,0.0,8.0,16.4,58.0,,,,22.9,10.4,337.0,10.1,5.4
2009-08-28 00:00:00+00:00,27.6,0.0,12.2,28.6,20.2,33.9,34.3,0.0,312.0,29.5,25.5,46368.93,43117.15,22.3,0.0,0.0,6.24,0.0,0.0,14.8,50.0,,,,18.1,7.7,312.0,6.8,3.2
2009-08-29 00:00:00+00:00,28.6,0.0,12.8,29.0,22.2,35.0,34.8,0.0,337.0,29.5,25.66,46265.64,43048.66,25.0,0.0,0.0,6.65,0.0,0.0,13.0,45.0,,,,18.4,8.0,337.0,5.0,1.3
2009-08-30 00:00:00+00:00,28.5,0.0,16.3,29.1,20.5,35.6,35.5,0.0,14.0,29.9,25.59,46161.93,42979.62,23.3,0.0,0.0,6.92,0.0,0.0,14.3,50.0,,,,20.7,9.8,14.0,8.6,5.3
2009-08-31 00:00:00+00:00,27.5,0.0,16.9,28.0,19.8,34.5,33.7,0.0,349.0,33.8,25.42,46057.88,42910.11,22.0,0.0,0.0,6.9,0.0,0.0,14.6,51.0,,,,23.7,11.2,349.0,10.1,5.8
2009-09-01 00:00:00+00:00,27.2,0.0,20.2,28.4,20.6,35.0,35.0,2.0,325.0,38.9,23.84,45953.56,42840.2,23.5,0.0,0.0,6.51,0.0,9.0,16.7,58.0,,,,24.1,11.4,325.0,8.6,3.3
2009-09-02 00:00:00+00:00,27.7,0.0,19.5,29.1,21.6,35.0,35.3,2.0,328.0,36.4,24.21,45849.04,42769.98,24.6,0.0,0.0,6.44,0.0,14.0,17.5,59.0,,,,23.7,11.8,328.0,7.9,4.8
2009-09-03 00:00:00+00:00,27.4,0.0,19.0,28.9,22.2,34.7,35.2,3.0,332.0,34.6,23.44,45744.38,42699.52,25.3,0.0,0.0,6.19,0.0,24.0,17.2,59.0,,,,24.3,11.2,332.0,14.8,6.5
2009-09-04 00:00:00+00:00,27.0,0.0,16.2,28.0,19.7,34.4,34.5,2.0,321.0,29.5,24.72,45639.66,42628.9,22.1,0.0,0.0,6.27,0.0,10.0,15.3,55.0,,,,20.7,9.3,321.0,8.6,4.6
2009-09-05 00:00:00+00:00,26.7,0.0,16.9,27.2,18.5,34.2,33.4,0.0,323.0,34.6,24.71,45534.94,42558.2,20.5,0.0,0.0,6.59,0.0,2.0,14.8,54.0,,,,22.6,10.7,323.0,8.6,4.0
2009-09-06 00:00:00+00:00,26.7,0.0,17.1,27.7,19.5,33.9,33.4,3.0,315.0,33.8,23.79,45430.28,42487.5,21.4,0.0,0.0,6.24,0.0,12.0,15.9,57.0,,,,21.9,10.6,315.0,9.4,4.5
2009-09-07 00:00:00+00:00,27.5,0.0,13.4,29.5,21.1,34.7,35.3,3.0,295.0,31.3,23.08,45325.76,39844.86,24.5,0.0,0.0,5.79,0.0,18.0,17.8,62.0,,,,19.4,9.0,295.0,7.6,4.0
2009-09-08 00:00:00+00:00,28.2,0.0,14.3,30.1,21.6,34.4,35.7,0.0,318.0,31.7,22.79,45221.36,42346.13,24.9,0.0,0.0,5.89,0.0,3.0,17.6,57.0,,,,19.9,8.4,318.0,7.2,1.5
2009-09-09 00:00:00+00:00,28.7,0.0,21.4,29.6,22.4,35.1,35.6,0.0,16.0,39.6,23.14,45116.4,42274.5,25.1,0.0,0.0,6.52,0.0,3.0,16.1,52.0,,,,24.0,11.8,16.0,11.5,6.1
2009-09-10 00:00:00+00:00,27.1,0.0,18.7,27.8,20.6,33.4,33.5,0.0,23.0,34.2,23.88,45010.75,42202.0,23.0,0.0,0.0,6.37,0.0,0.0,15.7,55.0,,,,25.7,12.2,23.0,11.5,7.4
2009-09-11 00:00:00+00:00,28.1,0.0,14.1,28.6,20.0,35.5,35.9,0.0,59.0,30.6,23.52,44904.47,42107.82,21.5,0.0,0.0,5.81,0.0,0.0,13.6,46.0,,,,16.7,7.4,59.0,9.0,5.3
2009-09-12 00:00:00+00:00,30.0,0.0,23.5,28.8,26.1,35.1,33.7,0.0,243.0,45.4,23.44,44797.64,42002.29,24.7,0.0,0.0,8.05,0.0,1.0,12.2,35.0,,,,29.0,15.5,243.0,11.9,6.6
2009-09-13 00:00:00+00:00,27.6,0.0,18.7,29.0,21.4,33.7,34.3,0.0,333.0,35.3,22.93,44690.33,41896.14,24.4,0.0,0.0,5.99,0.0,7.0,16.9,57.0,,,,22.2,9.9,333.0,8.6,2.6
2009-09-14 00:00:00+00:00,27.3,0.0,20.4,27.8,21.3,34.1,33.4,0.0,25.0,38.9,22.9,44582.61,41789.45,23.9,0.0,0.0,6.58,0.0,2.0,16.2,56.0,,,,28.2,13.9,25.0,12.2,6.8
2009-09-15 00:00:00+00:00,28.4,0.0,22.0,28.3,20.9,37.0,36.0,0.0,34.0,46.1,22.84,44474.55,41682.3,22.3,0.0,0.0,7.31,0.0,0.0,15.9,52.0,,,,33.4,17.0,34.0,21.2,12.5
2009-09-16 00:00:00+00:00,27.8,0.0,19.4,28.5,20.2,34.9,35.1,0.0,336.0,37.1,23.01,44366.22,41550.93,21.2,0.0,0.0,6.49,0.0,1.0,16.1,52.0,,,,24.7,12.1,336.0,7.6,2.6
2009-09-17 00:00:00+00:00,27.2,0.0,17.2,28.2,22.2,33.7,33.5,1.0,331.0,37.1,21.56,44257.69,41081.53,25.0,0.0,0.0,5.91,0.0,15.0,17.0,58.0,,,,26.0,12.5,331.0,12.2,7.1
2009-09-18 00:00:00+00:00,28.5,0.0,22.2,29.1,20.6,37.6,35.5,0.0,260.0,39.6,22.68,44149.02,41070.9,23.2,0.0,0.0,6.61,0.0,2.0,15.1,53.0,,,,22.9,10.8,260.0,5.4,1.8
2009-09-19 00:00:00+00:00,27.3,0.0,19.6,28.1,22.5,32.7,32.6,2.0,315.0,40.7,20.04,44040.28,40295.24,24.9,0.0,0.0,5.83,0.0,21.0,17.1,58.0,,,,28.9,14.2,315.0,18.7,9.9
2009-09-20 00:00:00+00:00,26.5,0.0,12.7,27.8,19.4,32.6,33.1,0.0,310.0,29.2,21.87,43931.53,40612.94,21.9,0.0,0.0,5.37,0.0,2.0,16.1,58.0,,,,18.2,8.1,310.0,7.2,4.0
2009-09-21 00:00:00+00:00,27.2,0.0,16.9,28.1,20.9,33.9,34.3,0.0,357.0,30.6,22.08,43822.85,40450.65,23.0,0.0,0.0,5.76,0.0,0.0,15.3,53.0,,,,18.8,8.7,357.0,7.6,3.7
2009-09-22 00:00:00+00:00,26.9,0.0,20.5,26.8,20.6,33.9,33.7,1.0,10.0,37.8,22.13,43714.3,40179.32,21.8,0.0,0.0,6.42,0.0,2.0,14.3,50.0,,,,26.3,13.2,10.0,15.5,9.1
2009-09-23 00:00:00+00:00,25.7,0.0,22.3,25.4,19.5,32.3,31.5,0.0,16.0,41.0,21.73,43605.95,40027.26,20.7,0.0,0.0,6.28,0.0,2.0,14.7,54.0,,,,29.1,14.8,16.0,14.4,7.9
2009-09-24 00:00:00+00:00,25.7,0.0,20.8,24.7,19.6,32.4,30.8,0.0,24.0,41.0,22.34,43497.86,39879.23,19.7,0.0,0.0,6.72,0.0,0.0,13.4,50.0,,,,32.8,16.8,24.0,20.2,11.7
2009-09-25 00:00:00+00:00,26.2,0.0,19.5,25.4,19.5,33.7,32.0,0.0,30.0,39.6,22.05,43390.1,39735.43,20.5,0.0,0.0,6.6,0.0,0.0,13.7,52.0,,,,30.6,15.7,30.0,19.4,11.3
2009-09-26 00:00:00+00:00,26.6,0.0,20.5,25.5,19.0,34.8,32.4,0.0,44.0,40.0,22.07,43282.74,39696.32,19.6,0.0,0.0,6.9,0.0,0.0,13.2,50.0,,,,30.7,16.6,44.0,18.7,13.0
2009-09-27 00:00:00+00:00,27.5,0.0,19.5,27.5,20.6,35.6,34.7,0.0,28.0,38.5,21.37,43175.84,39461.37,22.6,0.0,0.0,6.64,0.0,0.0,15.5,54.0,,,,29.7,15.3,28.0,19.8,11.2
2009-09-28 00:00:00+00:00,27.2,0.0,19.5,27.3,20.1,34.7,34.0,0.0,356.0,36.0,21.5,43069.4,39331.58,22.0,0.0,0.0,6.33,0.0,2.0,14.6,52.0,,,,24.2,12.0,356.0,11.2,6.2
2009-09-29 00:00:00+00:00,25.9,0.0,18.8,26.8,20.1,32.1,32.1,1.0,352.0,37.4,19.98,42962.68,38988.08,22.8,0.0,0.0,5.4,0.0,8.0,16.4,61.0,,,,22.7,10.6,352.0,7.9,3.2
2009-09-30 00:00:00+00:00,25.1,0.0,18.1,26.0,19.7,31.0,31.0,1.0,354.0,36.4,19.42,42855.55,38952.8,21.9,0.0,0.0,4.93,0.0,14.0,16.4,62.0,,,,23.1,10.5,354.0,11.5,6.6
2009-10-01 00:00:00+00:00,25.4,0.0,17.1,25.9,19.9,31.0,31.2,1.0,5.0,32.0,20.55,42748.07,38975.97,21.8,0.0,0.0,5.12,0.0,5.0,14.6,55.0,,,,20.6,9.5,5.0,13.3,6.6
2009-10-02 00:00:00+00:00,25.5,0.0,15.5,25.7,18.3,32.0,31.7,0.0,34.0,30.6,21.16,42640.34,38948.1,19.6,0.0,0.0,5.38,0.0,0.0,14.0,53.0,,,,21.4,9.9,34.0,10.4,5.8
2009-10-03 00:00:00+00:00,26.3,0.0,18.0,26.8,19.2,33.7,33.7,0.0,29.0,33.5,21.1,42532.4,38845.47,21.1,0.0,0.0,5.52,0.0,0.0,15.3,57.0,,,,22.9,11.3,29.0,13.3,8.1
2009-10-04 00:00:00+00:00,26.2,0.0,17.7,26.4,18.9,34.2,33.0,0.0,41.0,34.6,20.76,42424.35,38809.14,20.6,0.0,0.0,5.91,0.0,2.0,15.2,57.0,,,,25.7,13.1,41.0,12.6,8.3
2009-10-05 00:00:00+00:00,26.5,0.0,18.1,26.8,19.0,34.3,33.9,0.0,12.0,33.8,20.48,42316.24,38772.49,20.6,0.0,0.0,5.88,0.0,0.0,15.3,56.0,,,,24.3,12.3,12.0,12.2,7.4
2009-10-06 00:00:00+00:00,25.2,0.0,17.5,25.6,19.7,30.8,30.0,1.0,332.0,34.6,18.1,42208.16,38735.51,22.1,0.0,0.0,5.11,0.0,10.0,15.6,60.0,,,,24.8,12.0,332.0,9.0,4.5
2009-10-07 00:00:00+00:00,24.1,0.0,18.7,24.1,17.7,30.4,29.8,1.0,336.0,34.9,20.08,42100.19,38698.18,18.9,0.0,0.0,5.09,0.0,4.0,13.8,57.0,,,,22.6,10.4,336.0,10.1,5.7
2009-10-08 00:00:00+00:00,24.9,0.0,14.8,25.0,17.1,31.7,31.3,0.0,10.0,28.1,19.77,41992.38,38660.48,18.2,0.0,0.0,5.2,0.0,2.0,14.3,57.0,,,,21.0,10.3,10.0,9.0,6.0
2009-10-09 00:00:00+00:00,25.6,0.0,17.3,26.3,20.6,31.7,31.1,3.0,15.0,31.7,17.65,41884.83,37406.84,22.9,0.0,0.0,4.78,0.0,29.0,16.4,62.0,,,,24.5,12.2,15.0,15.1,8.4
2009-10-10 00:00:00+00:00,25.4,0.0,15.7,26.0,19.1,32.1,31.5,1.0,14.0,30.6,19.3,41777.6,37693.23,21.3,0.0,0.0,4.98,0.0,6.0,15.7,61.0,,,,22.7,10.9,14.0,13.3,7.6
2009-10-11 00:00:00+00:00,25.4,0.0,15.2,26.1,18.7,32.1,31.9,1.0,21.0,29.9,19.26,41670.77,38258.06,20.6,0.0,0.0,4.79,0.0,8.0,15.5,60.0,,,,20.8,10.0,21.0,10.8,6.2
2009-10-12 00:00:00+00:00,25.7,0.0,16.6,26.2,19.4,32.5,32.3,0.0,20.0,31.3,19.58,41564.43,38505.67,21.2,0.0,0.0,5.05,0.0,1.0,15.3,58.0,,,,22.3,11.1,20.0,14.0,7.2
2009-10-13 00:00:00+00:00,25.1,0.0,15.4,25.5,19.7,31.6,32.1,0.0,12.0,28.4,18.81,41458.64,36995.49,21.2,0.0,0.0,4.88,0.0,2.0,14.9,58.0,,,,21.6,10.6,12.0,15.5,7.6
2009-10-14 00:00:00+00:00,25.2,0.0,15.0,25.1,18.8,31.5,30.2,3.0,38.0,26.3,16.55,41353.48,36080.71,20.4,0.0,0.0,4.74,0.0,74.0,14.1,56.0,,,,21.7,10.9,38.0,14.4,7.9
2009-10-15 00:00:00+00:00,26.5,0.0,16.3,26.7,20.4,34.3,34.2,3.0,47.0,33.1,16.97,41249.04,35138.37,21.2,0.0,0.0,5.11,0.0,63.0,16.1,57.0,,,,26.0,13.8,47.0,20.9,10.7
2009-10-16 00:00:00+00:00,27.8,0.0,12.1,29.1,20.9,36.8,37.2,2.0,43.0,25.9,18.61,41145.41,38058.17,23.4,0.0,0.0,4.86,0.0,9.0,16.6,59.0,,,,19.8,9.8,43.0,13.7,6.1
2009-10-17 00:00:00+00:00,28.9,0.0,9.8,29.3,20.1,38.0,37.4,3.0,55.0,18.4,18.01,41042.65,38200.31,22.0,0.0,0.0,4.78,0.0,29.0,13.0,45.0,,,,14.5,6.8,55.0,10.1,3.7
2009-10-18 00:00:00+00:00,29.4,0.0,11.5,27.3,19.8,38.9,36.1,3.0,184.0,23.8,18.48,40940.78,34659.75,18.2,0.0,0.0,5.71,0.0,46.0,4.7,24.0,,,,14.3,7.2,184.0,8.3,4.5
2009-10-19 00:00:00+00:00,28.5,0.0,11.8,26.4,19.3,37.6,35.0,3.0,176.0,24.8,16.88,40838.98,37845.36,18.1,0.0,0.0,5.32,0.0,42.0,5.3,26.0,,,,13.7,7.2,176.0,8.6,4.2
2009-10-20 00:00:00+00:00,26.6,0.0,18.0,26.7,19.0,34.9,35.2,3.0,295.0,32.8,17.61,40737.11,37881.74,18.1,0.0,0.0,5.25,0.0,69.0,13.8,47.0,,,,21.0,10.5,295.0,7.9,6.4
2009-10-21 00:00:00+00:00,25.1,0.0,19.3,25.5,21.4,30.7,30.0,3.0,343.0,33.8,16.4,40635.26,36401.33,21.3,0.0,0.0,4.62,0.0,78.0,15.9,61.0,,,,26.6,12.9,343.0,18.0,8.3
2009-10-22 00:00:00+00:00,22.5,0.0,17.4,21.9,16.8,27.5,26.7,3.0,343.0,32.0,16.71,40533.5,37668.66,17.4,0.0,0.0,4.33,0.0,32.0,12.6,56.0,,,,21.9,10.6,343.0,11.9,5.7
2009-10-23 00:00:00+00:00,22.0,0.0,13.8,21.2,16.9,27.3,25.8,3.0,343.0,25.6,16.29,40431.94,37429.67,16.8,0.0,0.0,3.89,0.0,78.0,10.7,52.0,,,,16.3,7.6,343.0,8.3,4.2
2009-10-24 00:00:00+00:00,22.4,0.0,12.0,22.2,16.1,28.4,28.3,0.0,359.0,24.8,17.78,40330.65,37455.81,16.4,0.0,0.0,4.05,0.0,2.0,12.2,56.0,,,,16.0,7.5,359.0,8.3,4.7
2009-10-25 00:00:00+00:00,24.0,0.0,10.0,24.2,18.0,30.5,30.7,1.0,117.0,24.8,17.67,40229.73,37286.34,19.5,0.0,0.0,4.03,0.0,4.0,13.1,56.0,,,,15.6,6.9,117.0,7.6,4.3
2009-10-26 00:00:00+00:00,24.3,0.0,16.8,22.3,18.2,30.1,27.2,3.0,171.0,37.4,13.86,40129.27,34808.82,17.1,0.0,0.0,4.58,0.0,42.0,7.6,37.0,,,,20.9,9.6,171.0,9.7,4.7
2009-10-27 00:00:00+00:00,24.9,0.0,13.7,24.1,18.6,31.9,30.4,3.0,340.0,31.3,17.66,40029.36,36899.67,18.9,0.0,0.0,4.88,0.0,11.0,11.3,47.0,,,,18.6,9.5,340.0,8.6,3.9
2009-10-28 00:00:00+00:00,23.8,0.0,16.0,24.0,17.7,29.9,28.6,3.0,255.0,35.6,16.95,39930.09,36830.63,18.8,0.0,0.0,4.31,0.0,17.0,14.1,59.0,,,,20.2,9.8,255.0,8.6,4.0
2009-10-29 00:00:00+00:00,22.7,0.0,21.7,21.5,18.1,27.3,24.8,1.0,225.0,44.6,14.36,39831.56,35195.66,16.9,0.0,0.0,4.28,0.0,17.0,11.6,51.0,,,,23.7,12.1,225.0,7.6,4.9
2009-10-30 00:00:00+00:00,21.8,0.3,16.2,21.9,17.4,26.4,26.1,51.0,259.0,38.9,14.79,39733.88,35880.27,18.2,1.0,0.3,3.45,0.0,20.0,14.2,63.0,,,,20.2,9.6,259.0,7.9,4.0
2009-10-31 00:00:00+00:00,21.3,0.0,17.4,20.8,15.2,26.7,24.4,3.0,250.0,34.2,15.21,39637.12,33951.18,15.6,0.0,0.0,3.7,0.0,31.0,12.1,61.0,,,,17.4,8.8,250.0,5.8,3.6
2009-11-01 00:00:00+00:00,21.5,0.0,27.1,18.4,17.5,25.4,21.9,2.0,233.0,47.2,13.57,39541.4,36217.85,15.3,0.0,0.0,5.16,0.0,26.0,7.5,41.0,,,,30.3,17.3,233.0,10.1,6.2
2009-11-02 00:00:00+00:00,18.5,0.0,27.0,15.3,14.8,21.8,17.1,3.0,264.0,49.0,13.27,39446.82,34605.25,13.2,0.0,0.0,4.15,0.0,30.0,8.2,53.0,,,,35.3,19.0,264.0,21.2,11.3
2009-11-03 00:00:00+00:00,18.6,0.0,18.6,16.2,14.1,23.5,20.1,3.0,243.0,34.2,15.57,39353.49,35767.98,12.4,0.0,0.0,3.84,0.0,30.0,6.7,48.0,,,,21.3,11.0,243.0,11.2,6.1
2009-11-04 00:00:00+00:00,18.9,0.0,16.2,15.9,13.2,24.9,21.2,3.0,199.0,35.3,16.83,39261.49,35606.25,10.6,0.0,0.0,4.44,0.0,48.0,2.7,36.0,,,,20.8,10.3,199.0,11.5,7.2
2009-11-05 00:00:00+00:00,20.2,0.0,8.7,17.6,12.6,27.7,25.4,0.0,92.0,19.4,16.76,39170.96,35761.25,10.0,0.0,0.0,4.14,0.0,0.0,1.9,32.0,,,,13.8,6.8,92.0,9.4,4.5
2009-11-06 00:00:00+00:00,20.7,0.0,21.1,18.5,14.3,27.8,25.1,0.0,52.0,42.5,16.64,39081.99,35704.74,11.6,0.0,0.0,4.64,0.0,1.0,8.1,46.0,,,,25.2,13.3,52.0,13.7,7.4
2009-11-07 00:00:00+00:00,22.1,0.0,12.3,21.6,14.8,30.6,29.4,3.0,74.0,24.1,16.58,38994.6,35450.36,15.1,0.0,0.0,3.81,0.0,42.0,11.1,59.0,,,,15.7,7.6,74.0,10.8,1.8
2009-11-08 00:00:00+00:00,23.0,0.0,22.2,19.8,16.3,31.1,26.2,3.0,201.0,43.6,16.42,38907.96,35302.46,13.5,0.0,0.0,5.55,0.0,40.0,3.7,32.0,,,,23.5,12.7,201.0,10.1,5.8
2009-11-09 00:00:00+00:00,20.6,0.0,12.7,20.3,14.5,26.8,26.3,3.0,4.0,23.8,16.22,38821.93,35159.68,14.9,0.0,0.0,3.54,0.0,10.0,12.0,62.0,,,,16.7,8.0,4.0,10.4,5.5
2009-11-10 00:00:00+00:00,20.6,0.0,14.0,19.8,15.1,26.9,25.9,2.0,50.0,31.0,15.99,38736.59,35113.82,14.9,0.0,0.0,3.66,0.0,9.0,12.2,62.0,,,,21.8,11.0,50.0,15.1,8.4
2009-11-11 00:00:00+00:00,21.4,0.0,13.8,20.5,13.8,29.4,27.6,1.0,351.0,28.1,15.83,38652.04,35068.12,13.8,0.0,0.0,3.82,0.0,3.0,10.9,57.0,,,,18.5,8.5,351.0,8.3,1.5
2009-11-12 00:00:00+00:00,20.1,0.0,11.5,19.3,16.3,25.3,23.5,3.0,339.0,24.5,13.79,38568.38,33420.13,16.2,0.0,0.0,3.2,0.0,36.0,11.4,63.0,,,,18.7,9.1,339.0,13.0,7.2
2009-11-13 00:00:00+00:00,18.6,0.0,17.1,16.9,11.3,24.2,22.1,2.0,323.0,33.5,14.0,38485.71,34718.9,9.8,0.0,0.0,3.47,0.0,14.0,9.6,58.0,,,,20.5,10.7,323.0,8.3,4.0
2009-11-14 00:00:00+00:00,18.3,0.0,17.2,16.4,13.5,23.6,20.7,3.0,349.0,30.6,13.64,38404.12,34453.2,12.8,0.0,0.0,3.49,0.0,55.0,8.7,57.0,,,,22.9,11.3,349.0,11.9,6.2
2009-11-15 00:00:00+00:00,18.1,0.0,18.1,15.9,13.3,23.8,20.6,3.0,14.0,34.9,15.03,38323.73,34420.25,11.8,0.0,0.0,3.8,0.0,70.0,8.5,56.0,,,,25.7,13.2,14.0,14.8,8.3
2009-11-16 00:00:00+00:00,18.3,0.0,16.6,16.6,13.9,23.8,21.4,1.0,343.0,33.8,15.09,38244.63,34476.25,12.0,0.0,0.0,3.5,0.0,13.0,10.0,61.0,,,,25.2,12.6,343.0,16.2,9.2
2009-11-17 00:00:00+00:00,19.1,0.0,19.5,17.7,16.1,23.8,20.5,1.0,318.0,38.5,12.69,38166.94,34358.73,15.4,0.0,0.0,3.28,0.0,25.0,11.3,64.0,,,,25.1,13.1,318.0,13.3,7.6
2009-11-18 00:00:00+00:00,18.4,0.0,11.9,17.1,12.8,24.2,22.2,1.0,334.0,28.1,14.29,38090.75,34421.59,12.2,0.0,0.0,3.17,0.0,8.0,9.9,60.0,,,,19.3,9.2,334.0,10.8,6.4
2009-11-19 00:00:00+00:00,18.1,0.0,8.6,16.9,13.3,23.4,22.0,0.0,8.0,21.6,15.07,38016.17,34395.23,12.8,0.0,0.0,3.01,0.0,2.0,8.8,57.0,,,,13.6,6.2,8.0,6.1,2.3
2009-11-20 00:00:00+00:00,17.8,0.0,19.3,15.8,12.4,22.9,19.6,3.0,24.0,37.1,11.38,37943.32,30018.8,11.4,0.0,0.0,3.23,0.0,30.0,8.9,59.0,,,,23.3,12.1,24.0,8.6,5.0
2009-11-21 00:00:00+00:00,18.5,0.0,20.2,16.3,13.3,24.9,21.8,0.0,19.0,41.0,14.73,37872.32,34290.47,11.4,0.0,0.0,3.82,0.0,2.0,8.9,56.0,,,,26.5,14.1,19.0,18.4,10.6
2009-11-22 00:00:00+00:00,18.2,0.0,18.5,16.6,12.3,24.8,21.8,3.0,30.0,35.6,14.82,37803.25,34232.41,11.5,0.0,0.0,3.52,0.0,20.0,10.6,65.0,,,,25.0,13.0,30.0,11.5,7.3
2009-11-23 00:00:00+00:00,18.4,0.0,18.2,16.8,12.7,25.4,22.5,0.0,42.0,37.1,14.81,37736.25,34212.2,11.7,0.0,0.0,3.39,0.0,0.0,10.5,65.0,,,,24.0,12.5,42.0,15.5,8.7
2009-11-24 00:00:00+00:00,18.2,0.0,17.2,17.2,12.1,24.6,22.5,1.0,319.0,33.8,13.78,37671.43,33461.32,11.6,0.0,0.0,3.11,0.0,12.0,11.8,70.0,,,,21.8,10.7,319.0,10.1,5.9
2009-11-25 00:00:00+00:00,18.0,0.0,14.0,17.0,13.3,22.9,20.6,3.0,285.0,30.6,11.02,37608.91,31132.39,13.0,0.0,0.0,2.57,0.0,38.0,11.0,67.0,,,,18.4,9.2,285.0,10.1,6.3
2009-11-26 00:00:00+00:00,17.6,0.7,15.9,16.8,12.1,23.1,21.6,51.0,329.0,32.8,12.95,37548.79,33823.56,11.5,2.0,0.7,2.55,0.0,16.0,10.4,66.0,,,,14.4,6.4,329.0,2.9,1.6
2009-11-27 00:00:00+00:00,17.5,0.0,19.7,16.2,13.0,23.4,20.3,3.0,9.0,38.5,12.16,37491.13,31823.03,12.9,0.0,0.0,3.01,0.0,28.0,11.2,71.0,,,,24.6,12.2,9.0,9.4,5.4
2009-11-28 00:00:00+00:00,18.1,0.0,15.5,16.5,14.3,22.9,20.1,3.0,3.0,29.9,11.5,37435.28,32218.6,13.7,0.0,0.0,2.94,0.0,34.0,10.2,63.0,,,,21.9,11.4,3.0,14.4,7.3
2009-11-29 00:00:00+00:00,17.4,0.0,14.1,16.5,12.5,22.3,20.3,3.0,358.0,26.3,11.15,37381.11,32077.62,12.5,0.0,0.0,2.48,0.0,33.0,11.3,70.0,,,,17.5,8.8,358.0,7.6,1.8
2009-11-30 00:00:00+00:00,18.1,0.0,15.7,17.1,14.0,23.4,20.8,3.0,29.0,32.4,13.42,37328.7,34123.58,13.9,0.0,0.0,2.89,0.0,34.0,11.0,66.0,,,,17.7,9.2,29.0,7.9,4.7
2009-12-01 00:00:00+00:00,17.8,0.0,19.6,16.2,12.6,23.7,20.6,3.0,42.0,37.8,13.31,37278.1,33819.05,11.8,0.0,0.0,3.11,0.0,50.0,10.7,66.0,,,,23.6,12.6,42.0,14.0,8.1
2009-12-02 00:00:00+00:00,17.6,0.0,16.3,15.8,11.6,24.6,21.2,3.0,184.0,31.7,14.31,37229.39,34115.64,10.8,0.0,0.0,3.23,0.0,22.0,7.5,57.0,,,,17.2,8.7,184.0,9.4,2.9
2009-12-03 00:00:00+00:00,16.1,0.0,15.1,13.5,10.7,22.2,19.3,0.0,242.0,33.5,14.04,37182.63,34079.11,8.6,0.0,0.0,3.25,0.0,0.0,4.9,50.0,,,,18.8,9.5,242.0,10.1,6.5
2009-12-04 00:00:00+00:00,15.4,0.0,9.7,12.9,9.0,21.3,18.7,3.0,239.0,23.4,14.02,37137.89,34030.23,6.9,0.0,0.0,3.02,0.0,23.0,4.6,50.0,,,,14.6,8.2,239.0,10.1,6.1
2009-12-05 00:00:00+00:00,15.1,0.0,16.8,12.4,8.3,21.3,17.4,2.0,228.0,33.1,13.86,37095.25,33983.61,5.9,0.0,0.0,3.1,0.0,10.0,4.5,52.0,,,,17.3,9.7,228.0,6.5,5.2
2009-12-06 00:00:00+00:00,15.3,0.0,25.3,11.5,10.5,20.6,15.3,3.0,215.0,45.7,13.72,37054.76,33886.02,6.8,0.0,0.0,3.89,0.0,15.0,4.0,49.0,,,,30.4,17.1,215.0,12.6,7.6
2009-12-07 00:00:00+00:00,16.7,0.7,24.2,14.1,14.3,20.3,17.1,51.0,276.0,45.4,9.1,37016.51,31199.9,11.0,3.0,0.7,2.81,0.0,31.0,9.5,63.0,,,,32.1,17.2,276.0,17.6,9.7
2009-12-08 00:00:00+00:00,16.4,0.0,16.6,15.1,12.2,20.6,17.9,3.0,282.0,31.3,9.66,36980.54,24923.39,11.7,0.0,0.0,2.18,0.0,54.0,10.0,69.0,,,,18.7,9.4,282.0,8.6,5.8
2009-12-09 00:00:00+00:00,15.5,0.0,11.2,14.5,10.5,20.1,18.3,3.0,234.0,25.2,8.31,36946.94,29843.89,9.6,0.0,0.0,1.76,0.0,86.0,9.8,71.0,,,,13.5,6.6,234.0,5.4,2.3
2009-12-10 00:00:00+00:00,16.1,1.2,14.5,14.8,12.9,21.0,18.2,53.0,237.0,30.6,11.79,36915.78,32346.6,11.6,5.0,1.2,2.45,0.0,30.0,9.3,67.0,,,,17.2,8.6,237.0,7.9,4.6
2009-12-11 00:00:00+00:00,15.5,0.0,25.1,11.8,11.5,19.8,15.2,2.0,209.0,50.8,12.17,36887.11,33755.56,7.9,0.0,0.0,3.58,0.0,18.0,5.2,51.0,,,,32.6,17.4,209.0,16.6,9.6
2009-12-12 00:00:00+00:00,16.5,0.0,23.0,13.1,13.5,20.4,16.2,2.0,226.0,43.9,12.01,36861.0,32905.91,10.2,0.0,0.0,3.54,0.0,28.0,6.5,52.0,,,,32.8,17.4,226.0,15.5,9.5
2009-12-13 00:00:00+00:00,15.2,0.0,17.9,12.0,10.9,20.7,16.5,1.0,216.0,37.8,12.73,36837.54,33701.12,7.9,0.0,0.0,3.17,0.0,7.0,4.0,49.0,,,,22.8,11.9,216.0,11.5,6.5
2009-12-14 00:00:00+00:00,14.2,0.0,7.2,11.9,7.7,21.1,18.9,3.0,137.0,15.8,13.47,36816.76,33678.3,5.6,0.0,0.0,2.52,0.0,23.0,2.9,50.0,,,,11.3,5.3,137.0,7.2,1.8
2009-12-15 00:00:00+00:00,14.0,0.0,13.1,11.0,6.2,22.1,18.4,1.0,169.0,25.2,13.78,36798.75,33658.5,3.7,0.0,0.0,3.06,0.0,5.0,1.4,47.0,,,,16.1,8.0,169.0,10.4,4.7
2009-12-16 00:00:00+00:00,17.8,0.0,34.1,12.2,13.8,24.3,18.1,1.0,206.0,63.4,13.37,36783.57,33641.8,8.3,0.0,0.0,5.86,0.0,5.0,-1.0,29.0,,,,42.3,23.4,206.0,25.2,14.7
2009-12-17 00:00:00+00:00,15.8,0.0,26.5,11.6,12.0,19.8,15.2,2.0,236.0,50.8,12.51,36771.26,33367.13,7.3,0.0,0.0,4.07,0.0,15.0,3.3,43.0,,,,34.6,19.2,236.0,23.0,13.8
2009-12-18 00:00:00+00:00,16.3,0.0,19.3,13.2,11.3,21.5,17.7,3.0,218.0,37.1,13.26,36761.66,33618.24,8.5,0.0,0.0,3.54,0.0,18.0,5.9,52.0,,,,27.2,14.5,218.0,16.2,10.5
2009-12-19 00:00:00+00:00,16.5,0.0,21.5,12.9,11.8,22.6,18.5,0.0,193.0,42.5,13.53,36754.71,33610.96,8.1,0.0,0.0,3.85,0.0,0.0,4.2,46.0,,,,30.0,15.8,193.0,15.5,8.5
2009-12-20 00:00:00+00:00,17.4,0.0,16.9,13.6,11.8,24.6,20.0,0.0,183.0,35.3,13.6,36750.39,33606.56,8.2,0.0,0.0,4.32,0.0,1.0,1.4,36.0,,,,25.2,13.2,183.0,17.3,10.0
2009-12-21 00:00:00+00:00,18.4,0.0,20.3,14.5,13.5,25.0,20.1,3.0,209.0,39.6,13.58,36748.7,33605.04,8.8,0.0,0.0,4.56,0.0,19.0,1.2,36.0,,,,29.0,15.2,209.0,14.0,7.6
2009-12-22 00:00:00+00:00,15.7,0.0,18.6,13.3,11.9,19.5,15.9,2.0,345.0,37.1,12.96,36749.61,33606.35,10.4,0.0,0.0,2.86,0.0,20.0,8.4,65.0,,,,27.4,14.2,345.0,15.8,10.0
2009-12-23 00:00:00+00:00,15.6,0.0,16.2,13.1,11.7,20.8,17.9,2.0,3.0,33.1,13.33,36753.11,33610.5,9.6,0.0,0.0,2.97,0.0,8.0,6.9,58.0,,,,23.1,11.7,3.0,16.9,9.4
2009-12-24 00:00:00+00:00,15.4,0.0,18.2,13.6,9.8,21.6,18.8,3.0,40.0,36.4,12.55,36759.18,30511.12,8.3,0.0,0.0,2.61,0.0,47.0,9.5,70.0,,,,22.6,12.1,40.0,13.3,7.8
2009-12-25 00:00:00+00:00,16.5,0.0,15.5,15.1,12.0,22.9,20.8,1.0,47.0,33.8,13.2,36767.8,33627.2,10.7,0.0,0.0,2.59,0.0,3.0,10.7,72.0,,,,22.5,11.8,47.0,14.0,8.2
2009-12-26 00:00:00+00:00,15.9,0.0,9.8,15.1,11.3,22.1,21.0,2.0,22.0,23.8,12.45,36778.94,33639.7,10.6,0.0,0.0,2.25,0.0,15.0,10.8,74.0,,,,14.8,7.7,22.0,9.7,5.4
2009-12-27 00:00:00+00:00,16.8,0.0,7.7,15.7,8.7,24.5,22.9,0.0,56.0,14.8,13.5,36792.59,33654.95,7.4,0.0,0.0,2.43,0.0,0.0,8.3,62.0,,,,9.2,4.5,56.0,3.2,1.1
2009-12-28 00:00:00+00:00,17.0,0.0,13.7,14.6,9.7,24.7,21.3,3.0,183.0,26.6,10.72,36808.72,27615.43,7.9,0.0,0.0,3.16,0.0,52.0,5.6,52.0,,,,17.4,9.4,183.0,8.6,4.6
2009-12-29 00:00:00+00:00,16.1,0.0,19.7,14.1,12.7,19.7,16.8,3.0,279.0,37.4,9.76,36827.32,31063.21,11.2,0.0,0.0,2.45,0.0,34.0,8.3,63.0,,,,21.3,11.0,279.0,11.9,6.3
2009-12-30 00:00:00+00:00,15.8,0.0,16.3,13.5,12.1,20.9,17.5,1.0,240.0,34.2,12.48,36848.35,33716.81,10.1,0.0,0.0,2.79,0.0,17.0,6.7,57.0,,,,19.3,9.9,240.0,11.2,6.6
2009-12-31 00:00:00+00:00,16.8,0.0,11.3,15.5,12.7,21.7,20.1,3.0,265.0,25.2,11.19,36871.79,33742.72,11.3,0.0,0.0,2.34,0.0,42.0,8.9,61.0,,,,14.8,7.0,265.0,6.8,3.6
2010-01-01 00:00:00+00:00,16.5,0.0,9.5,15.3,9.5,24.1,22.6,3.0,202.0,22.0,13.83,36897.61,33771.22,8.1,0.0,0.0,2.73,0.0,10.0,9.2,66.0,,,,13.4,6.9,202.0,5.0,2.9
2010-01-02 00:00:00+00:00,17.6,0.0,21.1,15.0,11.9,24.6,20.5,3.0,194.0,41.4,13.68,36925.8,33802.27,9.8,0.0,0.0,3.68,0.0,85.0,7.6,55.0,,,,26.3,13.9,194.0,12.6,7.6
2010-01-03 00:00:00+00:00,16.4,0.0,11.8,14.5,9.7,22.7,20.7,2.0,263.0,24.5,13.93,36956.31,33835.86,7.9,0.0,0.0,3.01,0.0,4.0,7.0,55.0,,,,17.0,8.2,263.0,8.6,3.8
2010-01-04 00:00:00+00:00,15.5,0.0,10.8,14.0,9.2,20.7,18.5,1.0,336.0,25.6,13.17,36989.12,33871.93,7.6,0.0,0.0,2.48,0.0,6.0,8.1,64.0,,,,15.6,7.1,336.0,8.6,1.8
2010-01-05 00:00:00+00:00,15.1,0.0,15.3,13.3,9.8,21.0,18.2,0.0,24.0,31.0,13.31,37024.22,33910.46,8.6,0.0,0.0,2.72,0.0,7.0,8.8,70.0,,,,20.0,10.4,24.0,9.4,5.4
2010-01-06 00:00:00+00:00,15.5,0.0,19.4,13.0,10.2,22.5,19.2,0.0,52.0,38.5,14.19,37061.6,33951.65,7.8,0.0,0.0,3.01,0.0,0.0,8.9,69.0,,,,28.3,15.4,52.0,21.2,10.4
2010-01-07 00:00:00+00:00,16.8,0.0,9.7,15.4,9.1,25.6,23.6,0.0,34.0,17.6,14.35,37101.7,33996.0,7.7,0.0,0.0,2.81,0.0,0.0,8.2,63.0,,,,13.0,6.6,34.0,10.4,1.5
2010-01-08 00:00:00+00:00,18.1,0.0,11.8,16.2,9.3,28.1,25.6,0.0,55.0,23.4,14.37,37144.54,34043.32,7.6,0.0,0.0,3.43,0.0,0.0,7.1,55.0,,,,15.1,8.3,55.0,8.3,5.5
2010-01-09 00:00:00+00:00,18.2,0.0,10.0,16.6,11.3,27.1,25.1,0.0,53.0,16.9,14.67,37190.04,34093.52,9.6,0.0,0.0,3.13,0.0,0.0,7.5,55.0,,,,14.5,7.5,53.0,12.2,2.5
2010-01-10 00:00:00+00:00,18.2,0.0,9.7,16.0,11.2,27.7,24.5,2.0,162.0,21.2,14.37,37238.09,34146.45,9.4,0.0,0.0,3.4,0.0,13.0,4.6,45.0,,,,14.5,7.1,162.0,7.2,2.1
2010-01-11 00:00:00+00:00,16.7,0.0,14.2,14.6,9.8,23.5,21.8,3.0,1.0,27.7,14.58,37288.59,34202.03,7.0,0.0,0.0,3.24,0.0,63.0,6.6,52.0,,,,18.1,9.2,1.0,9.0,5.2
2010-01-12 00:00:00+00:00,15.2,0.0,12.0,14.0,11.4,19.4,18.1,3.0,20.0,26.6,10.06,37341.45,28068.68,10.4,0.0,0.0,1.94,0.0,96.0,10.2,74.0,,,,18.4,9.0,20.0,10.8,5.8
2010-01-13 00:00:00+00:00,15.0,0.0,9.7,13.3,10.2,20.7,18.4,3.0,269.0,23.4,14.7,37396.57,34320.63,9.2,0.0,0.0,2.72,0.0,26.0,6.8,61.0,,,,13.8,6.4,269.0,5.8,1.3
2010-01-14 00:00:00+00:00,14.6,0.0,19.9,11.5,9.2,20.6,16.3,3.0,202.0,41.4,14.63,37453.84,34383.43,6.4,0.0,0.0,3.37,0.0,24.0,4.3,53.0,,,,23.5,12.5,202.0,10.8,6.5
2010-01-15 00:00:00+00:00,15.8,0.0,14.5,12.3,10.2,22.1,18.3,0.0,194.0,30.6,15.11,37513.18,34448.42,6.7,0.0,0.0,3.77,0.0,1.0,1.9,42.0,,,,21.5,11.6,194.0,11.9,7.0
2010-01-16 00:00:00+00:00,15.3,0.0,8.7,12.9,6.6,24.1,21.6,1.0,126.0,17.3,15.06,37574.49,34515.48,4.2,0.0,0.0,2.81,0.0,5.0,2.0,46.0,,,,12.5,4.7,126.0,5.0,2.4
2010-01-17 00:00:00+00:00,15.9,0.0,15.8,12.7,8.8,23.9,20.3,3.0,214.0,27.7,13.2,37637.67,34584.5,5.8,0.0,0.0,3.48,0.0,53.0,1.2,41.0,,,,17.3,9.2,214.0,10.1,6.4
2010-01-18 00:00:00+00:00,15.5,0.0,20.5,12.6,10.8,20.3,16.7,3.0,273.0,41.4,13.5,37702.62,34655.38,9.1,0.0,0.0,3.44,0.0,34.0,5.6,55.0,,,,26.6,13.3,273.0,11.5,5.2
2010-01-19 00:00:00+00:00,15.2,0.0,25.4,11.7,11.0,19.4,14.5,3.0,226.0,46.8,11.63,37769.27,27798.44,8.2,0.0,0.0,3.34,0.0,58.0,5.8,55.0,,,,31.4,17.0,226.0,20.9,12.0
2010-01-20 00:00:00+00:00,14.8,2.5,19.2,12.0,11.5,18.7,14.4,61.0,240.0,38.2,13.85,37837.5,34802.29,9.6,5.0,2.5,3.01,0.0,41.0,5.8,57.0,,,,25.8,12.6,240.0,9.7,5.6
2010-01-21 00:00:00+00:00,13.5,0.0,10.8,11.1,8.1,18.9,15.6,3.0,248.0,25.9,14.8,37907.23,34878.09,6.4,0.0,0.0,2.77,0.0,27.0,3.0,52.0,,,,13.2,6.2,248.0,5.0,3.1
2010-01-22 00:00:00+00:00,14.1,0.0,19.2,10.5,6.5,21.2,16.8,3.0,178.0,39.6,15.13,37978.38,34955.34,3.3,0.0,0.0,3.78,0.0,22.0,2.7,49.0,,,,23.9,13.6,178.0,5.8,4.2
2010-01-23 00:00:00+00:00,15.1,0.0,16.0,12.3,9.3,20.7,17.9,2.0,236.0,31.7,15.61,38050.83,35033.91,6.9,0.0,0.0,3.48,0.0,18.0,3.7,48.0,,,,19.5,9.8,236.0,11.2,6.1
2010-01-24 00:00:00+00:00,13.3,0.0,28.6,9.8,7.0,19.1,13.9,3.0,249.0,56.5,15.27,38124.52,35113.72,4.3,0.0,0.0,3.5,0.0,16.0,3.5,55.0,,,,27.7,14.5,249.0,5.4,1.8
2010-01-25 00:00:00+00:00,13.0,0.0,22.7,9.8,9.0,17.0,12.2,3.0,303.0,43.6,12.25,38199.35,31661.62,7.1,0.0,0.0,2.75,0.0,48.0,5.1,62.0,,,,26.6,13.7,303.0,14.4,7.0
2010-01-26 00:00:00+00:00,13.0,0.0,14.2,10.2,9.9,16.5,12.9,3.0,353.0,29.5,11.77,38275.33,33785.73,7.8,0.0,0.0,2.57,0.0,90.0,3.8,55.0,,,,19.3,9.7,353.0,9.4,4.7
2010-01-27 00:00:00+00:00,13.3,0.0,20.1,9.9,7.9,19.9,15.7,3.0,54.0,40.7,16.05,38353.23,34712.46,5.1,0.0,0.0,3.47,0.0,50.0,3.1,53.0,,,,24.8,13.1,54.0,14.0,8.4
2010-01-28 00:00:00+00:00,15.0,0.0,24.8,10.7,9.0,23.1,17.3,0.0,202.0,48.6,16.38,38433.17,35252.7,5.0,0.0,0.0,4.44,0.0,2.0,0.3,41.0,,,,29.7,16.1,202.0,12.6,6.6
2010-01-29 00:00:00+00:00,17.0,0.0,17.1,12.8,9.4,25.6,21.0,3.0,176.0,34.9,16.66,38515.03,35286.26,5.3,0.0,0.0,4.7,0.0,26.0,-3.1,28.0,,,,21.2,11.5,176.0,10.4,6.2
2010-01-30 00:00:00+00:00,21.0,0.0,32.7,15.0,16.7,25.4,19.0,3.0,195.0,59.8,9.33,38598.69,23542.23,11.0,0.0,0.0,6.7,0.0,43.0,-5.7,17.0,,,,46.3,21.9,195.0,13.3,8.1
2010-01-31 00:00:00+00:00,16.3,0.0,11.7,14.2,11.4,22.2,20.2,1.0,349.0,25.2,16.38,38684.04,35358.97,9.3,0.0,0.0,3.51,0.0,2.0,5.2,49.0,,,,14.4,8.0,349.0,7.9,3.3
2010-02-01 00:00:00+00:00,15.8,0.0,12.8,13.2,9.1,22.4,19.4,0.0,38.0,29.5,17.03,38770.95,35396.97,7.2,0.0,0.0,3.67,0.0,0.0,4.0,51.0,,,,19.0,9.5,38.0,12.2,7.2
2010-02-02 00:00:00+00:00,15.2,0.0,11.7,12.2,7.1,22.2,19.0,3.0,247.0,27.7,16.61,38859.32,35474.31,4.9,0.0,0.0,3.65,0.0,30.0,0.2,41.0,,,,15.5,7.3,247.0,8.6,3.1
2010-02-03 00:00:00+00:00,13.6,0.0,24.0,9.7,10.4,17.2,12.0,3.0,308.0,48.2,13.37,38949.04,35478.42,8.1,0.0,0.0,3.43,0.0,41.0,2.9,51.0,,,,30.9,16.5,308.0,12.6,7.6
2010-02-04 00:00:00+00:00,11.9,0.0,24.0,8.3,7.6,16.2,11.0,3.0,307.0,46.1,11.3,39039.99,35521.22,4.9,0.0,0.0,2.68,0.0,50.0,3.3,58.0,,,,28.8,14.1,307.0,14.0,8.1
2010-02-05 00:00:00+00:00,12.3,0.0,22.7,8.5,8.8,16.1,11.2,3.0,305.0,41.4,11.56,39132.06,30219.66,5.5,0.0,0.0,2.91,0.0,48.0,2.4,52.0,,,,27.0,14.0,305.0,10.1,5.4
2010-02-06 00:00:00+00:00,11.4,0.0,12.8,8.4,5.7,16.0,13.0,1.0,2.0,28.8,16.4,39225.15,35637.28,3.3,0.0,0.0,2.88,0.0,19.0,1.4,54.0,,,,17.2,8.2,2.0,10.4,6.0
2010-02-07 00:00:00+00:00,11.2,0.0,11.8,8.1,3.3,18.0,15.1,0.0,156.0,24.5,17.87,39319.16,35875.67,0.5,0.0,0.0,3.24,0.0,0.0,0.0,51.0,,,,15.6,7.6,156.0,8.6,4.3
2010-02-08 00:00:00+00:00,14.6,0.0,29.1,9.4,8.8,21.5,15.5,3.0,189.0,56.5,16.29,39413.97,35790.11,3.6,0.0,0.0,5.13,0.0,36.0,-1.6,34.0,,,,36.7,20.4,189.0,16.6,10.1
2010-02-09 00:00:00+00:00,16.4,0.0,23.1,12.7,10.3,22.0,18.9,3.0,225.0,34.9,17.56,39509.5,35980.84,6.5,0.0,0.0,4.63,0.0,13.0,0.1,33.0,,,,25.3,12.2,225.0,6.8,3.3
2010-02-10 00:00:00+00:00,16.6,0.0,11.2,13.6,8.3,25.1,22.1,3.0,145.0,28.1,17.63,39605.63,35802.78,5.3,0.0,0.0,4.09,0.0,46.0,1.5,41.0,,,,17.3,8.7,145.0,6.8,5.5
2010-02-11 00:00:00+00:00,20.5,0.0,28.2,15.8,15.7,28.0,22.4,3.0,191.0,54.0,18.17,39702.28,36085.62,10.5,0.0,0.0,6.45,0.0,50.0,-1.1,25.0,,,,32.6,17.5,191.0,13.7,7.6
2010-02-12 00:00:00+00:00,18.1,0.0,14.1,15.9,9.7,26.8,24.6,3.0,60.0,24.5,17.81,39799.33,36219.7,8.2,0.0,0.0,4.12,0.0,33.0,5.5,51.0,,,,18.0,9.0,60.0,11.5,6.2
2010-02-13 00:00:00+00:00,21.8,0.0,13.3,19.0,13.1,31.5,29.0,3.0,124.0,23.8,18.37,39896.71,36444.03,10.2,0.0,0.0,4.64,0.0,32.0,1.6,32.0,,,,17.9,7.9,124.0,10.1,3.5
2010-02-14 00:00:00+00:00,22.2,0.0,10.1,19.3,12.2,32.4,30.5,3.0,108.0,15.5,18.04,39994.32,36407.62,9.2,0.0,0.0,4.55,0.0,70.0,-0.4,25.0,,,,12.9,6.2,108.0,9.4,1.8
2010-02-15 00:00:00+00:00,22.9,0.0,19.4,19.3,15.7,31.9,27.7,3.0,188.0,39.2,17.64,40092.15,36000.0,12.2,0.0,0.0,5.86,0.0,69.0,-0.2,24.0,,,,22.1,11.0,188.0,10.8,6.1
2010-02-16 00:00:00+00:00,20.5,0.0,13.8,18.5,12.3,27.5,26.4,3.0,6.0,23.4,17.45,40191.06,36414.36,10.6,0.0,0.0,4.55,0.0,31.0,6.6,43.0,,,,17.2,9.3,6.0,10.4,5.6
2010-02-17 00:00:00+00:00,22.7,0.0,13.7,21.0,13.3,33.2,30.8,2.0,156.0,31.7,18.58,40291.2,36606.25,12.2,0.0,0.0,4.96,0.0,32.0,7.8,45.0,,,,19.5,9.1,156.0,9.7,4.7
2010-02-18 00:00:00+00:00,22.9,0.0,14.4,21.0,16.0,29.9,27.5,0.0,339.0,31.0,18.89,40392.47,36806.64,14.8,0.0,0.0,5.17,0.0,0.0,7.4,40.0,,,,19.8,10.0,339.0,9.0,5.6
2010-02-19 00:00:00+00:00,21.6,0.0,12.9,19.8,13.9,30.3,28.2,0.0,22.0,25.9,19.1,40494.79,36915.62,12.7,0.0,0.0,4.65,0.0,0.0,6.0,41.0,,,,14.0,7.0,22.0,7.2,2.6
2010-02-20 00:00:00+00:00,21.8,0.0,7.9,20.1,12.2,31.2,30.2,1.0,107.0,15.8,19.39,40598.03,37027.86,10.5,0.0,0.0,4.12,0.0,5.0,5.0,39.0,,,,11.2,5.0,107.0,7.2,1.9
2010-02-21 00:00:00+00:00,22.3,0.0,19.1,19.5,17.9,29.2,26.8,3.0,269.0,46.1,16.86,40702.13,32657.95,14.1,0.0,0.0,5.6,0.0,35.0,5.6,36.0,,,,28.4,13.9,269.0,10.4,6.5
2010-02-22 00:00:00+00:00,16.8,0.0,14.2,15.0,12.5,22.2,19.7,3.0,10.0,31.7,18.87,40806.98,36000.0,11.4,0.0,0.0,3.79,0.0,53.0,8.1,61.0,,,,23.6,11.3,10.0,16.9,9.4
2010-02-23 00:00:00+00:00,16.1,0.0,13.0,14.0,9.9,22.3,20.0,2.0,19.0,28.1,19.59,40912.49,37059.75,8.5,0.0,0.0,3.91,0.0,11.0,7.0,59.0,,,,20.5,10.3,19.0,11.9,7.1
2010-02-24 00:00:00+00:00,16.7,0.2,13.5,14.5,11.5,22.1,19.5,51.0,55.0,30.2,18.2,41018.57,37177.92,9.7,2.0,0.2,3.83,0.0,46.0,6.3,54.0,,,,19.8,9.5,55.0,11.5,6.8
2010-02-25 00:00:00+00:00,15.6,4.6,24.2,13.5,12.4,21.8,18.6,61.0,261.0,51.1,14.48,41125.13,34700.04,10.4,7.0,4.6,3.1,0.0,53.0,8.0,62.0,,,,26.9,11.6,261.0,10.4,6.2
2010-02-26 00:00:00+00:00,15.3,0.3,25.7,12.3,12.1,20.0,15.8,51.0,272.0,49.3,14.44,41232.09,36970.07,9.5,2.0,0.3,3.25,0.0,31.0,8.4,65.0,,,,33.2,17.6,272.0,19.4,9.9
2010-02-27 00:00:00+00:00,16.0,0.0,19.8,13.5,10.6,21.9,18.5,0.0,238.0,39.6,19.43,41339.34,37675.06,8.7,0.0,0.0,3.94,0.0,6.0,7.0,59.0,,,,24.7,12.7,238.0,13.0,7.4
2010-02-28 00:00:00+00:00,16.9,0.0,25.6,13.0,14.0,20.1,15.4,3.0,268.0,49.3,14.4,41446.83,33222.1,11.1,0.0,0.0,4.43,0.0,40.0,5.7,49.0,,,,38.7,20.2,268.0,24.8,12.2
2010-03-01 00:00:00+00:00,16.8,0.0,15.4,14.9,12.4,22.3,20.5,2.0,310.0,33.1,19.65,41554.45,37878.02,10.9,0.0,0.0,3.88,0.0,21.0,8.0,59.0,,,,22.4,10.7,310.0,13.0,6.8
2010-03-02 00:00:00+00:00,18.5,0.0,18.8,16.0,9.5,27.7,24.5,3.0,192.0,34.2,20.52,41662.13,37919.0,8.0,0.0,0.0,5.21,0.0,28.0,6.0,52.0,,,,22.6,12.0,192.0,7.2,4.6
2010-03-03 00:00:00+00:00,18.8,0.0,19.9,16.9,13.0,25.2,23.9,2.0,292.0,34.9,20.46,41769.78,38207.49,12.2,0.0,0.0,4.74,0.0,6.0,8.4,54.0,,,,24.8,12.4,292.0,12.6,6.3
2010-03-04 00:00:00+00:00,16.9,0.0,9.9,16.1,10.3,24.1,23.1,3.0,18.0,20.9,20.01,41877.31,37237.05,10.0,0.0,0.0,3.67,0.0,32.0,8.3,64.0,,,,13.7,5.0,18.0,7.2,1.5
2010-03-05 00:00:00+00:00,22.1,0.0,26.2,18.4,15.5,32.3,27.6,3.0,206.0,49.7,20.08,41984.65,38112.69,12.0,0.0,0.0,6.58,0.0,37.0,3.2,33.0,,,,31.4,16.1,206.0,9.4,5.8
2010-03-06 00:00:00+00:00,18.6,0.0,11.0,17.5,11.1,26.2,24.8,0.0,359.0,25.9,21.47,42091.71,38526.05,10.4,0.0,0.0,4.45,0.0,1.0,8.8,59.0,,,,17.9,8.2,359.0,11.2,4.9
2010-03-07 00:00:00+00:00,20.2,0.0,17.1,17.6,12.6,28.3,24.9,3.0,67.0,34.2,21.45,42198.5,38767.78,11.4,0.0,0.0,5.5,0.0,16.0,5.2,46.0,,,,23.2,12.0,67.0,15.8,9.0
2010-03-08 00:00:00+00:00,25.6,0.0,22.3,21.9,15.6,36.2,31.6,3.0,170.0,44.6,21.94,42305.82,38818.18,12.6,0.0,0.0,7.52,0.0,12.0,0.3,23.0,,,,25.4,12.8,170.0,14.0,7.1
2010-03-09 00:00:00+00:00,26.3,0.0,19.5,22.9,19.2,31.6,30.1,3.0,227.0,35.6,20.02,42413.82,37522.12,17.2,0.0,0.0,7.73,0.0,62.0,4.9,27.0,,,,31.5,16.9,227.0,25.6,13.4
2010-03-10 00:00:00+00:00,23.3,0.0,18.7,22.4,15.7,32.9,33.1,3.0,46.0,32.8,21.01,42522.43,38444.19,14.6,0.0,0.0,5.55,0.0,48.0,12.9,56.0,,,,26.9,14.0,46.0,20.2,9.2
2010-03-11 00:00:00+00:00,28.8,0.0,22.0,27.1,21.7,38.5,36.1,3.0,188.0,43.2,21.77,42631.58,39397.01,20.8,0.0,0.0,7.43,0.0,38.0,9.7,36.0,,,,27.2,14.1,188.0,13.7,8.8
2010-03-12 00:00:00+00:00,22.5,0.0,18.0,22.0,15.3,31.2,31.2,1.0,18.0,32.0,22.0,42741.17,39563.66,15.0,0.0,0.0,5.34,0.0,5.0,13.2,59.0,,,,24.3,12.4,18.0,14.4,8.4
2010-03-13 00:00:00+00:00,22.0,0.0,18.4,21.5,15.0,32.2,32.7,3.0,35.0,32.8,22.09,42851.14,39387.88,14.5,0.0,0.0,5.1,0.0,29.0,13.2,63.0,,,,25.7,12.8,35.0,17.3,5.4
2010-03-14 00:00:00+00:00,27.0,0.0,21.4,25.5,17.4,36.9,34.6,3.0,193.0,42.5,20.75,42961.43,38347.64,16.7,0.0,0.0,6.86,0.0,61.0,11.4,43.0,,,,27.8,14.6,193.0,10.4,5.9
2010-03-15 00:00:00+00:00,23.1,0.0,22.6,21.5,16.5,29.7,28.9,0.0,300.0,41.8,22.3,43071.93,40292.95,14.2,0.0,0.0,6.05,0.0,1.0,10.8,47.0,,,,29.8,14.8,300.0,11.2,7.7
2010-03-16 00:00:00+00:00,16.9,0.0,20.3,14.6,12.7,21.3,19.4,3.0,356.0,35.6,18.85,43182.61,38537.92,11.7,0.0,0.0,4.15,0.0,39.0,8.6,61.0,,,,29.3,14.5,356.0,16.6,8.3
2010-03-17 00:00:00+00:00,15.7,0.0,24.1,12.8,11.3,21.3,18.6,3.0,343.0,46.8,20.26,43293.35,38462.75,9.3,0.0,0.0,4.47,0.0,58.0,5.7,54.0,,,,28.6,14.2,343.0,16.2,9.0
2010-03-18 00:00:00+00:00,15.3,0.0,26.9,11.4,11.1,21.0,16.1,1.0,325.0,52.2,21.18,43404.11,40628.02,8.6,0.0,0.0,4.9,0.0,23.0,3.7,49.0,,,,35.4,18.3,325.0,18.0,11.1
2010-03-19 00:00:00+00:00,15.7,0.0,20.5,12.2,11.5,21.4,18.2,1.0,355.0,40.3,22.39,43514.81,40296.16,8.7,0.0,0.0,5.09,0.0,16.0,3.1,45.0,,,,30.9,15.4,355.0,19.8,10.5
2010-03-20 00:00:00+00:00,15.1,0.0,25.4,11.2,9.4,21.5,17.3,1.0,17.0,49.0,22.54,43625.37,40850.42,6.5,0.0,0.0,5.16,0.0,6.0,3.0,47.0,,,,33.2,17.5,17.0,16.6,9.7
2010-03-21 00:00:00+00:00,16.6,0.0,27.6,12.5,11.4,23.9,19.7,1.0,24.0,53.3,23.74,43735.72,40961.09,7.6,0.0,0.0,5.82,0.0,3.0,4.8,48.0,,,,41.6,22.0,24.0,29.2,16.3
2010-03-22 00:00:00+00:00,17.4,0.0,25.4,14.2,11.1,25.4,21.7,1.0,15.0,49.3,23.82,43845.79,41071.33,8.5,0.0,0.0,5.5,0.0,3.0,7.6,57.0,,,,39.3,20.4,15.0,30.6,16.2
2010-03-23 00:00:00+00:00,17.6,0.0,20.9,15.0,10.8,25.6,22.6,0.0,1.0,41.4,23.99,43955.49,41181.06,9.0,0.0,0.0,5.32,0.0,1.0,7.5,58.0,,,,31.0,16.1,1.0,20.5,11.6
2010-03-24 00:00:00+00:00,17.2,0.0,16.0,15.6,9.6,24.9,23.7,3.0,337.0,28.8,23.35,44064.76,38566.73,8.4,0.0,0.0,4.85,0.0,37.0,7.5,59.0,,,,19.8,9.2,337.0,10.4,4.0
2010-03-25 00:00:00+00:00,18.6,0.0,18.9,16.7,12.2,26.1,23.5,3.0,337.0,40.3,23.95,44173.52,41398.68,11.7,0.0,0.0,5.33,0.0,25.0,6.9,53.0,,,,22.4,10.2,337.0,7.2,1.3
2010-03-26 00:00:00+00:00,17.3,0.4,23.0,15.1,12.4,23.1,19.7,51.0,319.0,45.7,18.85,44281.7,41035.43,11.9,2.0,0.4,4.26,0.0,32.0,9.3,64.0,,,,29.1,14.8,319.0,11.9,5.6
2010-03-27 00:00:00+00:00,18.3,0.1,17.8,16.7,13.8,24.6,23.0,51.0,308.0,34.9,19.2,44389.3,36407.23,12.9,1.0,0.1,4.2,0.0,52.0,10.2,63.0,,,,25.8,13.0,308.0,13.7,9.2
2010-03-28 00:00:00+00:00,19.2,0.0,16.1,17.3,9.5,27.7,24.6,0.0,216.0,34.2,24.63,44497.05,41720.13,8.5,0.0,0.0,5.69,0.0,1.0,6.2,53.0,,,,20.8,10.2,216.0,6.8,1.3
2010-03-29 00:00:00+00:00,18.6,0.0,15.1,17.3,12.7,25.0,23.7,2.0,325.0,30.6,24.49,44605.12,40568.71,12.8,0.0,0.0,5.12,0.0,11.0,8.3,57.0,,,,21.9,9.7,325.0,11.2,3.9
2010-03-30 00:00:00+00:00,17.2,0.0,13.2,15.5,10.0,23.9,22.5,0.0,4.0,26.3,25.0,44713.42,41934.06,8.8,0.0,0.0,5.03,0.0,0.0,6.2,55.0,,,,19.2,9.0,4.0,9.0,5.8
2010-03-31 00:00:00+00:00,18.3,0.0,12.8,15.7,10.8,25.6,23.1,0.0,45.0,31.0,25.48,44821.9,42041.09,8.9,0.0,0.0,5.72,0.0,0.0,3.3,43.0,,,,22.3,10.8,45.0,13.0,7.2
2010-04-01 00:00:00+00:00,21.2,0.0,14.7,18.6,11.0,30.4,28.1,0.0,45.0,31.0,25.37,44930.47,42148.07,8.5,0.0,0.0,6.46,0.0,0.0,3.0,35.0,,,,20.3,10.3,45.0,11.5,7.4
2010-04-02 00:00:00+00:00,24.9,0.0,14.0,22.0,14.2,35.4,33.2,0.0,60.0,27.7,25.45,45039.08,42254.94,11.2,0.0,0.0,7.46,0.0,0.0,2.1,26.0,,,,20.6,10.9,60.0,13.0,8.6
2010-04-03 00:00:00+00:00,26.4,0.0,22.0,23.4,17.8,36.4,34.1,3.0,34.0,41.0,24.79,45147.66,42361.62,14.3,0.0,0.0,8.14,0.0,51.0,3.0,25.0,,,,25.6,13.5,34.0,14.8,8.7
2010-04-04 00:00:00+00:00,20.4,0.0,18.4,18.4,13.5,28.1,26.1,3.0,20.0,36.4,24.76,45256.13,42468.05,12.4,0.0,0.0,5.98,0.0,28.0,9.2,54.0,,,,29.6,15.4,20.0,21.6,12.7
2010-04-05 00:00:00+00:00,18.8,0.0,14.9,17.3,12.9,26.1,24.8,3.0,14.0,32.8,24.49,45364.42,42028.58,12.1,0.0,0.0,5.17,0.0,46.0,9.8,61.0,,,,25.8,12.8,14.0,17.6,10.0
2010-04-06 00:00:00+00:00,19.4,0.0,17.2,18.3,12.9,27.1,25.8,3.0,355.0,31.0,24.72,45472.47,36839.06,12.5,0.0,0.0,5.33,0.0,21.0,10.1,62.0,,,,22.8,11.0,355.0,14.4,7.2
2010-04-07 00:00:00+00:00,18.1,0.0,17.1,16.8,12.5,24.3,23.7,3.0,322.0,31.7,23.83,45580.19,39224.01,12.0,0.0,0.0,4.93,0.0,60.0,9.0,59.0,,,,22.5,10.1,322.0,11.2,4.6
2010-04-08 00:00:00+00:00,18.1,0.0,14.8,16.4,12.0,24.3,23.1,3.0,349.0,28.8,25.37,45687.52,42859.04,10.7,0.0,0.0,5.22,0.0,15.0,7.3,53.0,,,,20.9,9.9,349.0,9.7,4.8
2010-04-09 00:00:00+00:00,18.8,0.0,11.4,17.2,10.9,25.9,24.8,3.0,35.0,25.6,25.52,45794.38,42894.05,9.5,0.0,0.0,5.31,0.0,17.0,6.9,50.0,,,,19.2,8.9,35.0,11.9,7.1
2010-04-10 00:00:00+00:00,24.5,0.0,18.8,22.0,14.3,35.0,31.8,3.0,161.0,40.0,25.87,45900.7,42929.09,12.4,0.0,0.0,7.4,0.0,31.0,4.6,34.0,,,,24.7,11.4,161.0,13.0,6.2
2010-04-11 00:00:00+00:00,25.7,0.0,30.4,21.2,15.9,33.2,28.9,3.0,237.0,59.4,23.2,46006.4,42964.15,13.6,0.0,0.0,9.46,0.0,51.0,4.4,30.0,,,,45.4,24.8,237.0,27.7,15.0
2010-04-12 00:00:00+00:00,18.2,0.0,17.5,16.3,12.0,24.5,22.8,1.0,313.0,34.2,25.72,46111.41,42999.25,11.3,0.0,0.0,5.5,0.0,5.0,7.4,54.0,,,,26.4,11.9,313.0,8.3,5.1
2010-04-13 00:00:00+00:00,18.2,0.0,15.6,16.5,11.5,24.6,23.8,2.0,8.0,28.4,25.21,46215.63,43034.42,10.2,0.0,0.0,5.22,0.0,14.0,6.6,52.0,,,,19.5,8.9,8.0,8.3,3.8
2010-04-14 00:00:00+00:00,19.7,0.0,15.8,17.4,12.3,27.2,24.9,0.0,43.0,28.4,26.58,46319.0,43069.66,11.0,0.0,0.0,6.12,0.0,0.0,5.5,47.0,,,,23.9,11.8,43.0,15.1,8.6
2010-04-15 00:00:00+00:00,21.3,0.0,20.7,18.5,13.3,30.2,27.1,3.0,52.0,41.0,26.11,46421.43,43105.0,11.5,0.0,0.0,6.99,0.0,25.0,6.6,45.0,,,,31.3,16.4,52.0,20.2,11.4
2010-04-16 00:00:00+00:00,21.8,0.0,20.0,20.0,14.0,30.4,28.8,0.0,29.0,36.0,26.62,46522.92,43140.43,12.7,0.0,0.0,6.44,0.0,1.0,9.9,53.0,,,,30.2,15.2,29.0,19.4,9.9
2010-04-17 00:00:00+00:00,22.1,0.0,12.3,20.7,13.0,30.5,29.1,2.0,23.0,27.0,27.05,46624.18,43175.95,12.2,0.0,0.0,6.23,0.0,10.0,6.7,44.0,,,,17.7,8.0,23.0,9.0,3.2
2010-04-18 00:00:00+00:00,25.9,0.0,14.2,23.4,16.7,35.1,34.3,2.0,62.0,24.8,26.63,46725.32,43200.0,14.1,0.0,0.0,7.44,0.0,10.0,3.1,26.0,,,,20.2,9.7,62.0,12.6,6.7
2010-04-19 00:00:00+00:00,28.1,0.0,14.7,25.9,19.0,36.5,36.2,3.0,53.0,28.4,26.65,46826.3,43200.0,16.2,0.0,0.0,7.72,0.0,21.0,3.9,23.0,,,,20.9,9.3,53.0,13.3,3.2
2010-04-20 00:00:00+00:00,26.2,0.0,20.9,24.8,19.7,34.5,33.7,3.0,358.0,50.4,18.26,46927.04,31300.79,18.2,0.0,0.0,5.9,0.0,59.0,9.6,37.0,,,,22.2,10.7,358.0,5.4,2.5
2010-04-21 00:00:00+00:00,21.6,0.0,21.8,20.2,17.3,27.8,26.5,3.0,323.0,43.9,24.78,47027.46,38904.18,15.0,0.0,0.0,6.07,0.0,48.0,10.9,55.0,,,,30.3,14.8,323.0,14.0,9.5
2010-04-22 00:00:00+00:00,19.0,0.0,19.1,16.8,14.0,23.9,20.3,3.0,311.0,39.6,17.35,47127.5,41061.66,13.2,0.0,0.0,4.49,0.0,30.0,9.3,56.0,,,,28.2,13.9,311.0,10.8,5.8
2010-04-23 00:00:00+00:00,20.1,0.0,15.8,18.8,13.2,26.7,25.9,3.0,4.0,28.8,25.4,47227.06,43200.0,12.9,0.0,0.0,5.63,0.0,76.0,8.3,52.0,,,,21.1,9.4,4.0,9.7,5.4
2010-04-24 00:00:00+00:00,21.1,0.0,18.7,18.5,13.4,28.6,26.0,1.0,45.0,38.9,27.93,47326.08,43260.09,12.0,0.0,0.0,7.02,0.0,4.0,5.8,43.0,,,,28.5,14.6,45.0,16.2,10.2
2010-04-25 00:00:00+00:00,22.3,0.0,19.1,19.9,14.1,30.8,28.8,3.0,42.0,39.6,26.72,47424.48,39739.59,12.4,0.0,0.0,7.06,0.0,39.0,6.6,42.0,,,,28.5,14.5,42.0,19.4,11.5
2010-04-26 00:00:00+00:00,23.7,0.0,14.8,21.6,14.9,32.0,30.2,0.0,40.0,32.0,27.64,47522.17,43335.46,13.7,0.0,0.0,7.29,0.0,0.0,6.3,37.0,,,,23.4,11.8,40.0,13.7,8.3
2010-04-27 00:00:00+00:00,25.4,0.0,23.5,23.0,16.6,34.6,33.0,1.0,320.0,42.5,27.4,47619.07,43422.76,14.8,0.0,0.0,7.94,0.0,3.0,5.8,32.0,,,,25.4,12.8,320.0,9.4,3.1
2010-04-28 00:00:00+00:00,21.5,0.0,18.0,20.8,15.4,28.0,27.7,3.0,343.0,34.2,25.79,47715.11,40984.15,15.8,0.0,0.0,5.79,0.0,76.0,11.9,60.0,,,,24.9,11.7,343.0,10.8,6.3
2010-04-29 00:00:00+00:00,21.5,0.0,18.5,20.9,14.6,28.0,28.4,3.0,358.0,34.2,26.33,47810.2,43222.06,14.6,0.0,0.0,5.72,0.0,63.0,10.7,55.0,,,,20.5,9.0,358.0,11.5,5.1
2010-04-30 00:00:00+00:00,22.2,0.0,17.7,21.0,16.7,28.5,27.3,3.0,359.0,37.1,23.89,47904.25,40857.26,16.9,0.0,0.0,5.82,0.0,54.0,9.9,51.0,,,,25.2,10.7,359.0,11.9,1.1
2010-05-01 00:00:00+00:00,20.6,0.2,19.3,19.7,15.2,26.8,25.3,51.0,337.0,43.9,26.6,47997.17,43409.28,15.5,1.0,0.2,5.78,0.0,7.0,10.6,57.0,,,,25.7,11.2,337.0,11.2,5.5
2010-05-02 00:00:00+00:00,20.9,0.0,15.5,20.1,13.5,27.5,27.0,1.0,348.0,29.5,27.78,48088.87,43614.34,13.5,0.0,0.0,5.9,0.0,4.0,9.2,53.0,,,,19.8,8.4,348.0,8.3,4.4
2010-05-03 00:00:00+00:00,22.2,0.0,18.0,21.1,13.7,29.5,28.7,0.0,22.0,33.1,28.35,48179.26,43827.86,13.5,0.0,0.0,6.49,0.0,0.0,8.6,48.0,,,,21.0,9.6,22.0,10.4,4.6
2010-05-04 00:00:00+00:00,23.3,0.0,18.1,21.8,15.3,31.2,29.8,2.0,26.0,33.1,28.51,48268.26,43940.23,14.8,0.0,0.0,7.09,0.0,10.0,8.5,45.0,,,,24.5,12.0,26.0,13.3,8.0
2010-05-05 00:00:00+00:00,23.8,0.0,17.7,22.0,15.0,32.4,30.5,0.0,31.0,32.0,28.92,48355.76,44055.98,14.5,0.0,0.0,7.31,0.0,0.0,7.0,42.0,,,,24.2,11.7,31.0,13.0,7.4
2010-05-06 00:00:00+00:00,24.8,0.0,13.5,23.0,15.4,33.5,32.2,0.0,37.0,27.4,29.08,48441.75,44061.92,14.7,0.0,0.0,7.32,0.0,0.0,5.4,38.0,,,,21.5,10.0,37.0,13.3,7.5
2010-05-07 00:00:00+00:00,27.9,0.0,11.8,25.5,18.1,37.1,35.9,3.0,48.0,24.8,28.32,48526.87,44182.02,16.0,0.0,0.0,7.84,0.0,38.0,2.6,24.0,,,,19.8,9.3,48.0,14.4,5.1
2010-05-08 00:00:00+00:00,28.7,0.0,14.4,27.2,18.8,38.1,37.2,3.0,21.0,28.4,27.58,48611.24,40705.03,17.0,0.0,0.0,7.92,0.0,47.0,7.2,28.0,,,,19.5,9.3,21.0,10.1,4.0
2010-05-09 00:00:00+00:00,32.8,0.0,17.1,31.1,23.5,41.9,41.2,3.0,115.0,25.6,27.56,48694.8,44312.61,21.5,0.0,0.0,8.15,0.0,41.0,5.9,22.0,,,,18.1,8.5,115.0,12.6,5.1
2010-05-10 00:00:00+00:00,26.0,0.0,20.3,24.8,20.3,32.3,31.5,3.0,290.0,41.0,28.01,48777.46,44079.89,19.5,0.0,0.0,7.8,0.0,42.0,12.7,47.0,,,,36.3,18.0,290.0,27.7,12.0
2010-05-11 00:00:00+00:00,23.3,0.0,17.8,22.6,15.4,31.5,30.8,0.0,319.0,35.6,28.85,48859.16,44447.41,15.6,0.0,0.0,6.94,0.0,1.0,11.3,53.0,,,,24.6,11.5,319.0,9.7,5.2
2010-05-12 00:00:00+00:00,23.4,0.0,15.9,22.8,14.7,32.0,30.7,0.0,336.0,32.4,29.34,48939.81,44705.93,15.1,0.0,0.0,6.98,0.0,0.0,10.0,51.0,,,,21.3,9.3,336.0,8.3,1.8
2010-05-13 00:00:00+00:00,24.8,0.0,12.6,23.5,15.5,33.5,32.1,0.0,14.0,26.3,29.75,49019.33,44959.66,15.1,0.0,0.0,7.2,0.0,0.0,7.6,40.0,,,,18.5,8.8,14.0,9.0,5.4
2010-05-14 00:00:00+00:00,28.4,0.0,10.4,27.5,17.5,37.8,37.0,0.0,26.0,27.0,28.94,49097.64,44845.12,17.0,0.0,0.0,7.37,0.0,0.0,7.8,33.0,,,,17.0,7.2,26.0,9.4,0.4
2010-05-15 00:00:00+00:00,28.6,0.0,17.5,26.9,18.6,37.5,35.5,0.0,19.0,35.3,28.77,49174.66,44981.97,17.9,0.0,0.0,8.52,0.0,0.0,7.8,32.0,,,,23.4,11.7,19.0,11.9,7.3
2010-05-16 00:00:00+00:00,31.7,0.0,22.8,29.8,23.4,41.6,41.2,3.0,24.0,42.5,27.57,49250.32,44607.73,20.3,0.0,0.0,9.12,0.0,83.0,7.1,25.0,,,,26.3,12.7,24.0,15.1,5.4
2010-05-17 00:00:00+00:00,26.0,0.0,24.6,25.2,20.0,33.3,32.5,3.0,15.0,49.0,26.25,49324.51,44225.67,19.8,0.0,0.0,7.51,0.0,66.0,14.5,53.0,,,,37.2,18.7,15.0,23.4,11.2
2010-05-18 00:00:00+00:00,22.7,0.0,22.4,21.3,17.8,29.3,28.2,3.0,345.0,43.2,27.64,49397.17,44550.39,16.7,0.0,0.0,6.79,0.0,59.0,11.9,54.0,,,,33.8,16.8,345.0,22.7,11.9
2010-05-19 00:00:00+00:00,22.1,0.0,21.2,20.6,16.2,28.9,27.8,3.0,344.0,41.0,29.0,49468.2,44493.74,15.6,0.0,0.0,6.9,0.0,34.0,9.5,49.0,,,,26.7,12.9,344.0,7.6,4.7
2010-05-20 00:00:00+00:00,22.2,0.0,18.3,20.9,14.9,29.2,28.1,3.0,2.0,34.2,27.96,49537.51,45438.03,14.6,0.0,0.0,6.71,0.0,40.0,10.0,50.0,,,,26.8,13.0,2.0,13.0,6.6
2010-05-21 00:00:00+00:00,24.0,0.0,14.8,22.5,15.1,32.7,30.8,3.0,50.0,32.8,28.72,49605.02,44501.63,14.7,0.0,0.0,7.21,0.0,60.0,8.5,45.0,,,,24.6,12.1,50.0,15.1,9.0
2010-05-22 00:00:00+00:00,24.9,0.0,21.9,23.6,18.4,32.0,31.7,3.0,317.0,41.8,28.37,49670.64,43433.18,17.3,0.0,0.0,7.62,0.0,47.0,10.5,43.0,,,,27.9,13.9,317.0,7.9,4.8
2010-05-23 00:00:00+00:00,22.3,0.0,18.1,21.0,14.8,28.8,27.5,3.0,335.0,39.2,29.06,49734.27,45689.32,14.8,0.0,0.0,6.83,0.0,14.0,10.3,51.0,,,,27.6,12.7,335.0,8.3,1.8
2010-05-24 00:00:00+00:00,22.6,0.0,20.0,21.8,14.8,29.7,29.2,1.0,12.0,37.8,28.9,49795.83,45696.92,14.9,0.0,0.0,6.68,0.0,6.0,10.8,52.0,,,,24.4,11.2,12.0,9.7,6.1
2010-05-25 00:00:00+00:00,23.8,0.0,18.6,22.3,15.9,31.6,30.2,0.0,45.0,36.4,28.98,49855.22,45528.86,15.8,0.0,0.0,7.3,0.0,0.0,9.8,48.0,,,,28.3,14.1,45.0,17.3,9.2
2010-05-26 00:00:00+00:00,26.8,0.0,20.6,24.8,17.9,35.6,33.9,2.0,67.0,40.3,27.78,49912.41,45656.46,16.4,0.0,0.0,8.34,0.0,15.0,9.6,41.0,,,,33.0,17.0,67.0,26.3,11.0
2010-05-27 00:00:00+00:00,27.0,0.0,22.6,25.1,21.3,32.9,31.3,1.0,267.0,47.2,29.21,49967.86,45877.68,20.7,0.0,0.0,8.53,0.0,6.0,10.1,36.0,,,,34.3,16.6,267.0,11.9,6.5
2010-05-28 00:00:00+00:00,24.5,0.0,17.1,24.0,17.2,32.0,31.4,0.0,315.0,33.8,28.97,50021.67,45999.21,18.1,0.0,0.0,7.13,0.0,0.0,12.5,53.0,,,,26.8,12.6,315.0,12.6,5.8
2010-05-29 00:00:00+00:00,25.7,0.0,17.7,25.2,17.4,33.9,33.0,0.0,341.0,34.9,29.25,50073.79,46016.44,18.3,0.0,0.0,7.6,0.0,0.0,11.2,47.0,,,,24.4,10.9,341.0,9.0,2.7
2010-05-30 00:00:00+00:00,26.3,0.0,17.2,25.3,16.4,34.8,34.1,0.0,19.0,31.3,29.47,50124.14,46139.05,16.2,0.0,0.0,7.67,0.0,0.0,10.0,41.0,,,,23.0,10.9,19.0,11.9,7.4
2010-05-31 00:00:00+00:00,28.2,0.0,15.2,27.5,18.6,36.7,36.2,0.0,35.0,29.5,29.56,50172.71,46154.34,19.2,0.0,0.0,7.85,0.0,0.0,10.6,40.0,,,,22.1,10.5,35.0,14.0,8.1
2010-06-01 00:00:00+00:00,31.7,0.0,24.5,29.2,22.3,41.0,38.0,3.0,215.0,41.8,28.96,50219.41,45747.53,20.5,0.0,0.0,10.09,0.0,19.0,6.5,25.0,,,,27.1,14.6,215.0,16.9,6.9
2010-06-02 00:00:00+00:00,28.5,0.0,19.1,27.8,20.4,35.7,34.7,1.0,270.0,39.2,28.84,50264.22,46291.28,20.4,0.0,0.0,8.2,0.0,4.0,12.2,40.0,,,,25.7,12.8,270.0,6.8,3.3
2010-06-03 00:00:00+00:00,27.3,0.0,22.6,27.2,19.6,34.0,34.3,0.0,3.0,41.8,28.65,50307.07,46303.07,21.0,0.0,0.0,7.38,0.0,0.0,12.7,45.0,,,,23.4,10.0,3.0,9.0,3.3
2010-06-04 00:00:00+00:00,26.1,0.0,22.0,25.7,19.4,33.5,33.4,3.0,9.0,39.6,29.12,50347.9,46427.13,20.0,0.0,0.0,7.66,0.0,4.0,13.3,49.0,,,,28.0,13.6,9.0,14.4,8.0
2010-06-05 00:00:00+00:00,25.6,0.0,22.5,24.6,17.1,34.5,32.7,2.0,25.0,41.8,29.52,50386.68,46437.07,17.7,0.0,0.0,7.97,0.0,14.0,12.1,50.0,,,,29.9,15.2,25.0,15.5,9.0
2010-06-06 00:00:00+00:00,29.6,0.0,15.3,29.0,19.9,38.4,38.2,3.0,36.0,33.1,27.85,50423.35,45666.06,19.7,0.0,0.0,8.2,0.0,24.0,11.6,37.0,,,,22.5,11.3,36.0,13.3,7.6
2010-06-07 00:00:00+00:00,27.6,0.0,21.7,27.9,20.7,35.5,36.6,1.0,354.0,40.3,28.56,50457.85,46452.35,21.6,0.0,0.0,7.72,0.0,3.0,15.3,50.0,,,,28.8,14.0,354.0,16.9,8.8
2010-06-08 00:00:00+00:00,24.8,0.0,20.9,24.4,18.6,31.6,31.5,2.0,348.0,40.0,28.36,50490.14,46443.41,19.7,0.0,0.0,7.11,0.0,7.0,13.9,55.0,,,,30.0,14.6,348.0,15.1,8.0
2010-06-09 00:00:00+00:00,25.3,0.0,18.7,25.1,18.0,32.5,31.5,0.0,337.0,38.2,29.2,50520.16,46581.35,18.9,0.0,0.0,7.19,0.0,0.0,12.3,50.0,,,,23.5,10.4,337.0,8.3,3.3
2010-06-10 00:00:00+00:00,27.9,0.0,19.5,27.7,18.4,36.0,36.3,0.0,56.0,34.9,28.69,50547.86,46344.09,18.3,0.0,0.0,7.17,0.0,2.0,10.6,39.0,,,,18.0,7.4,56.0,8.3,0.7
2010-06-11 00:00:00+00:00,27.9,0.0,21.4,26.9,21.6,34.0,34.4,1.0,4.0,41.8,28.45,50573.2,46223.14,20.0,0.0,0.0,8.6,0.0,2.0,13.6,43.0,,,,36.7,18.4,4.0,31.7,14.4
2010-06-12 00:00:00+00:00,26.9,0.0,18.0,27.7,19.7,33.5,34.3,0.0,350.0,33.8,28.81,50596.12,46588.32,21.3,0.0,0.0,6.96,0.0,0.0,14.8,51.0,,,,21.2,9.2,350.0,10.4,5.1
2010-06-13 00:00:00+00:00,27.8,0.0,18.4,28.2,20.5,34.5,35.1,2.0,354.0,33.8,27.5,50616.59,46711.11,22.0,0.0,0.0,7.32,0.0,9.0,14.6,49.0,,,,23.9,11.1,354.0,11.2,4.5
2010-06-14 00:00:00+00:00,27.6,0.0,16.5,28.5,19.6,34.7,35.4,0.0,347.0,33.8,28.93,50634.53,46710.32,21.8,0.0,0.0,7.38,0.0,0.0,15.2,52.0,,,,22.8,10.2,347.0,7.9,5.2
2010-06-15 00:00:00+00:00,28.6,0.0,18.8,28.9,20.5,36.3,35.8,0.0,359.0,36.4,29.1,50649.93,46832.83,22.3,0.0,0.0,8.06,0.0,0.0,14.6,47.0,,,,25.6,12.3,359.0,11.5,5.7
2010-06-16 00:00:00+00:00,29.6,0.0,20.5,30.6,20.4,38.7,38.8,1.0,347.0,38.5,28.78,50662.91,46714.72,23.2,0.0,0.0,8.17,0.0,2.0,16.6,52.0,,,,26.3,12.6,347.0,11.5,6.2
2010-06-17 00:00:00+00:00,30.4,0.0,20.0,31.5,20.9,39.5,39.1,0.0,341.0,41.0,29.29,50673.49,46951.03,24.1,0.0,0.0,8.33,0.0,0.0,16.1,51.0,,,,25.6,11.6,341.0,9.7,4.3
2010-06-18 00:00:00+00:00,30.9,0.0,21.9,31.2,21.3,40.4,39.0,0.0,311.0,45.0,29.56,50681.68,47071.66,23.9,0.0,0.0,8.69,0.0,0.0,13.6,44.0,,,,25.3,11.8,311.0,10.1,5.4
2010-06-19 00:00:00+00:00,30.2,0.0,15.9,30.7,20.2,39.0,38.6,0.0,305.0,36.7,29.08,50687.5,47064.77,22.4,0.0,0.0,8.01,0.0,0.0,14.0,44.0,,,,21.3,9.6,305.0,7.2,3.5
2010-06-20 00:00:00+00:00,34.3,0.0,26.0,33.3,24.6,44.8,43.8,0.0,85.0,48.6,29.19,50690.95,47183.72,24.6,0.0,0.0,9.2,0.0,1.0,9.7,28.0,,,,25.8,11.3,85.0,14.8,4.3
2010-06-21 00:00:00+00:00,34.0,0.0,20.0,33.2,24.3,43.1,43.3,0.0,38.0,42.5,29.22,50692.04,47046.14,24.1,0.0,0.0,8.76,0.0,0.0,10.3,27.0,,,,22.6,10.3,38.0,11.2,5.1
2010-06-22 00:00:00+00:00,32.1,0.0,24.5,30.7,25.3,38.2,37.1,0.0,316.0,43.9,29.58,50690.78,47162.98,25.6,0.0,0.0,9.62,0.0,0.0,10.8,30.0,,,,31.2,15.2,316.0,14.8,8.6
2010-06-23 00:00:00+00:00,29.9,0.0,19.1,30.7,21.7,38.3,39.2,0.0,343.0,34.9,28.75,50687.19,47021.53,23.4,0.0,0.0,7.75,0.0,0.0,14.8,44.0,,,,22.3,9.4,343.0,9.7,4.4
2010-06-24 00:00:00+00:00,27.5,0.0,20.1,27.5,21.7,34.1,34.2,1.0,341.0,37.8,29.21,50681.28,47092.82,22.9,0.0,0.0,7.88,0.0,6.0,14.4,48.0,,,,28.6,13.8,341.0,15.1,8.5
2010-06-25 00:00:00+00:00,25.6,0.0,20.5,25.4,18.8,31.8,31.0,1.0,318.0,41.4,27.59,50673.07,46820.37,20.1,0.0,0.0,7.09,0.0,5.0,13.9,52.0,,,,27.9,12.7,318.0,9.0,4.1
2010-06-26 00:00:00+00:00,25.7,0.0,20.6,25.9,18.4,32.5,33.1,0.0,319.0,39.2,28.08,50662.56,46547.74,19.7,0.0,0.0,7.02,0.0,3.0,14.0,52.0,,,,23.7,11.0,319.0,8.6,4.6
2010-06-27 00:00:00+00:00,26.4,0.0,14.8,26.3,18.0,33.6,33.1,0.0,4.0,28.8,29.61,50649.78,47210.91,19.0,0.0,0.0,7.37,0.0,0.0,12.0,46.0,,,,20.8,9.6,4.0,8.6,5.0
2010-06-28 00:00:00+00:00,29.7,0.0,14.6,29.1,20.6,38.1,37.4,0.0,53.0,28.8,28.85,50634.73,46937.5,21.1,0.0,0.0,8.2,0.0,0.0,11.2,38.0,,,,22.7,11.0,53.0,12.6,6.9
2010-06-29 00:00:00+00:00,31.2,0.0,20.4,30.1,25.1,37.8,38.1,0.0,332.0,38.9,29.04,50617.45,47047.62,23.9,0.0,0.0,9.35,0.0,0.0,11.9,32.0,,,,29.1,14.9,332.0,16.9,5.6
2010-06-30 00:00:00+00:00,26.8,0.0,17.7,27.4,19.9,33.8,34.3,1.0,359.0,32.8,28.64,50597.94,46379.29,22.0,0.0,0.0,7.25,0.0,4.0,15.4,55.0,,,,26.4,12.3,359.0,14.0,7.2
2010-07-01 00:00:00+00:00,26.8,0.0,18.7,27.0,19.2,33.6,33.7,0.0,1.0,34.6,29.14,50576.23,46646.88,20.8,0.0,0.0,7.47,0.0,0.0,14.0,50.0,,,,24.7,11.6,1.0,10.1,5.9
2010-07-02 00:00:00+00:00,27.0,0.0,20.2,27.4,19.5,34.1,34.4,0.0,2.0,39.2,28.16,50552.32,46235.34,21.5,0.0,0.0,7.5,0.0,3.0,15.7,54.0,,,,28.9,13.8,2.0,11.9,6.3
2010-07-03 00:00:00+00:00,27.1,0.0,19.9,27.8,20.7,34.8,34.7,2.0,4.0,37.4,28.2,50526.26,45424.81,22.6,0.0,0.0,7.38,0.0,13.0,16.0,56.0,,,,28.0,13.7,4.0,14.0,8.6
2010-07-04 00:00:00+00:00,28.3,0.0,21.3,29.4,21.4,36.3,36.7,3.0,0.0,40.3,27.93,50498.04,44893.75,24.3,0.0,0.0,7.64,0.0,19.0,17.4,57.0,,,,29.7,14.4,0.0,17.3,8.4
2010-07-05 00:00:00+00:00,28.3,0.0,19.9,29.4,21.9,35.9,36.6,3.0,348.0,37.4,28.61,50467.68,45423.52,24.7,0.0,0.0,7.48,0.0,18.0,16.9,56.0,,,,27.5,13.0,348.0,16.9,9.5
2010-07-06 00:00:00+00:00,27.9,0.0,16.7,29.5,20.3,35.5,36.2,1.0,342.0,30.6,28.97,50434.86,45815.58,23.4,0.0,0.0,7.16,0.0,9.0,16.7,57.0,,,,22.2,10.1,342.0,7.6,4.7
2010-07-07 00:00:00+00:00,27.9,0.0,17.6,29.1,21.1,35.5,35.8,3.0,332.0,34.6,28.75,50399.56,45551.54,24.3,0.0,0.0,7.43,0.0,10.0,16.2,56.0,,,,24.5,11.2,332.0,8.6,5.2
2010-07-08 00:00:00+00:00,27.7,0.0,18.7,28.8,20.0,35.4,36.1,0.0,337.0,38.5,28.86,50361.86,46198.64,22.4,0.0,0.0,7.46,0.0,1.0,16.5,56.0,,,,24.9,11.6,337.0,8.6,4.3
2010-07-09 00:00:00+00:00,28.2,0.0,20.5,29.4,20.5,35.9,36.5,0.0,359.0,41.8,28.62,50321.84,45932.62,23.2,0.0,0.0,7.74,0.0,0.0,17.6,58.0,,,,29.0,14.3,359.0,11.2,7.1
2010-07-10 00:00:00+00:00,27.5,0.0,21.0,28.4,20.9,34.5,35.5,1.0,0.0,38.2,28.41,50279.55,45668.95,23.4,0.0,0.0,7.45,0.0,3.0,17.2,58.0,,,,29.4,14.9,0.0,15.8,9.8
2010-07-11 00:00:00+00:00,27.2,0.0,20.5,27.5,20.5,34.7,34.7,0.0,4.0,38.5,28.13,50235.08,45535.84,21.9,0.0,0.0,7.57,0.0,2.0,15.8,53.0,,,,29.7,14.8,4.0,13.3,7.9
2010-07-12 00:00:00+00:00,27.8,0.0,21.1,28.2,21.1,36.0,36.3,1.0,10.0,42.1,27.85,50188.5,45404.35,22.6,0.0,0.0,7.77,0.0,7.0,17.0,57.0,,,,34.6,17.7,10.0,23.8,13.4
2010-07-13 00:00:00+00:00,28.0,0.0,19.1,28.8,21.2,36.4,36.9,3.0,3.0,37.8,27.74,50139.86,44615.53,23.0,0.0,0.0,7.6,0.0,12.0,17.3,57.0,,,,31.9,16.2,3.0,22.3,12.8
2010-07-14 00:00:00+00:00,28.5,0.0,19.7,29.4,21.2,36.6,36.5,0.0,348.0,38.5,28.6,50089.25,45640.74,23.8,0.0,0.0,7.84,0.0,0.0,16.8,56.0,,,,28.5,14.4,348.0,15.5,9.0
2010-07-15 00:00:00+00:00,28.5,0.0,18.1,30.0,20.0,36.4,37.4,0.0,325.0,37.8,28.62,50036.75,45507.1,22.4,0.0,0.0,7.47,0.0,0.0,17.4,56.0,,,,23.9,11.4,325.0,10.1,5.4
2010-07-16 00:00:00+00:00,29.3,0.0,14.0,31.4,21.0,37.0,38.4,0.0,297.0,32.4,28.39,49982.41,45498.6,23.8,0.0,0.0,7.24,0.0,0.0,18.1,55.0,,,,21.3,9.5,297.0,7.2,4.4
2010-07-17 00:00:00+00:00,29.5,0.0,14.1,31.8,21.6,37.1,38.1,1.0,330.0,33.5,28.21,49926.3,45010.33,25.5,0.0,0.0,7.26,0.0,5.0,18.0,57.0,,,,20.6,9.1,330.0,7.6,3.3
2010-07-18 00:00:00+00:00,30.4,0.0,15.4,32.4,23.4,36.9,38.5,0.0,343.0,36.7,28.19,49868.51,45238.66,26.7,0.0,0.0,7.52,0.0,0.0,18.0,51.0,,,,22.0,10.0,343.0,7.6,0.7
2010-07-19 00:00:00+00:00,29.1,0.0,16.1,31.0,21.8,36.4,37.4,2.0,351.0,32.8,28.06,49809.1,44761.81,25.5,0.0,0.0,7.36,0.0,6.0,17.9,57.0,,,,23.1,10.8,351.0,10.8,5.8
2010-07-20 00:00:00+00:00,28.7,0.0,16.3,29.8,21.1,35.8,36.4,0.0,349.0,33.5,28.52,49748.14,45105.83,23.5,0.0,0.0,7.54,0.0,0.0,16.1,51.0,,,,23.1,10.9,349.0,9.7,6.1
2010-07-21 00:00:00+00:00,28.6,0.0,21.3,29.6,21.2,36.0,36.4,0.0,330.0,42.8,28.24,49685.68,44978.13,24.0,0.0,0.0,7.69,0.0,0.0,16.6,53.0,,,,26.6,12.0,330.0,8.6,1.1
2010-07-22 00:00:00+00:00,28.2,0.0,21.1,30.2,21.9,35.4,37.2,2.0,335.0,41.4,27.27,49621.82,44399.81,25.2,0.0,0.0,7.08,0.0,9.0,19.3,63.0,,,,28.0,13.6,335.0,12.2,6.9
2010-07-23 00:00:00+00:00,28.6,0.0,19.4,30.8,21.8,35.9,37.4,2.0,311.0,39.2,27.09,49556.61,44286.71,25.2,0.0,0.0,7.05,0.0,8.0,19.3,62.0,,,,25.9,12.1,311.0,8.6,4.6
2010-07-24 00:00:00+00:00,29.4,0.0,16.8,31.6,23.3,36.2,37.4,2.0,283.0,35.6,25.99,49490.11,44286.17,26.5,0.0,0.0,6.78,0.0,13.0,18.9,57.0,,,,23.0,10.9,283.0,9.0,5.2
2010-07-25 00:00:00+00:00,30.4,0.0,13.7,32.6,23.4,37.6,38.4,1.0,306.0,32.4,27.89,49422.33,44393.84,27.5,0.0,0.0,7.28,0.0,2.0,18.1,55.0,,,,20.6,9.5,306.0,8.3,4.5
2010-07-26 00:00:00+00:00,33.0,0.0,18.5,34.0,24.0,41.0,42.4,0.0,11.0,34.9,28.01,49352.71,44491.97,25.5,0.0,0.0,7.53,0.0,0.0,14.4,37.0,,,,17.4,7.6,11.0,10.1,4.0
2010-07-27 00:00:00+00:00,31.3,0.0,18.5,33.0,23.8,38.9,40.5,0.0,12.0,36.0,27.45,49281.16,44163.07,27.2,0.0,0.0,8.08,0.0,2.0,18.5,52.0,,,,27.2,13.3,12.0,16.2,8.4
2010-07-28 00:00:00+00:00,28.6,0.0,20.5,29.6,23.3,34.9,35.3,1.0,348.0,41.4,26.24,49207.77,44057.34,26.2,0.0,0.0,7.31,0.0,5.0,17.5,55.0,,,,29.5,14.5,348.0,13.0,7.6
2010-07-29 00:00:00+00:00,28.5,0.0,20.5,29.4,22.0,36.0,36.0,1.0,344.0,37.1,27.68,49132.66,43851.39,25.1,0.0,0.0,7.57,0.0,4.0,16.7,55.0,,,,28.3,13.7,344.0,13.3,6.8
2010-07-30 00:00:00+00:00,28.7,0.0,16.9,30.2,20.9,36.4,38.0,0.0,4.0,30.6,27.3,49055.89,43847.68,23.6,0.0,0.0,7.0,0.0,2.0,16.9,55.0,,,,22.2,10.3,4.0,9.0,6.5
2010-07-31 00:00:00+00:00,29.9,0.0,16.6,31.2,22.8,37.6,38.3,1.0,9.0,33.1,26.45,48977.58,43644.73,25.5,0.0,0.0,7.43,0.0,6.0,17.5,53.0,,,,26.6,12.8,9.0,15.1,9.7
2010-08-01 00:00:00+00:00,30.1,0.0,18.7,32.0,23.0,38.2,39.8,3.0,335.0,33.8,26.38,48897.81,43546.16,26.5,0.0,0.0,7.35,0.0,11.0,18.7,55.0,,,,25.3,12.1,335.0,13.0,7.6
2010-08-02 00:00:00+00:00,29.6,0.0,16.6,32.0,22.9,37.7,39.6,3.0,318.0,34.9,26.5,48816.66,42330.21,26.5,0.0,0.0,7.1,0.0,13.0,19.5,60.0,,,,26.0,12.3,318.0,12.6,7.6
2010-08-03 00:00:00+00:00,29.5,0.0,18.0,31.9,23.3,37.8,39.5,3.0,311.0,34.2,25.52,48734.23,43519.74,27.0,0.0,0.0,6.94,0.0,22.0,19.9,62.0,,,,26.3,12.6,311.0,15.1,8.7
2010-08-04 00:00:00+00:00,30.4,0.0,14.9,32.3,22.2,38.4,38.8,0.0,311.0,32.8,27.32,48650.61,43562.65,26.0,0.0,0.0,7.4,0.0,1.0,17.3,54.0,,,,20.9,9.5,311.0,8.3,4.2
2010-08-05 00:00:00+00:00,33.5,0.0,19.7,34.1,25.7,41.7,42.4,0.0,83.0,36.7,26.49,48565.88,43563.19,27.6,0.0,0.0,7.67,0.0,2.0,14.3,38.0,,,,23.2,10.2,83.0,15.1,2.9
2010-08-06 00:00:00+00:00,31.6,0.0,24.1,33.4,24.2,40.0,41.8,0.0,11.0,43.9,27.37,48480.11,43386.07,27.5,0.0,0.0,7.68,0.0,1.0,18.0,51.0,,,,27.2,12.3,11.0,18.7,4.2
2010-08-07 00:00:00+00:00,30.7,0.0,20.9,32.8,23.7,38.6,40.6,0.0,13.0,40.7,26.96,48393.41,43338.64,27.6,0.0,0.0,7.82,0.0,0.0,19.4,56.0,,,,28.1,13.9,13.0,15.1,8.7
2010-08-08 00:00:00+00:00,28.8,0.0,18.9,30.5,22.2,36.1,37.3,2.0,6.0,34.9,26.64,48305.84,43254.95,25.3,0.0,0.0,7.22,0.0,8.0,18.4,58.0,,,,27.4,13.4,6.0,15.1,8.0
2010-08-09 00:00:00+00:00,28.7,0.0,17.1,30.6,21.6,35.8,37.8,2.0,348.0,33.8,26.71,48217.49,43260.55,24.5,0.0,0.0,7.05,0.0,7.0,18.6,58.0,,,,26.1,12.0,348.0,12.2,6.6
2010-08-10 00:00:00+00:00,29.1,0.0,17.3,31.2,21.3,36.6,38.7,1.0,349.0,31.3,26.83,48128.43,43200.0,24.3,0.0,0.0,7.02,0.0,4.0,18.6,58.0,,,,22.7,10.8,349.0,9.4,5.3
2010-08-11 00:00:00+00:00,29.8,0.0,18.6,32.2,23.1,37.2,39.2,3.0,352.0,35.3,26.58,48038.75,43200.0,26.9,0.0,0.0,7.06,0.0,11.0,19.2,58.0,,,,23.4,10.8,352.0,11.5,6.2
2010-08-12 00:00:00+00:00,29.6,0.0,15.7,31.8,22.9,36.5,37.3,1.0,345.0,28.8,26.75,47948.51,43200.0,26.9,0.0,0.0,6.92,0.0,5.0,18.1,56.0,,,,21.9,9.8,345.0,10.8,5.5
2010-08-13 00:00:00+00:00,29.5,0.0,19.3,31.9,21.7,37.0,38.4,0.0,347.0,36.4,26.9,47857.8,43200.0,25.1,0.0,0.0,7.02,0.0,1.0,18.8,58.0,,,,22.2,10.4,347.0,9.0,5.1
2010-08-14 00:00:00+00:00,29.8,0.0,17.6,32.9,23.5,37.0,39.9,3.0,346.0,32.0,24.8,47766.61,39968.76,27.8,0.0,0.0,6.64,0.0,17.0,21.0,63.0,,,,24.6,11.5,346.0,11.5,5.9
2010-08-15 00:00:00+00:00,31.1,0.0,23.5,33.2,24.0,40.3,40.0,3.0,355.0,44.6,26.19,47674.28,43200.0,28.6,0.0,0.0,7.96,0.0,24.0,19.3,58.0,,,,28.8,14.2,355.0,13.0,8.2
2010-08-16 00:00:00+00:00,30.5,0.0,15.1,33.4,23.9,38.7,40.5,3.0,346.0,27.0,26.0,47580.7,41685.76,27.7,0.0,0.0,6.75,0.0,24.0,19.7,59.0,,,,21.3,9.6,346.0,15.8,7.4
2010-08-17 00:00:00+00:00,31.3,0.0,18.4,33.9,24.2,39.6,40.8,3.0,359.0,33.8,26.11,47485.95,43200.0,28.6,0.0,0.0,7.39,0.0,11.0,19.8,57.0,,,,23.1,11.4,359.0,10.8,6.6
2010-08-18 00:00:00+00:00,31.1,0.0,18.8,33.2,24.3,39.5,40.1,3.0,359.0,37.1,26.16,47390.12,43200.0,28.3,0.0,0.0,7.66,0.0,17.0,19.3,56.0,,,,27.4,13.4,359.0,16.2,9.4
2010-08-19 00:00:00+00:00,30.7,0.0,16.9,32.5,22.7,39.2,39.8,2.0,10.0,34.2,26.29,47293.29,43200.0,26.0,0.0,0.0,7.57,0.0,5.0,18.2,53.0,,,,24.0,12.1,10.0,10.8,7.2
2010-08-20 00:00:00+00:00,30.7,0.0,17.9,33.0,23.2,39.3,40.1,2.0,358.0,34.9,26.15,47195.55,43200.0,26.9,0.0,0.0,7.39,0.0,7.0,19.3,56.0,,,,24.4,11.9,358.0,11.5,7.6
2010-08-21 00:00:00+00:00,30.4,0.0,19.7,33.3,24.3,38.4,40.3,3.0,336.0,39.6,25.75,47096.96,42245.21,29.0,0.0,0.0,7.06,0.0,21.0,20.3,61.0,,,,24.6,11.4,336.0,12.2,7.4
2010-08-22 00:00:00+00:00,30.3,0.0,16.1,33.5,25.0,37.8,39.7,3.0,314.0,33.1,24.76,46997.62,40990.12,29.4,0.0,0.0,6.7,0.0,23.0,21.1,63.0,,,,24.9,11.8,314.0,13.0,5.9
2010-08-23 00:00:00+00:00,30.2,0.0,20.1,33.6,24.7,37.4,40.3,3.0,333.0,36.4,24.8,46897.61,43002.59,28.8,0.0,0.0,6.52,0.0,17.0,21.2,63.0,,,,24.4,11.0,333.0,14.4,5.4
2010-08-24 00:00:00+00:00,30.4,0.0,22.3,33.7,25.2,37.6,40.9,3.0,348.0,40.7,24.5,46796.99,40837.01,29.2,0.0,0.0,6.63,0.0,12.0,21.3,62.0,,,,25.2,11.8,348.0,17.6,7.2
2010-08-25 00:00:00+00:00,29.0,0.0,17.8,31.1,23.2,35.5,37.0,1.0,333.0,32.8,25.37,46695.84,43200.0,27.0,0.0,0.0,6.71,0.0,3.0,18.7,58.0,,,,24.6,11.4,333.0,11.5,6.8
2010-08-26 00:00:00+00:00,29.0,0.0,16.6,31.3,21.5,36.9,38.5,1.0,330.0,34.2,24.96,46594.24,43200.0,25.1,0.0,0.0,6.63,0.0,5.0,19.3,61.0,,,,24.8,11.0,330.0,7.6,4.2
2010-08-27 00:00:00+00:00,30.2,0.0,16.2,32.8,23.0,38.7,40.1,3.0,345.0,31.7,24.91,46492.26,39597.09,27.6,0.0,0.0,6.82,0.0,22.0,18.9,59.0,,,,21.3,9.1,345.0,9.4,3.1
2010-08-28 00:00:00+00:00,30.0,0.0,14.1,31.9,23.1,37.9,38.0,1.0,331.0,32.4,25.68,46389.97,43130.04,27.3,0.0,0.0,6.83,0.0,7.0,17.1,54.0,,,,20.8,9.1,331.0,9.7,4.2
2010-08-29 00:00:00+00:00,29.4,0.0,16.6,31.3,22.2,36.9,36.6,2.0,340.0,34.2,25.51,46287.44,43062.6,26.2,0.0,0.0,6.8,0.0,9.0,17.5,56.0,,,,20.2,9.3,340.0,7.6,4.0
2010-08-30 00:00:00+00:00,29.2,0.0,15.3,30.6,22.4,36.5,36.6,0.0,351.0,33.1,25.71,46184.74,42994.85,25.0,0.0,0.0,6.86,0.0,0.0,16.5,52.0,,,,19.9,9.4,351.0,7.2,3.1
2010-08-31 00:00:00+00:00,29.0,0.0,16.9,30.9,21.1,36.6,36.9,0.0,343.0,36.0,25.41,46081.95,42926.87,24.5,0.0,0.0,6.74,0.0,2.0,17.8,57.0,,,,21.6,10.0,343.0,9.7,5.1
2010-09-01 00:00:00+00:00,28.9,0.0,18.1,31.0,22.3,35.4,36.4,0.0,323.0,40.0,24.32,45979.11,42858.73,25.9,0.0,0.0,6.51,0.0,1.0,19.0,59.0,,,,24.0,11.3,323.0,8.3,5.4
2010-09-02 00:00:00+00:00,28.9,0.0,22.0,30.1,23.2,34.6,34.7,0.0,344.0,40.3,23.73,45876.31,42790.5,25.8,0.0,0.0,6.76,0.0,5.0,17.2,54.0,,,,25.0,12.1,344.0,10.8,5.5
2010-09-03 00:00:00+00:00,27.4,0.0,21.3,27.2,20.1,34.3,33.7,0.0,2.0,39.2,25.32,45773.54,42721.99,21.2,0.0,0.0,7.26,0.0,0.0,13.9,47.0,,,,27.3,13.3,2.0,12.6,7.6
2010-09-04 00:00:00+00:00,26.9,0.0,18.8,26.9,19.2,34.6,34.0,0.0,359.0,36.7,25.3,45670.12,42652.47,20.3,0.0,0.0,7.08,0.0,0.0,14.5,51.0,,,,27.2,13.3,359.0,12.6,7.2
2010-09-05 00:00:00+00:00,26.9,0.0,16.9,27.5,19.5,34.8,34.6,0.0,348.0,32.8,25.26,45565.91,42581.97,21.5,0.0,0.0,6.7,0.0,1.0,14.9,53.0,,,,23.9,10.9,348.0,8.3,4.3
2010-09-06 00:00:00+00:00,29.0,0.0,18.4,30.7,21.4,37.6,38.5,0.0,3.0,33.1,24.11,45460.99,42510.57,24.6,0.0,0.0,6.81,0.0,0.0,17.7,57.0,,,,22.1,10.4,3.0,7.9,2.9
2010-09-07 00:00:00+00:00,30.0,0.0,17.5,30.8,21.5,37.6,37.8,0.0,8.0,32.0,23.91,45355.44,42438.37,23.8,0.0,0.0,7.1,0.0,0.0,16.1,48.0,,,,22.5,11.2,8.0,8.3,5.4
2010-09-08 00:00:00+00:00,28.7,0.0,19.4,29.9,22.7,35.3,36.4,0.0,359.0,35.6,23.92,45249.33,42365.45,25.9,0.0,0.0,6.67,0.0,1.0,17.1,55.0,,,,26.0,12.3,359.0,15.1,7.9
2010-09-09 00:00:00+00:00,27.4,0.0,17.6,28.4,20.0,34.5,34.7,1.0,359.0,33.1,24.13,45142.71,42291.9,22.3,0.0,0.0,6.42,0.0,4.0,16.3,55.0,,,,23.6,11.1,359.0,10.4,6.5
2010-09-10 00:00:00+00:00,27.4,0.0,20.5,28.7,21.2,34.5,35.0,2.0,350.0,38.5,23.53,45035.69,42217.82,24.0,0.0,0.0,6.21,0.0,11.0,17.1,58.0,,,,25.1,11.5,350.0,11.2,6.5
2010-09-11 00:00:00+00:00,27.7,0.0,17.9,28.5,20.2,35.2,35.1,0.0,351.0,33.5,23.79,44928.3,42130.92,22.6,0.0,0.0,6.63,0.0,0.0,16.0,54.0,,,,24.6,11.9,351.0,11.2,6.4
2010-09-12 00:00:00+00:00,28.0,0.0,19.8,28.8,19.6,36.0,36.1,0.0,12.0,40.0,23.55,44820.63,42024.7,21.4,0.0,0.0,6.81,0.0,0.0,16.9,55.0,,,,27.0,13.5,12.0,10.1,6.3
2010-09-13 00:00:00+00:00,27.5,0.0,20.2,28.9,21.5,33.5,34.1,1.0,355.0,39.2,22.7,44712.75,41576.67,24.7,0.0,0.0,6.12,0.0,4.0,17.7,59.0,,,,26.3,12.3,355.0,12.6,6.8
2010-09-14 00:00:00+00:00,26.4,0.0,21.3,27.2,20.0,32.7,32.3,1.0,345.0,40.3,21.39,44604.71,41664.4,22.7,0.0,0.0,5.86,0.0,9.0,16.4,59.0,,,,24.9,12.1,345.0,9.7,5.2
2010-09-15 00:00:00+00:00,26.0,0.0,18.1,26.4,19.6,31.8,31.9,1.0,353.0,35.3,22.2,44496.6,41704.18,21.6,0.0,0.0,6.0,0.0,6.0,15.4,56.0,,,,25.6,12.2,353.0,10.4,5.8
2010-09-16 00:00:00+00:00,26.0,0.0,18.0,26.1,19.8,32.4,32.5,1.0,357.0,35.6,22.27,44388.46,41563.64,21.0,0.0,0.0,6.07,0.0,7.0,14.8,53.0,,,,25.0,12.1,357.0,8.6,5.4
2010-09-17 00:00:00+00:00,26.0,0.0,17.4,26.2,19.3,32.3,32.1,1.0,335.0,36.7,21.93,44280.37,41131.31,20.5,0.0,0.0,5.98,0.0,7.0,14.9,53.0,,,,24.8,11.9,335.0,9.0,5.6
2010-09-18 00:00:00+00:00,26.6,0.0,18.9,27.1,20.2,33.3,33.1,1.0,336.0,39.2,21.6,44172.4,40835.39,21.9,0.0,0.0,5.99,0.0,10.0,15.9,55.0,,,,26.5,12.5,336.0,10.1,5.1
2010-09-19 00:00:00+00:00,27.9,0.0,17.7,29.4,21.9,35.2,35.2,3.0,2.0,35.6,21.91,44064.61,40010.72,25.4,0.0,0.0,6.08,0.0,25.0,17.7,60.0,,,,24.4,11.4,2.0,11.2,5.7
2010-09-20 00:00:00+00:00,27.5,0.0,17.0,29.3,21.3,34.5,35.9,2.0,354.0,32.0,21.6,43957.06,40624.46,24.5,0.0,0.0,5.46,0.0,12.0,17.9,61.0,,,,20.9,9.5,354.0,11.5,6.6
2010-09-21 00:00:00+00:00,27.8,0.0,17.7,29.1,21.9,34.9,34.9,3.0,342.0,32.4,21.84,43849.82,35550.36,24.9,0.0,0.0,5.79,0.0,12.0,16.5,57.0,,,,21.8,10.3,342.0,14.0,6.4
2010-09-22 00:00:00+00:00,27.2,0.0,13.0,28.6,20.2,34.1,35.0,2.0,338.0,25.2,21.96,43742.96,40416.35,23.2,0.0,0.0,5.44,0.0,9.0,16.0,57.0,,,,19.0,8.2,338.0,9.0,4.3
2010-09-23 00:00:00+00:00,27.6,0.0,17.5,28.8,20.7,34.7,35.6,1.0,6.0,33.8,22.09,43636.46,40147.51,23.6,0.0,0.0,5.77,0.0,12.0,16.4,57.0,,,,21.2,9.7,6.0,11.2,6.1
2010-09-24 00:00:00+00:00,27.5,0.0,19.2,28.3,20.7,34.8,35.1,1.0,26.0,35.6,20.68,43529.62,39780.6,23.0,0.0,0.0,5.83,0.0,13.0,17.0,58.0,,,,26.3,13.2,26.0,17.6,9.7
2010-09-25 00:00:00+00:00,28.1,0.0,18.6,28.8,21.3,35.6,34.9,1.0,34.0,34.6,21.84,43422.29,39848.39,24.1,0.0,0.0,6.31,0.0,5.0,16.1,55.0,,,,25.6,13.0,34.0,14.8,8.6
2010-09-26 00:00:00+00:00,28.6,0.0,14.6,28.8,20.6,36.7,35.8,0.0,51.0,31.0,22.17,43314.54,39705.29,22.6,0.0,0.0,6.39,0.0,0.0,14.3,49.0,,,,22.9,11.8,51.0,14.4,9.1
2010-09-27 00:00:00+00:00,30.5,0.0,19.4,30.3,22.3,39.0,37.4,0.0,54.0,38.9,21.71,43206.46,39468.88,23.9,0.0,0.0,7.41,0.0,0.0,14.0,43.0,,,,25.1,13.1,54.0,13.3,8.3
2010-09-28 00:00:00+00:00,29.9,0.0,21.0,30.7,23.0,37.7,37.8,0.0,39.0,37.8,21.29,43098.09,39338.91,25.8,0.0,0.0,6.93,0.0,0.0,17.5,52.0,,,,29.0,14.8,39.0,18.4,9.7
2010-09-29 00:00:00+00:00,29.1,0.0,21.6,29.1,21.6,37.1,35.7,0.0,42.0,42.1,21.36,42989.54,39305.2,23.7,0.0,0.0,7.11,0.0,0.0,15.7,51.0,,,,29.6,15.6,42.0,18.4,11.2
2010-09-30 00:00:00+00:00,30.4,0.0,28.2,29.6,23.1,39.2,37.3,0.0,48.0,47.5,21.27,42880.85,39182.65,23.9,0.0,0.0,8.02,0.0,0.0,14.5,44.0,,,,32.6,17.9,48.0,21.2,13.0
2010-10-01 00:00:00+00:00,30.8,0.0,23.2,30.3,25.2,38.4,36.7,0.0,60.0,42.5,21.1,42772.1,39066.11,25.4,0.0,0.0,8.15,0.0,0.0,16.1,45.0,,,,37.5,20.3,60.0,30.2,17.8
2010-10-02 00:00:00+00:00,30.1,0.0,23.3,31.3,23.5,38.6,39.1,1.0,47.0,41.8,19.43,42663.37,38955.98,26.1,0.0,0.0,6.42,0.0,6.0,18.9,57.0,,,,32.1,16.5,47.0,25.6,12.0
2010-10-03 00:00:00+00:00,28.7,0.0,20.1,29.8,23.5,35.6,36.7,0.0,30.0,39.2,20.27,42554.72,38855.03,25.5,0.0,0.0,6.34,0.0,1.0,19.2,59.0,,,,34.3,17.5,30.0,27.4,14.7
2010-10-04 00:00:00+00:00,26.7,0.0,18.6,27.1,20.6,33.5,33.5,1.0,7.0,34.9,20.38,42446.23,38818.94,22.8,0.0,0.0,5.83,0.0,6.0,15.8,56.0,,,,26.0,13.0,7.0,16.2,8.8
2010-10-05 00:00:00+00:00,25.3,0.0,17.7,24.9,19.2,31.8,30.9,0.0,355.0,31.3,20.58,42337.97,38782.49,19.9,0.0,0.0,5.75,0.0,1.0,13.4,51.0,,,,24.3,12.3,355.0,14.4,8.4
2010-10-06 00:00:00+00:00,24.5,0.0,19.1,24.5,18.4,31.2,30.6,0.0,356.0,36.0,20.55,42230.01,38745.66,19.5,0.0,0.0,5.35,0.0,1.0,14.2,56.0,,,,22.8,11.1,356.0,7.9,5.4
2010-10-07 00:00:00+00:00,24.6,0.0,15.2,24.9,18.3,30.8,30.2,2.0,342.0,29.5,19.64,42122.43,38708.43,19.7,0.0,0.0,5.01,0.0,12.0,14.5,57.0,,,,20.5,9.6,342.0,8.6,3.6
2010-10-08 00:00:00+00:00,25.3,0.0,13.6,25.9,18.7,31.5,31.4,0.0,335.0,33.5,19.27,42015.29,38670.78,20.4,0.0,0.0,4.94,0.0,5.0,14.9,56.0,,,,20.1,8.6,335.0,6.5,1.8
2010-10-09 00:00:00+00:00,24.9,0.0,21.6,24.8,20.8,30.5,31.1,3.0,30.0,40.0,18.16,41908.68,38122.83,19.9,0.0,0.0,5.16,0.0,22.0,14.7,56.0,,,,25.2,12.7,30.0,13.0,7.3
2010-10-10 00:00:00+00:00,24.3,0.0,24.4,23.6,19.2,30.9,30.1,3.0,39.0,51.8,16.78,41802.67,38594.16,18.8,0.0,0.0,5.14,0.0,33.0,14.5,57.0,,,,32.8,15.9,39.0,22.7,12.5
2010-10-11 00:00:00+00:00,24.8,0.0,16.6,25.1,18.4,31.0,30.8,3.0,12.0,29.5,17.13,41697.34,38124.28,20.1,0.0,0.0,4.74,0.0,14.0,15.1,60.0,,,,22.0,11.0,12.0,11.2,6.1
2010-10-12 00:00:00+00:00,25.6,0.0,15.1,25.7,18.6,32.1,31.7,0.0,47.0,28.1,19.61,41592.75,38515.66,20.1,0.0,0.0,5.24,0.0,0.0,14.2,54.0,,,,20.8,10.2,47.0,10.4,5.5
2010-10-13 00:00:00+00:00,27.0,0.0,18.1,26.5,18.9,35.7,34.1,0.0,54.0,34.9,19.42,41488.92,38475.66,19.9,0.0,0.0,6.12,0.0,0.0,13.7,51.0,,,,24.9,13.5,54.0,11.9,8.4
2010-10-14 00:00:00+00:00,29.7,0.0,13.5,29.2,21.7,38.2,37.8,0.0,77.0,26.3,19.38,41385.05,38435.18,21.2,0.0,0.0,5.46,0.0,0.0,11.2,37.0,,,,16.9,8.2,77.0,4.7,2.9
2010-10-15 00:00:00+00:00,29.2,0.0,14.0,28.1,20.8,38.3,35.9,0.0,209.0,32.0,19.28,41281.01,38394.25,19.6,0.0,0.0,5.99,0.0,1.0,9.2,34.0,,,,19.2,9.3,209.0,6.5,4.8
2010-10-16 00:00:00+00:00,28.1,0.0,16.1,29.2,21.3,35.7,35.3,3.0,39.0,28.8,18.53,41176.86,37809.86,24.5,0.0,0.0,5.51,0.0,25.0,16.7,58.0,,,,21.8,11.4,39.0,13.0,7.9
2010-10-17 00:00:00+00:00,27.5,0.2,17.6,27.7,22.1,33.6,33.0,51.0,42.0,36.0,16.46,41072.7,38231.16,24.1,1.0,0.2,5.36,0.0,38.0,16.3,54.0,,,,27.4,14.1,42.0,16.9,8.4
2010-10-18 00:00:00+00:00,27.1,0.0,16.1,27.6,20.6,34.7,34.7,1.0,55.0,32.8,18.55,40968.6,38122.79,21.8,0.0,0.0,5.11,0.0,7.0,15.8,55.0,,,,24.0,12.0,55.0,16.9,7.6
2010-10-19 00:00:00+00:00,30.5,0.0,10.2,30.3,21.8,39.7,39.4,0.0,92.0,18.7,18.52,40864.65,38014.45,21.9,0.0,0.0,5.19,0.0,2.0,11.9,36.0,,,,14.6,7.0,92.0,11.5,3.5
2010-10-20 00:00:00+00:00,28.9,0.0,18.4,28.3,24.9,35.1,35.1,2.0,5.0,36.4,17.82,40760.94,37396.15,21.7,0.0,0.0,6.35,0.0,19.0,13.7,41.0,,,,25.6,14.3,5.0,13.3,8.2
2010-10-21 00:00:00+00:00,25.9,0.0,22.7,26.0,21.2,31.9,31.3,3.0,28.0,44.3,16.13,40657.55,34000.29,21.6,0.0,0.0,5.19,0.0,72.0,17.3,61.0,,,,34.0,18.3,28.0,25.9,13.8
2010-10-22 00:00:00+00:00,25.5,0.0,22.7,25.6,22.5,30.9,30.8,3.0,17.0,43.6,15.84,40554.56,34431.36,22.5,0.0,0.0,4.86,0.0,33.0,17.2,62.0,,,,35.0,17.6,17.0,29.9,15.3
2010-10-23 00:00:00+00:00,23.6,0.0,18.6,23.1,18.3,29.4,28.4,0.0,8.0,34.2,17.49,40452.07,37582.99,18.8,0.0,0.0,4.8,0.0,3.0,14.2,59.0,,,,26.7,13.9,8.0,14.8,9.5
2010-10-24 00:00:00+00:00,22.9,0.0,18.8,22.2,17.6,28.7,27.2,3.0,10.0,35.6,16.84,40350.18,36992.13,18.0,0.0,0.0,4.59,0.0,36.0,13.4,58.0,,,,25.4,13.0,10.0,14.8,8.6
2010-10-25 00:00:00+00:00,22.2,0.0,15.5,21.2,16.4,28.3,26.7,0.0,15.0,32.0,18.05,40248.95,37369.77,16.6,0.0,0.0,4.62,0.0,1.0,11.9,56.0,,,,23.7,11.9,15.0,13.7,8.0
2010-10-26 00:00:00+00:00,22.3,0.0,17.3,21.2,15.6,29.4,27.2,2.0,42.0,36.0,18.01,40148.49,37264.12,15.5,0.0,0.0,4.79,0.0,8.0,12.2,57.0,,,,25.7,13.3,42.0,14.8,8.4
2010-10-27 00:00:00+00:00,24.6,0.0,22.1,23.6,17.8,33.2,30.5,0.0,55.0,43.6,17.58,40048.9,36911.47,17.7,0.0,0.0,5.37,0.0,2.0,13.7,57.0,,,,31.3,16.7,55.0,21.6,12.3
2010-10-28 00:00:00+00:00,25.3,0.0,20.1,24.2,18.4,34.0,31.2,0.0,245.0,37.8,17.94,39950.26,37055.29,17.6,0.0,0.0,5.69,0.0,0.0,12.7,51.0,,,,29.1,15.2,245.0,12.6,7.2
2010-10-29 00:00:00+00:00,21.9,0.0,17.1,21.4,17.2,26.7,25.0,2.0,295.0,37.1,16.2,39852.68,36538.35,17.8,0.0,0.0,4.03,0.0,15.0,13.3,61.0,,,,24.0,11.6,295.0,9.0,5.6
2010-10-30 00:00:00+00:00,20.9,0.1,14.2,20.4,15.7,25.3,24.1,51.0,328.0,29.2,12.99,39756.25,26847.01,16.0,1.0,0.1,3.34,0.0,47.0,12.9,63.0,,,,19.3,9.7,328.0,9.0,5.4
2010-10-31 00:00:00+00:00,20.3,0.0,13.4,19.8,15.2,24.3,23.3,2.0,329.0,24.1,11.71,39661.08,33600.93,15.4,0.0,0.0,3.05,0.0,38.0,12.3,62.0,,,,17.6,8.7,329.0,9.0,4.8
2010-11-01 00:00:00+00:00,20.7,0.0,14.4,19.9,14.0,26.2,24.7,3.0,347.0,28.4,13.27,39567.27,33919.81,13.3,0.0,0.0,3.49,0.0,30.0,12.2,60.0,,,,20.5,10.5,347.0,9.7,6.0
2010-11-02 00:00:00+00:00,22.0,0.0,19.9,20.4,16.9,27.6,24.8,0.0,29.0,40.0,16.91,39474.82,36063.04,16.4,0.0,0.0,4.78,0.0,0.0,11.3,54.0,,,,27.5,14.8,29.0,16.6,10.0
2010-11-03 00:00:00+00:00,22.3,0.0,23.3,20.5,16.5,29.4,26.2,0.0,43.0,46.1,17.02,39382.91,36004.21,16.0,0.0,0.0,5.08,0.0,0.0,11.4,54.0,,,,31.4,16.7,43.0,21.2,11.6
2010-11-04 00:00:00+00:00,23.5,0.0,15.8,22.6,17.1,31.6,29.9,0.0,35.0,28.8,16.95,39291.38,35945.2,17.5,0.0,0.0,4.6,0.0,0.0,12.1,55.0,,,,24.3,12.2,35.0,18.0,8.5
2010-11-05 00:00:00+00:00,23.5,0.0,17.0,23.6,17.2,31.4,31.1,0.0,26.0,30.2,16.58,39200.32,35781.39,17.8,0.0,0.0,4.17,0.0,2.0,14.6,62.0,,,,22.2,10.9,26.0,16.6,8.4
2010-11-06 00:00:00+00:00,22.6,0.0,14.7,22.8,17.8,29.1,28.3,3.0,3.0,29.9,15.45,39109.83,34804.3,19.2,0.0,0.0,3.78,0.0,43.0,14.9,67.0,,,,22.5,11.1,3.0,15.5,8.9
2010-11-07 00:00:00+00:00,20.2,0.0,13.1,19.6,14.6,25.9,25.4,0.0,338.0,23.4,16.47,39020.01,35467.16,14.8,0.0,0.0,3.57,0.0,0.0,11.4,60.0,,,,17.1,8.0,338.0,10.1,5.2
2010-11-08 00:00:00+00:00,20.4,0.0,15.5,19.1,14.8,26.6,24.3,0.0,41.0,32.8,16.49,38930.96,35414.6,14.6,0.0,0.0,4.05,0.0,0.0,11.2,59.0,,,,23.6,12.3,41.0,15.1,8.2
2010-11-09 00:00:00+00:00,20.7,0.0,13.5,20.2,14.7,27.4,26.3,0.0,37.0,30.6,16.27,38842.77,35267.31,14.6,0.0,0.0,3.62,0.0,0.0,12.8,65.0,,,,21.2,10.4,37.0,15.1,7.7
2010-11-10 00:00:00+00:00,21.5,0.0,11.9,21.8,14.5,28.7,28.5,0.0,32.0,24.8,16.02,38755.55,35125.45,14.8,0.0,0.0,3.58,0.0,0.0,14.3,68.0,,,,17.8,8.9,32.0,10.4,6.6
2010-11-11 00:00:00+00:00,21.4,0.0,13.5,21.7,15.8,28.7,27.6,3.0,25.0,28.1,14.95,38669.41,34721.68,16.5,0.0,0.0,3.38,0.0,13.0,14.8,70.0,,,,19.3,9.8,25.0,11.9,6.9
2010-11-12 00:00:00+00:00,21.2,0.0,11.2,20.6,14.4,29.6,28.1,3.0,45.0,18.7,15.84,38584.44,34772.89,14.4,0.0,0.0,3.5,0.0,30.0,10.6,60.0,,,,14.8,7.3,45.0,10.1,4.3
2010-11-13 00:00:00+00:00,24.6,0.0,13.0,23.4,18.1,33.4,31.1,3.0,166.0,37.4,15.0,38500.76,34494.05,18.0,0.0,0.0,4.44,0.0,31.0,10.3,47.0,,,,20.7,10.0,166.0,13.0,7.3
2010-11-14 00:00:00+00:00,22.0,0.0,9.3,21.6,15.4,28.4,28.0,1.0,297.0,23.8,15.45,38418.47,34778.77,15.8,0.0,0.0,3.65,0.0,3.0,11.8,54.0,,,,15.0,7.2,297.0,7.9,2.2
2010-11-15 00:00:00+00:00,21.4,0.0,12.1,21.5,15.6,27.6,27.3,1.0,5.0,25.6,14.45,38337.68,34662.3,16.2,0.0,0.0,3.36,0.0,17.0,14.1,66.0,,,,17.6,9.0,5.0,11.2,5.5
2010-11-16 00:00:00+00:00,21.0,0.0,13.6,20.7,15.7,27.0,25.8,0.0,358.0,26.6,14.91,38258.51,34553.0,16.0,0.0,0.0,3.49,0.0,2.0,13.5,66.0,,,,20.0,10.5,358.0,14.0,7.6
2010-11-17 00:00:00+00:00,20.1,0.0,13.1,19.7,14.0,26.2,25.0,3.0,22.0,27.0,15.25,38181.07,34521.42,14.1,0.0,0.0,3.38,0.0,7.0,12.8,67.0,,,,18.7,9.5,22.0,11.5,6.6
2010-11-18 00:00:00+00:00,20.7,0.0,18.6,20.2,15.7,26.8,25.5,3.0,35.0,37.8,12.9,38105.47,33409.63,15.7,0.0,0.0,3.27,0.0,82.0,14.7,71.0,,,,27.2,14.4,35.0,18.0,9.4
2010-11-19 00:00:00+00:00,21.8,0.0,20.7,21.4,17.6,28.1,26.9,2.0,32.0,40.3,14.13,38031.84,34305.77,17.6,0.0,0.0,3.56,0.0,17.0,15.9,72.0,,,,31.6,16.9,32.0,25.2,14.4
2010-11-20 00:00:00+00:00,21.8,0.0,18.1,21.7,18.6,27.4,26.5,3.0,12.0,34.6,13.94,37960.27,34280.5,18.2,0.0,0.0,3.47,0.0,36.0,15.6,71.0,,,,28.4,14.7,12.0,22.3,11.2
2010-11-21 00:00:00+00:00,19.5,0.0,15.3,18.7,14.1,25.5,23.7,1.0,359.0,32.0,14.34,37890.91,34292.49,14.1,0.0,0.0,3.3,0.0,5.0,12.4,67.0,,,,22.2,11.2,359.0,13.7,7.2
2010-11-22 00:00:00+00:00,19.5,0.0,13.8,18.5,13.4,25.6,23.6,2.0,5.0,29.2,14.27,37823.79,34235.76,12.9,0.0,0.0,3.32,0.0,14.0,11.1,62.0,,,,18.6,9.6,5.0,8.6,5.1
2010-11-23 00:00:00+00:00,18.3,0.0,10.7,17.5,11.8,24.6,23.2,3.0,38.0,24.8,14.53,37758.18,34216.2,11.3,0.0,0.0,2.97,0.0,44.0,10.7,65.0,,,,15.6,7.7,38.0,9.4,6.1
2010-11-24 00:00:00+00:00,18.6,0.0,8.7,17.8,12.6,25.0,24.2,3.0,23.0,16.6,14.43,37693.95,34198.45,12.3,0.0,0.0,2.84,0.0,41.0,9.6,60.0,,,,10.7,5.0,23.0,7.6,1.0
2010-11-25 00:00:00+00:00,19.8,0.0,11.9,18.6,14.3,26.4,24.5,2.0,44.0,22.3,14.52,37631.17,34182.49,13.9,0.0,0.0,3.35,0.0,17.0,8.9,52.0,,,,12.8,6.4,44.0,3.2,1.6
2010-11-26 00:00:00+00:00,19.8,0.0,12.8,18.2,14.0,27.2,24.8,0.0,51.0,27.4,14.49,37569.93,34168.3,13.1,0.0,0.0,3.59,0.0,0.0,9.7,56.0,,,,19.9,10.4,51.0,16.2,9.3
2010-11-27 00:00:00+00:00,19.5,0.0,14.8,18.9,12.9,27.3,25.5,3.0,38.0,28.8,14.03,37510.3,34155.88,12.7,0.0,0.0,3.24,0.0,8.0,12.4,68.0,,,,19.5,10.1,38.0,12.2,6.6
2010-11-28 00:00:00+00:00,20.5,0.0,19.1,19.7,15.4,27.5,24.8,3.0,47.0,37.4,12.25,37452.38,27570.57,15.2,0.0,0.0,3.4,0.0,69.0,13.8,70.0,,,,27.0,14.9,47.0,18.4,10.7
2010-11-29 00:00:00+00:00,22.2,0.0,15.1,21.5,15.5,30.2,29.0,2.0,50.0,26.3,14.16,37396.24,34136.23,15.2,0.0,0.0,3.32,0.0,6.0,11.8,58.0,,,,17.4,9.0,50.0,13.3,3.8
2010-11-30 00:00:00+00:00,21.0,0.0,10.3,20.4,14.8,28.8,27.7,0.0,27.0,22.3,13.87,37341.96,34128.98,14.5,0.0,0.0,3.17,0.0,1.0,10.9,55.0,,,,13.2,6.3,27.0,6.8,1.5
2010-12-01 00:00:00+00:00,19.8,0.0,12.5,19.1,14.6,26.8,25.3,0.0,29.0,25.9,13.57,37289.64,34123.44,14.5,0.0,0.0,3.1,0.0,3.0,11.6,62.0,,,,16.5,8.2,29.0,10.1,4.8
2010-12-02 00:00:00+00:00,18.8,0.0,15.8,17.5,13.3,26.1,23.7,2.0,40.0,31.7,13.92,37239.36,34119.58,12.6,0.0,0.0,3.26,0.0,17.0,10.9,64.0,,,,20.5,11.0,40.0,13.0,7.9
2010-12-03 00:00:00+00:00,18.6,0.0,9.5,17.5,11.0,26.6,24.7,0.0,30.0,16.6,14.44,37191.19,34088.33,9.8,0.0,0.0,2.83,0.0,0.0,8.5,58.0,,,,12.9,6.0,30.0,7.6,0.8
2010-12-04 00:00:00+00:00,18.6,0.0,8.8,17.1,12.5,26.4,24.3,3.0,355.0,16.6,14.17,37145.23,33623.96,10.8,0.0,0.0,2.98,0.0,48.0,6.8,49.0,,,,11.0,5.6,355.0,6.5,2.5
2010-12-05 00:00:00+00:00,16.8,0.0,13.8,15.8,11.9,23.1,21.2,3.0,329.0,30.2,13.27,37101.56,32272.23,11.3,0.0,0.0,2.56,0.0,36.0,10.6,69.0,,,,15.8,7.9,329.0,7.6,2.3
2010-12-06 00:00:00+00:00,17.3,0.0,17.1,15.7,12.9,21.5,18.4,2.0,321.0,35.3,11.48,37060.27,33651.15,12.4,0.0,0.0,2.76,0.0,38.0,9.8,65.0,,,,22.3,11.1,321.0,11.5,6.8
2010-12-07 00:00:00+00:00,17.1,0.0,14.5,15.5,12.6,21.0,18.3,3.0,338.0,29.2,11.06,37021.45,33365.63,11.8,0.0,0.0,2.59,0.0,49.0,8.8,59.0,,,,17.7,9.0,338.0,10.1,5.6
2010-12-08 00:00:00+00:00,17.3,0.0,12.8,15.9,12.6,22.4,20.1,3.0,360.0,27.4,8.46,36985.16,23407.2,11.7,0.0,0.0,2.32,0.0,77.0,9.6,63.0,,,,18.6,9.3,360.0,10.1,6.2
2010-12-09 00:00:00+00:00,18.0,0.0,13.3,16.9,12.2,23.7,21.7,3.0,351.0,28.1,11.22,36951.52,30114.12,11.5,0.0,0.0,2.56,0.0,42.0,10.5,65.0,,,,16.5,8.2,351.0,8.6,5.1
2010-12-10 00:00:00+00:00,17.7,0.0,25.0,14.9,12.1,23.1,18.4,0.0,214.0,44.6,12.93,36920.58,33791.73,11.5,0.0,0.0,3.93,0.0,5.0,7.8,58.0,,,,27.2,15.5,214.0,7.6,5.0
2010-12-11 00:00:00+00:00,17.1,0.0,31.8,11.9,14.1,19.8,14.8,2.0,234.0,58.0,12.63,36892.45,33079.95,8.4,0.0,0.0,5.05,0.0,30.0,3.8,41.0,,,,48.4,26.0,234.0,41.0,21.1
2010-12-12 00:00:00+00:00,11.5,0.8,35.4,5.3,8.5,13.7,7.4,51.0,250.0,65.9,11.58,36867.18,33411.54,2.7,3.0,0.8,3.78,0.0,21.0,0.3,46.0,,,,51.5,28.2,250.0,38.9,21.8
2010-12-13 00:00:00+00:00,12.9,0.0,20.7,8.9,8.6,17.7,13.7,3.0,228.0,40.0,13.51,36844.44,33254.01,4.8,0.0,0.0,3.32,0.0,47.0,2.1,49.0,,,,29.5,15.5,228.0,19.1,9.1
2010-12-14 00:00:00+00:00,13.7,0.0,20.7,9.2,8.7,19.5,14.3,3.0,187.0,41.0,13.95,36824.16,33686.58,4.6,0.0,0.0,3.96,0.0,22.0,-1.2,38.0,,,,29.0,15.6,187.0,20.2,11.3
2010-12-15 00:00:00+00:00,14.9,0.0,19.7,10.2,10.2,21.3,16.6,3.0,188.0,38.5,13.32,36806.35,33667.3,5.0,0.0,0.0,4.34,0.0,20.0,-2.7,30.0,,,,28.3,15.5,188.0,17.3,9.2
2010-12-16 00:00:00+00:00,16.7,0.0,18.3,12.4,11.9,23.0,18.7,1.0,191.0,36.0,13.62,36791.02,33650.72,6.9,0.0,0.0,4.55,0.0,8.0,-0.9,30.0,,,,27.0,14.8,191.0,18.0,9.6
2010-12-17 00:00:00+00:00,16.8,0.0,15.6,12.8,12.2,22.4,18.3,3.0,209.0,30.2,12.6,36778.18,31855.55,8.3,0.0,0.0,4.1,0.0,20.0,-0.3,32.0,,,,24.6,12.5,209.0,17.6,8.5
2010-12-18 00:00:00+00:00,12.6,0.0,11.5,9.2,6.8,17.7,14.4,0.0,260.0,24.8,13.89,36767.83,33625.74,3.6,0.0,0.0,2.94,0.0,0.0,-0.3,42.0,,,,16.9,8.8,260.0,10.4,6.4
2010-12-19 00:00:00+00:00,13.2,0.0,12.0,10.8,7.5,19.7,16.9,1.0,349.0,25.2,13.56,36759.98,33617.34,4.6,0.0,0.0,2.57,0.0,6.0,4.2,56.0,,,,15.3,7.4,349.0,7.9,1.9
2010-12-20 00:00:00+00:00,15.4,0.0,20.7,13.3,9.7,21.8,18.5,3.0,35.0,41.4,12.75,36754.65,33611.69,8.2,0.0,0.0,2.76,0.0,29.0,9.7,72.0,,,,25.6,13.6,35.0,13.3,7.8
2010-12-21 00:00:00+00:00,16.5,0.0,19.6,14.7,11.2,23.3,20.5,3.0,30.0,38.9,13.14,36751.82,33608.79,9.5,0.0,0.0,2.87,0.0,15.0,10.6,71.0,,,,26.6,14.1,30.0,17.6,10.3
2010-12-22 00:00:00+00:00,17.1,0.0,16.9,15.9,12.0,23.8,21.7,3.0,28.0,33.8,12.74,36751.52,33608.64,11.0,0.0,0.0,2.66,0.0,31.0,12.1,76.0,,,,24.2,12.7,28.0,16.6,9.1
2010-12-23 00:00:00+00:00,17.0,0.0,14.8,16.0,12.9,23.0,20.8,3.0,30.0,29.9,11.89,36753.73,27535.89,12.3,0.0,0.0,2.48,0.0,38.0,12.0,76.0,,,,20.8,11.2,30.0,15.1,8.4
2010-12-24 00:00:00+00:00,15.9,0.0,11.7,14.5,9.5,23.2,20.8,1.0,52.0,25.2,13.09,36758.47,33616.6,8.4,0.0,0.0,2.61,0.0,5.0,9.3,69.0,,,,17.4,8.6,52.0,12.6,6.2
2010-12-25 00:00:00+00:00,16.2,0.0,14.5,14.0,10.0,23.8,20.3,3.0,59.0,29.5,13.68,36765.73,33624.73,8.4,0.0,0.0,3.12,0.0,18.0,7.0,59.0,,,,19.2,10.2,59.0,12.2,7.1
2010-12-26 00:00:00+00:00,16.8,0.0,14.3,14.4,10.2,25.0,21.6,0.0,58.0,29.9,13.79,36775.51,33635.61,8.3,0.0,0.0,3.31,0.0,0.0,6.4,56.0,,,,19.6,10.2,58.0,13.3,7.4
2010-12-27 00:00:00+00:00,16.7,0.0,9.5,13.9,9.9,25.1,21.6,0.0,130.0,22.0,14.12,36787.81,33649.25,7.3,0.0,0.0,3.2,0.0,0.0,2.2,42.0,,,,15.0,7.3,130.0,6.5,0.5
2010-12-28 00:00:00+00:00,16.8,0.0,13.0,13.9,8.3,26.2,24.1,1.0,119.0,22.0,13.74,36802.64,33665.63,5.2,0.0,0.0,3.38,0.0,4.0,1.9,39.0,,,,15.1,7.5,119.0,10.4,3.3
2010-12-29 00:00:00+00:00,18.8,0.0,16.9,16.9,14.4,23.6,21.3,3.0,28.0,33.8,10.54,36819.97,31720.19,13.2,0.0,0.0,2.92,0.0,71.0,7.4,49.0,,,,19.7,8.2,28.0,8.6,0.8
2010-12-30 00:00:00+00:00,18.1,0.0,24.0,16.6,14.8,23.0,19.8,3.0,319.0,45.4,11.03,36839.82,31166.83,14.3,0.0,0.0,2.67,0.0,51.0,12.8,74.0,,,,31.2,16.1,319.0,10.8,4.7
2010-12-31 00:00:00+00:00,15.4,0.0,17.0,13.4,12.0,18.9,15.6,3.0,290.0,33.5,8.22,36862.18,27798.37,10.6,0.0,0.0,2.23,0.0,56.0,8.5,65.0,,,,23.9,11.6,290.0,15.5,7.7
2011-01-01 00:00:00+00:00,15.1,0.0,7.3,13.3,11.9,18.2,16.1,3.0,296.0,19.8,7.44,36887.07,17430.1,10.1,0.0,0.0,1.78,0.0,85.0,6.4,57.0,,,,13.0,6.1,296.0,7.9,4.3
2011-01-02 00:00:00+00:00,15.2,0.0,9.0,13.4,11.5,18.8,16.5,3.0,20.0,19.4,9.0,36914.78,33789.64,10.3,0.0,0.0,1.99,0.0,65.0,7.0,60.0,,,,13.4,6.6,20.0,9.4,4.3
2011-01-03 00:00:00+00:00,14.3,0.0,9.7,12.6,9.3,19.9,18.2,0.0,346.0,21.2,12.95,36945.3,33823.56,7.5,0.0,0.0,2.39,0.0,3.0,6.6,62.0,,,,12.4,5.8,346.0,7.9,0.4
2011-01-04 00:00:00+00:00,13.6,0.0,15.2,10.8,6.3,19.9,16.1,0.0,246.0,31.0,14.03,36978.57,33860.48,3.9,0.0,0.0,2.91,0.0,3.0,3.6,54.0,,,,16.9,9.3,246.0,5.0,3.5
2011-01-05 00:00:00+00:00,13.6,0.0,13.6,11.6,9.0,19.1,16.6,1.0,268.0,31.3,11.6,37014.5,33695.21,7.1,0.0,0.0,2.26,0.0,16.0,7.4,67.0,,,,18.6,9.7,268.0,10.8,6.3
2011-01-06 00:00:00+00:00,13.8,0.0,14.5,11.6,7.5,19.5,15.9,1.0,5.0,29.5,13.53,37053.0,33942.86,5.6,0.0,0.0,2.72,0.0,11.0,6.3,66.0,,,,17.9,9.7,5.0,9.7,6.8
2011-01-07 00:00:00+00:00,13.5,0.0,17.9,11.0,7.0,19.5,16.1,3.0,338.0,34.9,12.07,37094.0,31198.46,4.5,0.0,0.0,2.56,0.0,31.0,6.5,65.0,,,,20.2,11.2,338.0,10.1,4.8
2011-01-08 00:00:00+00:00,13.1,0.0,21.2,10.3,8.9,17.7,13.1,3.0,308.0,41.0,8.89,37137.41,28622.88,7.2,0.0,0.0,2.27,0.0,44.0,5.6,63.0,,,,22.7,11.3,308.0,11.9,6.0
2011-01-09 00:00:00+00:00,14.1,0.0,11.5,11.8,9.9,19.3,16.1,2.0,312.0,27.4,13.28,37183.16,34086.44,7.8,0.0,0.0,2.6,0.0,24.0,5.4,58.0,,,,15.7,8.2,312.0,9.4,5.8
2011-01-10 00:00:00+00:00,13.7,0.0,13.5,11.9,6.9,19.8,17.3,3.0,312.0,29.2,9.35,37231.16,24287.71,4.8,0.0,0.0,2.03,0.0,48.0,7.3,67.0,,,,14.4,7.4,312.0,5.0,2.3
2011-01-11 00:00:00+00:00,14.9,0.0,10.2,13.6,10.3,19.7,18.2,3.0,15.0,19.4,12.04,37281.32,29238.86,9.6,0.0,0.0,2.31,0.0,76.0,8.1,66.0,,,,12.9,5.9,15.0,5.8,0.4
2011-01-12 00:00:00+00:00,14.4,0.0,13.7,12.5,9.3,20.5,17.9,3.0,50.0,29.5,14.25,37333.57,34251.73,7.8,0.0,0.0,2.66,0.0,30.0,7.5,67.0,,,,17.6,8.9,50.0,11.5,6.7
2011-01-13 00:00:00+00:00,13.7,0.0,11.2,11.8,6.7,19.6,17.2,1.0,269.0,27.0,13.6,37387.82,34311.2,4.8,0.0,0.0,2.51,0.0,15.0,6.4,64.0,,,,14.3,7.1,269.0,2.5,1.8
2011-01-14 00:00:00+00:00,13.4,0.0,20.7,10.8,8.1,18.8,14.3,2.0,227.0,42.8,10.34,37443.99,34372.71,6.3,0.0,0.0,2.43,0.0,39.0,5.0,61.0,,,,19.0,9.9,227.0,4.3,2.9
2011-01-15 00:00:00+00:00,13.7,0.8,15.6,11.5,9.9,18.5,16.1,51.0,266.0,30.6,9.4,37502.01,30799.12,7.3,4.0,0.8,2.11,0.0,43.0,7.3,66.0,,,,19.6,10.0,266.0,10.4,6.6
2011-01-16 00:00:00+00:00,13.7,0.0,20.7,11.6,9.9,18.7,15.2,2.0,224.0,38.9,11.2,37561.78,34501.45,8.3,0.0,0.0,2.23,0.0,27.0,8.4,73.0,,,,21.3,11.6,224.0,10.4,6.0
2011-01-17 00:00:00+00:00,11.9,8.2,18.7,9.4,9.2,13.4,10.9,61.0,176.0,40.7,5.5,37623.24,10985.13,7.7,12.0,8.2,1.34,0.0,82.0,8.0,78.0,,,,26.3,13.4,176.0,10.4,5.1
2011-01-18 00:00:00+00:00,12.2,0.0,15.6,10.6,6.7,19.1,17.2,3.0,353.0,33.8,12.27,37686.3,34637.22,4.6,0.0,0.0,1.98,0.0,49.0,9.2,84.0,,,,18.5,9.6,353.0,9.0,6.3
2011-01-19 00:00:00+00:00,12.3,1.2,10.5,11.2,7.4,18.6,17.3,53.0,2.0,22.3,12.05,37750.88,33495.12,5.5,4.0,1.2,1.92,0.0,35.0,9.7,86.0,,,,15.0,7.9,2.0,9.4,6.2
2011-01-20 00:00:00+00:00,12.7,0.1,10.6,11.5,7.8,18.4,16.7,51.0,21.0,22.0,12.57,37816.91,33849.08,6.4,1.0,0.1,2.09,0.0,36.0,9.2,81.0,,,,13.6,7.0,21.0,9.0,3.6
2011-01-21 00:00:00+00:00,13.8,0.0,10.0,12.0,7.7,20.0,17.9,0.0,48.0,23.4,15.31,37884.39,34852.67,6.0,0.0,0.0,2.71,0.0,1.0,7.4,69.0,,,,15.5,8.3,48.0,11.2,6.4
2011-01-22 00:00:00+00:00,13.4,0.0,9.0,11.3,8.2,19.5,17.5,0.0,36.0,20.2,15.54,37954.04,34928.46,6.2,0.0,0.0,2.74,0.0,2.0,5.4,62.0,,,,12.6,6.7,36.0,8.6,3.1
2011-01-23 00:00:00+00:00,13.9,0.0,12.6,11.9,7.8,19.5,17.1,1.0,43.0,27.4,14.71,38025.95,35006.63,6.1,0.0,0.0,2.73,0.0,4.0,7.3,68.0,,,,17.2,8.9,43.0,10.4,5.1
2011-01-24 00:00:00+00:00,13.3,0.0,14.6,11.3,7.4,19.3,16.3,1.0,27.0,30.6,15.07,38100.01,35087.05,5.6,0.0,0.0,2.75,0.0,5.0,7.0,69.0,,,,18.4,9.6,27.0,9.0,5.9
2011-01-25 00:00:00+00:00,13.2,0.0,9.8,11.4,9.0,18.7,16.5,3.0,357.0,24.5,13.57,38176.1,33655.29,7.2,0.0,0.0,2.36,0.0,40.0,6.5,67.0,,,,13.3,6.0,357.0,6.1,2.3
2011-01-26 00:00:00+00:00,13.6,0.0,14.5,10.9,7.4,20.2,17.1,3.0,192.0,25.6,15.67,38254.09,35185.94,5.0,0.0,0.0,3.16,0.0,21.0,3.8,54.0,,,,18.0,9.2,192.0,11.9,6.8
2011-01-27 00:00:00+00:00,15.7,0.0,22.0,12.2,11.5,21.2,18.9,3.0,204.0,39.6,16.1,38333.87,35216.5,6.2,0.0,0.0,4.16,0.0,11.0,3.6,46.0,,,,29.1,15.3,204.0,11.2,6.6
2011-01-28 00:00:00+00:00,16.1,0.0,20.0,14.0,9.7,23.8,21.1,3.0,166.0,35.3,15.41,38415.33,35023.98,8.3,0.0,0.0,3.68,0.0,54.0,7.3,63.0,,,,21.6,10.8,166.0,10.4,5.0
2011-01-29 00:00:00+00:00,18.3,0.1,22.7,14.9,14.3,23.5,21.3,51.0,225.0,39.2,15.95,38498.35,35282.31,9.5,1.0,0.1,4.75,0.0,35.0,5.5,44.0,,,,30.9,16.5,225.0,13.3,6.6
2011-01-30 00:00:00+00:00,15.0,0.0,21.3,12.8,11.5,19.1,15.7,3.0,286.0,40.3,10.89,38582.81,34670.21,9.7,0.0,0.0,2.4,0.0,51.0,9.3,70.0,,,,25.8,14.0,286.0,11.9,6.5
2011-01-31 00:00:00+00:00,13.8,0.0,16.1,11.8,8.5,19.2,16.0,2.0,288.0,34.2,13.05,38668.62,35353.96,6.7,0.0,0.0,2.57,0.0,24.0,7.1,67.0,,,,18.4,9.3,288.0,10.4,6.1
2011-02-01 00:00:00+00:00,14.9,0.0,17.3,12.7,9.6,21.6,20.1,3.0,43.0,33.1,14.15,38755.66,35391.85,7.4,0.0,0.0,3.02,0.0,34.0,6.7,61.0,,,,20.9,10.1,43.0,11.5,3.3
2011-02-02 00:00:00+00:00,13.3,0.0,11.0,11.0,7.4,18.4,15.6,3.0,2.0,25.9,16.82,38843.82,35431.02,5.2,0.0,0.0,2.97,0.0,30.0,4.9,62.0,,,,16.2,8.3,2.0,9.0,5.5
2011-02-03 00:00:00+00:00,17.3,0.0,21.0,13.9,10.7,25.4,20.8,3.0,145.0,35.6,13.92,38932.99,35471.45,8.0,0.0,0.0,4.27,0.0,89.0,3.4,44.0,,,,23.6,13.2,145.0,13.3,9.5
2011-02-04 00:00:00+00:00,18.5,0.0,22.0,15.9,15.0,21.6,18.7,3.0,260.0,37.8,12.37,39023.09,32607.46,13.6,0.0,0.0,3.71,0.0,100.0,6.4,46.0,,,,23.8,11.6,260.0,13.7,6.6
2011-02-05 00:00:00+00:00,14.3,0.0,14.2,12.8,11.9,16.8,14.8,3.0,16.0,28.4,6.85,39113.99,15024.93,11.0,0.0,0.0,1.62,0.0,92.0,9.7,75.0,,,,19.0,9.9,16.0,11.5,6.5
2011-02-06 00:00:00+00:00,15.8,0.3,24.8,12.8,11.6,21.4,17.6,51.0,51.0,47.9,14.67,39205.61,35599.68,9.3,1.0,0.3,3.42,0.0,42.0,8.9,67.0,,,,33.2,18.9,51.0,21.2,11.7
2011-02-07 00:00:00+00:00,15.1,0.5,19.4,12.8,11.3,19.5,16.6,51.0,11.0,37.1,13.31,39297.84,35644.58,9.3,2.0,0.5,2.63,0.0,45.0,10.1,74.0,,,,30.4,15.8,11.0,18.0,9.7
2011-02-08 00:00:00+00:00,14.7,0.0,13.7,12.8,9.4,19.8,16.7,3.0,337.0,30.2,13.8,39390.59,33021.85,8.2,0.0,0.0,2.8,0.0,42.0,7.6,67.0,,,,18.4,9.1,337.0,9.7,5.4
2011-02-09 00:00:00+00:00,14.8,0.0,11.5,12.9,9.3,19.7,17.3,3.0,315.0,27.7,16.11,39483.75,35737.33,7.6,0.0,0.0,3.03,0.0,62.0,6.8,62.0,,,,17.6,8.0,315.0,6.1,4.7
2011-02-10 00:00:00+00:00,14.4,0.0,21.2,12.5,10.8,18.4,14.7,3.0,284.0,43.6,13.59,39577.34,34845.62,9.6,0.0,0.0,2.6,0.0,68.0,8.7,71.0,,,,23.3,11.2,284.0,9.7,5.4
2011-02-11 00:00:00+00:00,14.8,0.0,19.9,12.3,10.7,19.9,15.9,3.0,303.0,40.3,12.26,39672.2,35173.88,9.2,0.0,0.0,2.9,0.0,35.0,7.3,65.0,,,,25.2,12.7,303.0,15.5,8.0
2011-02-12 00:00:00+00:00,13.8,0.0,10.4,11.6,8.6,19.2,16.9,1.0,312.0,25.6,17.3,39768.49,36199.64,6.7,0.0,0.0,3.18,0.0,8.0,5.2,60.0,,,,17.9,8.3,312.0,10.4,5.6
2011-02-13 00:00:00+00:00,13.8,0.0,15.3,11.5,8.2,19.0,15.5,3.0,309.0,33.5,13.65,39866.1,34308.54,6.2,0.0,0.0,2.81,0.0,44.0,5.6,60.0,,,,18.0,9.1,309.0,5.0,2.0
2011-02-14 00:00:00+00:00,14.5,0.0,8.3,12.9,6.8,20.3,19.3,3.0,259.0,23.0,17.61,39964.91,34914.91,5.0,0.0,0.0,3.04,0.0,24.0,5.9,61.0,,,,11.4,5.0,259.0,4.0,1.9
2011-02-15 00:00:00+00:00,17.2,0.0,33.4,12.6,12.2,23.8,18.5,2.0,214.0,62.3,18.77,40064.84,36499.75,6.5,0.0,0.0,5.57,0.0,13.0,2.9,41.0,,,,38.6,21.6,214.0,10.8,6.8
2011-02-16 00:00:00+00:00,16.4,0.0,32.7,12.3,13.1,19.3,15.6,3.0,261.0,63.4,11.34,40165.79,26163.5,8.3,0.0,0.0,3.79,0.0,42.0,6.7,53.0,,,,42.1,22.3,261.0,17.3,6.3
2011-02-17 00:00:00+00:00,15.1,0.0,8.4,13.9,8.3,21.0,20.2,0.0,330.0,17.3,18.25,40267.63,36698.79,7.3,0.0,0.0,3.18,0.0,2.0,7.6,66.0,,,,11.7,5.3,330.0,5.0,1.8
2011-02-18 00:00:00+00:00,16.3,0.0,10.0,14.0,7.8,24.8,22.7,0.0,105.0,23.4,19.27,40370.29,36900.63,5.5,0.0,0.0,3.77,0.0,0.0,2.7,48.0,,,,14.7,6.6,105.0,9.4,1.8
2011-02-19 00:00:00+00:00,18.3,0.0,24.1,13.1,14.9,23.3,18.1,0.0,220.0,47.9,19.37,40473.67,37011.66,9.8,0.0,0.0,6.53,0.0,0.0,-3.3,25.0,,,,36.7,19.6,220.0,17.6,10.7
2011-02-20 00:00:00+00:00,16.5,0.0,29.6,12.2,13.2,20.1,15.9,3.0,257.0,55.8,11.6,40577.67,27499.78,8.5,0.0,0.0,4.29,0.0,38.0,4.0,45.0,,,,39.1,21.1,257.0,20.2,8.8
2011-02-21 00:00:00+00:00,16.2,0.0,13.0,14.3,10.9,21.4,18.2,2.0,261.0,30.2,15.94,40682.19,36830.38,9.8,0.0,0.0,3.2,0.0,26.0,6.6,57.0,,,,16.3,7.9,261.0,7.6,4.9
2011-02-22 00:00:00+00:00,16.7,0.0,9.6,14.4,10.2,23.3,21.4,3.0,186.0,25.6,19.23,40787.16,36942.5,7.8,0.0,0.0,4.0,0.0,66.0,3.7,45.0,,,,17.3,7.6,186.0,10.8,6.2
2011-02-23 00:00:00+00:00,18.4,0.0,26.3,14.6,11.8,26.4,21.3,0.0,214.0,48.6,19.95,40892.46,37379.27,8.3,0.0,0.0,5.6,0.0,0.0,1.4,35.0,,,,26.6,14.5,214.0,11.9,7.6
2011-02-24 00:00:00+00:00,17.4,0.0,16.8,14.7,9.3,25.8,22.2,0.0,171.0,35.3,20.06,40998.04,37393.86,6.9,0.0,0.0,4.49,0.0,0.0,2.8,43.0,,,,19.1,9.1,171.0,4.3,1.8
2011-02-25 00:00:00+00:00,14.9,0.0,28.1,10.7,10.8,18.8,13.2,0.0,247.0,55.1,20.31,41103.77,37544.51,7.4,0.0,0.0,4.71,0.0,1.0,0.5,39.0,,,,31.0,16.1,247.0,5.4,4.0
2011-02-26 00:00:00+00:00,14.6,0.0,21.4,10.7,9.2,20.1,16.0,0.0,234.0,43.2,20.36,41209.58,37665.8,5.4,0.0,0.0,4.62,0.0,1.0,1.0,41.0,,,,28.7,14.8,234.0,11.9,7.3
2011-02-27 00:00:00+00:00,15.3,0.0,19.4,11.9,9.8,21.3,17.7,2.0,225.0,40.3,20.4,41315.39,37794.44,6.9,0.0,0.0,4.49,0.0,9.0,1.1,41.0,,,,23.9,11.6,225.0,13.0,7.5
2011-02-28 00:00:00+00:00,15.5,0.0,17.2,11.9,10.1,21.5,17.9,3.0,258.0,36.0,20.91,41421.11,37906.98,6.1,0.0,0.0,4.7,0.0,11.0,-0.6,35.0,,,,21.7,11.0,258.0,10.4,6.8
2011-03-01 00:00:00+00:00,15.5,0.0,16.1,13.0,8.1,22.4,19.8,3.0,37.0,32.4,20.5,41526.66,37950.2,6.1,0.0,0.0,4.19,0.0,17.0,6.0,57.0,,,,21.7,11.5,37.0,10.4,5.8
2011-03-02 00:00:00+00:00,16.2,0.0,23.9,13.2,9.9,23.6,19.8,2.0,44.0,47.5,20.79,41632.03,37991.66,7.9,0.0,0.0,4.56,0.0,9.0,7.5,61.0,,,,33.0,17.4,44.0,18.0,10.5
2011-03-03 00:00:00+00:00,17.0,0.0,23.3,13.9,10.9,24.9,21.1,0.0,44.0,46.4,21.01,41738.04,38197.48,8.7,0.0,0.0,4.85,0.0,0.0,7.7,60.0,,,,35.7,19.0,44.0,27.0,14.8
2011-03-04 00:00:00+00:00,17.7,0.0,20.9,15.1,11.4,25.9,22.6,0.0,40.0,41.8,20.98,41844.86,38242.73,9.3,0.0,0.0,4.77,0.0,0.0,8.3,61.0,,,,31.8,17.2,40.0,22.3,12.0
2011-03-05 00:00:00+00:00,17.7,0.0,11.1,15.9,10.3,26.3,24.0,1.0,43.0,26.3,20.39,41952.39,38286.11,9.0,0.0,0.0,4.3,0.0,5.0,6.9,57.0,,,,19.4,9.6,43.0,13.3,8.0
2011-03-06 00:00:00+00:00,21.0,0.0,22.9,17.5,13.7,30.2,25.6,3.0,205.0,50.4,18.55,42060.57,38514.78,10.4,0.0,0.0,6.0,0.0,33.0,3.2,36.0,,,,29.1,14.5,205.0,12.6,7.1
2011-03-07 00:00:00+00:00,16.2,0.0,21.3,13.9,10.9,21.5,18.1,2.0,272.0,45.0,20.02,42169.3,38464.36,9.8,0.0,0.0,4.11,0.0,19.0,6.9,59.0,,,,25.4,12.0,272.0,8.6,5.2
2011-03-08 00:00:00+00:00,15.9,0.0,26.2,12.5,9.9,21.5,16.6,1.0,236.0,48.6,20.25,42278.52,38805.99,7.5,0.0,0.0,4.69,0.0,8.0,3.2,46.0,,,,26.7,14.0,236.0,10.1,6.4
2011-03-09 00:00:00+00:00,13.7,0.2,27.5,8.6,10.7,16.5,11.0,51.0,267.0,49.3,16.8,42388.13,37958.98,5.6,1.0,0.2,4.51,0.0,44.0,1.2,43.0,,,,40.8,22.6,267.0,25.6,12.4
2011-03-10 00:00:00+00:00,11.2,0.0,19.9,7.1,7.0,15.6,11.2,3.0,286.0,41.4,17.15,42498.08,36033.59,2.7,0.0,0.0,3.54,0.0,33.0,0.8,50.0,,,,28.8,15.1,286.0,16.6,7.1
2011-03-11 00:00:00+00:00,11.9,0.0,13.7,8.9,5.3,17.9,14.8,3.0,296.0,26.6,20.16,42608.27,36836.72,2.5,0.0,0.0,3.72,0.0,60.0,1.4,54.0,,,,19.7,9.6,296.0,8.6,4.8
2011-03-12 00:00:00+00:00,13.1,0.0,16.8,10.3,6.5,18.5,15.1,3.0,347.0,31.7,17.08,42718.63,31714.05,3.9,0.0,0.0,3.47,0.0,37.0,4.3,58.0,,,,20.8,11.0,347.0,9.0,4.2
2011-03-13 00:00:00+00:00,14.5,0.0,20.5,11.4,8.2,21.3,17.9,1.0,29.0,40.3,21.08,42829.09,39261.35,6.4,0.0,0.0,4.42,0.0,7.0,4.7,58.0,,,,27.6,14.2,29.0,12.6,7.0
2011-03-14 00:00:00+00:00,15.0,0.0,21.2,11.4,8.0,22.5,18.3,0.0,48.0,42.5,23.28,42939.58,40128.87,5.3,0.0,0.0,5.09,0.0,0.0,2.8,49.0,,,,29.8,15.8,48.0,16.9,10.5
2011-03-15 00:00:00+00:00,16.5,0.0,21.9,12.7,9.3,25.3,21.1,0.0,49.0,44.6,23.54,43050.0,40270.84,6.1,0.0,0.0,5.53,0.0,0.0,4.3,52.0,,,,35.5,18.9,49.0,28.8,15.8
2011-03-16 00:00:00+00:00,17.7,0.0,17.7,14.8,9.6,27.3,23.8,0.0,36.0,36.0,23.55,43160.31,40382.37,7.7,0.0,0.0,5.49,0.0,0.0,4.4,53.0,,,,27.0,14.1,36.0,18.4,10.2
2011-03-17 00:00:00+00:00,18.0,0.0,17.6,15.2,9.5,27.5,24.6,1.0,38.0,34.9,23.57,43270.41,40493.54,7.2,0.0,0.0,5.63,0.0,3.0,4.4,46.0,,,,25.4,13.2,38.0,16.2,9.3
2011-03-18 00:00:00+00:00,19.1,0.0,15.1,17.2,10.0,28.3,27.2,3.0,30.0,26.3,22.6,43380.22,36866.2,8.6,0.0,0.0,5.0,0.0,40.0,5.9,51.0,,,,17.9,8.8,30.0,12.2,4.1
2011-03-19 00:00:00+00:00,21.0,0.2,19.3,17.9,12.6,30.2,27.0,51.0,53.0,36.0,20.53,43489.69,33362.28,10.7,1.0,0.2,6.09,0.0,81.0,3.3,41.0,,,,25.2,13.7,53.0,13.0,8.0
2011-03-20 00:00:00+00:00,19.8,0.0,15.8,18.0,15.4,24.4,23.0,3.0,35.0,30.2,12.56,43598.73,16704.45,13.3,0.0,0.0,3.79,0.0,96.0,9.7,53.0,,,,24.3,12.3,35.0,16.2,8.9
2011-03-21 00:00:00+00:00,18.4,0.0,18.4,17.1,12.5,25.0,24.1,3.0,360.0,34.6,20.67,43707.26,40933.07,11.7,0.0,0.0,4.37,0.0,20.0,11.0,66.0,,,,24.9,13.1,360.0,13.7,7.0
2011-03-22 00:00:00+00:00,17.2,0.0,20.5,15.4,11.8,23.4,20.2,2.0,329.0,40.3,22.47,43815.28,41041.3,11.5,0.0,0.0,4.77,0.0,23.0,7.5,59.0,,,,23.3,11.0,329.0,6.5,1.6
2011-03-23 00:00:00+00:00,15.8,0.0,19.4,13.6,10.4,22.0,19.1,1.0,317.0,40.3,22.52,43923.56,41149.44,9.4,0.0,0.0,4.51,0.0,15.0,7.0,61.0,,,,24.8,12.0,317.0,10.1,5.8
2011-03-24 00:00:00+00:00,14.2,0.0,29.8,11.0,9.8,18.1,14.0,2.0,289.0,50.4,18.81,44032.25,41257.83,8.0,0.0,0.0,3.85,0.0,25.0,5.2,57.0,,,,29.8,14.8,289.0,10.1,5.2
2011-03-25 00:00:00+00:00,15.2,0.0,17.9,12.0,10.3,20.3,16.2,3.0,320.0,35.6,15.9,44141.27,33426.45,7.8,0.0,0.0,3.87,0.0,43.0,4.5,52.0,,,,25.9,13.2,320.0,18.4,9.4
2011-03-26 00:00:00+00:00,16.1,0.0,11.4,14.1,10.2,22.3,20.7,0.0,34.0,25.2,24.46,44250.55,41475.09,8.5,0.0,0.0,4.68,0.0,0.0,4.4,50.0,,,,16.0,7.3,34.0,5.8,1.9
2011-03-27 00:00:00+00:00,16.6,0.0,15.0,14.4,8.8,23.6,22.1,0.0,22.0,27.0,24.6,44360.02,41583.82,7.2,0.0,0.0,5.02,0.0,0.0,5.0,52.0,,,,20.1,9.6,22.0,11.5,6.4
2011-03-28 00:00:00+00:00,16.9,0.0,16.6,14.6,8.9,24.2,21.6,0.0,24.0,32.8,24.75,44469.63,41692.52,7.4,0.0,0.0,5.27,0.0,1.0,5.3,52.0,,,,22.7,11.2,24.0,11.2,5.4
2011-03-29 00:00:00+00:00,17.9,0.0,16.3,15.5,10.2,25.5,23.3,0.0,46.0,31.0,25.16,44579.28,41801.12,8.4,0.0,0.0,5.58,0.0,0.0,5.4,49.0,,,,23.4,11.8,46.0,14.4,7.3
2011-03-30 00:00:00+00:00,18.5,0.0,21.3,15.8,10.8,26.2,23.2,0.0,48.0,37.8,25.23,44688.93,41909.55,9.1,0.0,0.0,5.96,0.0,0.0,6.3,51.0,,,,27.9,15.0,48.0,14.8,9.0
2011-03-31 00:00:00+00:00,19.7,0.0,19.0,17.1,11.7,28.7,26.2,0.0,58.0,39.6,25.22,44798.49,42017.75,9.3,0.0,0.0,6.18,0.0,0.0,6.8,50.0,,,,30.0,15.7,58.0,20.9,13.3
2011-04-01 00:00:00+00:00,22.9,0.0,24.3,21.3,12.8,33.4,31.8,3.0,326.0,43.2,24.96,44907.89,42125.65,12.0,0.0,0.0,6.38,0.0,20.0,7.6,46.0,,,,21.5,10.4,326.0,6.5,2.4
2011-04-02 00:00:00+00:00,19.9,0.2,12.1,18.5,15.4,24.3,21.7,51.0,276.0,28.4,15.47,45017.06,26505.03,14.9,2.0,0.2,3.9,0.0,58.0,8.6,51.0,,,,19.2,8.4,276.0,7.6,2.8
2011-04-03 00:00:00+00:00,17.9,1.5,18.3,15.9,12.4,23.2,20.3,53.0,248.0,37.8,17.52,45125.94,42142.12,10.9,4.0,1.5,4.12,0.0,36.0,7.6,54.0,,,,21.6,9.9,248.0,8.6,1.1
2011-04-04 00:00:00+00:00,16.7,0.0,19.6,14.9,12.2,21.5,18.8,2.0,282.0,41.0,20.95,45234.44,42446.8,11.6,0.0,0.0,4.15,0.0,28.0,8.9,64.0,,,,23.5,11.5,282.0,9.7,5.5
2011-04-05 00:00:00+00:00,16.2,0.0,16.8,14.4,10.1,21.6,18.7,3.0,296.0,34.2,18.22,45342.5,37362.29,9.0,0.0,0.0,3.85,0.0,34.0,8.3,63.0,,,,20.8,10.7,296.0,9.4,5.7
2011-04-06 00:00:00+00:00,16.3,0.0,12.0,14.6,9.8,22.2,19.7,3.0,322.0,31.0,20.21,45450.04,42658.11,8.8,0.0,0.0,3.98,0.0,26.0,7.1,59.0,,,,16.9,7.5,322.0,7.2,3.9
2011-04-07 00:00:00+00:00,19.4,0.3,12.5,17.8,10.3,27.1,26.0,51.0,151.0,28.8,24.75,45556.97,42762.7,9.1,2.0,0.3,5.35,0.0,20.0,6.6,50.0,,,,18.9,8.0,151.0,11.9,4.9
2011-04-08 00:00:00+00:00,19.4,0.0,25.9,16.8,14.4,24.5,20.8,3.0,245.0,50.4,21.08,45663.23,42516.62,12.0,0.0,0.0,5.26,0.0,27.0,8.4,51.0,,,,31.3,15.9,245.0,14.4,5.8
2011-04-09 00:00:00+00:00,17.9,0.0,16.7,16.7,11.6,23.4,20.9,3.0,293.0,36.4,19.66,45768.75,38106.22,11.5,0.0,0.0,4.18,0.0,26.0,9.7,64.0,,,,20.7,9.4,293.0,6.8,3.3
2011-04-10 00:00:00+00:00,20.2,0.0,21.9,17.3,12.5,27.7,24.4,0.0,220.0,45.7,25.89,45873.43,42921.36,10.4,0.0,0.0,6.48,0.0,0.0,4.4,40.0,,,,26.8,13.6,220.0,8.3,5.0
2011-04-11 00:00:00+00:00,21.3,0.0,24.9,18.3,12.6,29.3,26.0,0.0,257.0,46.4,25.95,45977.27,42956.79,10.1,0.0,0.0,6.98,0.0,1.0,4.5,37.0,,,,26.7,14.0,257.0,8.3,5.1
2011-04-12 00:00:00+00:00,18.1,0.0,20.4,15.7,13.9,23.8,20.9,2.0,321.0,43.9,26.22,46081.0,42992.21,10.7,0.0,0.0,5.72,0.0,11.0,6.4,52.0,,,,28.3,14.0,321.0,15.5,7.9
2011-04-13 00:00:00+00:00,16.7,0.0,15.6,14.6,9.6,23.8,22.4,0.0,7.0,28.8,26.91,46184.75,43027.64,7.3,0.0,0.0,5.4,0.0,0.0,4.3,47.0,,,,19.7,8.7,7.0,9.4,2.2
2011-04-14 00:00:00+00:00,19.2,0.0,15.9,17.2,10.1,27.4,25.3,0.0,28.0,32.8,27.01,46288.46,43063.09,8.7,0.0,0.0,5.9,0.0,0.0,5.0,46.0,,,,20.1,9.3,28.0,10.4,4.1
2011-04-15 00:00:00+00:00,23.8,0.0,11.4,21.4,14.5,32.2,31.5,0.0,126.0,21.6,26.72,46392.04,43098.55,11.4,0.0,0.0,6.64,0.0,0.0,2.5,28.0,,,,17.0,8.0,126.0,11.2,5.1
2011-04-16 00:00:00+00:00,27.7,0.0,12.0,24.9,18.5,36.3,35.0,0.0,174.0,27.4,26.79,46495.44,43134.02,15.3,0.0,0.0,7.64,0.0,1.0,0.5,19.0,,,,19.5,9.2,174.0,10.4,6.1
2011-04-17 00:00:00+00:00,28.9,0.0,17.1,25.4,18.8,38.4,35.7,0.0,185.0,38.2,27.25,46598.57,43169.51,15.3,0.0,0.0,8.51,0.0,0.0,-1.7,17.0,,,,22.4,11.0,185.0,10.8,6.4
2011-04-18 00:00:00+00:00,28.3,0.0,22.1,24.6,19.6,35.5,33.1,3.0,231.0,45.7,24.87,46701.37,39921.67,17.9,0.0,0.0,8.91,0.0,56.0,0.2,20.0,,,,30.2,15.3,231.0,20.2,9.5
2011-04-19 00:00:00+00:00,20.9,0.0,18.5,19.4,17.0,26.6,25.6,3.0,332.0,37.1,26.02,46803.76,41089.46,14.8,0.0,0.0,6.07,0.0,33.0,9.3,52.0,,,,27.5,12.8,332.0,17.3,7.2
2011-04-20 00:00:00+00:00,18.8,0.0,17.3,17.0,13.4,24.5,22.2,1.0,323.0,36.7,25.71,46905.66,43200.0,12.9,0.0,0.0,5.59,0.0,8.0,6.7,50.0,,,,23.0,10.3,323.0,7.9,3.3
2011-04-21 00:00:00+00:00,17.0,0.0,15.0,15.2,12.7,21.1,18.2,3.0,334.0,32.0,13.13,47007.0,26722.04,11.7,0.0,0.0,3.19,0.0,66.0,7.5,55.0,,,,20.0,8.3,334.0,8.6,0.4
2011-04-22 00:00:00+00:00,17.1,0.0,21.0,14.9,11.2,22.8,18.6,3.0,304.0,41.0,18.05,47107.69,37851.71,10.1,0.0,0.0,4.2,0.0,31.0,7.9,59.0,,,,24.7,12.3,304.0,7.6,3.6
2011-04-23 00:00:00+00:00,18.6,0.0,17.6,17.3,11.9,25.4,25.0,2.0,6.0,32.4,27.42,47207.66,43200.0,10.7,0.0,0.0,5.57,0.0,7.0,7.1,52.0,,,,17.6,7.8,6.0,8.6,3.8
2011-04-24 00:00:00+00:00,19.4,0.0,19.8,17.6,12.6,26.6,25.3,0.0,16.0,36.4,27.18,47306.82,43200.0,11.6,0.0,0.0,6.02,0.0,1.0,8.4,55.0,,,,27.0,13.4,16.0,15.1,9.7
2011-04-25 00:00:00+00:00,18.8,0.0,14.5,17.0,10.9,26.4,24.8,0.0,24.0,31.7,27.8,47405.1,43254.72,9.5,0.0,0.0,5.91,0.0,2.0,7.2,52.0,,,,23.7,11.4,24.0,12.2,7.6
2011-04-26 00:00:00+00:00,21.0,0.0,16.0,18.5,12.3,29.3,26.8,3.0,50.0,34.6,27.85,47502.4,43336.27,10.5,0.0,0.0,6.67,0.0,28.0,4.0,41.0,,,,23.8,11.8,50.0,14.8,8.9
2011-04-27 00:00:00+00:00,24.0,0.0,17.1,22.0,16.5,32.1,30.1,3.0,61.0,29.5,20.28,47598.64,41887.35,14.1,0.0,0.0,5.55,0.0,64.0,7.1,38.0,,,,21.0,9.6,61.0,10.1,1.8
2011-04-28 00:00:00+00:00,25.3,0.4,20.4,24.4,19.5,32.1,31.4,51.0,46.0,42.8,20.24,47693.74,36000.0,18.3,3.0,0.4,5.96,0.0,61.0,11.5,44.0,,,,30.3,11.0,46.0,14.4,4.7
2011-04-29 00:00:00+00:00,21.6,0.0,19.4,20.5,15.0,26.8,25.5,3.0,291.0,40.7,23.63,47787.6,43514.76,15.6,0.0,0.0,5.68,0.0,23.0,11.2,56.0,,,,27.3,12.2,291.0,9.0,5.4
2011-04-30 00:00:00+00:00,20.4,1.0,17.6,18.9,16.6,25.2,22.6,51.0,310.0,36.7,16.49,47880.13,43200.0,15.8,8.0,1.0,4.21,0.0,45.0,11.8,60.0,,,,28.5,13.8,310.0,11.9,6.6
2011-05-01 00:00:00+00:00,22.1,0.0,10.4,21.1,11.8,30.4,28.8,0.0,340.0,24.5,27.99,47971.32,43715.9,11.4,0.0,0.0,6.07,0.0,2.0,7.2,48.0,,,,14.5,7.0,340.0,6.5,4.8
2011-05-02 00:00:00+00:00,27.8,0.0,25.2,24.3,20.2,37.7,33.6,2.0,224.0,49.3,27.72,48061.84,43718.44,16.6,0.0,0.0,9.73,0.0,6.0,4.1,25.0,,,,33.6,17.7,224.0,15.5,10.1
2011-05-03 00:00:00+00:00,24.7,0.0,11.0,24.2,15.0,33.3,33.4,0.0,26.0,22.7,27.75,48151.8,43826.64,14.5,0.0,0.0,6.4,0.0,3.0,9.9,44.0,,,,16.6,7.1,26.0,8.6,4.3
2011-05-04 00:00:00+00:00,29.0,0.0,23.1,26.8,22.3,35.0,34.5,3.0,64.0,50.8,21.17,48241.15,38303.99,20.0,0.0,0.0,7.73,0.0,67.0,7.8,27.0,,,,29.3,13.0,64.0,12.6,7.1
2011-05-05 00:00:00+00:00,28.0,0.6,24.5,27.1,20.4,37.4,36.9,53.0,332.0,51.5,23.59,48329.8,42136.76,19.9,1.0,0.6,7.21,0.0,74.0,11.1,38.0,,,,22.8,10.8,332.0,8.3,1.0
2011-05-06 00:00:00+00:00,22.3,0.0,22.5,21.2,17.1,28.8,28.5,3.0,347.0,41.0,26.95,48417.68,43498.27,16.7,0.0,0.0,6.41,0.0,45.0,12.0,56.0,,,,30.8,14.9,347.0,21.2,11.2
2011-05-07 00:00:00+00:00,20.1,0.0,17.7,18.8,15.5,25.9,24.9,2.0,330.0,36.0,27.08,48504.71,43494.5,15.2,0.0,0.0,5.83,0.0,14.0,10.6,58.0,,,,28.3,13.8,330.0,14.4,9.6
2011-05-08 00:00:00+00:00,19.9,0.0,18.9,18.6,14.1,26.6,25.6,3.0,337.0,34.9,28.04,48590.81,43838.54,13.6,0.0,0.0,6.0,0.0,17.0,8.8,54.0,,,,24.2,10.9,337.0,13.7,7.2
2011-05-09 00:00:00+00:00,20.9,0.0,17.4,19.7,13.8,27.9,27.2,3.0,19.0,31.3,28.38,48675.89,43957.25,13.3,0.0,0.0,6.26,0.0,44.0,9.2,52.0,,,,23.1,10.9,19.0,12.2,6.6
2011-05-10 00:00:00+00:00,21.7,0.0,18.2,20.5,14.2,28.8,28.2,0.0,0.0,33.1,28.77,48759.88,44317.76,14.0,0.0,0.0,6.43,0.0,2.0,8.6,50.0,,,,21.9,10.3,0.0,12.2,6.6
2011-05-11 00:00:00+00:00,24.4,0.0,18.5,22.8,14.9,33.0,31.3,2.0,199.0,37.8,28.42,48842.68,44566.48,14.1,0.0,0.0,7.29,0.0,16.0,7.2,40.0,,,,23.6,10.2,199.0,10.8,5.8
2011-05-12 00:00:00+00:00,21.4,0.0,23.7,19.3,15.6,26.6,23.6,2.0,287.0,49.3,29.11,48924.22,44336.58,15.4,0.0,0.0,6.75,0.0,9.0,7.3,46.0,,,,29.8,14.1,287.0,9.4,5.9
2011-05-13 00:00:00+00:00,20.4,0.0,23.2,18.1,13.7,26.3,23.3,2.0,297.0,46.1,26.31,49004.4,44584.23,13.0,0.0,0.0,6.34,0.0,14.0,7.4,47.0,,,,27.2,13.5,297.0,6.5,4.6
2011-05-14 00:00:00+00:00,19.3,0.0,19.6,17.2,13.9,23.4,20.3,3.0,305.0,40.0,16.55,49083.15,27878.38,13.2,0.0,0.0,4.4,0.0,42.0,9.2,55.0,,,,27.1,13.5,305.0,11.5,6.5
2011-05-15 00:00:00+00:00,20.5,0.0,19.7,19.5,13.0,26.9,26.1,2.0,341.0,36.0,25.95,49160.36,44346.12,12.9,0.0,0.0,5.61,0.0,16.0,9.1,55.0,,,,19.8,8.5,341.0,9.0,4.0
2011-05-16 00:00:00+00:00,21.6,0.0,22.2,19.9,14.5,29.0,27.1,0.0,26.0,42.8,28.01,49235.95,44862.53,14.0,0.0,0.0,6.74,0.0,3.0,10.2,54.0,,,,31.2,16.0,26.0,15.5,9.4
2011-05-17 00:00:00+00:00,22.3,0.0,20.6,21.1,14.7,30.3,29.0,3.0,354.0,38.2,27.77,49309.82,44095.95,15.0,0.0,0.0,6.78,0.0,17.0,10.6,55.0,,,,27.3,13.5,354.0,13.7,7.6
2011-05-18 00:00:00+00:00,22.8,0.0,13.7,21.6,14.3,30.2,29.0,0.0,319.0,30.6,29.3,49381.89,45288.87,14.4,0.0,0.0,6.79,0.0,0.0,7.9,47.0,,,,20.5,9.2,319.0,7.9,4.8
2011-05-19 00:00:00+00:00,26.4,0.0,13.1,24.4,16.8,34.7,33.0,3.0,204.0,33.5,28.72,49452.06,45428.45,15.1,0.0,0.0,7.49,0.0,30.0,5.1,31.0,,,,20.6,9.1,204.0,9.4,6.4
2011-05-20 00:00:00+00:00,25.9,0.0,21.9,24.8,17.7,35.0,34.8,2.0,351.0,40.7,28.66,49520.23,45346.58,16.9,0.0,0.0,7.59,0.0,12.0,10.0,41.0,,,,24.2,11.3,351.0,13.7,5.1
2011-05-21 00:00:00+00:00,24.0,0.0,21.7,22.4,16.5,32.4,31.5,3.0,36.0,38.2,27.09,49586.37,45168.32,15.6,0.0,0.0,7.26,0.0,28.0,11.0,50.0,,,,31.6,16.4,36.0,26.3,13.4
2011-05-22 00:00:00+00:00,23.8,0.0,19.4,22.0,15.6,32.4,30.8,0.0,36.0,39.2,29.15,49651.0,45544.42,14.7,0.0,0.0,7.62,0.0,2.0,10.3,49.0,,,,30.8,16.6,36.0,22.0,13.8
2011-05-23 00:00:00+00:00,24.8,0.0,18.1,23.2,16.0,33.2,31.4,3.0,38.0,36.4,28.69,49714.24,45416.6,15.8,0.0,0.0,7.75,0.0,29.0,9.9,46.0,,,,28.2,14.5,38.0,18.4,10.2
2011-05-24 00:00:00+00:00,26.7,0.0,19.7,24.9,18.6,34.8,33.4,3.0,41.0,40.7,28.29,49776.01,44508.47,17.8,0.0,0.0,8.39,0.0,54.0,9.5,38.0,,,,29.4,15.2,41.0,19.1,10.7
2011-05-25 00:00:00+00:00,28.4,0.0,19.0,26.4,20.3,37.0,35.7,3.0,44.0,38.5,28.05,49836.27,45290.81,18.4,0.0,0.0,8.94,0.0,62.0,8.8,32.0,,,,28.6,14.7,44.0,18.0,10.7
2011-05-26 00:00:00+00:00,30.2,0.0,19.1,28.3,22.0,38.2,37.2,3.0,58.0,36.0,26.81,49894.93,43428.08,20.8,0.0,0.0,8.68,0.0,71.0,8.2,28.0,,,,26.5,12.6,58.0,14.4,7.1
2011-05-27 00:00:00+00:00,31.1,0.0,24.3,29.1,26.5,37.9,35.4,3.0,281.0,54.0,19.06,49951.96,30378.83,24.3,0.0,0.0,7.58,0.0,81.0,8.9,26.0,,,,28.9,12.6,281.0,15.5,2.6
2011-05-28 00:00:00+00:00,26.3,0.0,18.6,26.1,20.2,32.2,32.6,3.0,323.0,36.7,27.01,50007.26,45578.51,21.5,0.0,0.0,7.02,0.0,24.0,12.6,46.0,,,,25.6,10.7,323.0,11.5,2.2
2011-05-29 00:00:00+00:00,24.5,0.0,15.1,24.4,17.4,30.7,30.1,1.0,321.0,34.6,27.81,50060.8,45653.21,18.6,0.0,0.0,6.62,0.0,6.0,12.9,52.0,,,,22.8,10.5,321.0,7.2,4.4
2011-05-30 00:00:00+00:00,25.7,0.0,19.0,25.5,18.7,32.5,32.2,0.0,352.0,34.2,28.41,50112.5,45917.71,19.7,0.0,0.0,7.16,0.0,1.0,12.4,49.0,,,,22.9,10.6,352.0,9.0,1.0
2011-05-31 00:00:00+00:00,26.0,0.0,19.2,25.6,18.8,33.3,33.1,1.0,21.0,38.5,27.1,50162.29,43271.13,19.9,0.0,0.0,7.27,0.0,7.0,12.5,49.0,,,,24.8,12.2,21.0,11.9,6.4
2011-06-01 00:00:00+00:00,25.4,0.0,19.9,24.8,18.2,33.0,33.0,0.0,15.0,39.2,28.58,50210.12,46161.64,18.7,0.0,0.0,7.41,0.0,1.0,13.1,52.0,,,,28.4,14.3,15.0,18.7,10.2
2011-06-02 00:00:00+00:00,24.8,0.0,20.0,24.1,17.1,32.6,31.7,1.0,14.0,37.1,29.3,50255.91,46176.25,17.6,0.0,0.0,7.47,0.0,3.0,12.1,51.0,,,,27.3,13.4,14.0,15.5,9.0
2011-06-03 00:00:00+00:00,25.6,0.0,19.0,24.9,17.2,33.7,32.9,1.0,17.0,36.4,29.11,50299.61,46298.18,17.7,0.0,0.0,7.66,0.0,2.0,12.6,50.0,,,,27.6,13.8,17.0,14.0,7.9
2011-06-04 00:00:00+00:00,26.2,0.0,22.3,25.8,18.0,34.8,34.3,1.0,8.0,42.1,28.53,50341.14,46309.3,19.1,0.0,0.0,7.74,0.0,1.0,14.1,53.0,,,,30.2,14.8,8.0,15.1,8.2
2011-06-05 00:00:00+00:00,26.7,0.0,21.0,26.6,18.0,35.7,34.9,2.0,359.0,42.8,28.76,50380.45,46433.89,19.4,0.0,0.0,7.89,0.0,20.0,14.1,52.0,,,,28.5,13.9,359.0,11.2,7.1
2011-06-06 00:00:00+00:00,26.5,0.0,20.1,26.2,18.8,34.6,33.5,0.0,353.0,39.6,29.34,50417.47,46559.34,20.7,0.0,0.0,7.84,0.0,0.0,12.9,50.0,,,,26.4,12.6,353.0,8.6,4.4
2011-06-07 00:00:00+00:00,27.4,0.0,18.9,27.2,17.8,36.1,35.5,0.0,18.0,37.4,29.09,50452.13,46568.38,19.0,0.0,0.0,7.98,0.0,1.0,13.5,49.0,,,,25.7,12.8,18.0,11.5,6.5
2011-06-08 00:00:00+00:00,28.7,0.0,20.2,28.2,19.3,37.6,36.4,0.0,11.0,38.5,29.13,50484.38,46575.94,20.4,0.0,0.0,8.49,0.0,0.0,12.3,42.0,,,,25.9,12.7,11.0,11.5,6.3
2011-06-09 00:00:00+00:00,29.9,0.0,22.9,29.1,20.4,39.6,38.6,0.0,6.0,41.0,28.97,50514.14,46582.01,20.8,0.0,0.0,8.98,0.0,0.0,11.5,37.0,,,,25.2,12.6,6.0,9.4,5.5
2011-06-10 00:00:00+00:00,32.2,0.0,19.2,31.2,22.3,41.1,40.5,0.0,359.0,36.7,29.03,50541.38,46706.83,21.5,0.0,0.0,8.81,0.0,1.0,9.9,28.0,,,,21.8,10.3,359.0,10.8,2.2
2011-06-11 00:00:00+00:00,27.1,0.0,17.7,27.1,20.1,34.2,33.4,0.0,321.0,36.7,29.88,50566.32,46710.77,22.2,0.0,0.0,7.89,0.0,1.0,13.6,49.0,,,,27.8,13.1,321.0,13.3,6.0
2011-06-12 00:00:00+00:00,26.1,0.0,20.5,26.2,19.8,33.9,32.9,2.0,308.0,40.3,28.71,50589.01,45410.88,21.9,0.0,0.0,7.38,0.0,8.0,13.7,53.0,,,,25.7,11.8,308.0,10.4,4.6
2011-06-13 00:00:00+00:00,25.3,0.0,24.7,24.8,17.5,32.5,31.1,0.0,298.0,50.0,29.04,50609.45,46835.9,18.4,0.0,0.0,7.46,0.0,0.0,12.7,49.0,,,,27.4,13.0,298.0,7.9,4.1
2011-06-14 00:00:00+00:00,25.6,0.0,19.1,26.3,18.4,32.5,33.6,0.0,340.0,35.6,28.94,50627.61,46711.8,19.9,0.0,0.0,6.67,0.0,1.0,13.7,53.0,,,,18.9,7.8,340.0,5.8,3.0
2011-06-15 00:00:00+00:00,27.0,0.0,18.7,26.8,19.5,34.1,33.6,0.0,19.0,34.2,29.32,50643.5,46833.07,20.6,0.0,0.0,7.62,0.0,0.0,12.6,47.0,,,,25.1,11.8,19.0,14.0,7.7
2011-06-16 00:00:00+00:00,27.1,0.0,20.4,26.7,19.2,34.7,34.3,0.0,26.0,36.7,29.16,50657.11,46829.21,20.3,0.0,0.0,8.03,0.0,0.0,13.3,48.0,,,,28.7,14.2,26.0,15.1,8.9
2011-06-17 00:00:00+00:00,27.0,0.0,22.1,26.3,19.7,34.4,33.8,0.0,19.0,44.3,29.12,50668.42,46949.48,20.2,0.0,0.0,8.22,0.0,0.0,13.7,48.0,,,,32.1,16.3,19.0,19.4,11.8
2011-06-18 00:00:00+00:00,25.6,0.0,20.0,25.5,19.3,32.6,32.3,2.0,356.0,38.9,27.56,50677.44,45558.72,20.8,0.0,0.0,7.2,0.0,15.0,14.5,54.0,,,,30.3,14.8,356.0,14.8,8.3
2011-06-19 00:00:00+00:00,25.9,0.0,20.0,26.1,19.3,33.3,33.4,2.0,349.0,37.8,27.69,50684.16,44626.38,20.6,0.0,0.0,7.17,0.0,14.0,14.8,55.0,,,,28.9,13.8,349.0,14.8,8.7
2011-06-20 00:00:00+00:00,26.9,0.0,20.3,27.4,20.6,34.4,34.3,3.0,6.0,37.4,28.48,50688.57,45408.31,22.7,0.0,0.0,7.4,0.0,26.0,15.5,55.0,,,,27.9,13.5,6.0,15.8,8.6
2011-06-21 00:00:00+00:00,27.5,0.0,17.9,27.6,19.0,35.9,35.1,2.0,20.0,34.2,28.96,50690.66,46106.34,20.8,0.0,0.0,7.84,0.0,7.0,14.2,52.0,,,,26.9,13.1,20.0,13.7,7.7
2011-06-22 00:00:00+00:00,28.5,0.0,19.2,28.6,19.0,37.1,36.2,0.0,10.0,36.7,29.52,50690.45,47161.3,20.8,0.0,0.0,8.35,0.0,0.0,14.2,49.0,,,,26.9,13.4,10.0,12.2,7.2
2011-06-23 00:00:00+00:00,29.0,0.0,19.4,30.1,20.6,37.8,38.0,3.0,346.0,36.7,28.74,50687.92,46403.57,23.4,0.0,0.0,7.95,0.0,8.0,16.7,54.0,,,,25.9,12.6,346.0,11.5,6.3
2011-06-24 00:00:00+00:00,28.1,0.0,18.2,29.3,20.7,36.0,36.5,3.0,328.0,34.2,28.92,50683.07,45830.88,23.7,0.0,0.0,7.42,0.0,13.0,16.1,55.0,,,,24.0,10.9,328.0,10.4,6.1
2011-06-25 00:00:00+00:00,27.9,0.0,18.2,29.0,20.4,36.3,36.4,3.0,330.0,34.6,28.94,50675.91,45832.53,23.2,0.0,0.0,7.5,0.0,20.0,15.8,55.0,,,,24.0,10.7,330.0,10.4,6.0
2011-06-26 00:00:00+00:00,27.7,0.0,16.6,27.8,19.2,35.7,34.0,0.0,314.0,37.1,30.07,50666.43,47235.88,21.2,0.0,0.0,7.84,0.0,0.0,12.7,48.0,,,,22.5,10.4,314.0,7.2,4.2
2011-06-27 00:00:00+00:00,27.0,0.0,21.7,27.6,20.6,34.4,34.5,1.0,317.0,42.1,28.77,50654.64,46666.25,22.5,0.0,0.0,7.61,0.0,1.0,15.3,54.0,,,,26.8,12.7,317.0,9.4,4.6
2011-06-28 00:00:00+00:00,25.2,0.0,20.8,24.7,18.9,32.3,31.6,0.0,311.0,39.2,29.31,50640.53,46662.89,19.8,0.0,0.0,7.47,0.0,2.0,12.5,50.0,,,,27.8,13.0,311.0,11.2,5.2
2011-06-29 00:00:00+00:00,24.9,0.0,17.3,23.8,17.9,31.8,30.8,0.0,335.0,34.9,29.59,50624.12,47064.03,17.9,0.0,0.0,7.55,0.0,1.0,10.6,44.0,,,,26.3,12.6,335.0,10.1,5.6
2011-06-30 00:00:00+00:00,25.6,0.0,16.0,25.2,18.8,32.3,32.5,0.0,1.0,32.4,29.26,50605.38,46927.81,18.6,0.0,0.0,7.33,0.0,0.0,11.9,45.0,,,,22.9,10.7,1.0,6.8,2.6
2011-07-01 00:00:00+00:00,26.5,0.0,19.4,26.4,18.6,33.6,33.7,0.0,9.0,35.3,29.13,50584.13,46784.97,19.3,0.0,0.0,7.55,0.0,0.0,13.5,48.0,,,,24.7,12.1,9.0,10.8,7.1
2011-07-02 00:00:00+00:00,27.1,0.0,18.4,27.2,18.7,34.9,34.7,0.0,21.0,36.4,29.09,50560.35,46778.19,19.9,0.0,0.0,7.75,0.0,0.0,14.5,51.0,,,,26.6,13.2,21.0,13.3,8.1
2011-07-03 00:00:00+00:00,28.3,0.0,15.5,28.4,19.7,36.3,36.0,0.0,17.0,32.8,29.1,50534.1,46635.9,21.3,0.0,0.0,7.93,0.0,1.0,14.0,48.0,,,,24.9,12.5,17.0,14.4,8.4
2011-07-04 00:00:00+00:00,27.8,0.0,21.3,28.2,19.9,35.3,35.4,0.0,0.0,38.2,29.16,50505.45,46490.65,21.7,0.0,0.0,7.78,0.0,0.0,14.4,50.0,,,,24.9,12.1,0.0,13.0,7.6
2011-07-05 00:00:00+00:00,26.9,0.0,20.2,27.4,19.1,34.8,35.2,3.0,1.0,36.4,29.18,50474.43,45689.04,20.8,0.0,0.0,7.52,0.0,12.0,15.0,53.0,,,,25.7,12.3,1.0,14.4,7.6
2011-07-06 00:00:00+00:00,26.8,0.0,19.8,27.4,18.8,34.7,35.1,2.0,351.0,36.4,28.95,50441.12,46214.66,20.8,0.0,0.0,7.38,0.0,6.0,15.1,54.0,,,,24.6,11.6,351.0,10.1,5.9
2011-07-07 00:00:00+00:00,28.0,0.0,24.1,27.8,19.0,36.6,35.6,0.0,17.0,47.9,29.02,50405.58,46599.26,20.6,0.0,0.0,8.44,0.0,0.0,14.4,50.0,,,,30.9,15.2,17.0,13.0,7.9
2011-07-08 00:00:00+00:00,29.6,0.0,20.5,28.8,21.0,37.6,36.5,0.0,34.0,41.4,29.16,50367.86,46460.33,21.3,0.0,0.0,9.01,0.0,0.0,12.5,39.0,,,,28.7,14.7,34.0,14.4,8.9
2011-07-09 00:00:00+00:00,30.0,0.0,17.7,29.5,21.3,38.4,37.9,0.0,29.0,34.2,29.31,50328.03,46449.97,21.8,0.0,0.0,8.87,0.0,0.0,12.9,40.0,,,,27.0,13.8,29.0,16.2,9.9
2011-07-10 00:00:00+00:00,28.6,0.0,15.8,29.6,20.4,37.1,36.8,1.0,345.0,32.4,28.95,50286.14,45670.07,22.7,0.0,0.0,7.57,0.0,5.0,15.5,52.0,,,,23.2,10.8,345.0,11.5,6.2
2011-07-11 00:00:00+00:00,29.3,0.0,20.9,31.0,21.6,38.1,39.1,3.0,328.0,41.4,28.17,50242.25,44990.69,25.3,0.0,0.0,7.72,0.0,19.0,17.7,58.0,,,,25.7,11.7,328.0,9.7,5.6
2011-07-12 00:00:00+00:00,29.0,0.0,17.6,30.8,21.2,37.3,38.0,1.0,323.0,36.4,28.43,50196.42,45657.46,24.4,0.0,0.0,7.51,0.0,6.0,17.6,56.0,,,,22.9,10.8,323.0,8.3,4.6
2011-07-13 00:00:00+00:00,28.7,0.0,16.8,30.2,20.6,37.3,36.7,3.0,323.0,34.6,28.77,50148.71,45527.34,23.7,0.0,0.0,7.49,0.0,12.0,16.2,56.0,,,,20.7,9.7,323.0,9.0,4.6
2011-07-14 00:00:00+00:00,29.3,0.0,14.8,30.8,21.3,37.5,37.8,1.0,346.0,28.8,29.08,50099.18,45768.61,24.7,0.0,0.0,7.38,0.0,3.0,15.8,53.0,,,,20.1,8.8,346.0,9.4,5.1
2011-07-15 00:00:00+00:00,29.3,0.0,16.8,30.8,21.7,37.2,37.2,0.0,356.0,32.8,28.85,50047.89,45634.3,25.1,0.0,0.0,7.67,0.0,0.0,16.7,54.0,,,,23.4,11.1,356.0,9.4,5.4
2011-07-16 00:00:00+00:00,28.5,0.0,18.3,29.8,21.6,36.5,36.4,3.0,335.0,34.2,28.3,49994.91,44434.0,25.1,0.0,0.0,7.42,0.0,21.0,16.3,56.0,,,,24.2,10.6,335.0,10.1,5.5
2011-07-17 00:00:00+00:00,28.4,0.0,18.5,29.7,19.5,37.2,38.4,2.0,331.0,36.0,28.05,49940.28,45131.9,21.9,0.0,0.0,7.51,0.0,10.0,17.0,56.0,,,,24.4,11.5,331.0,9.0,5.3
2011-07-18 00:00:00+00:00,29.1,0.0,17.1,30.1,19.8,37.8,37.5,0.0,324.0,35.3,28.89,49884.07,45363.71,22.0,0.0,0.0,7.71,0.0,0.0,15.6,51.0,,,,22.3,10.3,324.0,10.1,4.1
2011-07-19 00:00:00+00:00,29.4,0.0,16.5,31.5,21.9,37.8,38.6,3.0,326.0,30.2,28.46,49826.33,44767.48,25.8,0.0,0.0,7.2,0.0,17.0,16.9,56.0,,,,19.0,8.5,326.0,8.3,4.3
2011-07-20 00:00:00+00:00,29.6,0.0,14.0,31.7,22.3,37.2,37.7,0.0,320.0,31.0,28.58,49767.07,45108.19,25.9,0.0,0.0,7.33,0.0,0.0,17.6,55.0,,,,21.0,9.0,320.0,7.9,2.4
2011-07-21 00:00:00+00:00,30.4,0.0,14.0,32.7,21.9,38.9,40.3,3.0,338.0,26.6,28.23,49705.77,44870.51,25.7,0.0,0.0,7.23,0.0,15.0,17.6,55.0,,,,18.1,7.7,338.0,8.3,2.1
2011-07-22 00:00:00+00:00,29.0,0.0,18.7,30.9,23.3,36.0,37.1,2.0,327.0,34.2,27.75,49642.36,44405.21,26.8,0.0,0.0,7.25,0.0,13.0,18.0,56.0,,,,23.4,10.9,327.0,10.1,4.4
2011-07-23 00:00:00+00:00,28.5,0.0,17.9,29.3,20.7,36.3,36.1,0.0,342.0,35.6,28.76,49576.95,44852.62,23.6,0.0,0.0,7.76,0.0,0.0,15.3,52.0,,,,24.5,11.2,342.0,7.9,4.0
2011-07-24 00:00:00+00:00,29.0,0.0,10.1,30.6,21.3,37.1,38.1,0.0,357.0,23.4,28.79,49509.62,44845.16,24.0,0.0,0.0,6.95,0.0,0.0,15.7,50.0,,,,16.8,6.9,357.0,6.8,1.8
2011-07-25 00:00:00+00:00,31.6,0.0,18.8,32.8,22.9,39.9,40.9,0.0,347.0,36.7,28.13,49440.46,44721.98,24.7,0.0,0.0,8.1,0.0,0.0,16.3,44.0,,,,20.4,10.3,347.0,7.2,0.8
2011-07-26 00:00:00+00:00,28.8,0.0,21.5,29.9,21.1,36.9,37.0,1.0,22.0,40.7,28.59,49369.57,44498.85,23.9,0.0,0.0,7.94,0.0,4.0,17.5,56.0,,,,29.2,15.0,22.0,14.8,8.9
2011-07-27 00:00:00+00:00,28.9,0.0,27.9,29.0,21.6,37.4,36.0,3.0,24.0,53.3,27.64,49297.03,44062.71,23.8,0.0,0.0,8.42,0.0,17.0,17.2,57.0,,,,38.0,20.3,24.0,22.0,13.7
2011-07-28 00:00:00+00:00,29.0,0.0,20.4,30.2,21.4,37.2,37.6,0.0,348.0,40.3,28.32,49222.93,44266.52,23.9,0.0,0.0,7.82,0.0,0.0,17.1,54.0,,,,27.4,13.2,348.0,10.8,6.8
2011-07-29 00:00:00+00:00,29.0,0.0,17.7,31.2,21.0,37.6,38.7,1.0,343.0,32.4,28.19,49147.37,44159.91,24.2,0.0,0.0,7.36,0.0,2.0,18.5,59.0,,,,22.7,10.6,343.0,9.0,3.3
2011-07-30 00:00:00+00:00,29.5,0.0,21.3,31.5,23.1,38.4,39.2,3.0,356.0,39.6,27.33,49070.42,42794.3,26.2,0.0,0.0,7.59,0.0,26.0,19.3,61.0,,,,28.4,14.0,356.0,16.2,8.5
2011-07-31 00:00:00+00:00,29.0,0.0,18.8,30.5,21.3,37.2,37.8,1.0,360.0,35.3,27.79,48992.18,43948.86,24.4,0.0,0.0,7.56,0.0,3.0,18.0,58.0,,,,26.3,13.4,360.0,15.1,8.6
2011-08-01 00:00:00+00:00,28.2,0.0,17.5,29.7,20.4,36.6,36.5,3.0,352.0,33.8,27.61,48912.72,43621.23,23.5,0.0,0.0,7.27,0.0,17.0,17.0,58.0,,,,23.7,11.1,352.0,10.4,5.6
2011-08-02 00:00:00+00:00,29.0,0.0,22.2,29.7,20.2,37.6,37.0,0.0,7.0,44.3,27.9,48832.13,43845.66,22.8,0.0,0.0,8.06,0.0,0.0,16.4,54.0,,,,28.5,14.3,7.0,13.0,7.3
2011-08-03 00:00:00+00:00,30.0,0.0,19.9,30.6,21.6,38.0,38.3,0.0,13.0,39.6,27.56,48750.49,43746.25,23.7,0.0,0.0,8.15,0.0,0.0,16.2,48.0,,,,27.0,13.4,13.0,14.8,8.0
2011-08-04 00:00:00+00:00,29.3,0.0,17.1,30.7,21.9,36.7,37.5,0.0,355.0,35.3,27.39,48667.89,43654.82,24.8,0.0,0.0,7.57,0.0,0.0,17.3,53.0,,,,24.5,12.3,355.0,11.2,7.6
2011-08-05 00:00:00+00:00,28.5,0.0,16.2,30.7,21.0,35.7,37.6,3.0,340.0,29.2,26.62,48584.39,43471.05,24.5,0.0,0.0,6.82,0.0,14.0,18.8,61.0,,,,22.5,10.8,340.0,9.0,4.3
2011-08-06 00:00:00+00:00,28.9,0.0,18.7,30.7,22.5,36.1,36.6,3.0,342.0,34.2,26.77,48500.08,43333.75,26.4,0.0,0.0,7.21,0.0,19.0,17.8,58.0,,,,24.1,11.9,342.0,11.2,7.1
2011-08-07 00:00:00+00:00,28.3,0.0,18.6,30.0,21.0,36.2,37.0,3.0,335.0,36.4,26.75,48415.04,42656.27,24.4,0.0,0.0,7.06,0.0,17.0,18.0,59.0,,,,24.5,11.5,335.0,9.0,4.3
2011-08-08 00:00:00+00:00,28.4,0.0,16.4,30.4,23.1,35.6,36.8,3.0,341.0,30.2,26.25,48329.34,42970.97,26.0,0.0,0.0,6.7,0.0,26.0,18.4,60.0,,,,24.1,11.1,341.0,13.7,6.9
2011-08-09 00:00:00+00:00,28.5,0.0,18.3,30.5,21.9,36.4,37.2,3.0,337.0,33.1,26.78,48242.98,41908.64,25.6,0.0,0.0,6.86,0.0,19.0,17.6,59.0,,,,22.0,10.1,337.0,10.4,5.4
2011-08-10 00:00:00+00:00,28.4,0.0,14.5,30.3,21.6,36.2,37.1,3.0,321.0,25.9,26.74,48155.3,43055.54,25.4,0.0,0.0,6.61,0.0,20.0,17.0,58.0,,,,19.2,8.4,321.0,7.9,3.9
2011-08-11 00:00:00+00:00,28.9,0.0,15.6,30.4,19.3,37.4,37.7,1.0,328.0,29.9,27.31,48066.21,43200.0,21.8,0.0,0.0,7.13,0.0,2.0,16.3,54.0,,,,20.7,9.5,328.0,7.2,4.1
2011-08-12 00:00:00+00:00,28.1,0.0,22.0,29.8,22.0,35.7,36.7,3.0,322.0,41.0,25.89,47975.79,42064.23,25.1,0.0,0.0,7.05,0.0,24.0,18.0,60.0,,,,26.3,12.6,322.0,7.9,3.9
2011-08-13 00:00:00+00:00,27.0,0.0,18.7,27.9,22.3,33.4,34.1,2.0,309.0,36.7,24.77,47884.13,40958.71,24.2,0.0,0.0,6.6,0.0,22.0,16.6,56.0,,,,26.6,12.7,309.0,13.0,5.8
2011-08-14 00:00:00+00:00,27.3,0.0,16.3,28.6,20.5,34.1,35.2,1.0,314.0,31.0,25.81,47791.33,43200.0,22.8,0.0,0.0,6.53,0.0,6.0,16.8,57.0,,,,22.0,10.1,314.0,8.6,4.7
2011-08-15 00:00:00+00:00,27.4,0.0,16.4,28.8,20.0,34.5,34.9,1.0,335.0,31.3,26.39,47697.46,43200.0,22.4,0.0,0.0,6.7,0.0,3.0,16.6,57.0,,,,21.1,9.9,335.0,8.6,4.0
2011-08-16 00:00:00+00:00,27.4,0.0,16.3,28.7,20.3,34.4,35.0,0.0,344.0,30.2,26.71,47602.61,43200.0,22.8,0.0,0.0,6.67,0.0,0.0,16.4,56.0,,,,21.0,9.5,344.0,7.6,3.2
2011-08-17 00:00:00+00:00,27.9,0.0,16.3,29.3,20.6,35.1,35.6,0.0,350.0,30.2,26.7,47506.86,43200.0,23.5,0.0,0.0,6.88,0.0,1.0,16.1,55.0,,,,21.2,9.6,350.0,7.6,4.4
2011-08-18 00:00:00+00:00,28.2,0.0,15.9,28.8,21.3,35.3,34.9,0.0,346.0,34.6,26.88,47410.3,43200.0,23.8,0.0,0.0,7.11,0.0,0.0,14.6,49.0,,,,21.2,9.8,346.0,6.5,3.6
2011-08-19 00:00:00+00:00,27.9,0.0,15.8,29.4,19.4,35.4,36.4,1.0,338.0,28.8,26.3,47313.0,43200.0,21.4,0.0,0.0,6.65,0.0,3.0,16.6,55.0,,,,20.1,9.5,338.0,8.3,4.8
2011-08-20 00:00:00+00:00,29.0,0.0,19.0,31.6,22.6,37.0,38.8,3.0,335.0,34.2,25.1,47215.04,38457.13,26.9,0.0,0.0,6.57,0.0,23.0,19.4,63.0,,,,22.6,10.1,335.0,9.7,5.3
2011-08-21 00:00:00+00:00,28.9,0.0,15.5,30.6,21.2,36.5,37.6,3.0,349.0,28.1,25.67,47116.5,43200.0,24.7,0.0,0.0,6.6,0.0,7.0,16.6,56.0,,,,19.6,8.8,349.0,9.0,5.2
2011-08-22 00:00:00+00:00,30.5,0.0,17.1,31.6,22.2,37.7,39.2,0.0,29.0,30.2,26.18,47017.46,43200.0,25.4,0.0,0.0,7.3,0.0,0.0,15.4,47.0,,,,21.8,10.1,29.0,12.6,6.0
2011-08-23 00:00:00+00:00,30.8,0.0,17.0,31.2,23.2,37.6,38.5,0.0,16.0,31.7,26.01,46917.98,43200.0,24.8,0.0,0.0,7.79,0.0,0.0,14.8,41.0,,,,23.0,11.4,16.0,13.7,7.7
2011-08-24 00:00:00+00:00,28.6,0.0,18.3,29.7,21.3,35.7,35.3,0.0,351.0,33.8,26.36,46818.16,43200.0,24.6,0.0,0.0,7.13,0.0,2.0,16.2,53.0,,,,24.4,11.4,351.0,10.4,5.8
2011-08-25 00:00:00+00:00,28.7,0.0,18.7,29.8,21.8,36.7,35.5,3.0,340.0,36.7,25.49,46718.05,43200.0,25.4,0.0,0.0,7.26,0.0,18.0,15.9,55.0,,,,24.1,11.6,340.0,11.5,6.2
2011-08-26 00:00:00+00:00,28.8,0.0,15.1,29.3,21.7,36.3,35.9,0.0,356.0,31.0,26.24,46617.72,43200.0,23.9,0.0,0.0,7.01,0.0,0.0,13.5,45.0,,,,18.6,8.7,356.0,5.0,2.7
2011-08-27 00:00:00+00:00,29.4,0.0,15.5,30.1,21.8,36.5,36.1,0.0,347.0,34.9,25.85,46517.26,43200.0,24.7,0.0,0.0,7.25,0.0,0.0,14.7,48.0,,,,22.2,10.0,347.0,9.7,1.1
2011-08-28 00:00:00+00:00,27.6,0.0,18.2,28.3,19.6,34.8,34.5,0.0,342.0,34.2,25.69,46416.71,43149.8,22.0,0.0,0.0,6.88,0.0,0.0,15.4,52.0,,,,22.9,10.9,342.0,9.7,4.7
2011-08-29 00:00:00+00:00,27.8,0.0,15.5,29.3,21.2,34.5,34.9,1.0,342.0,32.0,25.32,46316.1,43084.21,24.2,0.0,0.0,6.45,0.0,2.0,16.5,56.0,,,,19.8,8.7,342.0,6.1,2.7
2011-08-30 00:00:00+00:00,27.6,0.0,16.2,28.6,20.2,34.2,34.7,0.0,339.0,31.0,24.93,46214.72,43017.49,22.5,0.0,0.0,6.48,0.0,2.0,15.9,54.0,,,,21.4,10.0,339.0,7.6,5.0
2011-08-31 00:00:00+00:00,27.3,0.0,19.2,28.3,20.3,34.0,34.8,0.0,350.0,35.6,24.4,46112.47,42949.66,22.9,0.0,0.0,6.51,0.0,3.0,16.4,56.0,,,,23.4,11.0,350.0,8.3,4.7
2011-09-01 00:00:00+00:00,26.8,0.0,17.8,27.6,19.8,33.9,34.1,0.0,335.0,32.8,25.15,46009.41,42880.82,22.0,0.0,0.0,6.61,0.0,1.0,15.4,55.0,,,,22.8,10.7,335.0,9.0,4.7
2011-09-02 00:00:00+00:00,27.4,0.0,15.1,28.8,21.1,34.1,34.4,2.0,318.0,33.1,23.31,45905.62,39349.28,24.2,0.0,0.0,6.11,0.0,10.0,17.1,59.0,,,,22.5,10.4,318.0,8.3,4.3
2011-09-03 00:00:00+00:00,28.1,0.0,14.7,29.9,21.5,35.7,36.5,3.0,303.0,29.5,23.86,45801.17,42740.45,25.3,0.0,0.0,6.2,0.0,20.0,17.0,58.0,,,,20.0,9.0,303.0,8.6,4.6
2011-09-04 00:00:00+00:00,28.1,0.0,15.2,29.7,21.5,34.8,35.4,1.0,325.0,28.1,23.99,45696.14,42669.09,25.2,0.0,0.0,6.17,0.0,7.0,16.4,55.0,,,,18.5,8.3,325.0,8.3,2.6
2011-09-05 00:00:00+00:00,28.3,0.0,16.9,29.2,20.1,35.9,35.2,0.0,2.0,31.3,24.54,45590.6,42597.07,22.7,0.0,0.0,6.75,0.0,0.0,15.3,52.0,,,,22.1,10.3,2.0,11.2,6.1
2011-09-06 00:00:00+00:00,28.4,0.0,19.9,29.5,20.6,36.3,35.8,3.0,341.0,38.2,24.07,45484.61,42524.48,23.5,0.0,0.0,6.76,0.0,10.0,16.5,55.0,,,,23.9,11.6,341.0,8.3,4.7
2011-09-07 00:00:00+00:00,27.3,0.0,13.0,28.7,20.3,34.4,34.5,3.0,319.0,28.8,24.27,45378.26,42366.21,23.2,0.0,0.0,6.01,0.0,22.0,16.0,58.0,,,,19.8,8.7,319.0,8.3,6.0
2011-09-08 00:00:00+00:00,27.6,0.0,14.5,28.9,19.4,34.8,35.1,1.0,320.0,31.7,24.26,45271.61,42377.92,21.8,0.0,0.0,6.23,0.0,8.0,16.0,56.0,,,,19.2,8.5,320.0,9.0,1.5
2011-09-09 00:00:00+00:00,28.2,0.0,15.9,29.6,21.7,34.1,34.4,1.0,349.0,29.5,21.31,45164.71,42304.12,25.1,0.0,0.0,5.85,0.0,7.0,17.1,55.0,,,,21.0,9.6,349.0,7.6,4.0
2011-09-10 00:00:00+00:00,27.7,0.0,18.5,29.1,20.8,34.0,34.9,0.0,8.0,34.6,23.28,45057.65,42230.1,23.9,0.0,0.0,6.11,0.0,4.0,16.8,57.0,,,,21.0,9.9,8.0,8.6,5.0
2011-09-11 00:00:00+00:00,27.6,0.0,18.7,29.0,21.4,34.7,35.3,2.0,9.0,35.3,22.92,44950.49,42152.93,24.0,0.0,0.0,6.19,0.0,11.0,17.7,59.0,,,,24.8,11.8,9.0,10.8,6.5
2011-09-12 00:00:00+00:00,28.2,0.0,20.3,29.9,21.9,36.2,36.7,3.0,358.0,37.8,22.81,44843.3,41557.95,25.2,0.0,0.0,6.19,0.0,20.0,17.9,60.0,,,,24.3,11.4,358.0,13.3,7.6
2011-09-13 00:00:00+00:00,27.6,0.0,14.9,28.8,20.6,34.7,34.9,0.0,340.0,29.9,23.72,44736.14,41941.57,23.9,0.0,0.0,6.08,0.0,0.0,15.6,55.0,,,,19.6,8.9,340.0,7.2,4.0
2011-09-14 00:00:00+00:00,27.2,0.0,18.0,28.2,19.6,34.3,33.9,0.0,353.0,33.1,23.98,44629.07,41835.8,22.0,0.0,0.0,6.21,0.0,0.0,16.0,57.0,,,,22.6,10.7,353.0,9.7,5.6
2011-09-15 00:00:00+00:00,27.2,0.0,18.3,28.8,20.7,34.6,35.5,2.0,346.0,33.5,22.75,44522.16,41730.04,23.7,0.0,0.0,5.88,0.0,16.0,17.5,61.0,,,,22.4,10.4,346.0,10.4,5.8
2011-09-16 00:00:00+00:00,27.1,0.0,14.7,28.4,21.3,34.2,34.6,3.0,5.0,26.3,22.67,44415.47,39339.89,24.5,0.0,0.0,5.78,0.0,22.0,16.0,57.0,,,,19.5,9.5,5.0,12.2,5.9
2011-09-17 00:00:00+00:00,27.7,0.0,20.1,28.2,20.9,35.8,34.5,1.0,24.0,36.0,22.89,44309.08,41518.87,23.8,0.0,0.0,6.62,0.0,5.0,15.8,57.0,,,,25.2,13.2,24.0,12.2,6.8
2011-09-18 00:00:00+00:00,27.7,0.0,18.5,27.8,20.6,35.6,34.2,1.0,23.0,35.6,22.91,44202.96,41220.73,23.0,0.0,0.0,6.72,0.0,7.0,15.0,54.0,,,,26.8,14.0,23.0,16.6,10.0
2011-09-19 00:00:00+00:00,27.3,0.0,17.0,27.4,20.6,34.1,34.1,0.0,352.0,31.3,22.9,44096.41,40924.36,21.6,0.0,0.0,6.25,0.0,0.0,13.9,47.0,,,,20.5,9.9,352.0,7.6,5.4
2011-09-20 00:00:00+00:00,27.1,0.0,15.8,27.9,20.8,34.4,34.5,1.0,4.0,32.4,22.44,43989.32,40755.69,23.0,0.0,0.0,6.04,0.0,4.0,15.6,54.0,,,,21.9,10.1,4.0,6.8,3.4
2011-09-21 00:00:00+00:00,27.5,0.0,13.1,27.9,20.8,34.8,34.3,0.0,6.0,27.0,23.17,43881.73,40707.23,23.0,0.0,0.0,6.06,0.0,0.0,13.6,49.0,,,,18.0,8.6,6.0,7.2,5.1
2011-09-22 00:00:00+00:00,27.8,0.0,19.6,28.3,20.8,35.1,34.9,0.0,330.0,42.8,22.54,43773.74,40428.14,22.6,0.0,0.0,5.95,0.0,0.0,14.2,48.0,,,,20.6,8.7,330.0,7.9,2.5
2011-09-23 00:00:00+00:00,26.4,0.0,18.0,27.2,21.0,31.6,30.6,3.0,301.0,36.4,18.35,43665.4,38297.49,23.4,0.0,0.0,5.19,0.0,26.0,16.5,58.0,,,,23.1,11.1,301.0,7.2,1.8
2011-09-24 00:00:00+00:00,25.6,0.0,16.3,26.3,18.8,31.1,30.4,3.0,297.0,36.4,18.96,43556.79,39024.08,20.6,0.0,0.0,5.11,0.0,19.0,15.9,58.0,,,,22.3,10.6,297.0,8.6,5.2
2011-09-25 00:00:00+00:00,26.1,0.0,16.6,27.3,20.9,31.1,31.5,2.0,338.0,29.9,18.21,43447.96,39543.35,23.8,0.0,0.0,4.83,0.0,22.0,16.8,60.0,,,,20.1,9.2,338.0,7.9,3.1
2011-09-26 00:00:00+00:00,26.1,0.0,17.3,26.7,20.0,32.1,32.6,0.0,350.0,31.0,21.79,43339.01,39613.96,22.1,0.0,0.0,5.47,0.0,1.0,14.4,53.0,,,,18.7,8.5,350.0,7.9,4.5
2011-09-27 00:00:00+00:00,26.2,0.0,16.8,26.9,18.7,32.7,33.2,0.0,13.0,31.3,21.54,43229.98,39478.87,20.4,0.0,0.0,5.55,0.0,1.0,15.0,54.0,,,,20.9,9.6,13.0,10.1,5.9
2011-09-28 00:00:00+00:00,26.7,0.0,17.4,27.6,20.4,33.2,33.2,1.0,21.0,31.0,20.95,43120.96,39443.95,23.0,0.0,0.0,5.43,0.0,8.0,15.9,58.0,,,,21.8,10.4,21.0,12.2,6.9
2011-09-29 00:00:00+00:00,26.7,0.0,15.2,27.6,19.6,33.4,33.4,1.0,9.0,28.4,21.25,43012.02,39315.66,22.2,0.0,0.0,5.4,0.0,3.0,15.3,57.0,,,,20.6,9.0,9.0,9.4,5.5
2011-09-30 00:00:00+00:00,26.8,0.0,17.9,27.1,19.7,33.9,33.4,0.0,353.0,30.6,20.78,42903.21,39105.36,21.3,0.0,0.0,5.73,0.0,3.0,14.1,50.0,,,,20.9,9.6,353.0,10.8,3.2
2011-10-01 00:00:00+00:00,26.3,0.0,17.8,26.9,20.7,32.4,31.9,3.0,336.0,31.7,20.24,42794.61,39076.12,23.3,0.0,0.0,5.47,0.0,16.0,15.1,55.0,,,,20.9,9.8,336.0,6.5,3.8
2011-10-02 00:00:00+00:00,25.3,0.0,15.7,25.4,20.1,31.3,31.2,2.0,326.0,34.6,20.51,42686.3,38901.67,21.4,0.0,0.0,5.32,0.0,12.0,13.3,51.0,,,,20.3,8.7,326.0,7.6,3.0
2011-10-03 00:00:00+00:00,25.1,0.0,17.8,25.6,19.5,31.1,31.0,0.0,352.0,33.8,20.39,42578.34,38865.92,21.4,0.0,0.0,5.07,0.0,1.0,14.2,55.0,,,,18.9,8.2,352.0,7.2,1.9
2011-10-04 00:00:00+00:00,25.5,0.0,18.7,26.0,19.0,31.9,31.4,1.0,19.0,35.3,19.36,42470.8,38829.78,20.8,0.0,0.0,5.26,0.0,4.0,15.9,60.0,,,,24.0,12.0,19.0,11.2,7.1
2011-10-05 00:00:00+00:00,25.1,0.0,18.7,25.2,19.6,31.3,30.9,1.0,8.0,36.0,19.86,42363.75,38793.21,21.1,0.0,0.0,5.45,0.0,5.0,15.7,60.0,,,,28.5,14.3,8.0,16.9,9.9
2011-10-06 00:00:00+00:00,24.9,0.0,20.5,24.5,18.5,31.7,30.7,0.0,10.0,39.6,20.2,42257.27,38756.21,19.5,0.0,0.0,5.76,0.0,0.0,14.1,55.0,,,,27.5,13.6,10.0,13.3,7.8
2011-10-07 00:00:00+00:00,25.5,0.0,19.3,25.1,17.8,32.8,31.6,3.0,32.0,36.4,20.09,42151.43,38718.75,18.7,0.0,0.0,5.83,0.0,16.0,14.2,54.0,,,,25.5,13.3,32.0,14.0,8.2
2011-10-08 00:00:00+00:00,27.5,0.0,13.0,27.4,19.7,34.8,34.4,3.0,24.0,25.2,19.79,42046.22,38558.37,20.4,0.0,0.0,5.46,0.0,41.0,12.7,44.0,,,,18.7,8.4,24.0,10.8,1.1
2011-10-09 00:00:00+00:00,28.9,0.0,13.0,28.4,21.2,36.4,35.7,0.0,70.0,28.8,19.97,41940.88,38642.47,21.5,0.0,0.0,5.69,0.0,0.0,11.3,38.0,,,,17.6,8.5,70.0,11.5,5.7
2011-10-10 00:00:00+00:00,30.0,0.0,14.6,28.4,21.2,38.2,36.4,0.0,208.0,31.3,20.1,41835.27,38603.75,19.9,0.0,0.0,6.59,0.0,0.0,8.5,28.0,,,,19.7,9.7,208.0,11.5,5.9
2011-10-11 00:00:00+00:00,24.9,0.0,21.7,24.3,21.2,29.4,27.4,1.0,269.0,44.6,19.39,41729.45,38564.64,18.8,0.0,0.0,5.43,0.0,6.0,11.6,50.0,,,,24.8,11.9,269.0,8.3,5.0
2011-10-12 00:00:00+00:00,22.5,0.0,15.9,20.3,16.1,28.3,26.1,0.0,265.0,33.8,20.0,41623.52,38525.13,14.3,0.0,0.0,5.3,0.0,0.0,5.8,35.0,,,,19.0,9.3,265.0,9.7,4.8
2011-10-13 00:00:00+00:00,22.8,0.0,17.6,22.0,16.4,28.8,28.2,0.0,15.0,32.0,19.61,41517.55,38485.22,16.0,0.0,0.0,4.76,0.0,1.0,10.6,49.0,,,,18.6,8.4,15.0,7.9,1.6
2011-10-14 00:00:00+00:00,23.6,0.0,18.2,22.7,18.0,29.4,28.3,0.0,27.0,34.2,19.34,41411.61,38444.9,18.0,0.0,0.0,5.14,0.0,1.0,12.2,52.0,,,,24.0,12.0,27.0,14.8,7.4
2011-10-15 00:00:00+00:00,23.7,0.0,16.3,23.4,17.4,29.7,29.2,0.0,9.0,29.9,18.94,41305.8,38404.17,18.2,0.0,0.0,4.83,0.0,0.0,13.3,56.0,,,,22.1,10.7,9.0,12.6,7.1
2011-10-16 00:00:00+00:00,23.4,0.0,15.5,23.0,16.7,29.7,28.8,3.0,3.0,28.4,19.21,41200.18,38363.02,17.2,0.0,0.0,4.77,0.0,25.0,12.2,53.0,,,,20.3,9.2,3.0,9.0,5.1
2011-10-17 00:00:00+00:00,24.1,0.0,12.0,23.6,17.8,30.2,29.3,3.0,13.0,24.1,18.59,41094.86,36533.38,18.9,0.0,0.0,4.66,0.0,70.0,11.2,50.0,,,,17.1,7.7,13.0,9.4,2.7
2011-10-18 00:00:00+00:00,25.6,0.0,20.5,24.6,18.3,33.2,31.4,3.0,41.0,37.1,18.73,40989.89,38144.71,18.0,0.0,0.0,5.29,0.0,24.0,10.4,44.0,,,,22.0,10.2,41.0,11.9,4.7
2011-10-19 00:00:00+00:00,22.7,0.0,23.1,20.7,18.4,28.2,26.4,3.0,18.0,43.6,18.48,40885.38,37876.78,16.1,0.0,0.0,5.58,0.0,19.0,11.9,53.0,,,,38.2,19.6,18.0,31.0,16.1
2011-10-20 00:00:00+00:00,20.9,0.0,20.8,18.7,15.9,27.2,24.5,1.0,21.0,41.0,18.25,40781.41,37539.41,14.4,0.0,0.0,5.09,0.0,8.0,9.9,52.0,,,,30.9,15.9,21.0,18.4,10.4
2011-10-21 00:00:00+00:00,21.7,0.0,19.2,20.0,16.1,28.7,26.6,0.0,12.0,39.6,18.22,40678.05,37819.55,14.8,0.0,0.0,5.12,0.0,6.0,11.3,54.0,,,,30.8,15.8,12.0,21.6,11.6
2011-10-22 00:00:00+00:00,21.7,0.0,19.8,20.4,17.0,27.8,26.4,1.0,349.0,37.1,16.65,40575.41,36492.49,16.5,0.0,0.0,4.57,0.0,14.0,11.6,55.0,,,,26.7,13.3,349.0,18.7,9.7
2011-10-23 00:00:00+00:00,21.1,0.0,14.1,19.9,15.0,27.3,25.9,3.0,355.0,26.3,17.78,40473.56,36687.92,14.5,0.0,0.0,4.33,0.0,47.0,10.2,53.0,,,,20.6,10.1,355.0,14.4,7.6
2011-10-24 00:00:00+00:00,21.5,0.0,15.6,20.8,15.8,27.4,26.5,2.0,342.0,28.8,17.93,40372.61,37499.88,15.6,0.0,0.0,4.24,0.0,13.0,11.4,55.0,,,,18.9,9.0,342.0,8.3,3.8
2011-10-25 00:00:00+00:00,21.6,0.0,19.7,20.9,14.7,27.7,26.4,3.0,352.0,35.6,15.78,40272.64,33908.14,14.9,0.0,0.0,4.05,0.0,64.0,12.5,61.0,,,,22.7,10.9,352.0,9.4,6.5
2011-10-26 00:00:00+00:00,21.9,0.0,15.5,21.4,14.8,28.4,27.4,0.0,350.0,33.1,16.75,40173.74,37120.35,15.1,0.0,0.0,4.21,0.0,5.0,12.0,58.0,,,,18.6,9.0,350.0,8.3,2.6
2011-10-27 00:00:00+00:00,22.6,0.0,17.0,22.3,16.0,28.6,28.0,3.0,19.0,31.3,15.21,40076.02,28046.85,16.8,0.0,0.0,4.11,0.0,36.0,12.7,57.0,,,,18.7,9.1,19.0,10.8,3.5
2011-10-28 00:00:00+00:00,22.2,0.0,15.2,21.7,18.2,26.8,26.0,2.0,13.0,28.8,14.65,39979.47,36261.38,18.9,0.0,0.0,3.88,0.0,30.0,13.4,59.0,,,,22.4,10.9,13.0,14.0,7.0
2011-10-29 00:00:00+00:00,21.2,0.0,19.9,19.8,15.6,26.3,24.0,1.0,8.0,34.6,15.22,39883.27,35144.45,15.6,0.0,0.0,4.13,0.0,11.0,10.1,52.0,,,,21.7,10.6,8.0,8.6,4.1
2011-10-30 00:00:00+00:00,19.5,0.0,16.4,17.7,12.5,25.6,23.2,1.0,323.0,31.7,16.83,39787.27,36613.29,11.6,0.0,0.0,4.2,0.0,11.0,8.5,53.0,,,,20.8,10.4,323.0,8.6,5.0
2011-10-31 00:00:00+00:00,19.8,0.0,16.2,17.8,14.8,25.2,22.6,1.0,342.0,31.7,16.03,39691.55,35971.52,14.0,0.0,0.0,4.2,0.0,16.0,8.3,51.0,,,,22.1,11.2,342.0,10.1,6.1
2011-11-01 00:00:00+00:00,19.5,0.0,14.3,17.5,13.6,25.4,22.5,1.0,10.0,29.9,16.96,39596.21,36141.75,12.5,0.0,0.0,4.26,0.0,6.0,7.4,50.0,,,,21.1,10.8,10.0,12.2,6.9
2011-11-02 00:00:00+00:00,19.7,0.0,10.6,18.4,12.2,26.4,24.6,0.0,18.0,24.8,16.8,39501.34,36192.74,11.5,0.0,0.0,3.75,0.0,0.0,9.0,54.0,,,,16.7,8.1,18.0,9.0,5.9
2011-11-03 00:00:00+00:00,20.3,0.0,12.2,19.4,13.9,27.0,26.1,3.0,12.0,22.7,15.73,39407.05,34913.91,13.5,0.0,0.0,3.5,0.0,30.0,9.7,55.0,,,,15.7,6.9,12.0,10.8,1.1
2011-11-04 00:00:00+00:00,19.2,0.0,18.7,17.8,14.0,24.6,22.0,1.0,325.0,37.1,16.57,39313.42,35531.59,14.2,0.0,0.0,3.9,0.0,5.0,10.5,62.0,,,,23.4,11.5,325.0,11.2,5.1
2011-11-05 00:00:00+00:00,18.9,0.0,11.7,17.0,13.8,24.5,22.5,1.0,323.0,24.5,16.65,39220.56,35689.67,12.7,0.0,0.0,3.83,0.0,14.0,6.5,47.0,,,,17.2,8.1,323.0,10.1,5.6
2011-11-06 00:00:00+00:00,18.6,0.0,14.8,17.1,12.6,24.4,22.3,0.0,351.0,26.6,15.74,39128.57,35736.15,11.8,0.0,0.0,3.51,0.0,3.0,8.0,52.0,,,,17.1,7.6,351.0,4.0,2.5
2011-11-07 00:00:00+00:00,18.7,0.0,14.8,17.0,11.9,25.3,22.6,3.0,20.0,31.3,16.41,39037.54,35477.13,11.1,0.0,0.0,3.87,0.0,21.0,9.0,57.0,,,,21.7,11.1,20.0,11.9,7.1
2011-11-08 00:00:00+00:00,19.1,0.0,17.4,17.4,12.4,25.9,23.0,3.0,31.0,36.4,16.21,38947.59,35423.65,11.6,0.0,0.0,4.01,0.0,13.0,9.6,59.0,,,,24.3,12.5,31.0,13.0,8.2
2011-11-09 00:00:00+00:00,19.1,0.0,20.7,16.7,13.0,25.4,21.5,3.0,41.0,41.8,15.57,38858.83,32828.45,12.0,0.0,0.0,4.23,0.0,78.0,8.5,55.0,,,,27.4,14.5,41.0,14.8,8.6
2011-11-10 00:00:00+00:00,19.2,0.0,17.1,16.8,12.9,25.8,22.2,3.0,43.0,34.9,15.32,38771.35,32825.27,11.6,0.0,0.0,4.17,0.0,68.0,7.8,52.0,,,,24.1,13.1,43.0,16.2,9.4
2011-11-11 00:00:00+00:00,19.8,0.0,16.6,17.9,13.3,27.3,23.8,0.0,50.0,33.1,16.17,38685.27,35085.01,12.1,0.0,0.0,4.19,0.0,2.0,9.3,57.0,,,,25.0,13.4,50.0,18.0,10.7
2011-11-12 00:00:00+00:00,19.7,0.0,11.5,19.4,14.2,26.6,25.1,3.0,35.0,24.5,14.81,38600.69,34313.13,14.5,0.0,0.0,3.14,0.0,14.0,12.5,68.0,,,,17.5,8.7,35.0,10.1,6.9
2011-11-13 00:00:00+00:00,18.8,0.0,12.3,18.5,12.9,24.2,22.8,1.0,328.0,28.1,13.53,38517.74,34571.7,12.7,0.0,0.0,2.85,0.0,16.0,12.0,68.0,,,,15.1,7.0,328.0,8.3,0.7
2011-11-14 00:00:00+00:00,16.3,4.4,19.8,15.2,12.2,20.6,18.5,55.0,233.0,51.1,11.86,38436.52,33285.51,11.2,6.0,4.4,2.27,0.0,28.0,11.6,75.0,,,,23.2,10.5,233.0,5.0,2.9
2011-11-15 00:00:00+00:00,15.3,0.0,28.8,11.1,11.5,19.9,14.5,2.0,230.0,55.1,15.18,38357.16,34307.08,7.6,0.0,0.0,4.12,0.0,9.0,3.9,48.0,,,,36.1,19.2,230.0,20.9,12.5
2011-11-16 00:00:00+00:00,15.7,0.0,15.9,13.2,10.9,20.8,18.1,3.0,239.0,31.3,14.01,38279.77,34092.34,8.1,0.0,0.0,3.16,0.0,36.0,6.7,56.0,,,,22.3,11.9,239.0,8.6,4.1
2011-11-17 00:00:00+00:00,16.2,0.0,12.6,14.9,10.9,21.7,19.4,3.0,267.0,29.9,14.89,38204.38,34385.41,9.9,0.0,0.0,2.83,0.0,43.0,8.8,65.0,,,,16.2,7.4,267.0,4.0,1.8
2011-11-18 00:00:00+00:00,15.8,0.0,14.2,14.7,11.7,20.2,17.8,3.0,334.0,27.7,11.15,38130.21,33977.12,11.1,0.0,0.0,2.33,0.0,51.0,10.3,72.0,,,,16.6,8.4,334.0,6.1,1.0
2011-11-19 00:00:00+00:00,15.5,0.0,21.4,13.3,11.4,19.9,15.4,2.0,305.0,40.0,11.41,38057.12,33241.1,10.5,0.0,0.0,2.79,0.0,36.0,8.0,65.0,,,,22.9,11.7,305.0,10.1,5.4
2011-11-20 00:00:00+00:00,15.9,0.0,14.8,14.0,12.4,19.7,16.7,3.0,293.0,32.8,8.53,37985.21,25881.03,11.1,0.0,0.0,2.27,0.0,57.0,7.8,60.0,,,,19.3,9.1,293.0,10.1,5.6
2011-11-21 00:00:00+00:00,16.0,0.0,15.9,13.8,11.7,21.1,17.4,3.0,321.0,33.1,11.22,37914.54,33340.02,10.6,0.0,0.0,2.82,0.0,48.0,7.0,58.0,,,,19.7,9.8,321.0,9.7,5.5
2011-11-22 00:00:00+00:00,15.9,0.0,13.8,13.8,10.0,22.4,19.5,0.0,28.0,27.7,14.86,37845.23,34280.95,8.3,0.0,0.0,3.1,0.0,1.0,6.7,58.0,,,,16.5,8.7,28.0,9.0,4.1
2011-11-23 00:00:00+00:00,16.3,0.0,15.9,14.4,9.5,22.9,19.7,0.0,42.0,33.1,14.59,37777.34,34224.12,8.0,0.0,0.0,3.12,0.0,3.0,8.1,62.0,,,,20.0,10.1,42.0,12.6,7.4
2011-11-24 00:00:00+00:00,16.6,0.0,16.3,15.0,10.6,22.5,19.6,3.0,4.0,30.6,13.12,37711.0,33830.5,9.7,0.0,0.0,2.91,0.0,26.0,9.7,68.0,,,,21.0,10.4,4.0,10.1,4.1
2011-11-25 00:00:00+00:00,16.2,0.0,14.2,14.7,11.6,21.7,18.8,1.0,333.0,31.0,13.06,37646.29,34189.02,10.8,0.0,0.0,2.78,0.0,13.0,9.5,69.0,,,,19.2,9.7,333.0,9.4,4.6
2011-11-26 00:00:00+00:00,15.7,0.0,13.8,14.3,10.8,20.6,18.6,3.0,351.0,23.8,10.54,37583.29,32400.0,9.5,0.0,0.0,2.33,0.0,38.0,9.0,67.0,,,,16.4,8.0,351.0,8.6,2.2
2011-11-27 00:00:00+00:00,14.7,2.0,11.8,13.7,10.9,19.2,17.1,53.0,316.0,28.8,10.09,37522.11,32611.16,9.7,6.0,2.0,1.89,0.0,46.0,10.0,76.0,,,,16.7,6.9,316.0,6.8,1.5
2011-11-28 00:00:00+00:00,15.2,0.0,15.6,13.9,10.6,20.6,17.8,3.0,351.0,32.0,9.91,37462.84,29280.65,9.9,0.0,0.0,2.19,0.0,43.0,9.7,73.0,,,,17.5,8.7,351.0,8.6,5.2
2011-11-29 00:00:00+00:00,15.3,0.0,13.6,13.7,9.8,20.6,18.3,3.0,9.0,24.5,11.74,37405.59,32615.62,8.3,0.0,0.0,2.49,0.0,39.0,8.1,65.0,,,,16.1,8.1,9.0,7.6,3.0
2011-11-30 00:00:00+00:00,15.9,0.0,11.4,14.5,11.8,20.0,17.9,3.0,3.0,23.0,8.9,37350.45,24793.99,10.9,0.0,0.0,2.06,0.0,64.0,9.1,66.0,,,,16.0,8.1,3.0,9.7,5.1
2011-12-01 00:00:00+00:00,15.7,0.0,13.5,14.6,11.4,21.0,18.6,3.0,29.0,26.6,11.1,37297.52,33314.16,11.0,0.0,0.0,2.32,0.0,38.0,10.1,73.0,,,,16.8,8.1,29.0,9.7,3.2
2011-12-02 00:00:00+00:00,15.6,0.0,17.4,13.2,9.9,21.8,18.2,0.0,20.0,35.6,13.57,37246.9,34118.15,8.1,0.0,0.0,3.15,0.0,4.0,7.3,61.0,,,,23.6,12.4,20.0,13.7,8.1
2011-12-03 00:00:00+00:00,15.5,0.0,16.3,13.0,10.9,21.5,18.1,1.0,21.0,34.2,13.42,37198.7,34096.12,9.1,0.0,0.0,3.11,0.0,8.0,7.0,59.0,,,,23.4,12.3,21.0,14.8,8.4
2011-12-04 00:00:00+00:00,15.5,0.0,20.5,12.5,9.5,22.0,17.6,3.0,42.0,41.0,13.46,37153.0,31653.96,7.4,0.0,0.0,3.31,0.0,44.0,5.9,58.0,,,,24.8,13.7,42.0,15.8,10.7
2011-12-05 00:00:00+00:00,16.0,0.0,15.3,13.7,9.9,22.9,19.5,2.0,14.0,29.9,14.09,37109.9,33998.91,8.3,0.0,0.0,3.23,0.0,6.0,7.3,61.0,,,,22.8,11.8,14.0,14.4,8.1
2011-12-06 00:00:00+00:00,15.1,0.0,14.6,12.8,10.9,20.7,17.6,1.0,10.0,31.3,12.97,37069.53,33954.66,9.6,0.0,0.0,2.79,0.0,10.0,7.3,63.0,,,,20.9,10.8,10.0,12.6,7.2
2011-12-07 00:00:00+00:00,14.2,0.0,12.4,11.9,7.0,20.9,17.8,1.0,9.0,28.1,13.95,37031.91,33913.54,4.9,0.0,0.0,2.78,0.0,2.0,5.7,61.0,,,,17.4,9.2,9.0,11.2,6.9
2011-12-08 00:00:00+00:00,15.0,0.0,19.6,12.8,10.0,21.0,17.5,2.0,262.0,38.9,13.23,36996.6,33219.2,7.7,0.0,0.0,2.8,0.0,12.0,7.8,65.0,,,,22.0,11.9,262.0,11.5,7.4
2011-12-09 00:00:00+00:00,15.5,0.0,16.3,13.6,12.0,20.5,17.3,2.0,334.0,29.9,11.75,36963.51,33839.08,10.6,0.0,0.0,2.63,0.0,33.0,7.7,63.0,,,,18.0,8.8,334.0,7.2,2.3
2011-12-10 00:00:00+00:00,14.0,0.0,18.4,10.6,8.5,20.0,15.5,0.0,22.0,35.3,13.89,36932.67,33805.47,5.9,0.0,0.0,3.36,0.0,2.0,3.6,52.0,,,,25.0,13.5,22.0,15.8,9.0
2011-12-11 00:00:00+00:00,13.6,0.0,21.6,10.2,8.2,20.1,15.7,0.0,33.0,42.5,13.77,36904.1,33774.34,5.4,0.0,0.0,3.17,0.0,0.0,5.0,59.0,,,,28.0,15.1,33.0,18.0,11.0
2011-12-12 00:00:00+00:00,14.4,0.0,19.3,11.7,9.3,21.2,17.5,3.0,29.0,39.2,13.23,36877.85,33745.73,7.2,0.0,0.0,2.86,0.0,17.0,7.7,68.0,,,,27.6,14.6,29.0,19.8,10.9
2011-12-13 00:00:00+00:00,14.4,0.0,17.1,12.0,9.7,19.9,16.7,3.0,34.0,34.9,11.61,36853.94,29474.05,7.8,0.0,0.0,2.52,0.0,77.0,8.0,69.0,,,,23.7,13.0,34.0,18.0,10.6
2011-12-14 00:00:00+00:00,15.2,0.0,15.6,13.2,11.7,19.7,17.1,3.0,6.0,29.2,8.47,36832.41,15621.54,10.5,0.0,0.0,2.21,0.0,88.0,8.7,67.0,,,,21.0,11.2,6.0,13.3,6.9
2011-12-15 00:00:00+00:00,15.6,0.0,18.4,13.5,11.0,21.7,17.8,1.0,358.0,38.5,11.27,36813.29,33445.54,9.8,0.0,0.0,2.69,0.0,15.0,8.4,67.0,,,,23.9,11.9,358.0,13.7,7.7
2011-12-16 00:00:00+00:00,14.1,0.0,10.5,12.6,8.9,19.8,17.4,3.0,347.0,20.9,11.3,36796.6,32311.94,7.6,0.0,0.0,2.1,0.0,66.0,8.0,70.0,,,,14.3,7.1,347.0,5.8,3.3
2011-12-17 00:00:00+00:00,15.1,0.0,10.2,13.7,8.9,21.0,19.8,3.0,13.0,15.1,13.2,36782.38,33641.63,7.5,0.0,0.0,2.35,0.0,11.0,7.4,62.0,,,,10.6,5.2,13.0,7.9,1.3
2011-12-18 00:00:00+00:00,16.0,0.0,10.9,13.9,10.1,22.8,20.3,3.0,57.0,23.0,13.56,36770.64,31740.04,8.2,0.0,0.0,2.86,0.0,30.0,6.4,57.0,,,,14.3,8.1,57.0,7.6,5.7
2011-12-19 00:00:00+00:00,15.8,0.0,9.8,13.8,7.9,24.2,21.6,0.0,272.0,19.8,13.27,36761.43,33618.83,5.9,0.0,0.0,2.73,0.0,0.0,5.9,57.0,,,,13.1,6.9,272.0,9.0,2.3
2011-12-20 00:00:00+00:00,14.2,0.0,11.2,12.5,7.4,20.9,18.5,1.0,266.0,26.6,13.47,36754.77,33611.6,5.8,0.0,0.0,2.5,0.0,3.0,6.6,63.0,,,,13.7,6.5,266.0,4.0,1.8
2011-12-21 00:00:00+00:00,14.4,0.0,9.4,12.8,9.0,19.9,18.1,3.0,332.0,17.3,11.52,36750.68,31673.91,7.7,0.0,0.0,2.16,0.0,95.0,6.6,61.0,,,,11.5,5.5,332.0,5.8,1.4
2011-12-22 00:00:00+00:00,15.2,0.0,16.5,13.2,11.8,19.8,17.0,3.0,250.0,33.8,12.09,36749.18,33605.61,8.9,0.0,0.0,2.59,0.0,54.0,6.2,58.0,,,,15.1,7.9,250.0,1.4,1.1
2011-12-23 00:00:00+00:00,13.9,0.0,26.3,9.5,9.7,19.3,13.4,1.0,206.0,51.1,13.54,36750.31,33606.9,5.5,0.0,0.0,3.87,0.0,3.0,1.1,43.0,,,,31.3,17.1,206.0,14.8,8.8
2011-12-24 00:00:00+00:00,13.6,0.0,22.5,9.8,9.1,18.2,13.6,1.0,235.0,46.4,13.39,36754.08,33611.09,5.5,0.0,0.0,3.2,0.0,6.0,4.0,53.0,,,,30.4,16.1,235.0,17.3,9.5
2011-12-25 00:00:00+00:00,13.7,0.0,16.3,11.1,9.8,18.1,14.5,3.0,254.0,33.1,11.15,36760.51,30584.9,7.7,0.0,0.0,2.39,0.0,31.0,5.8,60.0,,,,19.9,10.3,254.0,10.1,5.7
2011-12-26 00:00:00+00:00,13.9,0.0,11.4,12.3,8.6,18.9,16.6,3.0,343.0,23.8,10.14,36769.62,32495.07,7.1,0.0,0.0,2.04,0.0,46.0,7.0,65.0,,,,13.2,6.1,343.0,4.7,0.8
2011-12-27 00:00:00+00:00,13.8,0.0,17.7,11.0,8.7,19.2,15.1,0.0,35.0,36.4,13.61,36781.46,33641.45,6.8,0.0,0.0,2.87,0.0,1.0,6.2,64.0,,,,25.5,13.3,35.0,15.8,8.2
2011-12-28 00:00:00+00:00,14.0,0.0,23.2,10.9,9.0,20.2,15.9,2.0,35.0,45.7,12.99,36796.13,33658.01,6.5,0.0,0.0,2.98,0.0,20.0,6.3,63.0,,,,28.3,15.1,35.0,18.0,9.9
2011-12-29 00:00:00+00:00,13.6,0.0,16.8,11.0,8.4,19.7,16.2,1.0,49.0,34.9,13.49,36813.63,33677.66,6.4,0.0,0.0,2.7,0.0,11.0,6.2,65.0,,,,21.9,11.5,49.0,15.1,8.4
2011-12-30 00:00:00+00:00,12.7,0.0,15.5,10.3,8.9,17.1,14.0,3.0,171.0,28.4,5.56,36833.89,8156.81,7.2,0.0,0.0,1.66,0.0,65.0,6.3,67.0,,,,18.7,9.9,171.0,10.8,2.9
2011-12-31 00:00:00+00:00,12.4,0.0,19.2,9.1,7.1,18.2,13.7,3.0,211.0,37.8,13.54,36856.87,33725.96,4.7,0.0,0.0,2.95,0.0,34.0,3.0,56.0,,,,23.5,12.1,211.0,12.6,6.9
2012-01-01 00:00:00+00:00,13.2,0.0,23.5,9.1,8.7,18.1,13.4,1.0,227.0,44.3,13.58,36882.49,33754.48,4.3,0.0,0.0,3.31,0.0,7.0,3.5,53.0,,,,32.8,17.7,227.0,18.7,10.5
2012-01-02 00:00:00+00:00,13.4,0.0,12.1,11.1,10.3,17.4,14.9,3.0,271.0,26.6,7.89,36910.7,25787.04,8.3,0.0,0.0,1.88,0.0,64.0,6.6,64.0,,,,18.6,9.4,271.0,12.2,7.1
2012-01-03 00:00:00+00:00,13.3,0.0,12.7,10.9,6.9,18.9,15.5,3.0,340.0,27.4,11.65,36941.43,31369.6,4.7,0.0,0.0,2.48,0.0,36.0,5.4,63.0,,,,18.0,9.2,340.0,10.4,5.1
2012-01-04 00:00:00+00:00,13.3,0.0,11.5,11.5,7.6,18.8,16.2,2.0,4.0,23.8,11.01,36974.61,33856.61,6.0,0.0,0.0,2.05,0.0,26.0,7.1,69.0,,,,15.6,7.4,4.0,9.7,4.4
2012-01-05 00:00:00+00:00,12.0,0.1,17.4,9.8,6.4,16.5,13.4,51.0,281.0,37.1,9.51,37010.2,33696.41,5.2,1.0,0.1,1.95,0.0,17.0,5.5,68.0,,,,16.8,7.9,281.0,4.3,1.1
2012-01-06 00:00:00+00:00,11.7,0.0,19.9,8.1,6.8,17.3,12.8,1.0,201.0,42.1,13.59,37048.11,33937.79,3.5,0.0,0.0,2.89,0.0,2.0,1.9,53.0,,,,24.9,12.7,201.0,10.1,6.5
2012-01-07 00:00:00+00:00,13.0,0.0,26.0,8.3,7.9,18.1,12.5,2.0,191.0,50.4,14.04,37088.3,33982.09,3.6,0.0,0.0,3.86,0.0,7.0,1.1,46.0,,,,34.8,18.7,191.0,23.4,13.7
2012-01-08 00:00:00+00:00,12.9,0.0,24.5,8.4,8.7,17.2,11.9,2.0,224.0,48.2,14.26,37130.68,34028.75,4.4,0.0,0.0,3.6,0.0,10.0,1.9,48.0,,,,34.3,18.4,224.0,24.1,14.7
2012-01-09 00:00:00+00:00,12.7,0.0,15.6,9.4,7.8,18.2,14.6,0.0,213.0,33.8,14.44,37175.21,34077.71,4.5,0.0,0.0,2.98,0.0,3.0,2.5,52.0,,,,23.2,11.7,213.0,10.8,5.6
2012-01-10 00:00:00+00:00,11.7,0.0,18.7,8.0,6.1,17.3,13.0,3.0,202.0,37.8,14.73,37221.81,34128.88,3.2,0.0,0.0,3.18,0.0,21.0,0.6,49.0,,,,24.0,11.8,202.0,13.7,6.5
2012-01-11 00:00:00+00:00,11.9,0.0,23.9,7.3,8.6,15.8,10.4,2.0,237.0,43.9,12.44,37270.43,34182.2,4.8,0.0,0.0,3.26,0.0,16.0,1.6,51.0,,,,34.5,18.9,237.0,20.5,11.3
2012-01-12 00:00:00+00:00,10.5,0.0,23.2,6.2,5.8,15.3,10.0,0.0,235.0,46.8,14.44,37320.98,34237.59,2.2,0.0,0.0,3.08,0.0,2.0,0.2,51.0,,,,29.2,15.4,235.0,19.4,11.5
2012-01-13 00:00:00+00:00,10.6,0.0,24.9,6.5,6.8,15.2,10.0,3.0,251.0,48.6,10.99,37373.42,32805.59,3.0,0.0,0.0,2.44,0.0,25.0,3.3,62.0,,,,32.4,17.0,251.0,13.3,7.4
2012-01-14 00:00:00+00:00,11.3,0.0,16.1,8.4,6.2,16.9,13.4,3.0,219.0,34.6,10.9,37427.68,31351.97,3.1,0.0,0.0,2.1,0.0,45.0,3.9,63.0,,,,20.5,10.2,219.0,10.4,4.6
2012-01-15 00:00:00+00:00,11.9,0.0,15.6,8.6,7.3,17.1,13.0,1.0,216.0,33.5,14.86,37483.69,34415.42,4.5,0.0,0.0,2.91,0.0,13.0,0.6,48.0,,,,19.2,9.2,216.0,11.2,6.6
2012-01-16 00:00:00+00:00,11.4,0.0,20.2,7.3,6.1,17.8,12.7,0.0,220.0,40.3,15.24,37541.46,34478.56,2.3,0.0,0.0,3.35,0.0,1.0,-1.3,44.0,,,,23.7,12.5,220.0,12.6,6.9
2012-01-17 00:00:00+00:00,11.9,0.0,11.3,9.0,6.0,17.5,14.8,3.0,279.0,22.0,12.18,37601.63,31460.76,2.9,0.0,0.0,2.57,0.0,46.0,2.0,51.0,,,,15.7,8.0,279.0,10.1,5.0
2012-01-18 00:00:00+00:00,12.9,0.0,15.5,10.2,6.6,18.3,14.9,3.0,31.0,28.4,12.62,37664.27,30406.26,4.6,0.0,0.0,2.74,0.0,51.0,4.2,59.0,,,,19.9,9.8,31.0,11.9,4.6
2012-01-19 00:00:00+00:00,11.7,0.0,21.4,8.1,7.8,17.1,11.7,2.0,353.0,43.6,14.4,37729.25,34683.89,5.3,0.0,0.0,3.02,0.0,17.0,3.0,60.0,,,,28.1,14.4,353.0,15.5,9.4
2012-01-20 00:00:00+00:00,11.3,0.0,19.4,7.8,6.2,16.4,11.6,3.0,336.0,38.2,11.02,37796.48,32683.11,3.4,0.0,0.0,2.59,0.0,61.0,1.0,52.0,,,,20.7,10.4,336.0,10.1,6.4
2012-01-21 00:00:00+00:00,11.3,0.0,11.7,8.3,5.8,17.1,13.4,2.0,250.0,25.2,13.25,37865.83,34832.8,3.5,0.0,0.0,2.57,0.0,26.0,1.4,54.0,,,,15.0,7.7,250.0,7.9,5.1
2012-01-22 00:00:00+00:00,11.5,0.0,32.3,7.1,7.6,16.8,11.5,3.0,249.0,61.6,8.94,37937.18,31151.92,2.9,0.0,0.0,2.81,0.0,37.0,1.9,52.0,,,,33.3,18.2,249.0,11.2,7.5
2012-01-23 00:00:00+00:00,13.1,0.0,10.0,10.7,8.3,18.5,15.7,3.0,257.0,25.6,13.24,38010.43,34990.11,6.2,0.0,0.0,2.49,0.0,32.0,5.1,60.0,,,,14.8,7.9,257.0,9.7,4.7
2012-01-24 00:00:00+00:00,13.5,0.5,10.5,11.5,5.8,19.7,18.0,51.0,217.0,21.2,12.83,38085.46,24889.89,3.4,2.0,0.5,2.43,0.0,43.0,5.1,59.0,,,,12.3,5.8,217.0,2.5,1.4
2012-01-25 00:00:00+00:00,15.7,1.1,25.1,12.3,11.5,22.2,17.6,53.0,214.0,49.7,15.86,38162.17,35154.7,8.3,2.0,1.1,3.99,0.0,26.0,4.6,50.0,,,,31.6,15.5,214.0,10.1,4.4
2012-01-26 00:00:00+00:00,14.0,0.0,25.8,10.6,10.5,19.2,14.2,2.0,228.0,49.7,14.11,38240.44,35182.99,7.6,0.0,0.0,3.27,0.0,16.0,5.4,58.0,,,,30.1,16.0,228.0,15.8,9.2
2012-01-27 00:00:00+00:00,14.1,0.0,21.6,10.6,11.6,17.7,13.4,3.0,258.0,41.4,15.28,38320.16,35212.74,8.6,0.0,0.0,3.49,0.0,36.0,4.3,53.0,,,,28.9,15.7,258.0,13.7,8.2
2012-01-28 00:00:00+00:00,13.2,0.0,12.2,11.1,9.3,17.0,14.0,3.0,298.0,27.7,9.85,38401.24,28224.35,7.7,0.0,0.0,2.05,0.0,64.0,6.3,66.0,,,,18.0,8.7,298.0,12.2,5.0
2012-01-29 00:00:00+00:00,13.2,0.5,11.5,10.8,7.5,18.8,16.5,51.0,71.0,20.5,15.59,38483.56,35276.5,5.2,2.0,0.5,2.89,0.0,52.0,3.2,54.0,,,,14.2,6.8,71.0,9.7,4.1
2012-01-30 00:00:00+00:00,14.8,0.8,30.3,10.8,10.1,21.6,15.5,51.0,182.0,55.8,9.48,38567.02,18666.74,7.5,2.0,0.8,3.66,0.0,70.0,2.5,46.0,,,,30.3,15.6,182.0,12.2,4.7
2012-01-31 00:00:00+00:00,13.7,0.0,16.2,10.7,8.3,18.7,16.0,3.0,245.0,29.5,13.4,38651.53,35345.66,4.9,0.0,0.0,3.08,0.0,34.0,3.9,52.0,,,,21.5,11.4,245.0,9.0,5.3
2012-02-01 00:00:00+00:00,11.8,0.1,23.5,8.4,8.8,14.9,10.4,51.0,279.0,47.2,10.46,38736.98,26893.82,5.4,1.0,0.1,2.26,0.0,58.0,5.0,65.0,,,,28.3,15.2,279.0,9.7,5.2
2012-02-02 00:00:00+00:00,11.1,0.0,9.4,8.7,5.0,17.0,15.3,2.0,349.0,17.6,16.17,38823.27,35419.96,2.6,0.0,0.0,2.68,0.0,18.0,2.8,60.0,,,,12.6,5.9,349.0,8.6,2.4
2012-02-03 00:00:00+00:00,12.8,0.0,14.9,9.2,6.4,20.0,15.8,3.0,65.0,31.3,14.77,38910.31,35458.95,3.0,0.0,0.0,3.36,0.0,72.0,2.7,54.0,,,,24.3,13.4,65.0,16.9,10.5
2012-02-04 00:00:00+00:00,14.0,0.0,12.4,11.6,6.2,22.5,19.7,3.0,45.0,21.2,17.56,38998.0,35586.3,4.1,0.0,0.0,3.41,0.0,7.0,3.9,58.0,,,,16.4,8.1,45.0,10.1,6.2
2012-02-05 00:00:00+00:00,14.3,0.0,13.8,11.4,6.9,22.6,18.9,3.0,48.0,29.9,17.61,39086.34,35572.69,4.6,0.0,0.0,3.71,0.0,37.0,2.6,54.0,,,,19.2,9.9,48.0,12.2,7.4
2012-02-06 00:00:00+00:00,16.6,0.0,11.3,13.2,9.7,25.7,21.7,3.0,97.0,19.8,9.86,39176.18,15096.13,7.0,0.0,0.0,3.09,0.0,97.0,-2.0,34.0,,,,13.8,7.2,97.0,9.0,3.9
2012-02-07 00:00:00+00:00,13.4,0.0,22.8,8.3,9.3,17.4,14.0,3.0,253.0,44.6,7.57,39267.65,562.52,4.7,0.0,0.0,3.62,0.0,100.0,-5.6,27.0,,,,30.8,15.9,253.0,14.4,7.5
2012-02-08 00:00:00+00:00,10.5,0.0,10.9,6.3,4.3,16.6,12.9,3.0,250.0,25.2,18.14,39360.65,35896.01,0.1,0.0,0.0,3.65,0.0,55.0,-8.8,26.0,,,,17.1,8.5,250.0,11.2,4.3
2012-02-09 00:00:00+00:00,11.5,0.0,16.9,7.3,4.0,17.8,13.1,3.0,295.0,36.4,17.5,39455.05,35722.82,0.4,0.0,0.0,3.79,0.0,50.0,-7.2,29.0,,,,19.0,9.2,295.0,7.6,2.4
2012-02-10 00:00:00+00:00,12.8,0.0,14.1,9.1,5.6,19.5,14.8,3.0,267.0,33.5,15.84,39550.77,34634.23,2.2,0.0,0.0,3.55,0.0,90.0,-3.7,35.0,,,,16.5,8.0,267.0,6.8,4.4
2012-02-11 00:00:00+00:00,13.4,0.0,18.3,10.2,6.3,19.8,16.2,3.0,51.0,32.0,18.11,39647.67,35823.27,3.9,0.0,0.0,3.81,0.0,69.0,2.1,51.0,,,,19.9,11.1,51.0,9.4,6.4
2012-02-12 00:00:00+00:00,14.2,0.0,16.4,11.4,9.4,19.9,15.8,3.0,128.0,30.2,10.23,39745.66,9262.32,7.5,0.0,0.0,2.68,0.0,92.0,4.6,57.0,,,,21.3,10.3,128.0,15.1,2.5
2012-02-13 00:00:00+00:00,17.6,0.0,13.9,14.1,12.0,24.7,21.1,3.0,229.0,33.1,17.33,39844.64,33080.49,9.0,0.0,0.0,4.57,0.0,57.0,-1.2,31.0,,,,21.1,9.9,229.0,10.8,6.3
2012-02-14 00:00:00+00:00,16.0,0.0,9.0,13.2,9.5,21.6,18.5,3.0,39.0,23.0,11.31,39944.5,20823.44,7.0,0.0,0.0,3.0,0.0,83.0,2.4,43.0,,,,14.8,7.3,39.0,9.0,5.7
2012-02-15 00:00:00+00:00,16.6,0.0,18.9,13.9,11.0,23.6,20.5,3.0,334.0,38.2,17.46,40045.14,36320.88,9.0,0.0,0.0,4.18,0.0,64.0,4.8,48.0,,,,21.8,11.2,334.0,8.6,5.2
2012-02-16 00:00:00+00:00,13.1,0.0,23.5,9.6,8.7,18.0,13.4,3.0,271.0,45.4,16.89,40146.47,36595.34,6.2,0.0,0.0,3.57,0.0,55.0,3.0,54.0,,,,27.2,13.9,271.0,11.5,5.7
2012-02-17 00:00:00+00:00,12.2,0.0,36.8,7.2,9.3,16.8,10.6,3.0,258.0,65.9,14.74,40248.38,31875.46,4.3,0.0,0.0,3.72,0.0,41.0,1.7,49.0,,,,40.8,22.4,258.0,21.2,12.1
2012-02-18 00:00:00+00:00,11.2,0.1,20.5,7.3,7.7,15.1,10.0,51.0,295.0,41.0,12.32,40350.78,28106.8,4.5,1.0,0.1,2.83,0.0,43.0,2.2,56.0,,,,29.4,15.0,295.0,17.3,7.9
2012-02-19 00:00:00+00:00,11.5,0.0,15.8,8.2,6.2,16.7,12.7,3.0,310.0,34.2,14.41,40453.57,31620.94,3.4,0.0,0.0,2.99,0.0,49.0,2.1,55.0,,,,21.0,10.9,310.0,9.7,6.2
2012-02-20 00:00:00+00:00,11.4,0.0,17.4,8.0,4.5,17.6,14.1,2.0,39.0,34.6,18.49,40556.67,36921.39,1.7,0.0,0.0,3.53,0.0,9.0,1.8,56.0,,,,23.2,12.1,39.0,10.1,6.4
2012-02-21 00:00:00+00:00,13.3,0.0,20.3,9.7,6.9,20.8,17.0,2.0,32.0,41.0,19.35,40659.98,37034.32,4.1,0.0,0.0,4.08,0.0,14.0,3.8,57.0,,,,30.6,16.0,32.0,20.2,10.4
2012-02-22 00:00:00+00:00,14.3,0.0,19.7,10.8,8.1,21.8,18.0,3.0,45.0,40.3,18.05,40763.41,36311.77,4.9,0.0,0.0,4.1,0.0,49.0,3.5,53.0,,,,29.2,15.0,45.0,22.7,12.4
2012-02-23 00:00:00+00:00,15.3,0.7,13.0,13.4,9.3,21.6,20.8,51.0,24.0,32.4,15.04,40866.86,36735.24,7.4,3.0,0.7,2.99,0.0,44.0,7.1,61.0,,,,19.8,8.0,24.0,7.6,4.0
2012-02-24 00:00:00+00:00,15.4,0.5,22.4,13.3,10.6,22.1,20.5,51.0,352.0,42.1,16.44,40970.26,36086.49,8.9,3.0,0.5,3.43,0.0,48.0,8.4,66.0,,,,24.4,12.5,352.0,9.0,6.1
2012-02-25 00:00:00+00:00,14.4,0.0,20.4,11.6,9.8,19.8,15.9,2.0,316.0,40.0,15.35,41073.61,37404.53,7.7,0.0,0.0,3.26,0.0,22.0,6.2,62.0,,,,25.8,12.9,316.0,14.8,8.1
2012-02-26 00:00:00+00:00,13.5,0.0,12.1,11.5,6.8,19.8,17.6,0.0,258.0,31.7,19.65,41177.73,37529.42,4.9,0.0,0.0,3.42,0.0,2.0,5.5,62.0,,,,17.2,8.0,258.0,6.8,4.9
2012-02-27 00:00:00+00:00,15.7,0.0,20.4,12.4,9.7,22.4,18.3,1.0,202.0,41.4,20.4,41282.78,37673.13,6.9,0.0,0.0,4.48,0.0,4.0,2.3,45.0,,,,23.8,12.0,202.0,10.4,6.0
2012-02-28 00:00:00+00:00,14.9,0.0,35.8,10.1,11.8,18.7,12.8,2.0,253.0,67.7,20.22,41388.68,36870.11,7.4,0.0,0.0,5.04,0.0,19.0,0.9,40.0,,,,40.3,21.2,253.0,11.5,7.1
2012-02-29 00:00:00+00:00,11.5,0.0,40.8,6.7,9.5,14.6,9.5,3.0,262.0,73.8,14.05,41495.35,34979.98,5.3,0.0,0.0,3.19,0.0,30.0,2.7,56.0,,,,40.9,22.5,262.0,18.0,10.8
2012-03-01 00:00:00+00:00,11.3,0.2,28.7,6.1,9.3,13.3,8.1,51.0,251.0,55.1,4.84,41602.69,2063.83,3.8,1.0,0.2,2.77,0.0,87.0,1.7,53.0,,,,41.0,23.2,251.0,22.7,13.7
2012-03-02 00:00:00+00:00,10.2,0.4,29.3,5.7,6.4,14.7,8.6,51.0,292.0,52.2,16.3,41710.63,37571.59,2.7,3.0,0.4,3.17,0.0,46.0,1.7,58.0,,,,34.4,18.8,292.0,16.9,10.5
2012-03-03 00:00:00+00:00,12.0,0.0,17.4,8.8,7.2,17.4,13.1,3.0,270.0,40.7,13.22,41819.07,27849.94,4.7,0.0,0.0,2.83,0.0,58.0,3.4,59.0,,,,24.1,11.7,270.0,12.2,7.2
2012-03-04 00:00:00+00:00,14.4,0.0,18.8,11.6,8.8,20.2,16.5,2.0,259.0,41.8,18.1,41927.95,37915.35,5.8,0.0,0.0,3.69,0.0,34.0,4.4,54.0,,,,23.0,11.2,259.0,10.8,6.4
2012-03-05 00:00:00+00:00,14.7,0.0,8.8,13.0,6.3,22.0,20.9,3.0,21.0,19.1,21.15,42037.18,38130.43,4.7,0.0,0.0,3.87,0.0,5.0,4.9,59.0,,,,13.3,5.9,21.0,7.9,0.8
2012-03-06 00:00:00+00:00,16.2,0.0,18.7,14.1,6.9,24.4,23.2,0.0,3.0,34.9,21.31,42146.68,38645.36,4.9,0.0,0.0,4.44,0.0,1.0,5.0,52.0,,,,17.3,8.5,3.0,8.6,2.6
2012-03-07 00:00:00+00:00,16.6,0.0,18.4,14.1,10.4,23.8,21.0,3.0,29.0,33.1,20.32,42256.37,38693.55,8.4,0.0,0.0,4.48,0.0,56.0,7.1,58.0,,,,26.0,13.7,29.0,16.2,9.5
2012-03-08 00:00:00+00:00,15.6,0.0,21.1,12.7,9.9,22.8,19.7,2.0,40.0,42.1,20.47,42366.17,38431.49,7.8,0.0,0.0,4.29,0.0,13.0,7.6,65.0,,,,31.9,17.0,40.0,20.5,12.3
2012-03-09 00:00:00+00:00,15.5,0.0,26.6,11.9,9.5,23.3,18.8,1.0,48.0,51.5,21.76,42476.01,39101.54,6.4,0.0,0.0,4.69,0.0,5.0,6.8,62.0,,,,38.2,21.0,48.0,25.9,14.3
2012-03-10 00:00:00+00:00,17.7,0.0,26.9,14.1,10.7,26.8,22.5,2.0,56.0,52.6,22.09,42585.8,39261.64,7.8,0.0,0.0,5.46,0.0,7.0,6.4,56.0,,,,38.8,20.6,56.0,31.3,17.1
2012-03-11 00:00:00+00:00,23.1,0.0,19.9,19.7,14.2,34.0,31.0,3.0,121.0,35.3,20.67,42695.47,34367.1,10.9,0.0,0.0,6.68,0.0,70.0,3.5,35.0,,,,28.6,14.8,121.0,20.2,6.8
2012-03-12 00:00:00+00:00,21.3,0.0,19.9,17.5,16.7,25.6,21.9,3.0,248.0,41.8,21.24,42804.95,39478.3,12.9,0.0,0.0,6.31,0.0,46.0,0.7,26.0,,,,29.2,13.9,248.0,13.3,7.4
2012-03-13 00:00:00+00:00,18.3,0.0,25.1,15.0,13.5,23.4,19.3,2.0,251.0,49.0,22.05,42914.15,39763.04,11.4,0.0,0.0,5.44,0.0,19.0,3.6,40.0,,,,27.7,14.0,251.0,13.0,7.4
2012-03-14 00:00:00+00:00,15.2,0.0,25.9,11.0,10.4,19.9,15.0,1.0,271.0,51.1,23.07,43023.0,40243.94,6.7,0.0,0.0,5.26,0.0,3.0,-1.1,34.0,,,,30.5,15.1,271.0,16.2,8.2
2012-03-15 00:00:00+00:00,13.9,0.0,21.7,10.7,8.8,18.3,13.9,3.0,282.0,40.7,15.46,43131.43,38448.05,6.4,0.0,0.0,3.48,0.0,46.0,4.7,56.0,,,,26.5,13.6,282.0,13.0,6.4
2012-03-16 00:00:00+00:00,14.4,0.0,25.1,10.9,10.2,19.1,14.2,3.0,308.0,48.6,15.0,43239.43,30920.91,7.9,0.0,0.0,3.76,0.0,42.0,3.9,51.0,,,,29.3,14.7,308.0,11.5,5.2
2012-03-17 00:00:00+00:00,13.5,0.0,21.0,9.1,8.0,19.2,14.9,1.0,16.0,43.2,23.64,43347.77,40571.81,4.5,0.0,0.0,5.16,0.0,9.0,-1.8,37.0,,,,31.9,15.9,16.0,14.8,8.1
2012-03-18 00:00:00+00:00,12.7,0.0,24.9,8.2,6.2,20.1,15.2,0.0,41.0,49.7,23.8,43456.61,40681.23,2.4,0.0,0.0,5.02,0.0,0.0,0.2,46.0,,,,34.7,18.8,41.0,18.7,12.0
2012-03-19 00:00:00+00:00,14.6,0.0,22.0,10.6,7.7,23.0,19.0,0.0,23.0,43.9,23.97,43565.87,40790.93,4.6,0.0,0.0,5.39,0.0,0.0,2.1,50.0,,,,33.9,18.1,23.0,23.8,13.4
2012-03-20 00:00:00+00:00,15.5,0.0,23.1,12.0,8.8,23.4,19.7,0.0,11.0,44.6,23.69,43675.48,40900.82,6.2,0.0,0.0,5.25,0.0,0.0,4.5,54.0,,,,33.7,17.6,11.0,22.3,12.7
2012-03-21 00:00:00+00:00,15.9,0.0,19.7,12.9,8.4,24.3,20.7,1.0,17.0,38.9,23.38,43785.39,40955.26,6.4,0.0,0.0,5.09,0.0,3.0,4.6,57.0,,,,28.4,14.5,17.0,16.9,10.1
2012-03-22 00:00:00+00:00,16.0,0.0,18.0,13.3,8.4,24.5,21.1,3.0,25.0,36.0,23.25,43895.5,36500.46,6.7,0.0,0.0,5.1,0.0,19.0,4.2,56.0,,,,25.0,12.6,25.0,12.6,7.8
2012-03-23 00:00:00+00:00,16.4,0.0,19.6,13.4,8.1,24.4,20.9,2.0,32.0,38.2,23.77,44005.76,41231.01,6.2,0.0,0.0,5.38,0.0,7.0,4.4,53.0,,,,27.0,14.1,32.0,13.3,8.4
2012-03-24 00:00:00+00:00,17.1,0.0,22.5,14.0,9.9,25.7,22.2,0.0,31.0,45.7,24.38,44116.09,41341.0,7.9,0.0,0.0,5.64,0.0,2.0,5.6,55.0,,,,32.8,17.0,31.0,21.2,11.8
2012-03-25 00:00:00+00:00,16.9,0.0,17.9,14.5,9.9,25.2,22.6,1.0,356.0,34.9,24.4,44226.41,41450.83,8.5,0.0,0.0,5.32,0.0,12.0,6.2,56.0,,,,26.5,13.2,356.0,17.3,9.1
2012-03-26 00:00:00+00:00,15.8,0.0,16.4,13.8,8.4,23.4,21.1,2.0,319.0,34.2,23.63,44336.67,40334.4,6.8,0.0,0.0,4.77,0.0,10.0,6.5,60.0,,,,21.6,10.4,319.0,9.7,4.6
2012-03-27 00:00:00+00:00,16.0,0.0,21.4,13.7,8.4,23.2,20.3,2.0,305.0,43.2,22.09,44446.79,41513.09,6.9,0.0,0.0,4.73,0.0,16.0,6.5,60.0,,,,25.0,12.0,305.0,10.4,6.0
2012-03-28 00:00:00+00:00,16.7,0.0,21.0,14.4,11.2,23.3,20.4,2.0,311.0,43.6,22.2,44556.71,40512.04,10.4,0.0,0.0,4.89,0.0,12.0,6.0,57.0,,,,24.4,12.0,311.0,10.1,5.9
2012-03-29 00:00:00+00:00,16.2,0.0,18.4,13.4,8.9,22.5,18.9,3.0,341.0,40.0,19.5,44666.33,41887.23,7.0,0.0,0.0,4.42,0.0,23.0,4.1,48.0,,,,22.1,9.9,341.0,10.8,2.0
2012-03-30 00:00:00+00:00,15.6,0.0,11.3,13.5,8.7,22.0,19.9,3.0,317.0,28.1,25.39,44775.59,41995.25,7.0,0.0,0.0,4.78,0.0,7.0,3.6,52.0,,,,16.8,7.4,317.0,9.0,2.9
2012-03-31 00:00:00+00:00,18.2,0.0,9.4,15.8,11.3,25.2,24.0,3.0,124.0,19.4,21.06,44884.43,38097.07,9.1,0.0,0.0,4.34,0.0,47.0,1.7,39.0,,,,15.0,5.8,124.0,6.1,0.7
2012-04-01 00:00:00+00:00,22.8,0.0,33.0,18.2,15.2,31.2,25.8,2.0,200.0,64.8,23.94,44992.76,42209.48,10.7,0.0,0.0,8.58,0.0,10.0,0.1,24.0,,,,35.7,19.6,200.0,15.8,10.6
2012-04-02 00:00:00+00:00,19.6,0.0,18.3,18.0,12.3,26.7,25.5,0.0,329.0,33.5,24.69,45100.51,42315.56,11.2,0.0,0.0,5.57,0.0,0.0,8.4,52.0,,,,23.9,11.1,329.0,11.2,5.6
2012-04-03 00:00:00+00:00,19.1,0.0,16.6,17.4,12.1,26.7,24.9,3.0,41.0,29.5,25.18,45207.6,42420.86,11.0,0.0,0.0,5.51,0.0,21.0,8.1,56.0,,,,23.9,11.7,41.0,12.6,7.6
2012-04-04 00:00:00+00:00,19.5,0.0,19.2,16.9,11.6,28.2,25.0,3.0,51.0,40.7,26.08,45313.96,42525.29,9.6,0.0,0.0,6.16,0.0,14.0,6.8,51.0,,,,30.2,15.6,51.0,20.9,12.3
2012-04-05 00:00:00+00:00,21.8,0.0,14.8,20.1,12.7,31.7,30.0,3.0,42.0,30.2,24.56,45419.59,39842.57,11.5,0.0,0.0,6.1,0.0,33.0,8.6,52.0,,,,23.7,12.6,42.0,16.6,10.2
2012-04-06 00:00:00+00:00,25.5,0.0,14.3,23.5,15.1,35.3,33.9,3.0,59.0,31.7,25.67,45525.2,42731.96,13.5,0.0,0.0,7.02,0.0,21.0,5.1,32.0,,,,19.8,9.4,59.0,12.2,4.7
2012-04-07 00:00:00+00:00,27.7,0.0,25.5,24.2,19.4,37.3,33.6,1.0,235.0,47.9,25.31,45630.96,42835.14,16.1,0.0,0.0,8.89,0.0,4.0,2.1,21.0,,,,27.8,14.3,235.0,14.8,7.0
2012-04-08 00:00:00+00:00,26.6,0.0,19.9,24.2,15.7,36.6,34.0,0.0,248.0,42.1,25.71,45736.77,42877.34,14.5,0.0,0.0,8.05,0.0,4.0,5.0,32.0,,,,24.5,12.1,248.0,8.6,4.0
2012-04-09 00:00:00+00:00,22.2,0.0,16.9,20.4,14.2,29.6,27.9,0.0,334.0,34.9,25.87,45842.59,42912.7,13.6,0.0,0.0,6.48,0.0,0.0,7.9,45.0,,,,23.9,11.8,334.0,9.4,4.2
2012-04-10 00:00:00+00:00,21.0,0.0,24.6,18.2,14.6,28.0,24.0,0.0,282.0,47.2,26.58,45948.32,42948.02,13.0,0.0,0.0,6.84,0.0,0.0,4.2,40.0,,,,27.9,13.7,282.0,14.0,6.1
2012-04-11 00:00:00+00:00,18.2,0.0,18.4,16.2,10.9,24.3,22.7,3.0,329.0,32.8,25.22,46053.92,42983.32,9.8,0.0,0.0,5.4,0.0,22.0,6.2,50.0,,,,21.6,9.8,329.0,9.0,1.6
2012-04-12 00:00:00+00:00,18.3,0.1,12.1,16.5,10.8,25.0,24.3,51.0,27.0,27.4,24.96,46159.29,43018.6,9.6,1.0,0.1,5.2,0.0,30.0,5.9,48.0,,,,18.4,8.2,27.0,11.2,5.6
2012-04-13 00:00:00+00:00,22.1,0.0,13.0,19.8,13.1,31.2,29.1,3.0,74.0,30.2,25.99,46264.38,43053.88,11.4,0.0,0.0,6.54,0.0,36.0,4.6,39.0,,,,20.8,10.8,74.0,11.9,7.9
2012-04-14 00:00:00+00:00,26.6,0.0,14.3,23.6,18.7,34.6,33.7,3.0,104.0,28.8,23.76,46369.1,37753.71,15.8,0.0,0.0,7.07,0.0,85.0,0.5,20.0,,,,21.0,9.0,104.0,15.1,2.3
2012-04-15 00:00:00+00:00,25.8,0.0,23.3,22.6,18.0,31.8,30.4,2.0,323.0,43.9,26.05,46473.38,43124.44,16.0,0.0,0.0,8.4,0.0,24.0,4.7,27.0,,,,32.8,16.4,323.0,19.4,9.7
2012-04-16 00:00:00+00:00,20.1,0.0,15.8,18.5,13.8,27.4,25.6,2.0,27.0,32.0,26.88,46577.14,43159.74,13.4,0.0,0.0,5.91,0.0,11.0,7.8,53.0,,,,24.0,11.5,27.0,14.0,8.0
2012-04-17 00:00:00+00:00,22.3,0.0,19.6,18.7,13.1,31.8,28.1,3.0,67.0,40.3,28.2,46680.32,43195.06,10.0,0.0,0.0,7.78,0.0,12.0,1.1,33.0,,,,30.0,15.6,67.0,23.0,10.9
2012-04-18 00:00:00+00:00,24.9,0.0,28.9,19.9,17.7,29.8,24.7,3.0,256.0,56.2,26.27,46782.82,43200.0,15.6,0.0,0.0,9.55,0.0,54.0,-2.2,19.0,,,,39.5,20.9,256.0,18.0,9.4
2012-04-19 00:00:00+00:00,20.4,0.0,14.0,18.5,14.6,26.8,25.2,0.0,343.0,32.8,27.51,46884.56,43200.0,13.2,0.0,0.0,6.04,0.0,0.0,5.1,41.0,,,,19.6,8.6,343.0,7.6,3.8
2012-04-20 00:00:00+00:00,20.6,0.0,16.6,18.6,12.8,27.8,25.5,3.0,24.0,30.6,25.97,46985.47,38582.88,12.3,0.0,0.0,6.26,0.0,46.0,6.2,46.0,,,,23.4,11.0,24.0,13.7,4.9
2012-04-21 00:00:00+00:00,22.6,0.0,16.1,19.8,14.1,30.2,27.2,3.0,37.0,36.7,27.78,47085.46,43200.0,12.5,0.0,0.0,7.24,0.0,14.0,2.9,33.0,,,,24.5,11.8,37.0,12.6,6.8
2012-04-22 00:00:00+00:00,23.5,0.0,23.6,20.4,15.4,32.0,30.4,0.0,20.0,43.2,27.86,47184.45,43268.13,11.9,0.0,0.0,7.61,0.0,0.0,0.9,26.0,,,,24.0,11.7,20.0,14.4,5.2
2012-04-23 00:00:00+00:00,20.3,0.0,19.7,18.6,13.6,27.8,26.6,3.0,7.0,37.4,26.81,47282.36,40617.76,13.0,0.0,0.0,6.12,0.0,14.0,9.0,55.0,,,,26.6,13.4,7.0,18.0,10.8
2012-04-24 00:00:00+00:00,19.8,0.0,17.3,17.6,12.3,27.8,25.6,1.0,24.0,32.4,27.88,47379.08,43256.3,10.9,0.0,0.0,6.36,0.0,3.0,7.0,49.0,,,,26.0,13.3,24.0,14.4,8.9
2012-04-25 00:00:00+00:00,21.1,0.0,18.5,18.7,12.4,30.5,27.6,1.0,39.0,39.2,28.2,47474.62,43337.41,11.1,0.0,0.0,6.99,0.0,3.0,7.1,49.0,,,,29.7,15.3,39.0,18.4,10.2
2012-04-26 00:00:00+00:00,23.7,0.0,18.7,21.0,14.5,33.2,30.5,0.0,38.0,38.5,28.02,47569.65,43423.75,12.7,0.0,0.0,7.86,0.0,0.0,5.3,36.0,,,,27.6,14.0,38.0,15.5,9.1
2012-04-27 00:00:00+00:00,24.0,0.0,16.2,21.2,13.8,33.1,31.3,0.0,13.0,30.2,28.53,47664.32,43515.05,11.3,0.0,0.0,7.66,0.0,0.0,1.6,27.0,,,,21.5,10.4,13.0,10.1,6.4
2012-04-28 00:00:00+00:00,23.4,0.0,17.8,21.2,13.9,32.3,30.3,3.0,8.0,33.8,28.32,47758.54,43514.95,12.7,0.0,0.0,7.45,0.0,32.0,5.6,39.0,,,,23.4,11.6,8.0,13.7,7.9
2012-04-29 00:00:00+00:00,23.5,0.0,19.0,22.1,14.9,32.3,31.4,2.0,15.0,33.8,28.12,47852.25,43612.82,14.3,0.0,0.0,6.98,0.0,9.0,7.6,44.0,,,,22.1,10.6,15.0,13.3,5.9
2012-04-30 00:00:00+00:00,23.7,0.0,24.1,20.6,17.8,31.3,27.4,3.0,36.0,51.5,19.98,47945.36,38635.55,15.4,0.0,0.0,7.1,0.0,87.0,7.4,39.0,,,,35.0,17.9,36.0,10.8,7.3
2012-05-01 00:00:00+00:00,22.5,0.1,20.4,20.5,15.4,30.6,27.9,51.0,347.0,41.4,23.29,48037.8,43200.71,14.8,1.0,0.1,6.39,0.0,37.0,10.3,52.0,,,,33.3,16.5,347.0,20.9,12.6
2012-05-02 00:00:00+00:00,22.6,0.0,14.8,22.4,15.2,30.6,30.3,2.0,297.0,31.7,27.14,48129.48,43614.25,15.5,0.0,0.0,6.07,0.0,10.0,12.7,60.0,,,,22.1,10.5,297.0,10.1,6.1
2012-05-03 00:00:00+00:00,24.0,0.0,9.4,23.6,14.7,31.9,31.3,3.0,283.0,27.7,28.3,48220.34,43829.3,15.3,0.0,0.0,6.27,0.0,13.0,9.4,49.0,,,,16.7,6.6,283.0,7.2,3.3
2012-05-04 00:00:00+00:00,25.9,0.0,12.8,24.9,16.9,34.0,33.3,3.0,344.0,29.9,27.71,48310.27,43832.38,17.1,0.0,0.0,7.09,0.0,17.0,8.8,40.0,,,,19.8,8.9,344.0,8.6,2.8
2012-05-05 00:00:00+00:00,27.8,0.0,17.5,25.4,19.2,36.0,35.2,3.0,52.0,34.9,27.44,48399.21,43637.21,17.0,0.0,0.0,8.4,0.0,21.0,5.5,28.0,,,,24.6,12.8,52.0,17.6,8.4
2012-05-06 00:00:00+00:00,26.0,0.0,20.6,24.3,18.0,34.1,33.0,3.0,7.0,36.4,28.0,48487.07,44064.53,17.6,0.0,0.0,8.0,0.0,10.0,9.6,40.0,,,,28.3,14.4,7.0,20.2,10.4
2012-05-07 00:00:00+00:00,23.2,0.0,18.2,21.9,15.9,31.2,29.6,1.0,14.0,32.8,28.81,48573.75,43954.02,16.1,0.0,0.0,7.0,0.0,5.0,9.0,49.0,,,,25.2,12.2,14.0,15.5,8.9
2012-05-08 00:00:00+00:00,23.6,0.0,19.1,22.0,15.4,32.3,30.1,2.0,37.0,38.9,28.41,48659.18,44074.28,15.2,0.0,0.0,7.4,0.0,26.0,9.8,49.0,,,,28.8,14.8,37.0,15.5,9.5
2012-05-09 00:00:00+00:00,24.4,0.0,18.5,23.6,16.5,32.6,31.4,1.0,20.0,34.6,27.55,48743.26,44078.34,16.7,0.0,0.0,7.1,0.0,13.0,12.0,52.0,,,,27.3,13.8,20.0,17.3,10.0
2012-05-10 00:00:00+00:00,24.7,0.0,19.8,24.1,15.3,32.8,31.9,0.0,343.0,34.9,28.69,48825.89,44564.98,15.9,0.0,0.0,7.13,0.0,0.0,10.5,49.0,,,,21.6,10.0,343.0,8.3,4.8
2012-05-11 00:00:00+00:00,26.0,0.0,18.4,24.8,16.4,33.9,32.6,0.0,41.0,33.1,28.61,48907.0,44696.6,16.8,0.0,0.0,7.64,0.0,0.0,9.0,42.0,,,,22.8,10.9,41.0,11.5,5.5
2012-05-12 00:00:00+00:00,28.0,0.0,24.2,25.1,21.6,35.7,33.2,0.0,226.0,47.2,28.72,48986.48,44709.61,18.6,0.0,0.0,9.42,0.0,0.0,5.7,28.0,,,,32.9,16.7,226.0,23.0,8.5
2012-05-13 00:00:00+00:00,24.2,0.0,15.8,23.8,17.8,31.0,30.1,3.0,305.0,33.8,28.02,49064.24,43714.58,18.9,0.0,0.0,6.5,0.0,23.0,11.8,53.0,,,,24.1,10.8,305.0,13.0,6.4
2012-05-14 00:00:00+00:00,25.0,0.6,17.1,24.4,18.5,31.8,32.0,51.0,358.0,33.8,23.3,49140.18,43111.26,18.7,4.0,0.6,6.04,0.0,37.0,11.7,47.0,,,,23.0,9.5,358.0,11.9,3.4
2012-05-15 00:00:00+00:00,25.4,0.0,17.8,25.0,16.6,33.0,32.4,0.0,22.0,31.7,28.89,49214.28,45058.51,17.4,0.0,0.0,7.22,0.0,0.0,11.1,47.0,,,,20.2,9.6,22.0,8.3,4.2
2012-05-16 00:00:00+00:00,27.1,0.0,27.1,25.5,18.6,35.7,34.9,1.0,50.0,41.8,28.49,49287.11,45194.21,17.8,0.0,0.0,8.27,0.0,3.0,8.7,36.0,,,,25.3,12.7,50.0,11.5,2.9
2012-05-17 00:00:00+00:00,28.2,0.0,21.7,26.5,21.3,37.2,35.3,1.0,259.0,45.0,27.11,49358.77,45071.11,19.8,0.0,0.0,8.39,0.0,7.0,9.0,34.0,,,,29.8,13.7,259.0,16.9,5.2
2012-05-18 00:00:00+00:00,24.9,0.0,23.8,24.6,17.9,32.2,32.3,0.0,356.0,43.9,29.09,49429.23,45163.76,19.3,0.0,0.0,6.94,0.0,1.0,11.0,50.0,,,,24.0,10.4,356.0,13.0,5.8
2012-05-19 00:00:00+00:00,23.7,0.0,18.2,22.6,18.0,29.4,28.9,1.0,351.0,38.2,28.37,49498.39,44905.54,18.7,0.0,0.0,6.93,0.0,5.0,10.6,49.0,,,,28.3,13.2,351.0,15.8,8.4
2012-05-20 00:00:00+00:00,23.3,0.0,19.5,22.3,16.5,29.6,28.9,0.0,2.0,35.6,29.09,49566.18,45441.93,16.5,0.0,0.0,6.83,0.0,1.0,9.8,47.0,,,,22.7,10.4,2.0,8.3,5.3
2012-05-21 00:00:00+00:00,24.4,0.0,14.6,23.8,15.8,31.9,31.1,3.0,24.0,32.8,28.85,49632.55,45314.45,16.1,0.0,0.0,6.72,0.0,13.0,10.2,47.0,,,,20.2,9.1,24.0,9.4,6.4
2012-05-22 00:00:00+00:00,29.6,0.0,15.8,28.4,18.6,39.4,38.0,3.0,188.0,32.8,28.53,49697.41,45414.57,18.2,0.0,0.0,7.93,0.0,46.0,8.1,32.0,,,,18.8,8.5,188.0,8.3,2.8
2012-05-23 00:00:00+00:00,26.4,0.0,19.5,25.8,19.4,34.2,33.5,0.0,329.0,39.2,28.75,49760.69,45692.45,20.0,0.0,0.0,7.78,0.0,0.0,11.9,47.0,,,,27.4,13.0,329.0,12.6,5.7
2012-05-24 00:00:00+00:00,24.8,0.0,15.1,24.1,16.6,33.0,32.4,0.0,15.0,28.8,28.99,49822.33,45798.12,17.0,0.0,0.0,6.95,0.0,2.0,11.0,49.0,,,,24.2,11.1,15.0,16.2,8.0
2012-05-25 00:00:00+00:00,28.4,0.0,17.8,26.6,19.8,36.9,35.5,1.0,35.0,32.4,27.57,49882.24,45806.14,18.7,0.0,0.0,8.43,0.0,18.0,9.1,35.0,,,,26.5,14.0,35.0,21.2,11.4
2012-05-26 00:00:00+00:00,27.2,0.0,17.3,26.3,19.1,35.2,34.2,3.0,27.0,34.6,27.2,49940.35,45536.44,19.5,0.0,0.0,7.71,0.0,48.0,12.4,45.0,,,,28.5,14.3,27.0,20.9,11.5
2012-05-27 00:00:00+00:00,27.1,0.0,17.8,25.7,20.7,34.3,32.6,3.0,46.0,37.1,22.49,49996.6,40085.97,20.1,0.0,0.0,7.21,0.0,91.0,11.6,41.0,,,,29.6,14.6,46.0,20.9,10.7
2012-05-28 00:00:00+00:00,30.3,0.0,15.4,30.2,21.2,38.5,39.1,3.0,23.0,26.3,27.8,50050.89,45584.75,21.1,0.0,0.0,7.42,0.0,24.0,12.1,37.0,,,,19.9,8.7,23.0,8.3,3.3
2012-05-29 00:00:00+00:00,25.7,0.0,22.4,25.4,20.1,31.9,31.5,3.0,312.0,39.6,28.18,50103.17,44364.52,20.4,0.0,0.0,7.31,0.0,22.0,13.9,53.0,,,,32.1,15.5,312.0,21.2,10.2
2012-05-30 00:00:00+00:00,24.5,0.0,18.3,23.7,15.5,32.6,31.6,0.0,22.0,33.8,29.4,50153.34,46145.51,16.0,0.0,0.0,7.44,0.0,0.0,10.9,49.0,,,,24.4,12.1,22.0,11.2,6.9
2012-05-31 00:00:00+00:00,28.2,0.0,13.6,27.1,19.7,35.8,35.7,1.0,49.0,30.2,28.99,50201.34,46160.78,18.4,0.0,0.0,7.71,0.0,2.0,8.9,34.0,,,,21.2,9.4,49.0,11.5,4.6
2012-06-01 00:00:00+00:00,28.1,0.0,21.5,28.0,20.5,35.6,36.9,2.0,2.0,38.9,27.36,50247.09,46063.8,21.0,0.0,0.0,7.55,0.0,6.0,13.1,42.0,,,,22.2,10.8,2.0,10.4,5.5
2012-06-02 00:00:00+00:00,27.5,0.0,24.6,26.3,19.9,36.3,35.3,0.0,39.0,43.6,28.84,50290.51,46298.81,19.6,0.0,0.0,8.67,0.0,0.0,12.7,45.0,,,,32.7,17.6,39.0,22.3,13.8
2012-06-03 00:00:00+00:00,27.5,0.0,21.1,25.6,19.9,36.1,34.2,0.0,37.0,41.4,29.0,50331.53,46424.02,18.6,0.0,0.0,9.0,0.0,4.0,10.6,39.0,,,,34.2,17.7,37.0,22.7,13.5
2012-06-04 00:00:00+00:00,25.9,0.0,18.8,25.3,18.0,34.2,34.1,0.0,1.0,34.6,29.49,50370.1,46435.65,18.8,0.0,0.0,7.68,0.0,0.0,12.4,50.0,,,,27.5,13.5,1.0,18.7,10.8
2012-06-05 00:00:00+00:00,25.2,0.0,16.8,24.6,16.5,33.3,32.8,0.0,8.0,30.6,29.97,50406.54,46561.04,16.9,0.0,0.0,7.51,0.0,0.0,11.3,47.0,,,,23.3,11.1,8.0,9.4,5.8
2012-06-06 00:00:00+00:00,26.9,0.0,16.3,26.1,17.4,35.0,33.7,0.0,23.0,34.2,29.51,50440.93,46570.2,17.7,0.0,0.0,7.78,0.0,0.0,10.8,42.0,,,,23.1,11.0,23.0,11.9,7.2
2012-06-07 00:00:00+00:00,29.2,0.0,23.1,28.3,19.5,37.7,38.3,0.0,18.0,41.8,29.16,50473.23,46577.55,19.0,0.0,0.0,8.13,0.0,0.0,9.9,33.0,,,,21.4,9.8,18.0,8.3,4.1
2012-06-08 00:00:00+00:00,26.6,0.0,19.6,26.4,19.0,34.4,34.7,0.0,13.0,35.6,29.15,50503.41,46583.11,20.0,0.0,0.0,7.6,0.0,1.0,14.0,51.0,,,,29.2,14.2,13.0,20.9,11.1
2012-06-09 00:00:00+00:00,26.7,0.0,18.2,26.8,19.4,34.4,34.4,1.0,26.0,32.4,29.26,50531.46,46570.25,20.6,0.0,0.0,7.47,0.0,4.0,14.3,52.0,,,,26.3,13.2,26.0,15.8,9.6
2012-06-10 00:00:00+00:00,27.8,0.0,18.2,28.1,19.2,36.4,36.6,0.0,21.0,34.2,29.45,50557.35,46830.61,20.8,0.0,0.0,7.68,0.0,1.0,14.1,51.0,,,,24.9,12.4,21.0,15.5,9.2
2012-06-11 00:00:00+00:00,28.5,0.0,17.7,28.4,19.6,36.5,35.9,0.0,359.0,31.7,29.73,50581.04,46833.11,21.3,0.0,0.0,8.04,0.0,0.0,12.0,43.0,,,,22.8,10.6,359.0,11.2,5.4
2012-06-12 00:00:00+00:00,28.2,0.0,16.0,27.5,18.8,35.9,35.0,0.0,14.0,28.8,29.95,50602.53,46834.01,19.5,0.0,0.0,8.04,0.0,0.0,10.3,38.0,,,,21.2,10.3,14.0,9.7,4.8
2012-06-13 00:00:00+00:00,27.9,0.0,16.6,27.4,19.4,35.5,34.9,0.0,12.0,30.2,30.01,50621.78,46833.34,20.0,0.0,0.0,8.05,0.0,0.0,11.6,41.0,,,,23.7,11.3,12.0,12.6,7.3
2012-06-14 00:00:00+00:00,27.8,0.0,17.5,28.1,18.8,36.2,35.7,0.0,359.0,33.8,29.52,50638.77,46955.37,20.4,0.0,0.0,7.83,0.0,1.0,14.5,50.0,,,,25.5,12.1,359.0,11.2,7.0
2012-06-15 00:00:00+00:00,28.8,0.0,16.7,30.2,20.3,37.4,38.3,2.0,357.0,31.0,28.88,50653.48,46712.95,22.8,0.0,0.0,7.6,0.0,11.0,16.8,54.0,,,,23.5,11.0,357.0,12.6,6.9
2012-06-16 00:00:00+00:00,29.4,0.0,15.6,30.6,20.8,38.1,38.8,1.0,353.0,28.1,29.33,50665.88,46126.07,23.3,0.0,0.0,7.45,0.0,7.0,15.4,50.0,,,,19.7,8.9,353.0,11.5,4.7
2012-06-17 00:00:00+00:00,30.7,0.0,15.8,32.7,22.6,39.2,40.3,1.0,335.0,28.8,28.8,50675.96,46271.29,26.2,0.0,0.0,7.67,0.0,5.0,17.4,52.0,,,,21.7,9.8,335.0,11.5,6.3
2012-06-18 00:00:00+00:00,30.3,0.0,16.6,32.4,22.9,38.2,39.4,2.0,324.0,29.9,28.53,50683.7,45988.57,26.2,0.0,0.0,7.42,0.0,5.0,17.7,53.0,,,,21.6,9.4,324.0,11.5,4.2
2012-06-19 00:00:00+00:00,29.1,0.0,21.7,31.0,22.4,37.4,38.7,2.0,325.0,39.2,28.38,50689.07,45848.47,25.6,0.0,0.0,7.62,0.0,9.0,18.4,58.0,,,,26.9,12.4,325.0,13.0,6.9
2012-06-20 00:00:00+00:00,28.3,0.0,18.4,29.5,20.8,36.1,35.8,2.0,311.0,38.5,28.79,50692.07,46403.17,24.1,0.0,0.0,7.58,0.0,8.0,16.2,55.0,,,,24.4,11.2,311.0,7.6,4.1
2012-06-21 00:00:00+00:00,28.6,0.0,20.1,29.1,19.6,35.9,35.0,1.0,279.0,41.4,28.94,50692.68,47036.26,21.6,0.0,0.0,7.71,0.0,3.0,14.7,48.0,,,,23.6,10.9,279.0,5.8,0.8
2012-06-22 00:00:00+00:00,29.9,0.0,15.7,30.6,20.9,37.4,37.0,1.0,320.0,34.9,28.31,50690.86,46838.65,23.3,0.0,0.0,7.71,0.0,4.0,14.6,46.0,,,,21.2,9.6,320.0,7.9,2.6
2012-06-23 00:00:00+00:00,31.7,0.0,20.9,32.5,23.0,39.8,39.5,2.0,20.0,41.0,28.46,50686.62,47012.94,26.0,0.0,0.0,7.8,0.0,8.0,14.2,42.0,,,,21.3,9.1,20.0,10.1,1.8
2012-06-24 00:00:00+00:00,30.5,0.0,18.5,30.4,22.5,37.9,37.4,0.0,354.0,35.3,29.31,50679.93,47129.15,24.3,0.0,0.0,8.42,0.0,0.0,12.6,40.0,,,,24.0,11.1,354.0,11.2,4.2
2012-06-25 00:00:00+00:00,29.1,0.0,17.9,30.0,19.9,37.2,38.3,0.0,341.0,36.7,28.64,50670.71,47114.84,21.8,0.0,0.0,7.82,0.0,0.0,15.4,48.0,,,,23.6,10.4,341.0,9.4,4.8
2012-06-26 00:00:00+00:00,29.9,0.0,18.7,30.8,22.3,38.0,37.6,0.0,339.0,37.1,29.13,50658.95,47213.95,25.0,0.0,0.0,8.17,0.0,0.0,15.6,48.0,,,,23.6,11.3,339.0,7.9,4.3
2012-06-27 00:00:00+00:00,29.3,0.0,16.7,30.5,20.8,37.5,37.8,0.0,339.0,34.9,29.12,50644.71,46940.69,24.0,0.0,0.0,7.9,0.0,0.0,16.3,52.0,,,,24.1,11.1,339.0,9.4,4.7
2012-06-28 00:00:00+00:00,28.8,0.0,22.0,30.6,20.7,37.0,38.2,3.0,323.0,45.0,28.53,50628.02,46384.32,24.0,0.0,0.0,7.69,0.0,7.0,18.4,59.0,,,,27.7,12.9,323.0,9.0,4.6
2012-06-29 00:00:00+00:00,28.3,0.0,20.7,29.4,20.5,36.2,36.8,0.0,334.0,37.4,29.01,50608.93,46792.32,23.2,0.0,0.0,7.66,0.0,1.0,16.5,55.0,,,,25.6,11.9,334.0,9.4,4.8
2012-06-30 00:00:00+00:00,28.1,0.0,17.3,29.6,21.0,35.5,36.4,1.0,1.0,31.3,28.49,50587.47,45961.7,23.9,0.0,0.0,6.98,0.0,7.0,16.3,55.0,,,,20.9,9.5,1.0,11.2,6.2
2012-07-01 00:00:00+00:00,29.9,0.0,19.2,31.0,22.3,37.4,37.6,2.0,29.0,35.3,28.66,50563.7,45830.02,25.7,0.0,0.0,8.06,0.0,7.0,17.1,53.0,,,,28.6,14.3,29.0,17.3,9.8
2012-07-02 00:00:00+00:00,29.5,0.0,20.5,30.4,21.4,37.2,37.2,0.0,359.0,38.9,29.06,50537.65,46771.82,24.2,0.0,0.0,8.19,0.0,0.0,16.2,51.0,,,,27.2,13.1,359.0,11.5,6.7
2012-07-03 00:00:00+00:00,28.7,0.0,19.1,30.2,21.6,36.0,37.0,3.0,348.0,34.6,27.36,50509.38,44757.6,25.2,0.0,0.0,7.39,0.0,18.0,17.4,57.0,,,,24.0,11.5,348.0,9.0,4.1
2012-07-04 00:00:00+00:00,28.8,0.0,18.5,29.4,21.5,35.8,35.3,1.0,0.0,36.7,28.71,50478.92,45689.48,24.8,0.0,0.0,7.98,0.0,3.0,15.0,50.0,,,,26.1,12.4,0.0,12.2,6.5
2012-07-05 00:00:00+00:00,28.5,0.0,21.6,28.6,20.0,35.9,36.0,0.0,3.0,38.9,29.05,50446.33,46612.43,21.7,0.0,0.0,8.09,0.0,0.0,14.2,46.0,,,,25.4,12.2,3.0,8.3,5.1
2012-07-06 00:00:00+00:00,28.8,0.0,20.5,29.3,19.8,36.9,36.6,0.0,3.0,38.2,29.1,50411.64,46471.52,22.1,0.0,0.0,8.14,0.0,0.0,15.2,50.0,,,,26.3,12.6,3.0,10.4,5.9
2012-07-07 00:00:00+00:00,28.9,0.0,17.9,29.5,19.9,36.9,37.0,0.0,336.0,32.8,29.28,50374.92,46462.13,22.2,0.0,0.0,7.83,0.0,0.0,14.7,49.0,,,,23.3,10.7,336.0,9.7,5.4
2012-07-08 00:00:00+00:00,28.7,0.0,19.5,29.9,21.3,36.1,36.2,1.0,306.0,40.7,28.62,50336.19,45417.59,24.7,0.0,0.0,7.73,0.0,4.0,16.9,55.0,,,,26.3,12.3,306.0,9.0,4.8
2012-07-09 00:00:00+00:00,29.2,0.0,18.8,30.9,22.4,36.4,37.6,2.0,287.0,41.0,27.45,50295.52,45543.06,25.3,0.0,0.0,7.43,0.0,11.0,18.2,55.0,,,,26.8,12.4,287.0,10.8,5.4
2012-07-10 00:00:00+00:00,29.3,0.0,17.7,31.5,22.7,36.3,37.9,2.0,296.0,33.5,27.54,50252.93,45028.85,26.4,0.0,0.0,7.08,0.0,12.0,18.5,57.0,,,,21.9,10.1,296.0,9.0,4.9
2012-07-11 00:00:00+00:00,29.8,0.0,17.1,31.5,22.0,37.5,38.3,0.0,359.0,34.9,28.43,50208.5,45659.36,25.3,0.0,0.0,7.73,0.0,2.0,17.2,53.0,,,,23.9,10.9,359.0,10.4,5.8
2012-07-12 00:00:00+00:00,30.3,0.0,14.9,31.9,22.1,37.9,38.5,2.0,358.0,29.2,28.59,50162.26,45777.52,25.5,0.0,0.0,7.63,0.0,4.0,16.8,51.0,,,,21.6,10.0,358.0,10.8,6.2
2012-07-13 00:00:00+00:00,31.0,0.0,15.4,32.2,23.1,38.5,39.4,0.0,7.0,28.1,28.49,50114.25,45520.99,26.3,0.0,0.0,7.87,0.0,1.0,16.2,47.0,,,,22.7,10.6,7.0,13.0,7.6
2012-07-14 00:00:00+00:00,31.6,0.0,15.6,32.3,22.7,39.3,40.2,0.0,14.0,28.1,28.82,50064.49,45759.71,24.7,0.0,0.0,8.27,0.0,0.0,14.7,40.0,,,,20.4,10.1,14.0,8.6,5.6
2012-07-15 00:00:00+00:00,32.2,0.0,17.7,32.2,23.0,40.3,40.0,0.0,8.0,31.3,28.88,50012.51,45749.78,24.6,0.0,0.0,8.56,0.0,0.0,12.8,36.0,,,,22.1,10.5,8.0,11.9,6.1
2012-07-16 00:00:00+00:00,31.5,0.0,17.0,33.3,22.2,40.5,41.4,1.0,347.0,32.4,28.48,49958.27,45494.65,25.5,0.0,0.0,8.01,0.0,2.0,17.4,50.0,,,,22.2,10.4,347.0,8.3,5.9
2012-07-17 00:00:00+00:00,31.2,0.0,15.2,33.3,22.4,39.6,40.4,2.0,344.0,27.0,28.62,49901.86,45246.73,26.3,0.0,0.0,7.55,0.0,9.0,17.3,52.0,,,,19.9,9.0,344.0,11.2,5.3
2012-07-18 00:00:00+00:00,32.0,0.0,16.0,34.3,23.6,39.5,41.3,0.0,1.0,28.8,28.24,49843.37,45117.06,27.6,0.0,0.0,7.73,0.0,0.0,18.1,50.0,,,,19.3,8.8,1.0,7.6,4.4
2012-07-19 00:00:00+00:00,32.1,0.0,22.5,33.8,24.4,39.9,41.5,0.0,352.0,40.3,28.06,49782.88,44988.71,26.8,0.0,0.0,8.13,0.0,1.0,17.7,47.0,,,,24.1,11.4,352.0,10.8,5.9
2012-07-20 00:00:00+00:00,30.1,0.0,18.9,32.1,23.4,37.3,38.2,1.0,328.0,34.2,28.12,49720.47,44871.29,27.6,0.0,0.0,7.56,0.0,5.0,17.9,55.0,,,,24.4,11.1,328.0,11.2,6.1
2012-07-21 00:00:00+00:00,28.6,0.0,15.1,29.9,22.1,35.8,35.6,1.0,324.0,34.2,28.7,49656.24,44979.47,25.2,0.0,0.0,7.39,0.0,2.0,15.9,53.0,,,,22.5,9.8,324.0,7.9,2.9
2012-07-22 00:00:00+00:00,29.4,0.0,14.8,31.4,21.6,37.1,38.1,0.0,311.0,35.3,27.85,49590.27,44623.52,24.7,0.0,0.0,7.22,0.0,0.0,17.9,55.0,,,,22.1,9.5,311.0,6.1,3.1
2012-07-23 00:00:00+00:00,30.4,0.0,18.4,33.1,23.7,37.7,40.3,2.0,354.0,34.2,27.09,49522.64,44396.71,27.4,0.0,0.0,7.34,0.0,9.0,19.7,57.0,,,,22.2,10.6,354.0,9.0,5.2
2012-07-24 00:00:00+00:00,29.5,0.0,18.8,31.0,21.9,37.9,38.1,2.0,1.0,34.2,28.31,49453.44,44613.62,24.9,0.0,0.0,7.84,0.0,6.0,17.7,56.0,,,,26.7,13.7,1.0,14.4,8.3
2012-07-25 00:00:00+00:00,30.1,0.0,21.5,32.0,22.6,38.8,40.0,1.0,357.0,43.2,27.74,49382.75,44169.6,26.2,0.0,0.0,7.89,0.0,7.0,19.0,57.0,,,,28.4,13.7,357.0,12.2,7.6
2012-07-26 00:00:00+00:00,30.0,0.0,19.4,32.2,23.0,38.4,40.1,3.0,347.0,38.2,27.46,49310.65,44169.1,26.4,0.0,0.0,7.58,0.0,10.0,19.8,59.0,,,,27.8,13.9,347.0,13.0,7.8
2012-07-27 00:00:00+00:00,29.4,0.0,17.6,31.6,23.4,37.2,38.6,3.0,332.0,31.7,27.01,49237.22,41939.64,26.9,0.0,0.0,7.05,0.0,13.0,18.7,58.0,,,,24.0,11.0,332.0,13.3,6.5
2012-07-28 00:00:00+00:00,28.7,0.0,13.6,30.7,21.6,35.7,37.3,1.0,325.0,29.2,27.78,49162.55,44160.41,25.0,0.0,0.0,6.89,0.0,3.0,17.7,56.0,,,,20.7,9.1,325.0,8.3,4.4
2012-07-29 00:00:00+00:00,29.5,0.0,13.3,31.2,22.5,36.4,37.4,0.0,331.0,31.0,28.09,49086.7,44050.44,26.2,0.0,0.0,7.19,0.0,0.0,16.9,52.0,,,,20.5,8.7,331.0,6.1,1.1
2012-07-30 00:00:00+00:00,30.2,0.0,11.3,32.7,22.4,37.3,39.0,0.0,308.0,31.3,27.93,49009.75,44049.16,26.1,0.0,0.0,6.84,0.0,0.0,18.0,53.0,,,,17.7,7.2,308.0,5.4,3.1
2012-07-31 00:00:00+00:00,31.7,0.0,15.3,34.1,23.9,38.7,40.1,1.0,272.0,33.5,26.31,48931.79,43844.64,28.6,0.0,0.0,7.21,0.0,7.0,18.5,52.0,,,,19.9,8.9,272.0,8.6,3.7
2012-08-01 00:00:00+00:00,31.0,0.0,15.3,33.2,24.6,38.1,38.9,0.0,310.0,33.1,27.62,48852.89,43748.78,28.9,0.0,0.0,7.61,0.0,0.0,18.6,53.0,,,,24.3,11.1,310.0,10.4,6.1
2012-08-02 00:00:00+00:00,30.3,0.0,17.4,32.5,23.6,37.5,38.3,0.0,341.0,32.0,27.63,48773.11,43650.57,27.5,0.0,0.0,7.43,0.0,0.0,18.3,54.0,,,,21.3,10.0,341.0,7.2,4.5
2012-08-03 00:00:00+00:00,29.5,0.0,17.6,31.2,22.2,36.7,37.5,0.0,358.0,37.4,27.4,48692.48,43560.52,25.7,0.0,0.0,7.46,0.0,2.0,18.0,56.0,,,,25.5,12.0,358.0,10.8,6.6
2012-08-04 00:00:00+00:00,28.8,0.0,19.2,30.0,21.7,36.1,36.7,0.0,341.0,39.2,27.49,48610.34,43560.84,24.5,0.0,0.0,7.51,0.0,0.0,16.6,52.0,,,,24.9,11.6,341.0,7.6,4.7
2012-08-05 00:00:00+00:00,29.1,0.0,19.1,30.6,22.2,36.3,37.0,0.0,319.0,41.8,26.87,48526.61,43475.26,25.4,0.0,0.0,7.41,0.0,1.0,17.8,55.0,,,,27.1,12.5,319.0,9.0,5.4
2012-08-06 00:00:00+00:00,29.8,0.0,16.0,31.8,22.4,37.4,38.6,1.0,330.0,29.2,27.0,48441.37,43336.52,25.9,0.0,0.0,7.15,0.0,3.0,18.0,56.0,,,,21.7,10.4,330.0,9.4,5.5
2012-08-07 00:00:00+00:00,30.9,0.0,14.4,33.1,23.1,38.9,40.4,3.0,345.0,25.9,26.86,48354.72,43340.15,27.2,0.0,0.0,7.16,0.0,10.0,17.5,52.0,,,,19.4,8.6,345.0,9.7,5.0
2012-08-08 00:00:00+00:00,32.1,0.0,15.6,33.5,24.2,39.1,40.8,0.0,8.0,27.4,27.05,48266.76,43318.05,27.6,0.0,0.0,7.52,0.0,0.0,15.6,42.0,,,,18.9,8.2,8.0,7.2,2.5
2012-08-09 00:00:00+00:00,32.5,0.0,16.8,33.5,24.3,39.6,40.3,0.0,15.0,30.6,27.1,48177.57,43263.03,27.3,0.0,0.0,7.84,0.0,0.0,14.8,41.0,,,,20.6,9.3,15.0,8.3,4.1
2012-08-10 00:00:00+00:00,32.5,0.0,13.5,33.2,25.2,39.3,39.7,0.0,1.0,30.6,27.14,48087.23,43200.0,26.8,0.0,0.0,7.83,0.0,1.0,14.5,38.0,,,,20.4,9.1,1.0,9.7,2.5
2012-08-11 00:00:00+00:00,31.4,0.0,14.0,33.2,24.1,38.4,39.2,0.0,331.0,31.3,27.03,47995.84,43200.0,28.2,0.0,0.0,7.33,0.0,0.0,16.7,48.0,,,,20.5,8.8,331.0,9.0,5.1
2012-08-12 00:00:00+00:00,31.2,0.0,17.8,32.8,23.0,38.5,38.2,0.0,8.0,36.4,27.03,47903.48,43200.0,27.2,0.0,0.0,7.79,0.0,1.0,16.8,51.0,,,,22.5,10.8,8.0,8.6,4.7
2012-08-13 00:00:00+00:00,33.0,0.0,19.8,32.9,24.7,40.5,40.6,0.0,58.0,36.0,26.95,47810.23,43200.32,25.4,0.0,0.0,8.62,0.0,0.0,13.4,37.0,,,,25.6,12.7,58.0,15.8,9.6
2012-08-14 00:00:00+00:00,30.5,0.0,23.6,31.2,24.1,37.4,38.5,1.0,4.0,44.3,25.96,47716.18,43200.0,26.9,0.0,0.0,8.2,0.0,4.0,17.4,50.0,,,,32.5,16.6,4.0,23.8,11.2
2012-08-15 00:00:00+00:00,29.1,0.0,21.1,29.6,22.2,36.3,36.4,0.0,330.0,41.4,26.68,47621.41,43200.0,24.6,0.0,0.0,7.74,0.0,0.0,15.8,49.0,,,,27.9,13.2,330.0,11.2,5.9
2012-08-16 00:00:00+00:00,28.8,0.0,15.6,30.0,20.7,36.4,36.8,0.0,329.0,33.5,26.82,47525.98,43200.0,23.3,0.0,0.0,7.15,0.0,0.0,16.1,52.0,,,,22.6,10.1,329.0,10.1,4.3
2012-08-17 00:00:00+00:00,29.3,0.0,12.5,30.9,21.7,36.7,37.5,1.0,331.0,27.0,26.62,47430.0,43200.0,25.0,0.0,0.0,6.7,0.0,2.0,15.9,51.0,,,,17.5,7.5,331.0,7.9,3.8
2012-08-18 00:00:00+00:00,30.3,0.0,16.2,31.7,21.8,38.0,39.1,0.0,356.0,29.5,26.49,47333.52,43200.0,25.1,0.0,0.0,7.15,0.0,0.0,15.8,48.0,,,,19.5,8.8,356.0,9.4,5.2
2012-08-19 00:00:00+00:00,30.1,0.0,17.5,31.8,22.3,37.3,39.1,0.0,347.0,31.7,26.2,47236.63,43200.0,25.8,0.0,0.0,7.03,0.0,0.0,17.1,51.0,,,,20.9,9.6,347.0,9.7,6.5
2012-08-20 00:00:00+00:00,29.6,0.0,16.6,31.3,23.1,36.5,37.8,2.0,344.0,29.9,25.89,47139.39,43200.0,26.9,0.0,0.0,6.8,0.0,6.0,16.8,52.0,,,,20.8,9.0,344.0,10.4,5.1
2012-08-21 00:00:00+00:00,29.6,0.0,20.6,30.7,20.9,37.4,37.9,0.0,4.0,37.1,25.75,47041.89,43200.0,23.9,0.0,0.0,7.62,0.0,2.0,16.7,53.0,,,,25.8,12.3,4.0,9.4,6.1
2012-08-22 00:00:00+00:00,28.9,0.0,18.9,29.9,20.9,36.5,36.4,1.0,350.0,36.0,26.11,46944.19,43200.0,23.8,0.0,0.0,7.31,0.0,3.0,16.2,53.0,,,,24.8,11.6,350.0,8.6,5.1
2012-08-23 00:00:00+00:00,28.3,0.0,18.6,29.5,20.5,35.8,36.1,1.0,353.0,33.8,25.83,46846.29,43200.0,23.4,0.0,0.0,6.99,0.0,5.0,16.5,55.0,,,,24.1,11.2,353.0,8.3,5.2
2012-08-24 00:00:00+00:00,29.0,0.0,14.3,30.3,20.5,36.8,37.1,1.0,1.0,27.0,26.09,46747.52,43200.0,23.4,0.0,0.0,6.88,0.0,2.0,15.8,52.0,,,,19.9,9.1,1.0,8.3,5.1
2012-08-25 00:00:00+00:00,29.5,0.0,13.7,30.6,22.5,36.8,36.8,1.0,355.0,27.7,25.92,46647.75,43200.0,25.4,0.0,0.0,6.88,0.0,4.0,15.4,49.0,,,,19.3,8.8,355.0,6.8,4.2
2012-08-26 00:00:00+00:00,29.3,0.0,13.8,30.7,21.3,37.1,36.7,1.0,343.0,28.1,25.86,46547.06,43200.0,24.7,0.0,0.0,6.76,0.0,3.0,15.6,52.0,,,,19.0,8.6,343.0,7.6,4.7
2012-08-27 00:00:00+00:00,29.5,0.0,14.8,30.4,22.2,36.8,35.6,0.0,328.0,34.2,26.31,46445.52,43169.5,25.8,0.0,0.0,7.05,0.0,0.0,13.9,47.0,,,,18.9,8.3,328.0,4.3,1.1
2012-08-28 00:00:00+00:00,28.9,0.0,16.4,30.6,21.6,35.8,36.6,1.0,316.0,33.5,25.2,46343.23,43101.95,25.1,0.0,0.0,6.71,0.0,6.0,17.5,55.0,,,,21.0,10.1,316.0,9.0,5.1
2012-08-29 00:00:00+00:00,28.6,0.0,17.2,30.4,22.0,35.6,35.5,3.0,309.0,37.1,24.81,46240.25,43033.53,25.7,0.0,0.0,6.76,0.0,14.0,18.2,60.0,,,,25.8,12.3,309.0,8.6,4.7
2012-08-30 00:00:00+00:00,29.3,0.0,16.2,31.7,24.1,35.6,36.9,2.0,334.0,30.2,22.74,46136.66,42964.33,28.1,0.0,0.0,6.23,0.0,27.0,18.8,58.0,,,,19.8,9.6,334.0,6.8,3.6
2012-08-31 00:00:00+00:00,28.7,0.0,16.6,29.8,22.3,35.6,35.4,0.0,331.0,31.0,25.19,46032.52,42894.43,25.6,0.0,0.0,6.75,0.0,0.0,15.6,51.0,,,,20.8,9.5,331.0,7.9,3.2
2012-09-01 00:00:00+00:00,27.4,0.0,16.5,28.2,19.2,34.7,34.8,0.0,348.0,30.2,25.62,45927.92,42823.92,21.0,0.0,0.0,6.6,0.0,0.0,15.1,52.0,,,,21.1,9.8,348.0,9.0,5.7
2012-09-02 00:00:00+00:00,28.0,0.0,18.1,29.0,19.7,36.2,36.3,2.0,2.0,36.7,24.65,45822.92,42752.87,22.2,0.0,0.0,6.88,0.0,6.0,16.8,57.0,,,,25.4,12.4,2.0,9.7,5.9
2012-09-03 00:00:00+00:00,27.9,0.0,19.6,29.3,20.4,35.9,36.1,3.0,347.0,35.3,23.88,45717.59,41674.6,23.4,0.0,0.0,6.59,0.0,18.0,17.3,59.0,,,,24.5,11.9,347.0,9.4,6.1
2012-09-04 00:00:00+00:00,28.7,0.0,20.7,30.5,23.2,36.4,37.4,3.0,352.0,37.8,23.72,45612.01,42609.52,26.4,0.0,0.0,6.6,0.0,32.0,18.8,61.0,,,,26.5,13.4,352.0,13.7,9.1
2012-09-05 00:00:00+00:00,28.3,0.0,19.5,29.8,22.6,36.1,35.9,3.0,351.0,36.0,23.9,45506.23,40071.01,26.2,0.0,0.0,6.69,0.0,19.0,17.7,60.0,,,,26.8,12.9,351.0,14.4,7.6
2012-09-06 00:00:00+00:00,27.7,0.0,18.0,28.8,20.5,36.0,35.9,2.0,349.0,34.6,23.94,45400.34,41430.57,23.4,0.0,0.0,6.61,0.0,8.0,17.0,59.0,,,,25.7,12.4,349.0,11.2,6.1
2012-09-07 00:00:00+00:00,27.6,0.0,17.9,29.2,20.8,35.3,35.9,3.0,339.0,32.4,23.4,45294.38,38792.59,23.6,0.0,0.0,6.14,0.0,15.0,17.3,60.0,,,,23.5,11.0,339.0,13.7,6.4
2012-09-08 00:00:00+00:00,27.2,0.0,17.3,28.9,20.8,33.5,34.7,1.0,332.0,33.1,23.3,45188.44,42320.11,23.8,0.0,0.0,5.87,0.0,7.0,17.6,60.0,,,,21.8,9.9,332.0,8.6,5.2
2012-09-09 00:00:00+00:00,26.9,0.0,17.7,28.2,20.3,33.9,34.1,2.0,312.0,34.9,22.12,45082.57,42247.67,22.6,0.0,0.0,5.91,0.0,11.0,17.5,60.0,,,,24.2,11.6,312.0,9.4,4.6
2012-09-10 00:00:00+00:00,28.1,0.0,18.8,30.0,21.7,35.6,36.9,1.0,338.0,33.8,22.47,44976.84,42175.37,25.3,0.0,0.0,5.99,0.0,15.0,18.3,61.0,,,,23.3,10.8,338.0,8.6,5.1
2012-09-11 00:00:00+00:00,27.2,0.0,19.0,28.6,20.4,35.0,34.8,3.0,327.0,35.3,23.15,44871.32,39796.87,23.4,0.0,0.0,6.27,0.0,26.0,17.2,61.0,,,,23.6,11.2,327.0,7.9,4.7
2012-09-12 00:00:00+00:00,26.3,0.0,16.5,27.3,19.6,33.2,33.3,1.0,332.0,31.0,23.37,44765.99,41971.65,21.9,0.0,0.0,5.81,0.0,5.0,15.8,58.0,,,,21.0,9.4,332.0,8.3,4.0
2012-09-13 00:00:00+00:00,26.2,0.0,18.2,26.6,20.6,32.1,32.3,0.0,2.0,33.8,23.43,44660.16,41866.84,22.6,0.0,0.0,6.08,0.0,0.0,14.6,53.0,,,,21.9,10.4,2.0,7.6,5.0
2012-09-14 00:00:00+00:00,26.5,0.0,19.4,26.3,19.1,33.3,32.8,0.0,37.0,34.9,23.48,44553.71,41761.28,20.1,0.0,0.0,6.6,0.0,0.0,14.4,51.0,,,,26.0,13.2,37.0,12.2,6.9
2012-09-15 00:00:00+00:00,26.8,0.0,15.5,27.3,19.5,34.2,34.3,0.0,28.0,32.8,23.58,44446.71,41655.03,21.1,0.0,0.0,6.05,0.0,0.0,15.2,55.0,,,,22.9,11.5,28.0,12.6,7.6
2012-09-16 00:00:00+00:00,27.8,0.0,11.4,28.3,19.8,35.2,35.2,0.0,4.0,24.1,23.7,44339.21,41548.16,21.9,0.0,0.0,6.05,0.0,0.0,13.2,50.0,,,,17.6,7.9,4.0,9.4,2.1
2012-09-17 00:00:00+00:00,29.5,0.0,17.7,28.9,20.0,37.8,36.3,0.0,54.0,34.2,23.48,44231.31,41358.08,21.3,0.0,0.0,7.29,0.0,0.0,11.6,40.0,,,,22.7,11.0,54.0,11.9,3.1
2012-09-18 00:00:00+00:00,29.0,0.0,19.4,28.0,21.6,36.9,35.8,0.0,46.0,36.0,23.21,44123.05,41058.45,20.5,0.0,0.0,7.73,0.0,0.0,12.5,39.0,,,,28.1,14.8,46.0,16.2,10.2
2012-09-19 00:00:00+00:00,27.8,0.0,20.4,28.8,21.7,35.4,35.4,2.0,28.0,38.2,22.23,44014.52,40646.62,24.2,0.0,0.0,6.31,0.0,11.0,18.1,62.0,,,,30.5,15.7,28.0,20.2,11.6
2012-09-20 00:00:00+00:00,26.8,0.0,19.8,27.6,20.4,33.2,33.7,0.0,8.0,36.0,22.51,43905.78,40601.36,22.6,0.0,0.0,5.88,0.0,1.0,16.2,57.0,,,,24.2,11.9,8.0,15.1,8.7
2012-09-21 00:00:00+00:00,26.7,0.0,20.3,27.3,20.1,32.7,32.5,1.0,8.0,37.4,20.99,43796.89,40094.91,22.1,0.0,0.0,5.79,0.0,9.0,16.0,56.0,,,,24.5,11.8,8.0,11.2,6.5
2012-09-22 00:00:00+00:00,26.5,0.0,20.7,27.1,20.2,32.8,32.9,1.0,16.0,37.4,21.68,43687.93,40056.97,22.3,0.0,0.0,5.94,0.0,7.0,16.3,57.0,,,,26.0,12.9,16.0,12.6,7.7
2012-09-23 00:00:00+00:00,25.7,0.0,19.4,25.9,19.8,32.3,31.9,0.0,5.0,38.2,22.41,43578.97,40126.04,21.6,0.0,0.0,6.04,0.0,1.0,15.0,56.0,,,,26.5,13.0,5.0,14.4,8.2
2012-09-24 00:00:00+00:00,24.6,0.0,16.3,24.6,17.9,31.3,31.0,0.0,351.0,29.5,22.15,43470.06,39975.32,19.0,0.0,0.0,5.48,0.0,2.0,13.7,55.0,,,,20.7,10.0,351.0,8.6,6.5
2012-09-25 00:00:00+00:00,24.8,0.0,14.1,25.2,17.9,31.4,31.1,0.0,360.0,26.6,22.1,43361.28,39726.27,19.2,0.0,0.0,5.37,0.0,1.0,14.1,56.0,,,,19.6,9.3,360.0,9.0,5.9
2012-09-26 00:00:00+00:00,25.7,0.0,16.1,25.8,18.1,32.6,32.1,1.0,32.0,29.2,22.11,43252.7,39587.57,19.4,0.0,0.0,5.79,0.0,4.0,14.1,54.0,,,,22.1,11.1,32.0,10.4,6.9
2012-09-27 00:00:00+00:00,26.4,0.0,15.0,26.5,19.3,33.4,33.1,0.0,40.0,30.6,21.99,43144.38,39453.71,20.8,0.0,0.0,5.78,0.0,3.0,14.4,53.0,,,,22.6,11.5,40.0,16.2,7.8
2012-09-28 00:00:00+00:00,26.8,0.0,13.0,27.6,19.5,33.5,34.7,0.0,5.0,24.1,21.4,43036.38,39324.93,21.3,0.0,0.0,5.49,0.0,0.0,15.1,53.0,,,,19.2,8.9,5.0,12.2,6.5
2012-09-29 00:00:00+00:00,27.0,0.0,13.1,27.8,19.3,34.0,35.2,0.0,7.0,23.8,21.41,42928.79,39201.54,21.3,0.0,0.0,5.55,0.0,0.0,14.9,53.0,,,,18.7,8.5,7.0,10.1,5.2
2012-09-30 00:00:00+00:00,27.0,0.0,15.0,28.0,19.8,34.3,35.0,3.0,359.0,27.4,20.61,42821.66,39083.8,22.4,0.0,0.0,5.46,0.0,24.0,16.0,56.0,,,,20.2,9.6,359.0,12.6,5.2
2012-10-01 00:00:00+00:00,27.7,0.0,12.4,28.4,20.6,35.1,34.3,2.0,23.0,27.4,20.6,42715.06,38972.02,23.5,0.0,0.0,5.58,0.0,25.0,14.9,54.0,,,,20.2,9.5,23.0,14.0,6.3
2012-10-02 00:00:00+00:00,26.4,0.0,16.7,27.5,19.9,33.2,33.9,1.0,344.0,30.2,20.68,42608.99,38943.14,22.4,0.0,0.0,5.42,0.0,4.0,16.5,59.0,,,,21.8,10.4,344.0,13.0,6.7
2012-10-03 00:00:00+00:00,25.9,0.0,18.1,26.6,19.3,33.0,33.1,1.0,8.0,32.0,20.76,42502.7,38840.32,20.8,0.0,0.0,5.59,0.0,6.0,16.0,58.0,,,,22.3,11.2,8.0,8.3,4.3
2012-10-04 00:00:00+00:00,26.5,0.0,17.5,27.3,19.3,33.5,32.7,3.0,356.0,32.8,18.98,42396.06,38801.11,21.7,0.0,0.0,5.39,0.0,69.0,16.2,59.0,,,,21.3,10.7,356.0,11.5,5.4
2012-10-05 00:00:00+00:00,26.2,0.0,15.6,27.0,21.0,31.6,31.0,0.0,325.0,34.9,19.71,42289.13,38764.05,23.6,0.0,0.0,5.25,0.0,5.0,15.5,56.0,,,,21.0,9.6,325.0,6.5,3.3
2012-10-06 00:00:00+00:00,24.8,0.0,14.3,25.5,18.3,30.3,30.2,1.0,330.0,28.1,18.19,42181.98,38726.67,20.2,0.0,0.0,4.66,0.0,10.0,15.5,60.0,,,,19.5,9.1,330.0,8.6,5.1
2012-10-07 00:00:00+00:00,24.7,0.0,16.0,25.2,18.2,30.5,30.3,1.0,316.0,31.7,18.31,42074.71,38688.95,20.0,0.0,0.0,4.78,0.0,10.0,15.6,61.0,,,,21.2,10.4,316.0,9.0,5.7
2012-10-08 00:00:00+00:00,25.1,0.0,16.3,25.8,19.1,31.1,30.8,1.0,343.0,29.9,19.3,41967.39,38650.88,21.1,0.0,0.0,4.8,0.0,9.0,15.1,60.0,,,,18.3,8.6,343.0,8.6,3.8
2012-10-09 00:00:00+00:00,25.8,0.0,13.4,25.7,21.1,31.0,29.9,0.0,350.0,28.8,19.58,41860.08,38612.43,22.9,0.0,0.0,5.11,0.0,4.0,12.8,49.0,,,,18.1,8.6,350.0,6.5,1.1
2012-10-10 00:00:00+00:00,26.0,0.0,10.4,26.2,18.7,32.4,32.1,0.0,210.0,25.6,19.4,41752.87,38573.6,20.5,0.0,0.0,4.95,0.0,1.0,12.7,50.0,,,,16.7,7.6,210.0,9.7,4.4
2012-10-11 00:00:00+00:00,26.3,0.0,15.5,25.6,20.5,32.0,31.9,1.0,261.0,34.2,18.72,41645.83,38534.38,19.1,0.0,0.0,5.69,0.0,5.0,12.4,43.0,,,,23.2,11.6,261.0,13.3,8.9
2012-10-12 00:00:00+00:00,25.8,0.0,17.1,26.5,18.4,32.1,32.3,0.0,32.0,31.3,19.35,41539.05,38494.76,20.1,0.0,0.0,4.9,0.0,2.0,15.0,57.0,,,,17.4,8.5,32.0,7.9,3.0
2012-10-13 00:00:00+00:00,25.9,0.0,20.8,26.5,20.1,32.1,32.0,2.0,32.0,37.4,18.86,41432.61,38454.72,22.0,0.0,0.0,5.16,0.0,9.0,16.4,60.0,,,,24.2,12.6,32.0,13.3,7.9
2012-10-14 00:00:00+00:00,25.2,0.0,17.3,25.6,19.2,31.6,30.9,3.0,38.0,32.0,18.7,41326.57,37414.17,20.8,0.0,0.0,5.01,0.0,46.0,16.1,61.0,,,,25.5,12.9,38.0,14.0,8.3
2012-10-15 00:00:00+00:00,25.6,0.0,20.7,25.9,19.2,33.1,32.7,3.0,44.0,41.4,17.06,41221.04,38373.36,20.1,0.0,0.0,4.97,0.0,32.0,17.3,64.0,,,,30.0,16.6,44.0,21.2,13.3
2012-10-16 00:00:00+00:00,27.0,0.0,19.9,27.4,20.5,35.2,34.6,3.0,49.0,36.0,17.5,41116.07,38276.03,21.7,0.0,0.0,5.52,0.0,54.0,17.5,61.0,,,,31.5,16.8,49.0,24.5,14.5
2012-10-17 00:00:00+00:00,27.5,0.0,20.6,28.4,21.1,35.6,35.6,3.0,40.0,36.4,18.07,41011.77,38167.68,23.6,0.0,0.0,5.61,0.0,47.0,17.9,61.0,,,,29.0,15.0,40.0,20.9,10.9
2012-10-18 00:00:00+00:00,27.1,0.0,17.3,27.2,20.5,35.0,33.4,1.0,38.0,36.0,18.39,40908.21,38059.96,22.5,0.0,0.0,5.69,0.0,9.0,15.4,56.0,,,,27.3,14.5,38.0,19.1,11.6
2012-10-19 00:00:00+00:00,26.0,0.0,15.5,26.1,19.7,33.4,31.8,1.0,29.0,32.4,18.15,40805.49,37952.98,21.7,0.0,0.0,5.03,0.0,5.0,14.7,57.0,,,,23.3,11.8,29.0,16.6,8.9
2012-10-20 00:00:00+00:00,25.1,0.0,12.4,25.1,17.9,32.7,31.4,2.0,6.0,26.6,18.24,40703.68,37224.27,19.4,0.0,0.0,4.79,0.0,13.0,13.2,54.0,,,,17.5,8.9,6.0,9.4,5.4
2012-10-21 00:00:00+00:00,25.1,0.0,14.1,25.8,20.5,31.9,31.2,3.0,4.0,27.0,17.4,40602.88,35623.14,22.5,0.0,0.0,4.61,0.0,39.0,15.6,62.0,,,,20.6,10.8,4.0,13.3,8.3
2012-10-22 00:00:00+00:00,24.1,0.0,13.6,25.1,19.2,30.4,30.5,3.0,354.0,27.4,16.75,40503.08,34638.83,21.7,0.0,0.0,4.06,0.0,16.0,15.5,65.0,,,,18.0,7.9,354.0,10.4,4.0
2012-10-23 00:00:00+00:00,24.3,0.0,16.7,24.4,19.5,29.9,29.2,3.0,351.0,30.2,15.84,40403.48,37532.64,21.1,0.0,0.0,4.26,0.0,35.0,13.2,56.0,,,,17.6,7.9,351.0,6.1,2.1
2012-10-24 00:00:00+00:00,24.1,0.2,15.9,23.8,19.0,30.4,29.8,51.0,26.0,31.7,15.23,40303.91,37213.18,20.4,1.0,0.2,4.19,0.0,41.0,13.0,55.0,,,,21.5,10.1,26.0,13.3,1.8
2012-10-25 00:00:00+00:00,24.0,0.0,11.7,23.2,17.8,30.0,28.9,1.0,355.0,24.8,16.77,40204.48,37268.21,18.7,0.0,0.0,4.31,0.0,11.0,10.2,47.0,,,,16.7,7.6,355.0,9.4,2.1
2012-10-26 00:00:00+00:00,23.1,0.0,13.7,23.1,16.5,29.3,28.2,1.0,1.0,27.7,17.06,40105.26,37197.23,17.8,0.0,0.0,4.21,0.0,3.0,13.0,59.0,,,,17.9,8.0,1.0,9.0,1.6
2012-10-27 00:00:00+00:00,23.4,0.0,15.5,23.0,17.1,29.6,28.6,0.0,47.0,27.4,17.58,40006.34,37005.06,18.0,0.0,0.0,4.45,0.0,0.0,12.4,56.0,,,,19.1,9.8,47.0,11.5,7.1
2012-10-28 00:00:00+00:00,23.7,0.0,15.7,23.1,17.7,30.1,28.6,0.0,50.0,29.9,17.52,39907.83,36815.86,18.7,0.0,0.0,4.67,0.0,0.0,12.7,56.0,,,,22.9,11.7,50.0,15.8,8.2
2012-10-29 00:00:00+00:00,23.7,0.0,14.6,23.5,17.5,30.4,29.8,2.0,50.0,30.2,17.47,39809.81,36747.23,18.2,0.0,0.0,4.26,0.0,13.0,13.4,58.0,,,,20.6,10.3,50.0,11.9,6.9
2012-10-30 00:00:00+00:00,24.0,0.0,13.7,24.3,16.4,31.3,31.1,3.0,41.0,23.8,17.36,39712.38,36562.82,17.5,0.0,0.0,4.24,0.0,18.0,14.0,60.0,,,,17.2,8.3,41.0,10.1,5.4
2012-10-31 00:00:00+00:00,23.9,0.0,14.5,23.9,18.6,30.3,28.8,3.0,41.0,26.6,12.97,39615.63,29694.77,19.9,0.0,0.0,3.79,0.0,83.0,14.7,62.0,,,,20.8,11.0,41.0,13.3,7.7
2012-11-01 00:00:00+00:00,24.2,0.0,14.2,24.8,18.6,31.6,31.3,3.0,49.0,29.9,14.61,39519.66,28097.79,20.2,0.0,0.0,3.85,0.0,65.0,16.5,68.0,,,,23.0,12.2,49.0,16.2,8.9
2012-11-02 00:00:00+00:00,24.8,0.0,17.9,26.2,19.2,31.8,33.1,3.0,47.0,31.3,13.23,39424.58,22747.46,21.3,0.0,0.0,3.76,0.0,77.0,18.2,71.0,,,,22.1,11.5,47.0,12.6,6.1
2012-11-03 00:00:00+00:00,26.0,0.1,18.9,26.8,20.4,32.4,32.6,51.0,57.0,35.3,12.19,39330.49,27171.46,23.1,1.0,0.1,4.16,0.0,85.0,16.9,62.0,,,,20.9,11.8,57.0,11.2,5.3
2012-11-04 00:00:00+00:00,26.6,0.0,20.9,25.0,22.3,32.5,29.7,3.0,55.0,40.7,15.46,39237.48,33491.89,21.2,0.0,0.0,5.9,0.0,68.0,12.0,43.0,,,,30.9,15.8,55.0,23.0,11.7
2012-11-05 00:00:00+00:00,24.7,0.0,20.1,25.5,20.3,30.0,29.6,3.0,35.0,37.1,15.11,39145.66,35160.79,22.2,0.0,0.0,4.1,0.0,46.0,17.6,68.0,,,,26.7,14.3,35.0,19.1,10.7
2012-11-06 00:00:00+00:00,24.6,0.0,20.7,24.9,20.6,31.2,29.6,3.0,21.0,41.4,14.41,39055.14,34751.22,22.6,0.0,0.0,4.17,0.0,37.0,16.7,67.0,,,,28.2,15.0,21.0,19.4,11.7
2012-11-07 00:00:00+00:00,23.3,0.0,16.4,23.7,19.7,28.8,27.9,2.0,24.0,32.8,14.98,38966.02,34706.74,21.0,0.0,0.0,3.72,0.0,22.0,16.3,68.0,,,,25.0,13.2,24.0,17.3,10.7
2012-11-08 00:00:00+00:00,22.3,0.0,12.3,23.3,16.5,27.7,27.9,2.0,356.0,27.4,15.04,38878.43,35093.09,17.5,0.0,0.0,3.25,0.0,12.0,16.2,71.0,,,,17.3,8.3,356.0,10.4,5.1
2012-11-09 00:00:00+00:00,20.9,5.4,22.6,20.2,17.5,24.8,23.0,61.0,284.0,42.1,14.53,38792.46,34769.09,17.6,4.0,5.4,3.51,0.0,30.0,14.1,67.0,,,,28.2,14.4,284.0,14.4,6.9
2012-11-10 00:00:00+00:00,19.8,0.0,14.6,18.9,15.5,24.6,22.3,1.0,246.0,31.7,15.13,38708.23,34915.45,15.0,0.0,0.0,3.34,0.0,14.0,11.3,61.0,,,,19.8,9.7,246.0,11.2,5.9
2012-11-11 00:00:00+00:00,19.9,0.0,21.3,18.4,15.9,24.0,20.4,2.0,288.0,39.2,12.84,38625.78,34876.06,15.8,0.0,0.0,3.47,0.0,25.0,10.9,60.0,,,,23.2,12.2,288.0,11.5,6.2
2012-11-12 00:00:00+00:00,20.1,0.0,18.4,18.2,16.1,25.3,21.8,3.0,307.0,33.8,14.0,38544.28,34510.27,15.2,0.0,0.0,3.97,0.0,40.0,9.4,53.0,,,,23.2,12.4,307.0,13.0,7.6
2012-11-13 00:00:00+00:00,20.5,0.0,13.2,19.4,15.1,25.5,23.8,3.0,352.0,27.4,13.06,38463.58,33002.55,14.4,0.0,0.0,3.3,0.0,69.0,10.4,55.0,,,,18.3,8.5,352.0,10.4,4.7
2012-11-14 00:00:00+00:00,20.1,0.0,10.5,19.5,14.6,25.8,24.7,0.0,19.0,23.8,15.42,38383.78,34681.57,14.7,0.0,0.0,3.29,0.0,3.0,11.5,61.0,,,,15.0,7.4,19.0,8.3,3.9
2012-11-15 00:00:00+00:00,20.2,0.0,16.6,19.1,14.8,26.3,24.0,3.0,51.0,34.6,15.49,38304.97,34646.99,14.5,0.0,0.0,3.75,0.0,25.0,11.8,62.0,,,,22.6,12.1,51.0,13.0,7.7
2012-11-16 00:00:00+00:00,20.9,0.0,15.3,20.2,15.7,27.8,26.1,3.0,93.0,28.4,13.85,38227.24,32568.13,16.1,0.0,0.0,3.13,0.0,98.0,10.9,60.0,,,,17.7,8.1,93.0,6.5,2.3
2012-11-17 00:00:00+00:00,20.2,0.0,15.9,18.0,13.4,27.2,23.9,3.0,191.0,34.6,15.51,38150.7,34579.02,12.0,0.0,0.0,4.02,0.0,18.0,6.0,44.0,,,,17.1,8.8,191.0,9.0,5.8
2012-11-18 00:00:00+00:00,19.9,0.0,10.8,17.8,14.4,26.5,24.3,3.0,203.0,26.3,15.07,38075.45,34350.3,12.5,0.0,0.0,3.69,0.0,21.0,5.2,40.0,,,,17.0,7.3,203.0,9.4,4.8
2012-11-19 00:00:00+00:00,20.0,0.0,11.6,19.1,14.0,26.6,25.7,3.0,22.0,21.2,14.55,38001.58,34297.97,13.3,0.0,0.0,3.21,0.0,79.0,9.7,55.0,,,,12.7,6.2,22.0,6.8,3.3
2012-11-20 00:00:00+00:00,20.9,0.0,12.1,20.1,15.1,27.0,25.3,3.0,49.0,21.2,14.53,37929.2,34307.62,15.2,0.0,0.0,3.41,0.0,31.0,10.7,57.0,,,,16.5,8.0,49.0,11.9,5.2
2012-11-21 00:00:00+00:00,20.3,0.0,11.0,19.6,15.1,25.7,24.1,3.0,60.0,21.2,10.99,37858.4,26624.41,15.3,0.0,0.0,2.77,0.0,83.0,11.6,61.0,,,,15.9,8.1,60.0,11.2,6.4
2012-11-22 00:00:00+00:00,19.6,0.1,13.5,18.9,14.9,25.4,24.6,51.0,359.0,28.4,12.97,37789.3,34081.62,14.7,1.0,0.1,3.01,0.0,25.0,11.3,61.0,,,,16.6,7.7,359.0,7.6,2.4
2012-11-23 00:00:00+00:00,18.6,0.1,18.3,18.0,15.0,23.3,21.1,51.0,311.0,34.9,10.51,37721.99,31208.1,15.4,1.0,0.1,2.57,0.0,18.0,12.8,72.0,,,,20.7,10.7,311.0,9.7,5.9
2012-11-24 00:00:00+00:00,17.9,0.0,12.0,17.3,12.6,23.2,22.0,2.0,309.0,23.4,11.64,37656.59,32972.09,12.4,0.0,0.0,2.49,0.0,36.0,11.3,68.0,,,,14.8,7.0,309.0,6.5,3.6
2012-11-25 00:00:00+00:00,17.5,0.0,13.0,17.2,14.4,21.8,20.8,3.0,321.0,26.3,10.35,37593.2,33447.94,14.6,0.0,0.0,2.12,0.0,42.0,12.7,75.0,,,,16.3,7.9,321.0,7.6,4.2
2012-11-26 00:00:00+00:00,17.4,0.0,10.5,16.6,11.3,23.0,21.6,2.0,301.0,24.1,12.21,37531.92,33945.04,10.3,0.0,0.0,2.55,0.0,18.0,10.9,69.0,,,,15.9,8.1,301.0,9.7,5.4
2012-11-27 00:00:00+00:00,18.4,0.0,14.0,17.5,14.0,23.1,21.3,1.0,13.0,25.6,12.19,37472.89,33821.88,13.8,0.0,0.0,2.76,0.0,20.0,10.8,65.0,,,,16.1,8.4,13.0,8.3,3.3
2012-11-28 00:00:00+00:00,18.1,0.0,17.1,16.9,12.5,24.1,21.4,0.0,42.0,35.3,13.86,37416.18,34137.52,11.8,0.0,0.0,3.08,0.0,4.0,11.4,69.0,,,,22.0,11.7,42.0,11.9,7.7
2012-11-29 00:00:00+00:00,18.9,0.0,11.8,17.7,12.7,25.7,23.9,3.0,55.0,25.6,14.06,37361.93,32400.0,12.2,0.0,0.0,3.04,0.0,56.0,9.5,61.0,,,,17.1,8.3,55.0,9.7,5.9
2012-11-30 00:00:00+00:00,18.9,0.0,9.3,16.8,11.4,26.4,23.7,3.0,174.0,24.5,14.46,37310.24,34120.99,9.8,0.0,0.0,3.37,0.0,27.0,5.2,44.0,,,,14.9,6.8,174.0,6.5,2.4
2012-12-01 00:00:00+00:00,18.8,0.0,10.6,16.8,10.4,27.8,25.7,3.0,89.0,16.6,11.91,37261.16,29586.81,9.1,0.0,0.0,2.91,0.0,58.0,5.5,46.0,,,,12.3,5.9,89.0,8.6,3.2
2012-12-02 00:00:00+00:00,20.5,0.0,8.9,18.3,12.9,28.4,26.4,3.0,62.0,17.3,13.4,37214.13,32400.0,11.4,0.0,0.0,3.36,0.0,50.0,4.4,38.0,,,,12.0,6.2,62.0,7.6,1.3
2012-12-03 00:00:00+00:00,20.6,0.0,13.7,18.2,12.0,28.5,25.0,3.0,284.0,25.6,13.27,37169.03,33533.51,10.6,0.0,0.0,3.81,0.0,57.0,4.6,40.0,,,,15.4,8.1,284.0,6.1,4.1
2012-12-04 00:00:00+00:00,18.8,0.0,23.3,16.8,15.5,22.4,18.2,3.0,278.0,45.7,11.08,37125.91,31748.91,14.9,0.0,0.0,3.29,0.0,98.0,9.7,58.0,,,,27.7,14.1,278.0,9.4,3.3
2012-12-05 00:00:00+00:00,17.8,0.0,17.1,15.5,15.5,21.5,18.4,3.0,250.0,35.3,9.06,37084.82,19540.17,13.2,0.0,0.0,2.9,0.0,72.0,7.9,53.0,,,,22.5,11.7,250.0,14.0,7.9
2012-12-06 00:00:00+00:00,16.4,0.0,18.4,13.9,11.5,21.8,18.5,1.0,204.0,36.0,13.47,37045.83,33929.54,9.1,0.0,0.0,3.17,0.0,5.0,7.9,59.0,,,,25.2,13.6,204.0,16.6,9.3
2012-12-07 00:00:00+00:00,16.7,0.0,20.2,14.3,12.1,22.2,18.6,0.0,230.0,40.7,13.26,37008.98,33889.28,10.6,0.0,0.0,3.23,0.0,4.0,6.9,56.0,,,,24.2,11.8,230.0,14.0,7.9
2012-12-08 00:00:00+00:00,16.5,0.0,8.3,15.1,10.6,22.0,20.6,3.0,273.0,19.1,12.61,36974.32,33793.27,9.1,0.0,0.0,2.5,0.0,27.0,8.0,59.0,,,,13.2,6.5,273.0,7.9,5.2
2012-12-09 00:00:00+00:00,17.0,0.0,8.0,15.5,10.7,22.9,21.8,3.0,83.0,20.5,12.43,36941.92,31650.08,9.4,0.0,0.0,2.56,0.0,61.0,7.4,56.0,,,,12.2,5.9,83.0,9.4,1.3
2012-12-10 00:00:00+00:00,15.2,0.0,29.8,11.5,10.1,20.3,14.7,1.0,237.0,55.1,13.72,36911.81,33783.01,7.4,0.0,0.0,3.68,0.0,5.0,5.1,54.0,,,,31.6,17.1,237.0,9.7,5.8
2012-12-11 00:00:00+00:00,14.6,0.0,17.1,11.4,10.8,19.5,16.3,3.0,248.0,31.7,12.0,36884.06,33185.08,7.4,0.0,0.0,3.1,0.0,32.0,3.7,48.0,,,,22.7,12.2,248.0,9.7,6.2
2012-12-12 00:00:00+00:00,13.7,0.0,10.0,11.0,8.8,19.8,16.9,1.0,268.0,22.7,13.61,36858.73,33724.86,6.7,0.0,0.0,2.7,0.0,4.0,2.3,49.0,,,,13.1,6.4,268.0,4.0,1.8
2012-12-13 00:00:00+00:00,14.1,0.0,14.8,11.4,7.6,20.7,17.5,2.0,278.0,32.0,12.47,36835.84,32735.97,4.7,0.0,0.0,2.82,0.0,14.0,4.4,54.0,,,,19.9,9.7,278.0,10.4,6.2
2012-12-14 00:00:00+00:00,15.4,0.0,16.6,13.8,10.4,20.4,18.3,3.0,0.0,29.5,10.06,36815.46,30262.92,9.3,0.0,0.0,2.38,0.0,70.0,9.1,70.0,,,,19.6,9.8,0.0,11.2,6.0
2012-12-15 00:00:00+00:00,14.9,0.0,19.9,12.3,9.9,19.6,15.2,3.0,349.0,37.4,9.97,36797.64,32912.14,8.3,0.0,0.0,2.74,0.0,65.0,6.2,58.0,,,,23.0,11.8,349.0,8.6,4.6
2012-12-16 00:00:00+00:00,15.3,0.0,13.3,13.0,11.0,20.2,17.3,1.0,337.0,28.1,13.01,36782.43,33641.21,9.2,0.0,0.0,2.75,0.0,15.0,6.1,56.0,,,,18.6,9.1,337.0,12.2,6.6
2012-12-17 00:00:00+00:00,14.6,0.0,11.3,13.0,8.5,20.5,18.7,3.0,266.0,23.4,11.2,36769.88,31743.66,7.0,0.0,0.0,2.29,0.0,31.0,7.2,63.0,,,,13.6,6.7,266.0,4.7,3.7
2012-12-18 00:00:00+00:00,15.4,0.0,21.2,12.1,9.7,21.5,17.0,3.0,205.0,42.1,13.38,36760.02,33616.61,7.1,0.0,0.0,3.5,0.0,19.0,4.8,52.0,,,,26.0,14.1,205.0,11.5,7.9
2012-12-19 00:00:00+00:00,16.3,0.0,23.4,12.6,11.4,21.7,17.5,3.0,205.0,44.3,12.61,36752.91,33305.12,8.0,0.0,0.0,3.88,0.0,19.0,5.1,48.0,,,,31.4,16.9,205.0,22.0,13.3
2012-12-20 00:00:00+00:00,15.5,0.0,32.0,10.6,12.9,18.0,11.5,2.0,237.0,59.4,12.99,36748.6,33604.05,9.1,0.0,0.0,4.13,0.0,17.0,4.5,50.0,,,,45.1,24.7,237.0,34.6,19.7
2012-12-21 00:00:00+00:00,14.3,0.0,20.6,11.2,10.0,17.9,14.4,2.0,250.0,39.2,11.4,36747.11,33393.0,7.4,0.0,0.0,2.77,0.0,21.0,5.6,57.0,,,,27.1,13.6,250.0,12.6,6.6
2012-12-22 00:00:00+00:00,13.9,0.0,17.3,10.9,9.1,19.1,15.2,1.0,199.0,34.6,13.14,36748.44,33604.46,6.4,0.0,0.0,2.93,0.0,10.0,4.6,55.0,,,,22.9,12.2,199.0,13.3,8.2
2012-12-23 00:00:00+00:00,14.7,0.0,20.4,10.7,9.6,20.5,16.0,1.0,182.0,40.0,13.45,36752.52,33609.34,5.7,0.0,0.0,3.77,0.0,7.0,1.6,43.0,,,,28.0,15.0,182.0,20.5,11.3
2012-12-24 00:00:00+00:00,13.6,0.0,17.8,10.4,9.9,17.1,13.8,3.0,188.0,36.0,9.4,36759.33,27147.3,5.8,0.0,0.0,2.63,0.0,40.0,3.6,51.0,,,,23.7,12.2,188.0,4.0,0.7
2012-12-25 00:00:00+00:00,13.9,0.0,16.6,11.9,7.1,20.6,17.5,3.0,336.0,32.4,11.27,36768.83,33600.18,4.7,0.0,0.0,2.31,0.0,25.0,7.6,68.0,,,,17.8,9.4,336.0,7.9,5.0
2012-12-26 00:00:00+00:00,15.7,0.0,13.0,14.2,11.1,21.3,19.0,2.0,359.0,25.6,12.67,36780.97,33641.73,10.1,0.0,0.0,2.54,0.0,19.0,9.2,69.0,,,,17.1,8.7,359.0,9.0,4.7
2012-12-27 00:00:00+00:00,15.4,0.0,11.0,13.7,10.6,20.8,18.4,3.0,18.0,23.0,13.06,36795.74,33658.29,9.4,0.0,0.0,2.55,0.0,29.0,7.9,64.0,,,,16.2,7.7,18.0,8.3,4.8
2012-12-28 00:00:00+00:00,15.2,0.0,9.6,13.7,9.3,20.9,18.8,3.0,11.0,23.0,12.14,36813.08,33569.31,8.1,0.0,0.0,2.36,0.0,39.0,8.4,67.0,,,,15.4,7.3,11.0,10.8,4.2
2012-12-29 00:00:00+00:00,15.3,0.0,10.1,13.5,11.4,19.9,17.6,2.0,311.0,22.3,11.53,36832.95,33699.79,10.5,0.0,0.0,2.39,0.0,29.0,6.7,59.0,,,,12.8,6.9,311.0,5.4,1.5
2012-12-30 00:00:00+00:00,14.4,0.0,10.6,12.4,7.4,20.6,18.6,0.0,313.0,16.2,13.79,36855.31,33724.65,5.5,0.0,0.0,2.59,0.0,0.0,4.7,55.0,,,,11.5,5.7,313.0,4.7,2.2
2012-12-31 00:00:00+00:00,15.2,0.0,8.4,13.1,10.5,21.0,19.2,0.0,343.0,16.6,13.8,36880.12,33752.16,8.9,0.0,0.0,2.63,0.0,0.0,4.6,52.0,,,,11.8,5.3,343.0,4.7,0.8
2013-01-01 00:00:00+00:00,14.1,0.0,10.2,11.6,9.2,19.9,16.6,1.0,263.0,26.3,14.0,36907.34,33782.29,7.5,0.0,0.0,2.75,0.0,7.0,3.6,53.0,,,,14.9,7.1,263.0,5.8,3.5
2013-01-02 00:00:00+00:00,13.9,0.0,9.6,11.8,7.1,20.7,18.4,0.0,244.0,24.8,13.84,36936.93,33814.98,4.7,0.0,0.0,2.61,0.0,3.0,5.4,59.0,,,,14.8,7.3,244.0,9.4,5.6
2013-01-03 00:00:00+00:00,15.4,0.0,10.3,13.8,10.9,21.6,19.4,1.0,25.0,23.4,13.62,36968.84,33850.2,9.7,0.0,0.0,2.63,0.0,3.0,7.8,64.0,,,,14.2,7.4,25.0,9.4,3.9
2013-01-04 00:00:00+00:00,14.5,0.0,14.3,12.6,9.3,20.2,16.9,3.0,331.0,30.2,12.69,37003.02,33692.45,7.4,0.0,0.0,2.54,0.0,19.0,7.2,65.0,,,,17.2,8.2,331.0,6.8,1.8
2013-01-05 00:00:00+00:00,13.8,0.0,20.7,11.4,9.5,18.7,14.2,3.0,255.0,43.2,12.23,37039.43,33927.95,8.1,0.0,0.0,2.62,0.0,21.0,7.1,68.0,,,,23.4,12.0,255.0,10.1,5.9
2013-01-06 00:00:00+00:00,14.4,0.4,33.8,9.6,11.0,18.0,12.0,51.0,224.0,67.0,12.37,37078.03,33023.24,7.0,1.0,0.4,3.81,0.0,37.0,4.7,53.0,,,,44.3,24.3,224.0,24.5,14.1
2013-01-07 00:00:00+00:00,13.8,0.7,37.5,8.5,10.6,16.6,11.4,51.0,254.0,71.3,11.0,37118.77,33810.37,4.9,3.0,0.7,3.61,0.0,52.0,4.2,53.0,,,,51.0,26.7,254.0,28.8,17.6
2013-01-08 00:00:00+00:00,13.6,0.7,37.8,8.9,10.4,17.8,11.1,51.0,239.0,69.1,11.54,37161.6,33142.91,6.0,5.0,0.7,3.44,0.0,37.0,4.5,55.0,,,,45.1,23.4,239.0,29.9,15.3
2013-01-09 00:00:00+00:00,10.3,1.5,26.6,6.4,8.0,13.1,7.8,53.0,295.0,51.5,11.55,37206.48,34111.25,5.1,5.0,1.5,2.23,0.0,49.0,3.9,67.0,,,,34.7,17.3,295.0,18.7,9.6
2013-01-10 00:00:00+00:00,9.2,0.1,14.1,6.3,6.0,13.2,9.6,51.0,258.0,34.9,11.36,37253.42,34162.79,3.4,1.0,0.1,1.76,0.0,36.0,3.7,70.0,,,,20.1,9.5,258.0,5.4,1.5
2013-01-11 00:00:00+00:00,10.9,0.0,17.8,7.7,6.2,15.7,12.1,3.0,183.0,36.0,10.8,37302.95,34217.31,3.6,0.0,0.0,2.19,0.0,54.0,3.6,63.0,,,,21.2,11.5,183.0,9.0,5.2
2013-01-12 00:00:00+00:00,13.5,0.0,10.4,11.1,8.6,19.3,16.8,3.0,165.0,18.0,12.84,37355.11,31957.09,6.4,0.0,0.0,2.47,0.0,68.0,4.3,56.0,,,,14.1,6.9,165.0,8.3,5.2
2013-01-13 00:00:00+00:00,13.0,0.0,12.6,10.8,6.0,20.5,17.6,2.0,333.0,24.8,14.39,37409.81,34334.72,4.0,0.0,0.0,2.72,0.0,11.0,5.2,64.0,,,,14.3,7.2,333.0,5.0,3.3
2013-01-14 00:00:00+00:00,14.2,0.0,18.6,11.8,8.1,20.2,16.6,0.0,40.0,36.7,14.57,37466.93,34397.38,6.5,0.0,0.0,2.94,0.0,2.0,7.5,69.0,,,,23.1,12.0,40.0,9.7,6.7
2013-01-15 00:00:00+00:00,13.9,0.0,22.9,10.5,8.9,21.1,16.0,0.0,51.0,45.4,15.45,37526.36,34462.5,6.3,0.0,0.0,3.41,0.0,1.0,4.3,60.0,,,,28.7,15.3,51.0,17.6,9.5
2013-01-16 00:00:00+00:00,13.9,0.0,8.5,10.8,5.1,22.1,18.3,3.0,168.0,20.5,12.06,37588.0,34529.96,2.5,0.0,0.0,2.79,0.0,89.0,0.0,45.0,,,,14.1,6.9,168.0,10.1,4.5
2013-01-17 00:00:00+00:00,15.6,0.0,9.7,12.7,9.1,22.3,19.3,3.0,339.0,23.8,15.32,37651.74,34599.64,6.0,0.0,0.0,3.42,0.0,60.0,1.0,38.0,,,,14.6,7.3,339.0,8.3,3.0
2013-01-18 00:00:00+00:00,13.8,0.0,10.3,11.5,6.6,21.8,19.8,3.0,7.0,19.8,15.31,37717.48,34671.43,4.4,0.0,0.0,2.92,0.0,16.0,4.5,58.0,,,,14.1,7.5,7.0,9.4,4.6
2013-01-19 00:00:00+00:00,13.2,0.0,13.6,9.8,5.8,21.2,16.7,0.0,201.0,30.2,15.84,37785.11,34745.19,2.4,0.0,0.0,3.36,0.0,0.0,-1.1,45.0,,,,18.1,8.8,201.0,5.0,1.1
2013-01-20 00:00:00+00:00,14.4,0.0,13.0,11.3,5.7,22.7,20.2,0.0,116.0,22.0,15.69,37854.54,34820.8,2.9,0.0,0.0,3.35,0.0,0.0,-1.0,39.0,,,,13.0,6.7,116.0,8.6,2.2
2013-01-21 00:00:00+00:00,18.3,0.0,15.3,14.4,9.0,28.6,23.8,2.0,134.0,31.0,15.64,37925.64,34898.17,5.4,0.0,0.0,4.59,0.0,10.0,-2.1,30.0,,,,21.1,10.5,134.0,16.6,6.5
2013-01-22 00:00:00+00:00,19.0,0.0,18.9,15.5,14.6,23.9,20.3,0.0,230.0,33.5,15.81,37998.34,34977.16,11.3,0.0,0.0,4.96,0.0,0.0,2.6,36.0,,,,26.7,14.3,230.0,14.4,7.1
2013-01-23 00:00:00+00:00,15.2,0.0,9.5,13.6,8.1,21.7,19.2,3.0,18.0,21.2,15.17,38072.52,35057.66,6.8,0.0,0.0,2.87,0.0,42.0,7.2,65.0,,,,13.0,6.6,18.0,8.6,1.6
2013-01-24 00:00:00+00:00,16.7,0.0,10.8,14.3,10.3,24.2,21.7,3.0,85.0,22.3,13.76,38148.09,33935.42,8.0,0.0,0.0,2.91,0.0,90.0,3.5,46.0,,,,14.6,6.7,85.0,9.7,1.8
2013-01-25 00:00:00+00:00,18.9,0.0,14.5,15.8,14.2,23.8,21.0,3.0,228.0,24.8,15.49,38224.95,32400.0,11.8,0.0,0.0,4.24,0.0,43.0,2.2,34.0,,,,19.2,9.8,228.0,9.4,4.9
2013-01-26 00:00:00+00:00,15.9,0.0,12.5,12.9,9.0,23.1,19.4,1.0,219.0,29.5,14.85,38303.0,35203.46,6.4,0.0,0.0,3.55,0.0,11.0,1.7,43.0,,,,17.3,8.6,219.0,8.6,4.9
2013-01-27 00:00:00+00:00,14.5,0.0,13.8,11.0,9.3,19.0,15.6,3.0,264.0,23.8,15.07,38382.16,32479.61,5.7,0.0,0.0,3.5,0.0,53.0,-1.7,33.0,,,,17.0,8.2,264.0,9.4,4.7
2013-01-28 00:00:00+00:00,12.8,0.1,23.9,9.6,8.6,18.6,14.9,51.0,283.0,42.1,14.17,38462.32,29049.32,6.7,1.0,0.1,3.04,0.0,38.0,0.6,45.0,,,,17.5,8.5,283.0,4.0,1.0
2013-01-29 00:00:00+00:00,13.1,0.0,13.3,10.5,8.0,18.2,15.7,3.0,235.0,25.2,12.86,38543.4,33888.09,4.9,0.0,0.0,2.62,0.0,44.0,4.2,56.0,,,,17.7,8.8,235.0,7.9,4.3
2013-01-30 00:00:00+00:00,13.4,0.7,24.9,10.5,9.3,18.3,12.8,51.0,268.0,46.8,13.38,38625.39,35332.04,7.7,4.0,0.7,3.13,0.0,63.0,4.3,60.0,,,,23.8,12.0,268.0,5.8,1.8
2013-01-31 00:00:00+00:00,12.5,2.2,28.0,9.2,9.6,16.6,12.7,53.0,273.0,60.8,10.0,38709.12,29700.77,6.2,8.0,2.2,2.2,0.0,57.0,7.1,71.0,,,,37.6,18.3,273.0,16.9,9.4
2013-02-01 00:00:00+00:00,13.4,1.0,34.1,9.7,10.9,17.2,12.2,51.0,265.0,67.3,10.82,38794.71,33404.76,7.3,4.0,1.0,2.68,0.0,51.0,6.8,65.0,,,,37.6,20.1,265.0,17.6,10.3
2013-02-02 00:00:00+00:00,13.0,0.0,12.2,10.7,7.5,18.9,16.1,1.0,230.0,25.6,15.9,38882.03,35482.64,5.5,0.0,0.0,2.81,0.0,12.0,5.4,63.0,,,,17.2,8.7,230.0,9.7,4.6
2013-02-03 00:00:00+00:00,14.3,0.0,10.7,11.8,6.7,22.2,20.0,0.0,127.0,18.7,17.47,38970.98,35573.4,4.3,0.0,0.0,3.35,0.0,0.0,3.3,53.0,,,,15.2,7.3,127.0,11.5,3.6
2013-02-04 00:00:00+00:00,16.9,0.0,9.2,14.4,7.7,26.2,23.7,3.0,94.0,19.8,17.39,39061.44,35529.74,5.1,0.0,0.0,3.51,0.0,36.0,2.2,44.0,,,,13.7,6.1,94.0,5.8,1.3
2013-02-05 00:00:00+00:00,19.5,0.0,21.7,16.0,14.6,26.1,21.6,3.0,182.0,42.1,11.37,39153.3,24087.08,12.1,0.0,0.0,4.51,0.0,68.0,3.8,37.0,,,,25.7,14.1,182.0,11.2,6.3
2013-02-06 00:00:00+00:00,16.2,0.0,30.3,12.1,13.3,18.9,14.7,3.0,246.0,61.6,12.49,39246.45,25330.09,8.7,0.0,0.0,3.94,0.0,57.0,4.3,46.0,,,,38.3,18.8,246.0,16.6,8.9
2013-02-07 00:00:00+00:00,15.6,0.0,8.8,14.1,8.9,22.2,21.2,1.0,175.0,17.6,17.52,39340.77,35820.51,7.2,0.0,0.0,3.12,0.0,3.0,6.0,56.0,,,,12.8,5.2,175.0,4.3,0.5
2013-02-08 00:00:00+00:00,15.9,0.0,16.8,13.2,8.6,23.0,19.5,3.0,183.0,37.4,17.76,39436.16,35940.13,6.7,0.0,0.0,4.08,0.0,27.0,4.4,51.0,,,,21.7,10.9,183.0,10.4,5.9
2013-02-09 00:00:00+00:00,15.2,0.0,13.7,12.7,9.4,20.6,18.7,0.0,311.0,24.8,18.06,39532.51,36066.67,7.6,0.0,0.0,3.67,0.0,0.0,3.4,49.0,,,,17.7,8.3,311.0,10.1,3.6
2013-02-10 00:00:00+00:00,14.1,0.0,10.2,11.8,8.2,20.4,18.1,3.0,8.0,25.2,16.77,39629.72,36123.23,6.3,0.0,0.0,3.27,0.0,59.0,4.9,58.0,,,,18.0,8.8,8.0,12.6,7.3
2013-02-11 00:00:00+00:00,13.5,0.0,19.4,10.5,5.5,20.1,15.7,1.0,305.0,39.2,18.61,39727.69,36259.3,3.5,0.0,0.0,3.78,0.0,3.0,1.8,52.0,,,,19.9,9.7,305.0,6.5,3.1
2013-02-12 00:00:00+00:00,13.1,0.0,10.2,10.7,6.7,19.4,17.0,2.0,358.0,25.2,17.5,39826.32,36401.2,4.6,0.0,0.0,3.24,0.0,16.0,3.8,59.0,,,,17.2,7.9,358.0,10.8,5.1
2013-02-13 00:00:00+00:00,15.0,0.0,18.5,12.1,8.7,22.0,19.4,3.0,59.0,37.8,16.94,39925.5,35115.41,5.6,0.0,0.0,3.62,0.0,76.0,3.8,51.0,,,,22.1,11.1,59.0,10.4,6.2
2013-02-14 00:00:00+00:00,16.7,0.0,19.8,13.0,11.3,22.9,17.8,3.0,196.0,38.5,12.63,40025.14,28445.62,8.6,0.0,0.0,4.13,0.0,96.0,1.5,39.0,,,,23.4,12.5,196.0,9.7,4.9
2013-02-15 00:00:00+00:00,14.7,0.0,24.5,9.9,10.1,19.2,13.5,3.0,259.0,50.0,19.09,40125.15,36775.21,5.9,0.0,0.0,4.96,0.0,42.0,-5.5,26.0,,,,29.6,14.3,259.0,13.3,7.7
2013-02-16 00:00:00+00:00,13.8,0.0,11.3,10.8,7.5,20.1,17.8,0.0,262.0,28.1,18.63,40225.43,36601.5,4.7,0.0,0.0,3.74,0.0,4.0,1.2,44.0,,,,17.7,8.6,262.0,11.2,6.3
2013-02-17 00:00:00+00:00,14.3,0.0,11.7,12.3,8.1,20.1,17.3,1.0,347.0,24.8,18.75,40325.89,36799.44,7.0,0.0,0.0,3.46,0.0,4.0,4.8,58.0,,,,15.0,7.0,347.0,6.8,0.8
2013-02-18 00:00:00+00:00,13.9,0.0,18.7,11.3,6.6,20.3,16.8,3.0,339.0,33.1,17.54,40426.43,36222.08,4.9,0.0,0.0,3.62,0.0,22.0,4.7,58.0,,,,20.3,10.3,339.0,7.2,3.6
2013-02-19 00:00:00+00:00,14.2,0.0,12.5,12.1,8.9,20.0,17.0,3.0,351.0,28.8,17.35,40527.05,36919.09,7.9,0.0,0.0,3.27,0.0,30.0,5.5,60.0,,,,16.2,7.5,351.0,5.8,0.8
2013-02-20 00:00:00+00:00,15.6,0.0,9.7,13.1,7.2,23.1,20.8,3.0,236.0,26.6,19.48,40628.61,36315.67,5.3,0.0,0.0,3.9,0.0,38.0,2.6,50.0,,,,16.4,7.3,236.0,8.3,5.8
2013-02-21 00:00:00+00:00,17.5,0.0,15.5,13.9,8.4,25.5,21.5,3.0,92.0,31.0,17.34,40731.26,36000.0,5.7,0.0,0.0,4.65,0.0,87.0,-2.0,30.0,,,,18.1,9.0,92.0,3.6,1.9
2013-02-22 00:00:00+00:00,19.6,0.0,30.1,14.7,13.1,27.3,21.2,3.0,211.0,56.2,17.2,40834.91,37372.26,8.9,0.0,0.0,6.33,0.0,46.0,-4.4,21.0,,,,30.6,16.1,211.0,11.5,7.9
2013-02-23 00:00:00+00:00,17.3,0.0,20.7,14.7,11.5,22.6,19.4,1.0,281.0,40.0,18.64,40939.46,37279.04,9.5,0.0,0.0,4.23,0.0,5.0,5.1,46.0,,,,22.1,10.8,281.0,11.2,6.0
2013-02-24 00:00:00+00:00,16.1,0.0,14.3,14.1,8.0,23.9,21.5,2.0,56.0,28.1,20.09,41044.82,37511.21,6.7,0.0,0.0,4.21,0.0,8.0,6.4,60.0,,,,19.0,9.3,56.0,10.1,4.4
2013-02-25 00:00:00+00:00,18.8,0.0,16.1,16.7,10.9,27.9,26.2,3.0,57.0,27.4,19.26,41150.91,36000.0,9.0,0.0,0.0,4.19,0.0,89.0,6.2,52.0,,,,19.6,9.8,57.0,10.1,4.6
2013-02-26 00:00:00+00:00,20.3,0.0,11.5,18.1,10.2,29.0,27.1,3.0,22.0,25.9,20.02,41257.64,36083.01,8.2,0.0,0.0,4.87,0.0,53.0,4.5,39.0,,,,16.2,8.2,22.0,6.1,5.2
2013-02-27 00:00:00+00:00,17.3,0.0,15.8,15.5,10.9,24.9,22.1,3.0,5.0,31.7,19.8,41364.91,37735.25,10.1,0.0,0.0,4.16,0.0,21.0,8.3,60.0,,,,21.3,10.8,5.0,9.4,6.5
2013-02-28 00:00:00+00:00,16.2,0.0,16.0,14.3,10.6,23.4,21.4,3.0,347.0,34.2,19.95,41472.65,37779.39,9.7,0.0,0.0,4.1,0.0,27.0,8.0,64.0,,,,22.8,11.2,347.0,11.9,6.8
2013-03-01 00:00:00+00:00,15.4,0.0,13.0,13.2,8.4,22.5,20.0,3.0,22.0,28.8,20.58,41580.77,37958.11,6.8,0.0,0.0,4.06,0.0,32.0,4.9,54.0,,,,18.9,9.0,22.0,7.9,4.9
2013-03-02 00:00:00+00:00,19.0,0.0,17.7,16.0,10.6,28.9,26.0,3.0,76.0,36.7,20.52,41689.19,36251.38,7.5,0.0,0.0,5.1,0.0,36.0,3.8,44.0,,,,26.0,13.2,76.0,15.1,6.5
2013-03-03 00:00:00+00:00,22.7,0.0,24.1,18.1,16.6,29.6,25.6,3.0,221.0,42.8,21.09,41797.82,37139.28,12.7,0.0,0.0,7.64,0.0,50.0,-1.7,22.0,,,,34.8,17.7,221.0,23.4,11.0
2013-03-04 00:00:00+00:00,17.1,0.0,16.3,15.3,12.1,22.8,20.3,3.0,307.0,35.6,20.53,41906.58,37997.4,11.2,0.0,0.0,4.2,0.0,33.0,7.7,58.0,,,,22.0,10.2,307.0,6.5,1.4
2013-03-05 00:00:00+00:00,15.3,0.0,17.7,13.0,9.8,21.7,18.9,1.0,348.0,34.6,19.84,42015.39,38306.32,8.7,0.0,0.0,4.03,0.0,10.0,6.8,62.0,,,,23.8,11.8,348.0,8.3,5.6
2013-03-06 00:00:00+00:00,15.4,0.0,21.6,12.2,9.5,22.2,18.6,1.0,32.0,41.4,21.28,42124.17,38538.39,8.0,0.0,0.0,4.76,0.0,9.0,4.5,54.0,,,,28.4,14.8,32.0,10.8,6.3
2013-03-07 00:00:00+00:00,15.3,0.0,20.4,11.0,8.6,22.7,18.0,3.0,63.0,41.4,20.02,42232.83,38579.84,4.4,0.0,0.0,4.84,0.0,68.0,-0.6,39.0,,,,30.2,15.6,63.0,14.0,7.3
2013-03-08 00:00:00+00:00,19.2,0.0,29.1,15.1,10.5,27.7,22.4,2.0,211.0,57.2,22.0,42341.31,39035.76,6.9,0.0,0.0,6.45,0.0,12.0,-0.3,31.0,,,,30.0,15.7,211.0,13.3,7.9
2013-03-09 00:00:00+00:00,17.1,0.0,12.7,15.9,10.7,24.3,22.8,3.0,309.0,29.2,20.71,42449.52,36395.64,10.3,0.0,0.0,4.15,0.0,26.0,8.4,63.0,,,,17.8,7.7,309.0,9.4,2.5
2013-03-10 00:00:00+00:00,19.1,0.0,21.7,17.1,10.4,27.6,24.5,1.0,276.0,43.2,20.91,42557.38,39249.38,9.1,0.0,0.0,5.01,0.0,5.0,7.5,53.0,,,,21.9,10.8,276.0,5.8,3.3
2013-03-11 00:00:00+00:00,22.9,0.0,22.1,20.2,15.0,31.6,28.3,3.0,191.0,44.6,21.92,42664.88,38683.02,13.1,0.0,0.0,6.4,0.0,22.0,5.9,37.0,,,,26.3,13.4,191.0,9.0,5.1
2013-03-12 00:00:00+00:00,25.9,0.0,30.4,21.7,18.9,33.5,28.1,3.0,189.0,58.0,21.7,42772.83,39003.04,15.4,0.0,0.0,8.45,0.0,88.0,2.1,23.0,,,,35.2,18.3,189.0,22.7,12.1
2013-03-13 00:00:00+00:00,23.2,0.0,17.6,21.3,15.4,30.6,30.3,3.0,342.0,32.0,22.29,42881.37,39517.19,13.9,0.0,0.0,5.94,0.0,37.0,6.3,37.0,,,,20.8,9.7,342.0,10.8,4.6
2013-03-14 00:00:00+00:00,24.2,0.0,15.5,22.3,14.3,35.6,32.7,1.0,134.0,30.2,22.73,42990.43,40159.49,13.3,0.0,0.0,6.1,0.0,2.0,6.4,40.0,,,,19.7,9.7,134.0,11.9,4.8
2013-03-15 00:00:00+00:00,27.1,0.0,30.1,22.8,17.0,36.6,31.1,3.0,198.0,58.7,23.03,43099.92,40321.41,14.8,0.0,0.0,9.28,0.0,13.0,1.9,24.0,,,,39.1,20.2,198.0,19.1,10.9
2013-03-16 00:00:00+00:00,18.0,0.0,18.4,15.6,13.2,23.5,21.1,3.0,330.0,37.1,22.55,43209.8,39165.98,11.1,0.0,0.0,5.05,0.0,29.0,6.3,52.0,,,,26.9,12.8,330.0,13.3,6.8
2013-03-17 00:00:00+00:00,15.4,0.0,18.8,12.4,10.5,21.0,17.6,2.0,312.0,39.2,21.15,43319.97,40543.33,8.5,0.0,0.0,4.52,0.0,11.0,4.7,52.0,,,,27.5,13.9,312.0,10.8,5.6
2013-03-18 00:00:00+00:00,15.7,0.0,18.9,12.8,10.0,21.7,19.4,3.0,18.0,34.6,22.23,43430.37,40259.18,7.8,0.0,0.0,4.69,0.0,47.0,3.9,48.0,,,,24.6,11.9,18.0,13.0,6.8
2013-03-19 00:00:00+00:00,16.6,0.0,17.1,13.6,9.7,24.0,21.2,3.0,38.0,34.2,23.42,43540.93,40765.54,7.1,0.0,0.0,5.22,0.0,26.0,4.6,49.0,,,,27.9,14.0,38.0,16.6,9.4
2013-03-20 00:00:00+00:00,17.9,0.0,17.6,15.5,10.7,26.1,23.7,0.0,49.0,37.4,23.36,43651.57,40876.58,8.8,0.0,0.0,5.19,0.0,1.0,7.4,56.0,,,,28.2,14.5,49.0,19.8,11.7
2013-03-21 00:00:00+00:00,20.9,0.0,14.7,18.6,12.0,30.2,28.1,3.0,82.0,32.4,23.63,43762.23,40878.58,10.0,0.0,0.0,5.43,0.0,58.0,4.9,43.0,,,,21.5,10.1,82.0,9.7,2.6
2013-03-22 00:00:00+00:00,21.1,0.0,31.1,16.8,15.6,25.3,21.8,3.0,254.0,57.2,23.48,43872.84,41098.16,13.3,0.0,0.0,7.27,0.0,16.0,4.1,34.0,,,,40.6,22.4,254.0,14.4,8.4
2013-03-23 00:00:00+00:00,17.0,0.0,21.9,14.5,10.0,23.8,20.5,0.0,299.0,45.0,24.27,43983.31,41208.55,8.2,0.0,0.0,5.13,0.0,0.0,6.1,53.0,,,,25.9,12.9,299.0,11.2,6.6
2013-03-24 00:00:00+00:00,16.3,0.0,13.9,14.2,8.6,23.2,21.0,0.0,28.0,29.5,24.26,44093.58,41318.59,7.0,0.0,0.0,4.82,0.0,1.0,5.3,54.0,,,,20.0,9.8,28.0,9.0,6.1
2013-03-25 00:00:00+00:00,18.3,0.0,14.7,15.4,10.1,27.4,24.7,0.0,59.0,32.8,25.25,44203.58,41428.2,7.3,0.0,0.0,5.62,0.0,0.0,2.7,42.0,,,,22.5,11.5,59.0,12.2,7.4
2013-03-26 00:00:00+00:00,20.3,0.0,31.5,16.1,12.2,31.1,25.1,3.0,233.0,61.6,24.76,44313.23,41537.31,8.4,0.0,0.0,7.47,0.0,22.0,0.9,33.0,,,,33.5,17.6,233.0,11.5,7.1
2013-03-27 00:00:00+00:00,18.7,0.0,15.3,16.7,10.8,26.0,23.6,3.0,333.0,35.3,24.66,44422.46,41645.86,10.0,0.0,0.0,5.51,0.0,13.0,5.7,49.0,,,,20.9,9.5,333.0,6.5,1.8
2013-03-28 00:00:00+00:00,20.4,0.0,17.3,17.7,11.8,28.6,26.2,1.0,50.0,34.6,24.76,44531.2,41753.77,9.9,0.0,0.0,6.32,0.0,11.0,3.4,38.0,,,,22.9,11.3,50.0,13.3,6.8
2013-03-29 00:00:00+00:00,22.1,0.0,17.8,18.9,14.5,30.1,27.4,3.0,46.0,35.3,24.8,44639.37,41860.97,11.5,0.0,0.0,7.11,0.0,9.0,2.3,30.0,,,,26.3,13.1,46.0,16.6,8.3
2013-03-30 00:00:00+00:00,21.5,0.0,20.5,18.2,14.0,29.6,26.5,3.0,58.0,41.4,25.01,44746.89,41967.38,11.0,0.0,0.0,7.14,0.0,60.0,4.4,37.0,,,,31.0,16.5,58.0,18.7,12.7
2013-03-31 00:00:00+00:00,24.9,0.0,23.6,22.1,14.3,35.8,31.5,2.0,167.0,46.1,24.78,44853.78,42072.93,13.2,0.0,0.0,7.71,0.0,20.0,3.6,36.0,,,,26.5,13.2,167.0,15.8,6.2
2013-04-01 00:00:00+00:00,24.2,0.0,21.7,21.1,19.1,30.6,28.1,3.0,260.0,44.6,25.08,44960.75,42178.25,15.4,0.0,0.0,7.69,0.0,9.0,3.9,28.0,,,,29.3,14.9,260.0,19.8,9.3
2013-04-02 00:00:00+00:00,21.9,0.0,16.7,20.3,12.6,29.7,27.9,3.0,5.0,34.6,24.94,45067.96,42283.66,12.0,0.0,0.0,6.09,0.0,22.0,7.1,44.0,,,,19.6,9.3,5.0,8.3,1.5
2013-04-03 00:00:00+00:00,25.1,0.0,16.6,22.4,16.4,33.8,31.4,3.0,167.0,34.6,25.15,45175.34,42389.08,13.7,0.0,0.0,7.46,0.0,19.0,3.7,28.0,,,,23.5,11.4,167.0,15.5,7.0
2013-04-04 00:00:00+00:00,19.2,0.0,32.9,16.6,14.1,24.8,22.8,2.0,307.0,59.8,24.28,45282.81,42494.46,13.1,0.0,0.0,5.79,0.0,13.0,7.9,51.0,,,,34.6,16.6,307.0,13.7,8.0
2013-04-05 00:00:00+00:00,18.3,0.0,13.3,16.7,10.1,25.9,24.2,0.0,323.0,30.2,25.34,45390.32,42599.71,9.1,0.0,0.0,5.31,0.0,3.0,7.0,54.0,,,,20.1,9.2,323.0,10.1,5.1
2013-04-06 00:00:00+00:00,20.7,0.0,16.6,18.1,9.9,30.3,26.7,3.0,73.0,32.0,26.17,45497.78,42555.45,8.3,0.0,0.0,6.47,0.0,42.0,2.5,39.0,,,,20.6,10.5,73.0,9.7,6.5
2013-04-07 00:00:00+00:00,26.1,0.0,26.9,21.8,17.2,35.2,29.7,3.0,184.0,52.2,25.1,45605.13,42809.6,13.8,0.0,0.0,8.91,0.0,66.0,-2.1,19.0,,,,30.6,15.8,184.0,14.4,7.4
2013-04-08 00:00:00+00:00,22.0,0.0,26.4,18.3,16.7,27.6,24.2,0.0,294.0,49.3,26.2,45712.3,42868.05,13.1,0.0,0.0,7.43,0.0,0.0,0.4,26.0,,,,29.5,14.9,294.0,13.3,7.7
2013-04-09 00:00:00+00:00,18.9,0.0,18.3,17.0,11.6,25.5,23.4,3.0,318.0,40.7,25.27,45819.21,42903.2,10.3,0.0,0.0,5.57,0.0,36.0,7.4,50.0,,,,24.5,11.4,318.0,10.1,4.8
2013-04-10 00:00:00+00:00,18.7,0.0,16.9,17.4,12.1,25.4,24.4,3.0,348.0,31.0,24.84,45925.8,42938.32,11.6,0.0,0.0,5.24,0.0,30.0,8.6,57.0,,,,21.1,9.6,348.0,8.6,4.1
2013-04-11 00:00:00+00:00,19.4,0.0,16.9,17.4,12.2,26.4,24.4,3.0,4.0,36.0,25.4,46031.98,42533.8,11.5,0.0,0.0,5.83,0.0,22.0,5.8,48.0,,,,21.9,10.0,4.0,9.0,4.7
2013-04-12 00:00:00+00:00,19.3,0.0,21.4,17.3,11.4,26.8,24.9,0.0,17.0,38.9,26.57,46137.69,43008.55,10.4,0.0,0.0,6.01,0.0,0.0,7.4,52.0,,,,25.2,12.4,17.0,11.2,6.5
2013-04-13 00:00:00+00:00,19.0,0.0,17.2,17.1,12.4,26.5,24.5,1.0,23.0,35.6,25.87,46242.84,43043.68,11.4,0.0,0.0,5.68,0.0,9.0,8.6,56.0,,,,27.0,13.4,23.0,14.0,8.3
2013-04-14 00:00:00+00:00,20.0,0.0,17.3,18.1,12.3,28.3,26.4,2.0,27.0,37.4,26.47,46347.36,43078.85,11.2,0.0,0.0,6.1,0.0,8.0,8.8,55.0,,,,27.4,14.4,27.0,15.8,10.3
2013-04-15 00:00:00+00:00,20.9,0.0,18.6,19.4,12.3,29.7,27.7,0.0,316.0,38.9,26.61,46451.17,43114.05,11.7,0.0,0.0,6.29,0.0,0.0,7.4,50.0,,,,23.1,10.1,316.0,7.9,0.0
2013-04-16 00:00:00+00:00,18.7,0.0,21.3,16.8,12.1,24.4,21.9,1.0,305.0,42.8,25.01,46554.19,43149.3,11.8,0.0,0.0,5.56,0.0,11.0,8.2,56.0,,,,27.9,12.7,305.0,9.4,3.4
2013-04-17 00:00:00+00:00,17.7,0.0,18.5,15.6,11.8,22.8,20.1,3.0,300.0,36.7,21.12,46656.33,43184.62,10.9,0.0,0.0,4.71,0.0,32.0,7.8,56.0,,,,25.2,12.1,300.0,10.1,5.4
2013-04-18 00:00:00+00:00,17.8,0.0,18.8,15.9,10.5,23.9,20.1,2.0,274.0,41.4,20.94,46757.52,43200.0,9.6,0.0,0.0,4.71,0.0,24.0,7.6,57.0,,,,23.0,10.4,274.0,6.5,3.1
2013-04-19 00:00:00+00:00,18.1,0.0,19.9,15.8,11.9,24.0,20.8,1.0,285.0,42.1,26.65,46857.67,43200.0,11.3,0.0,0.0,5.72,0.0,6.0,5.8,52.0,,,,26.2,12.2,285.0,9.0,5.1
2013-04-20 00:00:00+00:00,17.0,0.0,28.2,14.0,9.7,23.0,18.1,3.0,293.0,55.4,22.83,46956.77,42219.94,7.9,0.0,0.0,5.24,0.0,20.0,5.2,50.0,,,,30.0,14.4,293.0,7.2,1.1
2013-04-21 00:00:00+00:00,16.9,0.0,15.8,14.7,9.4,23.2,20.1,2.0,287.0,36.0,23.12,47055.52,43200.0,7.5,0.0,0.0,4.84,0.0,17.0,6.3,54.0,,,,22.6,10.7,287.0,7.6,4.7
2013-04-22 00:00:00+00:00,17.9,0.0,14.6,16.1,9.7,24.7,23.2,3.0,321.0,32.0,26.55,47154.06,43200.0,8.2,0.0,0.0,5.44,0.0,22.0,7.2,54.0,,,,22.2,10.2,321.0,8.6,3.1
2013-04-23 00:00:00+00:00,19.2,0.0,18.6,17.5,11.1,26.9,25.4,3.0,31.0,34.2,27.04,47252.31,43185.5,10.0,0.0,0.0,5.85,0.0,61.0,7.2,52.0,,,,22.2,10.4,31.0,10.8,6.6
2013-04-24 00:00:00+00:00,20.4,0.0,21.8,17.8,12.8,28.7,26.1,3.0,39.0,44.3,27.61,47350.21,43258.42,11.3,0.0,0.0,6.79,0.0,16.0,8.3,53.0,,,,35.3,18.2,39.0,22.0,12.8
2013-04-25 00:00:00+00:00,21.6,0.0,26.5,18.5,13.9,30.4,26.7,3.0,28.0,50.4,27.91,47447.67,43338.64,12.1,0.0,0.0,7.61,0.0,40.0,7.0,47.0,,,,36.9,19.6,28.0,24.5,14.8
2013-04-26 00:00:00+00:00,22.0,0.0,24.8,18.6,13.8,30.9,27.0,0.0,19.0,49.0,28.43,47544.62,43424.26,11.7,0.0,0.0,7.95,0.0,0.0,4.8,41.0,,,,34.8,18.6,19.0,22.3,13.7
2013-04-27 00:00:00+00:00,23.0,0.0,23.4,20.5,14.1,32.9,29.7,0.0,13.0,44.6,27.99,47640.98,43422.26,12.8,0.0,0.0,7.83,0.0,0.0,7.4,44.0,,,,31.1,16.3,13.0,17.3,10.5
2013-04-28 00:00:00+00:00,25.7,0.0,20.7,24.0,15.7,36.4,34.7,2.0,22.0,37.4,27.45,47736.68,43515.04,14.8,0.0,0.0,7.92,0.0,24.0,8.7,41.0,,,,24.7,12.9,22.0,15.5,8.7
2013-04-29 00:00:00+00:00,29.1,0.0,22.6,25.0,20.9,37.4,33.7,2.0,44.0,40.3,28.3,47831.62,43514.42,17.9,0.0,0.0,10.41,0.0,4.0,-0.4,18.0,,,,31.9,17.1,44.0,18.4,11.5
2013-04-30 00:00:00+00:00,26.8,0.0,24.0,23.3,17.9,35.9,32.1,0.0,28.0,45.4,28.5,47925.74,43714.3,15.3,0.0,0.0,9.59,0.0,0.0,3.4,25.0,,,,32.0,17.0,28.0,19.4,11.1
2013-05-01 00:00:00+00:00,26.1,0.0,18.1,23.7,15.7,35.8,33.2,1.0,16.0,36.0,28.25,48018.94,43717.3,14.3,0.0,0.0,8.42,0.0,6.0,6.3,34.0,,,,26.7,13.6,16.0,13.3,8.0
2013-05-02 00:00:00+00:00,25.2,0.0,15.6,24.1,15.9,34.1,32.4,2.0,6.0,32.8,28.03,48111.14,43824.87,16.1,0.0,0.0,7.36,0.0,5.0,9.8,45.0,,,,22.6,11.2,6.0,10.1,6.4
2013-05-03 00:00:00+00:00,25.0,0.0,17.1,24.0,16.6,33.6,31.5,0.0,12.0,33.8,26.13,48202.27,43721.23,17.0,0.0,0.0,7.03,0.0,2.0,10.9,47.0,,,,24.2,12.0,12.0,12.2,6.9
2013-05-04 00:00:00+00:00,26.5,0.0,19.7,25.0,17.4,36.0,33.8,0.0,29.0,36.0,28.12,48292.21,43941.49,17.7,0.0,0.0,8.17,0.0,0.0,9.5,43.0,,,,27.0,13.8,29.0,15.5,7.7
2013-05-05 00:00:00+00:00,26.8,0.0,16.1,24.7,18.1,35.4,33.4,3.0,25.0,33.5,28.0,48380.89,43722.83,16.9,0.0,0.0,8.29,0.0,24.0,7.1,33.0,,,,26.4,13.0,25.0,17.6,9.3
2013-05-06 00:00:00+00:00,25.8,0.0,18.9,25.0,16.7,34.1,33.7,0.0,3.0,33.5,28.51,48468.22,44177.14,16.3,0.0,0.0,7.5,0.0,0.0,10.5,43.0,,,,22.7,11.0,3.0,12.2,6.2
2013-05-07 00:00:00+00:00,25.9,0.0,17.0,26.0,17.7,34.6,34.5,3.0,359.0,34.2,27.44,48554.11,43722.62,19.1,0.0,0.0,7.1,0.0,18.0,13.7,54.0,,,,23.8,11.5,359.0,12.6,7.3
2013-05-08 00:00:00+00:00,24.7,0.0,24.0,24.7,18.1,33.0,33.6,3.0,340.0,43.6,24.35,48638.45,33156.28,18.9,0.0,0.0,6.32,0.0,74.0,14.1,56.0,,,,25.2,12.5,340.0,13.7,8.4
2013-05-09 00:00:00+00:00,24.9,0.2,20.2,24.7,18.1,32.0,31.8,51.0,7.0,36.4,25.91,48721.15,43721.03,19.5,1.0,0.2,6.62,0.0,25.0,13.3,54.0,,,,25.2,11.8,7.0,10.4,3.9
2013-05-10 00:00:00+00:00,25.3,0.0,27.1,24.3,20.0,33.6,31.2,3.0,284.0,59.0,26.74,48802.19,43358.63,20.1,0.0,0.0,7.28,0.0,31.0,12.3,50.0,,,,34.6,14.9,284.0,13.7,6.2
2013-05-11 00:00:00+00:00,24.7,0.0,22.2,24.2,18.5,31.6,30.8,2.0,329.0,41.8,26.71,48882.19,43962.28,19.5,0.0,0.0,6.87,0.0,11.0,11.9,50.0,,,,24.7,11.4,329.0,4.7,3.1
2013-05-12 00:00:00+00:00,22.9,0.0,17.4,22.1,16.2,28.4,25.8,3.0,308.0,38.5,21.88,48961.27,44457.1,16.6,0.0,0.0,5.43,0.0,24.0,11.4,52.0,,,,23.1,10.6,308.0,7.2,2.3
2013-05-13 00:00:00+00:00,26.3,0.1,34.0,23.6,19.0,36.4,31.8,51.0,240.0,70.9,25.74,49039.35,44713.25,17.3,1.0,0.1,8.84,0.0,9.0,9.4,39.0,,,,38.7,19.8,240.0,10.4,5.9
2013-05-14 00:00:00+00:00,22.5,0.0,23.1,20.7,13.9,28.9,26.6,0.0,283.0,47.5,28.91,49116.36,44974.26,13.6,0.0,0.0,7.07,0.0,1.0,8.3,45.0,,,,26.6,12.6,283.0,6.8,2.4
2013-05-15 00:00:00+00:00,22.0,0.0,17.4,20.7,17.0,26.2,24.0,3.0,301.0,37.4,18.36,49192.24,36638.89,16.8,0.0,0.0,4.85,0.0,43.0,11.2,52.0,,,,25.0,11.8,301.0,7.9,3.1
2013-05-16 00:00:00+00:00,23.2,0.0,16.0,23.2,15.1,30.3,30.9,1.0,16.0,29.5,28.32,49266.89,44805.79,15.5,0.0,0.0,6.27,0.0,4.0,12.3,56.0,,,,19.5,8.9,16.0,10.8,5.5
2013-05-17 00:00:00+00:00,26.1,0.0,17.8,24.7,17.8,34.1,32.3,0.0,50.0,35.3,28.45,49340.25,45069.14,17.7,0.0,0.0,7.9,0.0,0.0,10.3,44.0,,,,27.9,14.4,50.0,16.2,9.8
2013-05-18 00:00:00+00:00,28.1,0.0,22.7,26.0,19.2,36.7,34.5,3.0,52.0,44.3,28.2,49412.24,45205.34,17.9,0.0,0.0,9.0,0.0,9.0,9.6,36.0,,,,31.9,16.7,52.0,19.1,12.0
2013-05-19 00:00:00+00:00,30.1,0.0,26.1,28.8,20.4,39.1,39.2,3.0,8.0,46.8,28.56,49482.78,44640.38,19.7,0.0,0.0,8.51,0.0,13.0,9.3,32.0,,,,23.3,11.3,8.0,14.0,8.0
2013-05-20 00:00:00+00:00,27.0,0.0,23.0,26.4,19.6,34.6,33.8,1.0,334.0,44.6,28.94,49551.79,45439.95,20.6,0.0,0.0,8.17,0.0,6.0,13.3,47.0,,,,31.1,15.0,334.0,14.0,5.4
2013-05-21 00:00:00+00:00,26.5,0.0,18.2,26.4,18.0,34.8,34.2,0.0,352.0,33.5,29.3,49619.19,45650.82,19.1,0.0,0.0,7.53,0.0,0.0,12.1,48.0,,,,22.6,10.4,352.0,8.6,4.8
2013-05-22 00:00:00+00:00,27.9,0.0,17.3,27.5,18.1,36.2,35.3,0.0,15.0,31.3,29.32,49684.89,45676.03,19.5,0.0,0.0,7.71,0.0,0.0,10.8,43.0,,,,20.8,9.4,15.0,8.3,4.8
2013-05-23 00:00:00+00:00,29.2,0.0,16.3,27.3,20.3,37.5,35.1,2.0,43.0,34.9,28.97,49748.82,45555.35,19.9,0.0,0.0,8.92,0.0,42.0,7.6,31.0,,,,26.7,13.2,43.0,15.1,8.7
2013-05-24 00:00:00+00:00,30.2,0.0,23.0,28.5,21.4,39.8,37.5,3.0,29.0,41.0,28.97,49810.89,45491.46,20.8,0.0,0.0,9.64,0.0,25.0,9.7,33.0,,,,29.6,15.2,29.0,15.5,8.7
2013-05-25 00:00:00+00:00,26.2,0.0,18.4,25.6,19.7,34.0,33.1,3.0,1.0,36.0,28.23,49871.01,45118.41,20.5,0.0,0.0,7.58,0.0,35.0,13.6,52.0,,,,31.6,16.0,1.0,21.6,12.8
2013-05-26 00:00:00+00:00,24.2,0.0,17.7,23.5,16.9,32.0,31.3,1.0,353.0,32.0,29.47,49929.11,45914.13,17.2,0.0,0.0,7.21,0.0,5.0,11.3,50.0,,,,25.8,12.4,353.0,15.8,9.0
2013-05-27 00:00:00+00:00,25.8,0.0,21.7,24.3,16.7,34.5,32.2,0.0,10.0,42.1,29.55,49985.1,45985.53,17.1,0.0,0.0,8.18,0.0,0.0,8.8,42.0,,,,26.8,13.1,10.0,11.9,7.0
2013-05-28 00:00:00+00:00,28.1,0.0,16.6,25.9,17.1,36.8,34.8,0.0,49.0,36.0,29.87,50038.89,46109.24,15.9,0.0,0.0,8.46,0.0,0.0,3.9,27.0,,,,22.1,10.2,49.0,11.2,5.0
2013-05-29 00:00:00+00:00,32.3,0.0,17.6,28.9,22.6,41.3,38.6,0.0,118.0,36.7,29.35,50090.39,46128.2,18.9,0.0,0.0,9.3,0.0,1.0,-0.8,13.0,,,,22.7,11.2,118.0,11.5,4.8
2013-05-30 00:00:00+00:00,31.1,0.0,14.8,29.3,23.0,38.6,37.4,1.0,326.0,31.3,29.63,50139.57,46145.51,22.2,0.0,0.0,9.16,0.0,2.0,7.0,25.0,,,,25.0,11.9,326.0,11.5,6.4
2013-05-31 00:00:00+00:00,31.9,0.0,18.4,30.2,21.2,42.2,40.5,2.0,67.0,31.7,29.48,50186.84,46269.82,21.1,0.0,0.0,9.17,0.0,7.0,6.6,29.0,,,,22.3,11.6,67.0,15.1,7.9
2013-06-01 00:00:00+00:00,30.1,0.0,21.4,28.0,21.6,38.3,35.9,0.0,28.0,41.4,29.45,50232.26,46284.87,21.4,0.0,0.0,9.93,0.0,0.0,9.9,34.0,,,,35.7,18.5,28.0,27.7,13.5
2013-06-02 00:00:00+00:00,33.5,0.0,18.8,31.3,21.8,44.8,44.3,0.0,73.0,36.4,29.35,50275.81,46409.56,19.8,0.0,0.0,9.15,0.0,1.0,5.4,24.0,,,,25.9,12.4,73.0,13.3,2.5
2013-06-03 00:00:00+00:00,28.6,0.0,21.4,27.6,22.1,35.5,34.8,0.0,346.0,38.5,28.96,50317.43,46422.35,22.2,0.0,0.0,8.61,0.0,1.0,12.8,42.0,,,,32.4,16.5,346.0,13.0,3.7
2013-06-04 00:00:00+00:00,25.6,0.0,17.8,24.9,18.0,33.9,32.5,1.0,4.0,34.6,29.13,50357.1,46433.41,18.9,0.0,0.0,7.6,0.0,4.0,12.2,50.0,,,,28.2,13.7,4.0,15.5,7.9
2013-06-05 00:00:00+00:00,26.0,0.0,20.8,24.6,18.4,34.0,32.3,2.0,30.0,37.4,28.97,50394.76,46442.76,18.7,0.0,0.0,8.15,0.0,10.0,11.3,46.0,,,,31.2,16.4,30.0,22.0,11.5
2013-06-06 00:00:00+00:00,28.3,0.0,18.8,26.1,18.8,36.9,34.9,0.0,48.0,39.6,29.98,50430.38,46566.81,17.9,0.0,0.0,8.87,0.0,0.0,7.1,33.0,,,,29.3,14.4,48.0,16.9,8.8
2013-06-07 00:00:00+00:00,28.3,0.0,18.6,27.2,19.7,35.9,34.3,0.0,2.0,39.2,29.56,50463.91,46574.07,20.1,0.0,0.0,8.21,0.0,0.0,9.5,35.0,,,,23.4,11.2,2.0,10.1,6.1
2013-06-08 00:00:00+00:00,32.1,0.0,26.4,29.1,22.3,42.0,37.4,0.0,228.0,51.8,29.69,50495.31,46698.29,20.1,0.0,0.0,10.79,0.0,0.0,4.8,22.0,,,,30.8,15.9,228.0,11.9,6.8
2013-06-09 00:00:00+00:00,26.9,0.0,21.6,26.9,20.8,33.6,33.9,2.0,324.0,42.5,27.97,50524.55,45302.68,22.2,0.0,0.0,7.54,0.0,14.0,15.2,52.0,,,,31.1,15.4,324.0,15.8,7.6
2013-06-10 00:00:00+00:00,26.1,0.0,18.7,26.0,18.4,33.7,33.2,2.0,338.0,37.4,29.29,50551.58,46573.59,20.2,0.0,0.0,7.52,0.0,6.0,13.6,53.0,,,,26.2,12.6,338.0,13.0,7.3
2013-06-11 00:00:00+00:00,27.1,0.0,11.9,27.7,18.4,35.2,35.3,1.0,5.0,28.4,29.41,50576.38,46830.84,20.2,0.0,0.0,6.83,0.0,3.0,13.3,51.0,,,,18.5,7.8,5.0,7.9,4.7
2013-06-12 00:00:00+00:00,27.8,0.0,19.6,26.9,19.9,35.4,35.1,0.0,312.0,37.8,29.53,50598.88,46832.48,19.3,0.0,0.0,8.31,0.0,0.0,11.4,38.0,,,,25.2,13.0,312.0,7.9,4.7
2013-06-13 00:00:00+00:00,24.9,0.0,18.1,24.9,18.5,31.7,31.2,1.0,323.0,36.4,28.81,50619.07,46832.69,20.0,0.0,0.0,7.08,0.0,4.0,13.5,54.0,,,,25.3,11.6,323.0,7.9,2.2
2013-06-14 00:00:00+00:00,25.2,0.0,20.4,24.8,18.9,32.2,31.5,0.0,345.0,38.9,29.16,50636.9,46831.55,19.6,0.0,0.0,7.41,0.0,1.0,12.5,49.0,,,,25.6,12.1,345.0,7.6,4.8
2013-06-15 00:00:00+00:00,25.3,0.0,19.4,24.8,18.5,31.9,30.5,1.0,338.0,39.2,27.71,50652.33,46829.07,19.4,0.0,0.0,7.12,0.0,6.0,12.8,50.0,,,,26.3,12.4,338.0,7.9,5.4
2013-06-16 00:00:00+00:00,25.0,0.0,21.1,24.9,18.3,31.6,31.0,3.0,345.0,38.2,24.08,50665.34,46714.59,19.6,0.0,0.0,6.24,0.0,26.0,14.8,57.0,,,,27.4,13.1,345.0,12.2,6.6
2013-06-17 00:00:00+00:00,26.6,0.0,16.9,27.2,19.3,34.2,34.4,2.0,348.0,32.8,27.99,50675.89,43928.44,21.2,0.0,0.0,7.15,0.0,10.0,15.4,56.0,,,,25.2,11.9,348.0,10.4,6.3
2013-06-18 00:00:00+00:00,28.0,0.0,17.4,29.0,19.9,36.2,36.7,3.0,350.0,32.8,28.48,50683.93,45702.98,22.2,0.0,0.0,7.46,0.0,15.0,15.7,54.0,,,,23.8,11.1,350.0,11.5,6.8
2013-06-19 00:00:00+00:00,29.0,0.0,14.7,29.9,20.7,36.7,37.0,0.0,351.0,32.0,28.93,50689.45,46685.82,23.3,0.0,0.0,7.63,0.0,0.0,15.1,50.0,,,,22.0,10.0,351.0,10.4,6.2
2013-06-20 00:00:00+00:00,29.7,0.0,17.6,29.9,20.6,37.3,37.9,0.0,357.0,32.0,29.57,50692.47,47181.25,21.9,0.0,0.0,7.77,0.0,0.0,12.4,40.0,,,,19.6,8.7,357.0,9.0,5.4
2013-06-21 00:00:00+00:00,29.7,0.0,18.2,30.1,21.3,37.3,36.9,0.0,345.0,36.7,29.26,50693.0,47044.09,23.4,0.0,0.0,8.07,0.0,0.0,13.7,44.0,,,,22.5,10.6,345.0,11.2,5.1
2013-06-22 00:00:00+00:00,29.4,0.0,16.9,29.9,21.0,36.6,36.9,0.0,349.0,31.7,29.29,50691.09,46904.43,22.8,0.0,0.0,7.67,0.0,1.0,13.5,44.0,,,,20.7,9.2,349.0,9.7,5.6
2013-06-23 00:00:00+00:00,29.3,0.0,19.9,30.5,22.1,36.6,37.4,0.0,337.0,35.3,28.7,50686.74,46543.94,24.9,0.0,0.0,7.68,0.0,3.0,16.1,51.0,,,,23.5,10.6,337.0,9.7,5.8
2013-06-24 00:00:00+00:00,28.8,0.0,15.8,29.6,20.3,37.0,36.5,0.0,335.0,33.1,29.39,50679.98,47221.53,23.0,0.0,0.0,7.78,0.0,1.0,14.7,51.0,,,,21.8,10.0,335.0,7.9,5.1
2013-06-25 00:00:00+00:00,28.9,0.0,16.3,28.7,19.3,37.3,36.5,0.0,347.0,32.0,30.0,50670.85,47249.02,20.2,0.0,0.0,8.18,0.0,0.0,11.9,41.0,,,,21.8,10.3,347.0,9.0,5.5
2013-06-26 00:00:00+00:00,28.5,0.0,17.6,29.2,19.9,37.2,36.9,2.0,326.0,38.9,29.06,50659.36,46797.02,22.5,0.0,0.0,7.94,0.0,7.0,14.9,51.0,,,,24.2,11.5,326.0,8.3,5.2
2013-06-27 00:00:00+00:00,27.1,0.0,18.3,28.1,19.2,35.1,35.7,2.0,346.0,32.8,28.67,50645.55,46248.61,21.4,0.0,0.0,7.29,0.0,7.0,16.2,57.0,,,,24.2,11.7,346.0,10.4,6.7
2013-06-28 00:00:00+00:00,28.0,0.0,22.5,28.7,21.2,36.7,36.5,3.0,353.0,42.1,28.27,50629.43,45281.64,23.7,0.0,0.0,7.84,0.0,18.0,16.7,57.0,,,,30.2,15.1,353.0,16.2,8.7
2013-06-29 00:00:00+00:00,27.3,0.0,21.0,28.2,20.5,35.7,36.1,3.0,345.0,40.7,28.18,50611.05,45277.04,23.0,0.0,0.0,7.5,0.0,15.0,16.8,59.0,,,,29.7,14.5,345.0,15.8,9.1
2013-06-30 00:00:00+00:00,27.4,0.0,20.5,27.9,20.2,35.4,34.9,0.0,351.0,38.5,29.4,50590.43,46644.43,22.4,0.0,0.0,7.73,0.0,3.0,15.9,56.0,,,,28.6,14.5,351.0,14.0,8.7
2013-07-01 00:00:00+00:00,26.0,0.0,21.5,26.3,20.9,32.7,33.1,3.0,339.0,39.2,27.81,50567.59,44836.24,22.3,0.0,0.0,7.1,0.0,19.0,15.6,57.0,,,,29.3,14.2,339.0,16.9,9.4
2013-07-02 00:00:00+00:00,26.1,0.0,20.2,26.4,19.9,33.3,33.5,2.0,339.0,39.6,27.37,50542.58,45828.84,21.4,0.0,0.0,7.13,0.0,11.0,15.6,56.0,,,,29.6,14.5,339.0,13.7,8.1
2013-07-03 00:00:00+00:00,27.2,0.0,18.4,28.1,19.9,34.9,35.4,3.0,355.0,33.5,27.55,50515.43,45290.22,22.0,0.0,0.0,7.18,0.0,17.0,16.3,57.0,,,,25.6,12.6,355.0,12.6,8.2
2013-07-04 00:00:00+00:00,27.7,0.0,20.4,28.4,20.2,35.1,35.4,2.0,355.0,37.4,29.01,50486.16,45820.49,22.8,0.0,0.0,7.55,0.0,4.0,15.5,54.0,,,,25.6,12.3,355.0,12.2,7.0
2013-07-05 00:00:00+00:00,27.0,0.0,20.3,27.6,20.0,34.6,34.8,2.0,344.0,38.9,28.64,50454.81,45555.71,22.3,0.0,0.0,7.41,0.0,12.0,15.5,56.0,,,,27.1,12.9,344.0,13.3,7.4
2013-07-06 00:00:00+00:00,26.6,0.0,20.4,27.4,20.4,34.0,34.7,2.0,345.0,36.7,28.4,50421.41,45553.63,22.5,0.0,0.0,7.16,0.0,11.0,15.9,56.0,,,,26.1,12.4,345.0,12.6,7.1
2013-07-07 00:00:00+00:00,27.3,0.0,17.3,28.3,20.1,34.7,35.4,2.0,5.0,34.6,28.27,50385.99,45421.8,22.5,0.0,0.0,7.33,0.0,12.0,16.7,57.0,,,,26.6,13.2,5.0,11.9,6.9
2013-07-08 00:00:00+00:00,27.5,0.0,17.3,28.3,20.1,34.5,35.3,0.0,13.0,31.3,28.48,50348.6,46195.94,22.2,0.0,0.0,7.27,0.0,0.0,16.1,54.0,,,,24.6,12.1,13.0,12.2,7.2
2013-07-09 00:00:00+00:00,27.1,0.0,17.8,28.2,20.1,34.3,35.0,1.0,353.0,34.9,28.1,50309.21,45801.74,22.1,0.0,0.0,7.18,0.0,7.0,16.9,57.0,,,,26.5,13.1,353.0,13.0,7.6
2013-07-10 00:00:00+00:00,27.4,0.0,20.4,28.4,19.8,35.4,35.5,3.0,334.0,40.3,28.41,50267.48,45667.72,22.5,0.0,0.0,7.47,0.0,11.0,16.8,59.0,,,,27.1,13.1,334.0,9.0,4.6
2013-07-11 00:00:00+00:00,27.4,0.0,20.8,28.7,20.7,35.2,35.7,3.0,330.0,40.7,27.55,50223.36,44690.33,23.8,0.0,0.0,7.23,0.0,13.0,17.4,60.0,,,,27.7,13.2,330.0,12.2,6.4
2013-07-12 00:00:00+00:00,27.6,0.0,21.4,28.9,20.0,35.4,36.1,1.0,336.0,42.1,28.68,50176.92,45779.85,22.9,0.0,0.0,7.48,0.0,3.0,17.5,60.0,,,,28.0,13.3,336.0,9.4,4.8
2013-07-13 00:00:00+00:00,27.7,0.0,20.9,29.1,20.6,35.9,36.3,1.0,336.0,41.4,28.25,50128.25,45397.93,23.6,0.0,0.0,7.38,0.0,3.0,17.7,60.0,,,,27.6,13.3,336.0,11.2,5.7
2013-07-14 00:00:00+00:00,27.7,0.0,19.4,29.3,20.8,35.8,36.4,3.0,334.0,38.2,28.18,50077.44,44898.99,23.7,0.0,0.0,7.29,0.0,15.0,17.9,61.0,,,,26.5,12.8,334.0,10.4,6.3
2013-07-15 00:00:00+00:00,27.9,0.0,18.7,29.9,20.9,35.8,37.1,3.0,326.0,33.8,27.63,50024.55,44480.44,24.0,0.0,0.0,6.92,0.0,21.0,18.3,62.0,,,,23.3,10.9,326.0,9.0,5.6
2013-07-16 00:00:00+00:00,27.6,0.0,20.1,29.0,20.6,35.3,35.9,1.0,320.0,38.2,28.64,49969.66,44892.14,23.5,0.0,0.0,7.33,0.0,4.0,17.4,60.0,,,,25.7,12.2,320.0,9.0,5.1
2013-07-17 00:00:00+00:00,27.5,0.0,18.4,28.2,19.8,35.1,34.9,0.0,327.0,36.4,28.77,49912.87,45367.49,22.0,0.0,0.0,7.55,0.0,0.0,15.4,54.0,,,,25.2,11.8,327.0,10.1,4.1
2013-07-18 00:00:00+00:00,27.0,0.0,19.7,27.9,19.7,34.1,34.6,0.0,332.0,37.1,28.05,49854.23,45236.54,22.0,0.0,0.0,7.2,0.0,1.0,16.0,56.0,,,,23.8,11.4,332.0,9.4,4.2
2013-07-19 00:00:00+00:00,27.2,0.0,18.4,28.6,20.1,34.5,35.1,2.0,331.0,35.6,25.69,49793.84,44639.02,22.7,0.0,0.0,6.72,0.0,18.0,17.6,61.0,,,,25.3,12.5,331.0,8.6,5.1
2013-07-20 00:00:00+00:00,28.0,0.0,20.5,29.6,22.1,35.2,36.5,3.0,338.0,36.7,26.74,49731.77,43024.89,25.1,0.0,0.0,7.09,0.0,26.0,18.3,61.0,,,,27.1,13.2,338.0,12.6,7.6
2013-07-21 00:00:00+00:00,27.0,0.0,17.1,27.8,19.2,34.3,34.3,3.0,330.0,32.8,28.53,49668.08,44980.9,21.7,0.0,0.0,7.29,0.0,5.0,15.5,56.0,,,,23.5,11.3,330.0,9.0,5.2
2013-07-22 00:00:00+00:00,27.1,0.0,18.4,27.9,18.9,35.1,35.2,1.0,328.0,35.3,28.13,49602.88,44742.45,20.8,0.0,0.0,7.33,0.0,4.0,15.8,56.0,,,,25.2,12.0,328.0,9.4,4.6
2013-07-23 00:00:00+00:00,27.9,0.0,18.6,29.5,20.8,35.6,36.4,3.0,331.0,32.8,27.15,49536.2,41872.35,23.8,0.0,0.0,6.85,0.0,21.0,17.0,58.0,,,,21.8,10.3,331.0,10.4,5.8
2013-07-24 00:00:00+00:00,28.2,0.0,21.3,30.1,21.4,35.7,37.1,1.0,331.0,39.6,27.8,49468.16,43964.75,24.7,0.0,0.0,7.03,0.0,2.0,17.5,58.0,,,,23.0,10.3,331.0,10.4,5.4
2013-07-25 00:00:00+00:00,27.9,0.0,17.4,29.2,20.0,35.7,36.2,3.0,341.0,31.3,28.05,49398.8,44500.93,22.8,0.0,0.0,7.21,0.0,15.0,16.3,56.0,,,,23.7,11.0,341.0,8.6,5.5
2013-07-26 00:00:00+00:00,28.4,0.0,17.6,29.4,20.3,37.0,37.3,3.0,328.0,35.3,28.09,49328.2,44276.42,23.3,0.0,0.0,7.6,0.0,8.0,15.8,55.0,,,,23.8,11.2,328.0,8.6,4.8
2013-07-27 00:00:00+00:00,28.5,0.0,14.5,29.4,19.6,36.9,37.0,0.0,326.0,30.2,28.39,49256.45,44379.3,21.6,0.0,0.0,7.37,0.0,2.0,14.9,50.0,,,,20.9,9.4,326.0,8.6,3.9
2013-07-28 00:00:00+00:00,29.2,0.0,15.0,30.6,21.5,37.3,38.0,2.0,348.0,26.3,28.11,49183.59,44063.24,24.9,0.0,0.0,7.09,0.0,11.0,15.0,51.0,,,,17.5,7.8,348.0,8.6,4.4
2013-07-29 00:00:00+00:00,30.1,0.0,15.8,30.2,21.3,37.5,37.1,0.0,20.0,29.2,28.62,49109.65,44261.16,23.2,0.0,0.0,8.01,0.0,0.0,12.8,41.0,,,,21.5,10.5,20.0,12.2,6.9
2013-07-30 00:00:00+00:00,29.5,0.0,16.2,29.8,21.8,36.7,36.2,0.0,1.0,29.9,28.48,49034.02,44150.28,23.6,0.0,0.0,7.82,0.0,0.0,13.6,43.0,,,,22.0,10.4,1.0,8.3,4.0
2013-07-31 00:00:00+00:00,29.1,0.0,13.0,29.6,20.1,36.9,36.2,0.0,337.0,29.5,28.48,48956.61,44047.87,22.4,0.0,0.0,7.37,0.0,0.0,12.7,45.0,,,,18.7,8.2,337.0,7.9,3.0
2013-08-01 00:00:00+00:00,30.1,0.0,14.1,30.2,21.5,38.2,37.4,0.0,339.0,27.4,28.6,48877.51,44045.4,23.5,0.0,0.0,7.64,0.0,0.0,11.3,39.0,,,,18.4,8.2,339.0,6.5,1.8
2013-08-02 00:00:00+00:00,30.0,0.0,18.1,31.2,20.2,38.3,38.6,0.0,338.0,33.1,27.94,48796.82,43845.77,22.4,0.0,0.0,7.52,0.0,0.0,15.8,48.0,,,,20.5,9.4,338.0,8.3,3.6
2013-08-03 00:00:00+00:00,29.5,0.0,16.9,31.5,21.9,37.7,38.7,1.0,342.0,32.8,27.36,48714.64,43558.92,25.5,0.0,0.0,7.32,0.0,3.0,18.0,57.0,,,,22.9,10.5,342.0,11.2,5.6
2013-08-04 00:00:00+00:00,28.4,0.0,18.3,30.3,20.9,36.1,37.1,1.0,338.0,33.1,27.32,48631.05,43559.58,23.8,0.0,0.0,7.06,0.0,3.0,17.9,58.0,,,,22.5,10.4,338.0,7.6,4.7
2013-08-05 00:00:00+00:00,29.5,0.0,17.3,31.6,21.0,37.9,39.1,3.0,348.0,31.7,27.0,48546.15,43425.82,24.5,0.0,0.0,7.18,0.0,26.0,18.1,58.0,,,,21.6,10.1,348.0,7.9,4.7
2013-08-06 00:00:00+00:00,30.0,0.0,17.8,31.7,22.1,37.8,38.3,1.0,9.0,31.7,27.53,48460.03,43479.43,25.5,0.0,0.0,7.46,0.0,5.0,17.0,53.0,,,,22.0,10.6,9.0,9.7,5.4
2013-08-07 00:00:00+00:00,29.6,0.0,17.7,31.1,22.0,37.1,37.8,1.0,3.0,31.7,27.11,48372.76,43339.61,25.6,0.0,0.0,7.23,0.0,3.0,16.5,53.0,,,,21.9,10.2,3.0,12.2,6.1
2013-08-08 00:00:00+00:00,29.3,0.0,15.9,30.2,21.3,36.5,36.4,0.0,348.0,32.0,27.52,48284.44,43316.19,24.2,0.0,0.0,7.48,0.0,0.0,15.7,49.0,,,,22.2,10.6,348.0,7.6,3.7
2013-08-09 00:00:00+00:00,28.6,0.0,17.4,30.1,20.9,36.6,36.4,2.0,332.0,31.7,27.19,48195.15,43262.16,24.4,0.0,0.0,7.08,0.0,8.0,16.4,56.0,,,,21.2,9.7,332.0,7.6,4.3
2013-08-10 00:00:00+00:00,28.4,0.0,16.0,30.2,20.6,36.3,37.1,3.0,332.0,34.2,26.6,48104.98,43200.0,23.8,0.0,0.0,7.03,0.0,15.0,17.5,59.0,,,,22.2,10.2,332.0,8.3,3.6
2013-08-11 00:00:00+00:00,29.1,0.0,15.5,30.0,22.1,36.0,35.1,0.0,330.0,32.4,27.49,48014.01,43200.0,25.6,0.0,0.0,7.16,0.0,0.0,14.3,48.0,,,,19.3,8.5,330.0,5.4,0.5
2013-08-12 00:00:00+00:00,29.1,0.0,17.0,30.4,21.9,36.0,37.0,2.0,351.0,33.8,25.99,47922.3,43200.0,24.3,0.0,0.0,7.14,0.0,9.0,16.7,51.0,,,,22.5,10.5,351.0,6.8,2.1
2013-08-13 00:00:00+00:00,28.2,0.0,16.3,29.8,21.7,34.5,35.5,0.0,1.0,31.0,26.71,47829.96,43200.0,24.4,0.0,0.0,6.88,0.0,1.0,17.5,56.0,,,,24.0,11.4,1.0,13.3,7.5
2013-08-14 00:00:00+00:00,28.1,0.0,16.6,29.8,21.3,35.1,36.3,2.0,347.0,29.9,25.74,47737.05,43200.0,24.3,0.0,0.0,6.57,0.0,9.0,17.2,56.0,,,,21.9,9.9,347.0,9.4,5.8
2013-08-15 00:00:00+00:00,28.6,0.0,17.9,30.1,20.5,36.5,37.1,0.0,343.0,33.5,26.99,47643.65,43200.0,23.5,0.0,0.0,6.94,0.0,0.0,16.8,55.0,,,,22.2,9.8,343.0,9.4,5.4
2013-08-16 00:00:00+00:00,29.6,0.0,17.9,31.8,22.4,38.4,39.3,3.0,345.0,34.2,25.7,47549.82,39600.0,26.2,0.0,0.0,7.03,0.0,25.0,18.6,60.0,,,,24.3,11.2,345.0,10.1,4.8
2013-08-17 00:00:00+00:00,29.6,0.0,18.1,31.3,21.9,37.8,38.1,3.0,351.0,34.6,26.28,47455.66,43200.0,25.5,0.0,0.0,7.43,0.0,16.0,18.0,58.0,,,,24.6,12.4,351.0,11.5,6.4
2013-08-18 00:00:00+00:00,28.1,0.0,14.1,30.0,21.5,35.0,35.8,2.0,342.0,29.9,25.68,47361.15,43200.0,25.2,0.0,0.0,6.57,0.0,9.0,17.5,59.0,,,,21.4,9.8,342.0,7.9,4.3
2013-08-19 00:00:00+00:00,28.2,0.0,18.2,30.0,21.7,35.5,36.4,2.0,342.0,36.0,24.67,47265.63,43200.0,25.0,0.0,0.0,6.63,0.0,13.0,18.3,59.0,,,,24.1,11.4,342.0,7.2,1.6
2013-08-20 00:00:00+00:00,29.2,0.0,17.1,31.4,23.3,36.9,38.3,3.0,341.0,33.1,25.21,47168.97,43200.0,27.0,0.0,0.0,6.78,0.0,29.0,19.2,61.0,,,,24.2,11.6,341.0,10.4,7.6
2013-08-21 00:00:00+00:00,29.3,0.0,14.2,31.3,22.4,37.0,37.9,3.0,338.0,27.7,25.46,47071.26,43200.0,26.6,0.0,0.0,6.45,0.0,15.0,17.0,56.0,,,,19.0,8.0,338.0,10.1,4.3
2013-08-22 00:00:00+00:00,29.4,0.0,17.4,31.1,22.3,36.1,37.4,0.0,349.0,31.7,25.92,46972.58,43200.0,26.0,0.0,0.0,6.98,0.0,0.0,17.2,54.0,,,,21.3,9.8,349.0,7.6,4.0
2013-08-23 00:00:00+00:00,28.5,0.0,18.3,29.8,20.2,36.1,36.0,0.0,348.0,38.5,26.1,46873.02,43200.0,23.0,0.0,0.0,7.05,0.0,0.0,16.5,55.0,,,,22.7,10.4,348.0,7.6,4.8
2013-08-24 00:00:00+00:00,28.1,0.0,16.8,29.4,21.0,35.1,35.7,0.0,341.0,35.6,25.52,46772.64,43200.0,23.2,0.0,0.0,6.76,0.0,0.0,16.6,53.0,,,,21.8,10.1,341.0,8.6,3.7
2013-08-25 00:00:00+00:00,27.9,0.0,18.4,29.1,19.9,35.1,35.8,0.0,357.0,34.9,25.98,46671.54,43200.0,22.4,0.0,0.0,6.78,0.0,0.0,16.2,55.0,,,,21.5,10.1,357.0,9.4,5.8
2013-08-26 00:00:00+00:00,27.6,0.0,16.5,28.0,20.4,34.1,33.8,0.0,354.0,33.8,25.96,46569.78,43200.0,22.4,0.0,0.0,7.0,0.0,0.0,14.7,50.0,,,,23.4,11.4,354.0,10.4,6.6
2013-08-27 00:00:00+00:00,27.8,0.0,13.8,28.8,21.3,34.8,35.5,0.0,1.0,27.7,25.69,46467.44,43181.52,23.3,0.0,0.0,6.53,0.0,2.0,15.2,51.0,,,,19.4,8.7,1.0,7.2,3.1
2013-08-28 00:00:00+00:00,28.7,0.0,18.9,29.5,19.9,37.6,37.5,0.0,359.0,35.3,25.82,46364.6,43113.67,22.0,0.0,0.0,7.31,0.0,0.0,15.6,51.0,,,,23.5,11.2,359.0,8.6,5.8
2013-08-29 00:00:00+00:00,29.3,0.0,16.3,30.8,21.3,37.8,38.1,0.0,336.0,29.5,25.73,46261.33,43045.24,24.4,0.0,0.0,6.86,0.0,0.0,16.4,54.0,,,,20.8,9.1,336.0,9.0,2.5
2013-08-30 00:00:00+00:00,29.0,0.0,17.8,30.6,20.6,37.3,37.6,3.0,349.0,34.2,24.58,46157.7,42976.32,23.8,0.0,0.0,7.01,0.0,18.0,17.7,58.0,,,,23.8,11.6,349.0,8.6,4.8
2013-08-31 00:00:00+00:00,28.2,0.0,21.8,29.7,21.4,36.1,36.6,3.0,335.0,41.4,24.69,46053.78,42906.97,25.2,0.0,0.0,6.83,0.0,12.0,17.8,59.0,,,,25.1,12.1,335.0,7.9,3.6
2013-09-01 00:00:00+00:00,28.0,0.0,21.1,29.1,21.0,35.2,35.6,0.0,321.0,41.0,24.76,45949.64,42837.28,23.7,0.0,0.0,6.9,0.0,1.0,17.3,57.0,,,,26.8,13.0,321.0,9.7,5.2
2013-09-02 00:00:00+00:00,28.2,0.0,20.7,30.1,23.5,34.6,36.2,3.0,342.0,38.5,22.01,45845.35,42277.23,26.3,0.0,0.0,6.06,0.0,36.0,19.1,61.0,,,,25.7,12.6,342.0,14.0,7.0
2013-09-03 00:00:00+00:00,27.8,0.0,22.3,28.9,22.2,35.1,35.0,1.0,339.0,42.1,24.39,45740.98,42697.18,25.2,0.0,0.0,6.81,0.0,10.0,17.5,59.0,,,,28.8,14.3,339.0,14.4,9.7
2013-09-04 00:00:00+00:00,27.1,0.0,24.8,27.1,20.6,34.7,33.5,0.0,320.0,49.0,24.83,45636.6,42626.92,22.1,0.0,0.0,7.22,0.0,0.0,15.1,52.0,,,,30.1,14.9,320.0,11.2,6.4
2013-09-05 00:00:00+00:00,28.0,0.0,20.6,28.9,21.6,35.1,35.7,0.0,336.0,38.2,24.14,45532.26,42556.64,23.6,0.0,0.0,6.67,0.0,6.0,16.8,55.0,,,,26.7,12.9,336.0,12.2,7.1
2013-09-06 00:00:00+00:00,27.7,0.0,20.9,29.1,23.0,34.0,35.4,3.0,346.0,40.3,23.22,45428.05,42486.39,24.1,0.0,0.0,6.3,0.0,18.0,17.8,59.0,,,,27.1,12.9,346.0,17.3,8.6
2013-09-07 00:00:00+00:00,26.4,0.0,17.4,26.6,19.2,33.9,33.3,0.0,354.0,33.8,24.49,45323.95,42416.0,21.1,0.0,0.0,6.62,0.0,1.0,14.2,52.0,,,,23.7,11.2,354.0,9.0,4.7
2013-09-08 00:00:00+00:00,27.2,0.0,18.4,27.1,18.2,35.5,34.8,0.0,11.0,36.7,24.33,45219.27,42344.69,19.8,0.0,0.0,6.88,0.0,0.0,13.2,48.0,,,,22.9,10.7,11.0,11.2,5.1
2013-09-09 00:00:00+00:00,27.4,0.0,17.9,27.3,20.2,34.9,34.5,0.0,342.0,36.0,24.07,45113.88,42272.48,21.2,0.0,0.0,6.83,0.0,0.0,13.6,46.0,,,,23.3,11.3,342.0,10.4,5.2
2013-09-10 00:00:00+00:00,26.5,0.0,18.4,26.5,17.9,34.3,33.6,0.0,17.0,34.2,24.3,45007.86,42199.47,19.5,0.0,0.0,6.69,0.0,1.0,14.1,52.0,,,,23.7,11.9,17.0,10.1,5.5
2013-09-11 00:00:00+00:00,26.7,0.0,17.4,26.9,18.9,34.7,32.9,3.0,357.0,36.7,24.19,44901.29,42104.53,21.4,0.0,0.0,6.65,0.0,9.0,14.2,56.0,,,,25.7,12.3,357.0,9.4,5.4
2013-09-12 00:00:00+00:00,27.0,0.0,15.5,27.6,20.2,35.0,34.3,1.0,15.0,30.6,23.63,44794.21,41998.77,22.2,0.0,0.0,6.29,0.0,7.0,14.8,54.0,,,,20.1,9.6,15.0,7.6,3.6
2013-09-13 00:00:00+00:00,28.3,0.0,18.6,28.5,19.4,37.5,36.2,0.0,34.0,35.6,23.85,44686.73,41892.46,21.2,0.0,0.0,7.14,0.0,0.0,15.2,52.0,,,,26.0,13.9,34.0,15.1,9.5
2013-09-14 00:00:00+00:00,28.7,0.0,22.3,29.2,20.4,37.9,36.5,1.0,19.0,42.1,23.18,44578.88,41785.67,22.9,0.0,0.0,7.22,0.0,3.0,16.4,55.0,,,,28.9,14.8,19.0,15.5,9.0
2013-09-15 00:00:00+00:00,27.3,0.0,19.5,28.7,21.3,35.1,36.2,3.0,349.0,36.4,22.72,44470.75,39536.95,24.3,0.0,0.0,6.11,0.0,16.0,17.9,62.0,,,,26.7,13.1,349.0,16.6,9.0
2013-09-16 00:00:00+00:00,26.0,0.0,15.5,26.0,19.0,33.0,32.2,0.0,354.0,31.3,23.64,44362.4,41570.88,20.2,0.0,0.0,6.25,0.0,0.0,13.8,51.0,,,,23.1,11.1,354.0,9.4,4.7
2013-09-17 00:00:00+00:00,27.2,0.0,11.2,27.6,19.6,35.4,35.2,0.0,349.0,26.3,22.98,44253.9,41370.58,21.1,0.0,0.0,5.66,0.0,0.0,13.2,48.0,,,,15.8,6.7,349.0,7.2,3.1
2013-09-18 00:00:00+00:00,29.9,0.0,21.3,29.2,23.1,37.5,35.9,0.0,280.0,43.2,22.76,44145.32,41193.79,22.9,0.0,0.0,7.3,0.0,0.0,12.1,36.0,,,,23.0,11.5,280.0,7.2,4.6
2013-09-19 00:00:00+00:00,31.8,0.0,26.6,31.1,23.2,41.7,37.9,3.0,233.0,55.1,21.9,44036.71,40899.19,23.9,0.0,0.0,8.46,0.0,14.0,13.4,40.0,,,,29.7,15.4,233.0,11.2,6.3
2013-09-20 00:00:00+00:00,27.7,0.0,16.5,29.6,22.5,33.8,34.3,1.0,322.0,34.6,21.63,43928.15,40612.96,26.4,0.0,0.0,5.78,0.0,9.0,18.6,62.0,,,,23.9,11.3,322.0,6.8,3.8
2013-09-21 00:00:00+00:00,27.8,0.0,19.8,29.2,22.0,34.7,35.3,0.0,328.0,42.8,21.91,43819.71,40335.49,24.5,0.0,0.0,5.9,0.0,0.0,17.2,56.0,,,,22.6,9.8,328.0,6.8,1.0
2013-09-22 00:00:00+00:00,28.6,0.0,17.6,30.6,22.4,35.2,37.0,0.0,348.0,32.4,21.6,43711.45,40179.7,25.7,0.0,0.0,5.54,0.0,1.0,17.7,56.0,,,,18.3,7.3,348.0,5.8,1.5
2013-09-23 00:00:00+00:00,27.2,0.0,18.6,27.2,22.7,32.9,32.5,0.0,344.0,34.6,21.75,43603.43,40137.27,23.5,0.0,0.0,6.33,0.0,1.0,14.8,50.0,,,,27.2,13.2,344.0,14.0,7.2
2013-09-24 00:00:00+00:00,25.3,0.0,18.3,25.7,20.5,30.9,31.2,1.0,332.0,39.6,19.25,43495.72,39453.74,22.3,0.0,0.0,5.12,0.0,11.0,14.8,54.0,,,,21.8,9.6,332.0,6.1,3.4
2013-09-25 00:00:00+00:00,24.7,0.0,16.4,24.5,18.2,30.7,29.9,0.0,5.0,29.2,21.99,43388.38,39839.39,19.3,0.0,0.0,5.6,0.0,1.0,12.9,52.0,,,,20.7,9.9,5.0,8.3,4.1
2013-09-26 00:00:00+00:00,24.9,0.0,17.7,24.4,17.8,31.5,30.3,0.0,25.0,36.4,21.86,43281.49,39596.64,18.4,0.0,0.0,5.98,0.0,1.0,13.4,52.0,,,,25.6,12.8,25.0,9.4,6.0
2013-09-27 00:00:00+00:00,24.6,0.0,17.2,24.8,19.0,30.8,30.3,0.0,359.0,34.2,21.06,43175.03,39461.89,20.3,0.0,0.0,5.44,0.0,3.0,14.6,57.0,,,,22.8,11.0,359.0,7.6,5.0
2013-09-28 00:00:00+00:00,25.1,0.0,15.4,25.6,19.0,31.3,31.3,2.0,337.0,28.4,19.24,43068.27,39332.16,20.5,0.0,0.0,5.01,0.0,14.0,14.9,56.0,,,,20.2,9.6,337.0,9.0,5.2
2013-09-29 00:00:00+00:00,24.7,0.0,14.9,24.9,18.3,31.0,31.0,1.0,5.0,28.8,20.96,42961.09,39207.87,19.3,0.0,0.0,5.21,0.0,4.0,13.8,54.0,,,,19.6,9.1,5.0,8.3,5.2
2013-09-30 00:00:00+00:00,24.8,0.0,15.5,25.0,17.7,31.5,31.2,0.0,13.0,28.4,21.27,42853.54,39175.3,19.1,0.0,0.0,5.25,0.0,3.0,13.9,56.0,,,,19.6,9.1,13.0,8.6,5.1
2013-10-01 00:00:00+00:00,25.2,0.0,11.6,25.8,18.2,32.0,32.2,0.0,359.0,24.5,21.48,42745.71,39059.02,20.0,0.0,0.0,5.04,0.0,0.0,13.5,55.0,,,,15.9,6.9,359.0,7.9,3.9
2013-10-02 00:00:00+00:00,27.4,0.0,18.5,26.1,20.6,35.6,32.8,0.0,230.0,37.4,21.2,42637.67,38949.18,19.4,0.0,0.0,6.77,0.0,0.0,10.7,40.0,,,,25.8,13.2,230.0,14.0,7.8
2013-10-03 00:00:00+00:00,26.1,0.0,19.4,27.3,20.7,31.8,32.3,2.0,347.0,37.8,18.92,42529.49,38846.21,23.7,0.0,0.0,5.01,0.0,16.0,16.8,60.0,,,,21.2,9.3,347.0,6.8,1.9
2013-10-04 00:00:00+00:00,24.0,0.0,24.9,22.7,19.6,29.8,27.5,0.0,350.0,46.8,20.65,42421.24,38819.45,17.6,0.0,0.0,6.03,0.0,2.0,12.1,52.0,,,,31.3,15.9,350.0,15.1,8.6
2013-10-05 00:00:00+00:00,21.5,0.0,21.8,19.3,18.1,27.3,25.4,2.0,346.0,43.6,20.29,42313.0,38567.61,16.4,0.0,0.0,5.64,0.0,23.0,9.9,49.0,,,,32.2,16.4,346.0,19.8,11.2
2013-10-06 00:00:00+00:00,21.4,0.0,20.3,19.0,17.3,27.2,24.6,2.0,4.0,38.9,20.46,42204.84,38736.18,15.8,0.0,0.0,5.75,0.0,19.0,8.0,44.0,,,,29.9,14.9,4.0,18.7,8.8
2013-10-07 00:00:00+00:00,21.1,0.0,24.6,18.1,15.6,27.6,24.1,0.0,27.0,47.2,20.77,42096.84,38698.8,13.6,0.0,0.0,6.15,0.0,0.0,7.8,45.0,,,,35.2,18.3,27.0,19.1,11.4
2013-10-08 00:00:00+00:00,22.1,0.0,26.8,19.2,17.0,28.6,25.5,0.0,28.0,52.2,20.52,41989.07,38661.04,14.6,0.0,0.0,6.32,0.0,1.0,9.8,48.0,,,,38.9,21.0,28.0,28.4,16.3
2013-10-09 00:00:00+00:00,24.2,0.0,21.9,22.2,17.4,32.5,30.2,0.0,25.0,43.6,20.3,41881.6,38622.88,16.2,0.0,0.0,6.37,0.0,0.0,11.0,48.0,,,,33.6,17.3,25.0,25.2,14.2
2013-10-10 00:00:00+00:00,24.0,0.0,18.1,22.6,17.1,32.0,29.7,0.0,18.0,37.1,20.26,41774.51,38584.31,17.0,0.0,0.0,5.93,0.0,0.0,11.3,50.0,,,,28.2,14.7,18.0,16.6,10.4
2013-10-11 00:00:00+00:00,23.2,0.0,18.3,21.9,15.8,31.6,28.9,0.0,20.0,35.3,20.35,41667.89,38545.31,15.8,0.0,0.0,5.66,0.0,0.0,11.1,53.0,,,,27.0,13.9,20.0,15.8,9.2
2013-10-12 00:00:00+00:00,23.8,0.0,18.8,23.5,16.8,32.0,30.6,3.0,7.0,35.6,18.57,41561.8,37122.77,17.8,0.0,0.0,5.06,0.0,21.0,14.2,60.0,,,,24.3,12.3,7.0,10.8,5.9
2013-10-13 00:00:00+00:00,24.2,0.0,22.5,24.6,17.6,32.0,31.0,1.0,319.0,43.9,19.2,41456.33,38465.98,19.0,0.0,0.0,5.08,0.0,2.0,16.3,66.0,,,,26.9,13.4,319.0,10.4,6.2
2013-10-14 00:00:00+00:00,24.7,0.0,15.5,25.1,19.4,31.3,30.6,3.0,323.0,28.1,18.3,41351.55,36000.0,21.7,0.0,0.0,4.67,0.0,22.0,14.7,61.0,,,,21.8,9.8,323.0,10.8,6.0
2013-10-15 00:00:00+00:00,23.8,0.0,10.0,24.0,17.4,30.6,30.2,0.0,7.0,22.3,18.98,41247.55,36553.08,18.8,0.0,0.0,4.43,0.0,1.0,12.6,56.0,,,,16.0,7.2,7.0,8.3,5.2
2013-10-16 00:00:00+00:00,23.4,0.0,13.1,22.6,17.0,29.5,27.5,3.0,14.0,28.4,19.03,41144.41,38306.08,18.0,0.0,0.0,4.8,0.0,17.0,11.0,51.0,,,,19.8,9.5,14.0,14.0,7.1
2013-10-17 00:00:00+00:00,24.0,0.0,18.4,22.7,14.6,32.4,30.0,0.0,193.0,31.3,19.25,41042.12,38199.82,14.9,0.0,0.0,5.53,0.0,0.0,9.6,48.0,,,,20.3,10.2,193.0,8.6,4.8
2013-10-18 00:00:00+00:00,24.3,0.0,20.2,23.3,18.8,29.1,27.3,0.0,270.0,41.0,18.06,40939.9,38049.66,20.1,0.0,0.0,5.16,0.0,5.0,11.1,47.0,,,,23.7,11.0,270.0,7.2,4.3
2013-10-19 00:00:00+00:00,22.2,0.0,20.8,21.4,15.9,28.4,26.8,1.0,7.0,38.5,18.42,40837.57,37986.6,16.6,0.0,0.0,4.81,0.0,3.0,12.5,59.0,,,,23.2,11.9,7.0,9.0,5.8
2013-10-20 00:00:00+00:00,21.9,0.0,22.8,19.6,17.1,28.0,25.0,1.0,30.0,43.2,18.59,40735.25,37879.71,16.0,0.0,0.0,5.51,0.0,8.0,10.7,52.0,,,,33.7,18.1,30.0,21.2,12.3
2013-10-21 00:00:00+00:00,23.0,0.0,25.3,20.6,17.5,30.0,27.3,0.0,31.0,49.0,18.72,40632.99,37772.77,15.3,0.0,0.0,6.0,0.0,0.0,11.2,50.0,,,,37.7,20.1,31.0,31.0,16.8
2013-10-22 00:00:00+00:00,23.0,0.0,17.9,21.9,17.0,30.3,28.4,0.0,20.0,36.7,18.5,40530.9,37665.87,16.8,0.0,0.0,5.1,0.0,0.0,12.7,57.0,,,,29.2,14.8,20.0,21.6,11.2
2013-10-23 00:00:00+00:00,22.3,0.0,15.9,21.7,16.0,29.6,28.1,3.0,19.0,32.0,18.3,40429.07,37559.09,16.5,0.0,0.0,4.66,0.0,10.0,12.9,61.0,,,,24.2,12.2,19.0,14.4,7.9
2013-10-24 00:00:00+00:00,21.5,0.0,14.8,20.8,14.7,28.9,27.0,3.0,24.0,30.6,18.14,40327.57,37452.53,14.9,0.0,0.0,4.43,0.0,51.0,12.0,60.0,,,,22.2,11.1,24.0,13.0,7.4
2013-10-25 00:00:00+00:00,21.6,0.0,18.8,20.2,15.5,29.0,26.3,2.0,43.0,38.9,18.18,40226.5,36040.23,15.6,0.0,0.0,4.85,0.0,18.0,11.8,60.0,,,,27.9,14.7,43.0,16.6,9.4
2013-10-26 00:00:00+00:00,21.4,0.0,17.6,19.6,14.8,27.8,25.4,0.0,26.0,36.7,18.02,40125.96,37240.46,14.3,0.0,0.0,4.84,0.0,0.0,9.7,52.0,,,,25.3,12.8,26.0,14.0,8.4
2013-10-27 00:00:00+00:00,21.0,0.0,15.9,19.7,13.4,28.0,25.6,0.0,5.0,29.5,17.82,40026.04,37135.16,13.0,0.0,0.0,4.48,0.0,0.0,10.1,56.0,,,,20.9,10.7,5.0,10.1,6.5
2013-10-28 00:00:00+00:00,20.5,0.0,14.9,19.4,13.1,27.4,24.8,0.0,13.0,31.0,17.83,39926.82,36947.48,12.8,0.0,0.0,4.3,0.0,0.0,10.7,59.0,,,,22.0,11.1,13.0,10.4,7.3
2013-10-29 00:00:00+00:00,20.7,0.0,18.8,20.1,14.7,27.2,25.7,2.0,350.0,35.6,16.22,39828.42,35077.83,15.1,0.0,0.0,3.95,0.0,19.0,12.6,65.0,,,,22.4,11.1,350.0,11.5,6.5
2013-10-30 00:00:00+00:00,21.7,0.0,18.2,21.0,16.0,28.9,27.2,0.0,328.0,35.3,16.18,39730.91,36342.05,16.4,0.0,0.0,4.2,0.0,5.0,13.0,63.0,,,,24.8,12.3,328.0,15.5,8.1
2013-10-31 00:00:00+00:00,22.2,0.1,13.8,22.0,17.5,29.2,28.2,51.0,340.0,31.0,14.66,39634.41,34856.93,18.4,1.0,0.1,3.86,0.0,34.0,13.8,63.0,,,,22.1,10.6,340.0,12.6,7.4
2013-11-01 00:00:00+00:00,21.4,0.0,15.3,21.1,14.8,28.6,27.5,3.0,335.0,31.3,15.75,39539.01,35879.25,15.5,0.0,0.0,3.95,0.0,17.0,12.5,63.0,,,,20.2,9.5,335.0,9.4,4.8
2013-11-02 00:00:00+00:00,21.5,0.0,12.3,21.2,15.4,28.2,26.7,1.0,358.0,26.3,15.56,39444.82,34669.2,16.3,0.0,0.0,3.78,0.0,14.0,12.6,63.0,,,,17.9,8.5,358.0,9.4,5.2
2013-11-03 00:00:00+00:00,21.7,0.0,15.3,21.4,16.4,27.6,26.0,3.0,35.0,31.7,15.53,39351.95,35334.11,17.5,0.0,0.0,3.86,0.0,56.0,13.7,65.0,,,,21.7,11.1,35.0,10.8,5.9
2013-11-04 00:00:00+00:00,22.7,0.0,18.9,22.8,17.8,29.1,28.1,3.0,35.0,36.0,14.92,39260.48,33439.07,18.7,0.0,0.0,3.68,0.0,69.0,15.4,68.0,,,,25.0,12.8,35.0,15.5,7.4
2013-11-05 00:00:00+00:00,22.2,0.0,9.4,22.8,17.6,28.3,28.1,3.0,326.0,23.0,14.95,39170.55,33442.87,19.2,0.0,0.0,3.33,0.0,21.0,14.7,68.0,,,,16.3,7.7,326.0,10.1,6.2
2013-11-06 00:00:00+00:00,21.7,0.0,14.5,21.1,15.8,27.9,26.2,2.0,180.0,33.1,16.04,39082.16,35298.8,16.9,0.0,0.0,4.02,0.0,14.0,11.5,59.0,,,,18.6,9.0,180.0,6.5,3.9
2013-11-07 00:00:00+00:00,22.7,0.4,24.5,19.6,19.5,27.9,24.2,51.0,187.0,46.4,13.5,38994.48,34721.3,15.6,2.0,0.4,5.17,0.0,40.0,6.0,35.0,,,,28.8,14.5,187.0,9.7,2.1
2013-11-08 00:00:00+00:00,20.9,0.0,18.4,20.0,15.2,26.9,25.8,3.0,355.0,31.0,14.29,38907.37,33165.07,14.6,0.0,0.0,3.61,0.0,20.0,10.6,54.0,,,,17.6,8.4,355.0,5.8,1.3
2013-11-09 00:00:00+00:00,20.9,0.0,15.8,20.5,16.7,25.6,23.7,2.0,359.0,32.0,12.17,38820.91,34200.81,17.6,0.0,0.0,3.19,0.0,28.0,14.0,68.0,,,,22.1,11.6,359.0,11.9,7.0
2013-11-10 00:00:00+00:00,20.9,0.0,13.8,20.8,16.1,26.3,25.2,3.0,13.0,27.0,12.35,38735.19,33127.0,16.9,0.0,0.0,3.04,0.0,23.0,14.3,70.0,,,,19.9,10.4,13.0,11.9,6.8
2013-11-11 00:00:00+00:00,21.3,0.0,12.7,21.7,16.7,26.8,26.7,3.0,26.0,27.4,13.28,38650.32,32113.79,17.6,0.0,0.0,3.02,0.0,38.0,15.1,71.0,,,,19.7,9.5,26.0,12.6,7.1
2013-11-12 00:00:00+00:00,22.3,0.0,11.3,23.0,17.8,28.5,28.1,3.0,5.0,22.7,13.27,38566.41,30922.45,19.7,0.0,0.0,3.14,0.0,40.0,15.3,70.0,,,,17.1,7.9,5.0,12.6,5.4
2013-11-13 00:00:00+00:00,21.5,0.0,13.7,21.4,16.4,27.6,26.1,3.0,44.0,29.5,13.97,38483.54,33225.58,17.5,0.0,0.0,3.42,0.0,26.0,13.7,67.0,,,,20.4,10.1,44.0,12.2,6.6
2013-11-14 00:00:00+00:00,20.3,0.0,12.6,19.2,14.6,26.4,24.4,0.0,63.0,27.4,15.83,38401.81,34771.02,14.1,0.0,0.0,3.59,0.0,0.0,9.9,56.0,,,,18.6,9.1,63.0,10.1,6.5
2013-11-15 00:00:00+00:00,20.1,0.0,8.2,19.1,12.6,27.3,26.1,0.0,16.0,20.2,15.7,38321.35,34731.99,12.0,0.0,0.0,3.41,0.0,0.0,8.9,55.0,,,,13.5,6.2,16.0,9.7,1.3
2013-11-16 00:00:00+00:00,20.0,0.0,12.3,19.0,13.4,26.0,24.7,3.0,345.0,24.8,14.79,38242.23,33444.68,12.8,0.0,0.0,3.45,0.0,24.0,10.2,56.0,,,,16.4,8.0,345.0,9.4,2.2
2013-11-17 00:00:00+00:00,18.7,0.7,17.3,18.5,14.1,24.0,22.5,53.0,329.0,34.6,11.84,38164.59,33212.62,14.5,1.0,0.7,2.54,0.0,27.0,13.6,75.0,,,,18.7,9.1,329.0,8.6,5.4
2013-11-18 00:00:00+00:00,18.3,0.0,15.1,17.9,13.3,23.1,21.4,1.0,313.0,30.6,12.46,38088.52,34001.14,13.3,0.0,0.0,2.63,0.0,28.0,12.5,72.0,,,,18.2,8.6,313.0,7.9,4.4
2013-11-19 00:00:00+00:00,18.2,0.0,9.5,17.9,13.6,23.8,22.3,3.0,11.0,21.6,13.03,38014.13,31934.84,13.9,0.0,0.0,2.68,0.0,29.0,12.0,71.0,,,,13.7,6.6,11.0,6.1,1.0
2013-11-20 00:00:00+00:00,19.2,0.0,9.8,18.5,12.8,25.6,24.1,1.0,36.0,24.8,14.58,37941.54,34275.96,12.4,0.0,0.0,3.08,0.0,3.0,11.0,64.0,,,,15.0,7.2,36.0,8.3,4.1
2013-11-21 00:00:00+00:00,19.9,0.0,14.3,18.4,13.2,26.8,24.2,3.0,72.0,24.8,14.49,37870.86,34246.83,12.9,0.0,0.0,3.57,0.0,36.0,8.8,55.0,,,,18.3,8.9,72.0,11.5,6.2
2013-11-22 00:00:00+00:00,21.7,0.0,17.7,18.9,14.3,28.8,24.3,3.0,171.0,36.7,13.0,37802.2,33586.83,13.1,0.0,0.0,4.64,0.0,68.0,4.8,38.0,,,,22.8,11.5,171.0,8.6,5.6
2013-11-23 00:00:00+00:00,20.8,0.0,18.4,18.0,16.9,25.4,23.3,3.0,221.0,30.6,11.97,37735.66,31994.71,13.4,0.0,0.0,4.3,0.0,65.0,6.2,40.0,,,,23.2,12.8,221.0,10.4,6.6
2013-11-24 00:00:00+00:00,18.9,0.0,8.0,18.1,13.2,25.3,24.2,3.0,67.0,18.4,10.68,37671.39,28434.82,12.8,0.0,0.0,2.35,0.0,83.0,10.2,62.0,,,,13.0,6.1,67.0,8.3,2.4
2013-11-25 00:00:00+00:00,21.4,0.0,13.2,19.1,12.7,30.4,27.3,3.0,165.0,31.0,12.64,37609.49,26252.89,10.5,0.0,0.0,3.9,0.0,60.0,5.4,41.0,,,,17.2,8.4,165.0,9.0,4.8
2013-11-26 00:00:00+00:00,26.1,0.0,23.2,22.2,20.8,33.6,28.6,3.0,184.0,44.6,14.23,37550.0,34161.41,16.8,0.0,0.0,6.83,0.0,16.0,3.1,23.0,,,,30.0,16.3,184.0,18.4,10.9
2013-11-27 00:00:00+00:00,24.7,0.0,18.4,21.7,20.1,29.8,26.3,3.0,208.0,33.8,11.38,37492.26,32854.7,17.4,0.0,0.0,5.44,0.0,94.0,5.5,32.0,,,,27.0,14.5,208.0,15.8,8.5
2013-11-28 00:00:00+00:00,20.6,0.0,20.7,19.7,16.8,26.2,24.3,3.0,28.0,40.3,12.15,37436.15,33521.43,16.8,0.0,0.0,3.22,0.0,55.0,14.6,72.0,,,,30.7,16.5,28.0,22.0,12.0
2013-11-29 00:00:00+00:00,18.1,0.0,18.2,16.2,14.8,22.7,19.9,3.0,16.0,36.7,11.02,37381.73,31506.49,12.6,0.0,0.0,2.98,0.0,68.0,10.3,63.0,,,,27.6,14.1,16.0,22.0,11.3
2013-11-30 00:00:00+00:00,16.6,0.0,22.9,13.7,11.0,21.8,17.7,3.0,57.0,44.6,10.6,37329.07,22574.34,8.9,0.0,0.0,3.29,0.0,57.0,7.0,57.0,,,,27.6,14.8,57.0,15.8,8.7
2013-12-01 00:00:00+00:00,21.7,0.0,13.3,19.7,15.5,29.8,27.1,3.0,127.0,25.9,10.65,37278.25,28227.26,13.9,0.0,0.0,3.29,0.0,95.0,6.3,40.0,,,,15.8,7.7,127.0,6.5,2.6
2013-12-02 00:00:00+00:00,24.8,0.0,15.2,23.4,20.0,32.0,30.7,3.0,179.0,30.6,11.16,37229.34,30999.49,18.2,0.0,0.0,4.19,0.0,60.0,10.4,41.0,,,,19.1,10.6,179.0,10.8,6.0
2013-12-03 00:00:00+00:00,23.5,0.0,16.7,22.5,19.7,27.8,27.5,3.0,235.0,33.1,11.61,37182.4,33545.31,19.0,0.0,0.0,3.98,0.0,51.0,12.9,52.0,,,,26.0,13.3,235.0,16.6,10.0
2013-12-04 00:00:00+00:00,19.8,0.0,18.2,18.9,16.5,24.3,21.6,3.0,307.0,33.8,12.81,37137.51,34029.84,15.6,0.0,0.0,3.12,0.0,33.0,11.8,63.0,,,,22.4,11.0,307.0,12.2,6.8
2013-12-05 00:00:00+00:00,16.5,0.0,20.8,14.7,12.0,21.0,17.3,2.0,274.0,40.0,12.61,37094.75,32969.01,11.1,0.0,0.0,2.76,0.0,14.0,9.4,65.0,,,,21.3,11.6,274.0,10.1,5.7
2013-12-06 00:00:00+00:00,15.7,0.0,12.2,13.7,9.7,21.7,18.6,3.0,240.0,27.0,13.76,37054.18,33938.66,8.3,0.0,0.0,2.83,0.0,22.0,6.5,59.0,,,,15.3,8.2,240.0,8.6,5.9
2013-12-07 00:00:00+00:00,16.3,0.0,12.2,13.9,10.3,21.9,18.4,3.0,247.0,26.6,11.9,37015.87,29862.05,8.4,0.0,0.0,2.84,0.0,84.0,4.0,46.0,,,,13.1,7.1,247.0,3.2,1.8
2013-12-08 00:00:00+00:00,16.5,0.0,15.9,14.4,10.6,22.3,19.9,3.0,318.0,32.4,12.62,36979.91,32224.17,8.3,0.0,0.0,3.01,0.0,47.0,7.7,57.0,,,,21.1,10.7,318.0,9.7,4.5
2013-12-09 00:00:00+00:00,14.9,0.0,18.0,12.1,10.1,19.7,15.7,1.0,347.0,37.1,13.25,36946.34,33820.49,8.5,0.0,0.0,3.1,0.0,11.0,5.6,57.0,,,,25.0,12.4,347.0,13.0,6.6
2013-12-10 00:00:00+00:00,14.1,0.0,15.7,11.5,8.8,18.9,15.0,3.0,321.0,30.6,10.69,36915.27,32742.11,6.7,0.0,0.0,2.52,0.0,34.0,4.7,56.0,,,,18.5,9.6,321.0,11.2,5.5
2013-12-11 00:00:00+00:00,13.7,0.0,33.4,9.2,9.5,16.7,11.8,3.0,280.0,61.9,8.62,36886.74,26966.24,5.0,0.0,0.0,3.13,0.0,73.0,4.4,54.0,,,,41.7,22.2,280.0,11.9,7.4
2013-12-12 00:00:00+00:00,9.9,0.7,24.9,5.3,7.8,12.9,7.1,51.0,287.0,51.8,9.33,36860.84,31358.72,4.1,4.0,0.7,2.51,0.0,52.0,1.3,56.0,,,,34.6,18.1,287.0,20.2,12.0
2013-12-13 00:00:00+00:00,9.0,0.5,27.9,4.8,6.7,12.2,7.4,53.0,266.0,52.9,11.11,36837.63,32248.39,2.8,1.0,0.5,2.02,0.0,56.0,3.3,69.0,,,,37.4,17.7,266.0,23.4,11.8
2013-12-14 00:00:00+00:00,10.4,0.8,22.3,7.8,7.5,13.3,10.7,51.0,262.0,39.6,6.47,36817.18,21427.66,5.1,5.0,0.8,1.26,0.0,56.0,6.5,77.0,,,,22.9,12.3,262.0,11.2,6.6
2013-12-15 00:00:00+00:00,11.0,0.0,15.4,8.2,6.0,16.3,12.4,2.0,39.0,31.0,12.91,36799.56,33659.27,3.6,0.0,0.0,2.33,0.0,25.0,3.8,63.0,,,,18.2,9.4,39.0,8.3,4.8
2013-12-16 00:00:00+00:00,10.6,0.0,15.3,7.5,3.3,16.7,13.0,1.0,53.0,36.0,13.44,36784.81,33643.21,0.2,0.0,0.0,2.43,0.0,11.0,3.1,62.0,,,,20.6,10.7,53.0,10.8,7.5
2013-12-17 00:00:00+00:00,12.6,0.0,9.6,10.4,8.2,17.9,14.9,3.0,344.0,21.6,11.82,36772.75,33496.25,6.4,0.0,0.0,2.22,0.0,33.0,4.1,60.0,,,,12.7,5.7,344.0,6.5,1.4
2013-12-18 00:00:00+00:00,12.9,0.0,9.1,10.9,5.8,18.6,16.2,1.0,285.0,17.3,13.5,36763.31,33620.3,3.9,0.0,0.0,2.35,0.0,5.0,4.3,59.0,,,,10.6,4.9,285.0,3.6,1.3
2013-12-19 00:00:00+00:00,13.3,0.0,9.7,11.3,5.5,19.6,17.4,0.0,244.0,20.9,13.37,36756.49,33613.13,3.2,0.0,0.0,2.38,0.0,2.0,5.5,62.0,,,,12.2,6.3,244.0,2.9,1.1
2013-12-20 00:00:00+00:00,13.9,0.0,13.0,12.4,7.8,20.1,17.5,3.0,9.0,22.7,12.52,36752.27,30926.46,6.8,0.0,0.0,2.44,0.0,21.0,7.7,71.0,,,,15.4,6.6,9.0,9.0,0.5
2013-12-21 00:00:00+00:00,14.4,0.0,20.8,11.7,8.5,21.1,17.0,0.0,33.0,40.7,13.11,36750.63,33607.32,6.6,0.0,0.0,2.94,0.0,2.0,7.4,66.0,,,,26.3,13.7,33.0,13.7,7.5
2013-12-22 00:00:00+00:00,14.8,0.0,22.9,11.8,10.7,20.6,16.1,1.0,39.0,45.0,13.36,36751.57,33608.65,8.6,0.0,0.0,3.08,0.0,7.0,7.3,65.0,,,,30.9,16.6,39.0,22.3,12.6
2013-12-23 00:00:00+00:00,14.5,0.0,23.4,11.0,9.4,21.2,15.8,1.0,49.0,46.4,13.91,36755.08,33612.77,7.0,0.0,0.0,3.39,0.0,4.0,5.0,59.0,,,,29.8,16.1,49.0,16.9,10.1
2013-12-24 00:00:00+00:00,14.2,0.0,12.4,10.7,6.8,22.5,19.3,2.0,75.0,22.7,14.25,36761.12,33619.68,3.3,0.0,0.0,2.99,0.0,10.0,-3.2,35.0,,,,14.6,7.2,75.0,7.2,1.5
2013-12-25 00:00:00+00:00,15.1,0.0,13.1,11.6,8.1,23.6,19.2,3.0,178.0,30.6,13.75,36769.7,33629.36,5.0,0.0,0.0,3.49,0.0,27.0,-1.1,38.0,,,,17.6,8.9,178.0,10.8,4.9
2013-12-26 00:00:00+00:00,14.8,0.0,9.5,12.0,8.5,21.3,18.6,3.0,259.0,21.6,13.85,36780.79,33641.78,5.4,0.0,0.0,2.93,0.0,24.0,1.4,41.0,,,,13.1,6.6,259.0,7.2,3.5
2013-12-27 00:00:00+00:00,14.9,0.0,8.8,12.7,9.1,22.7,19.8,1.0,106.0,18.0,14.0,36794.38,33656.93,7.3,0.0,0.0,2.62,0.0,4.0,3.3,52.0,,,,11.9,5.7,106.0,8.6,2.3
2013-12-28 00:00:00+00:00,13.6,0.0,22.1,9.9,8.7,20.2,15.5,0.0,206.0,46.1,13.69,36810.44,33674.77,4.8,0.0,0.0,3.38,0.0,1.0,1.9,47.0,,,,26.4,13.6,206.0,11.2,6.6
2013-12-29 00:00:00+00:00,12.8,0.0,17.0,9.2,7.8,18.3,14.1,1.0,210.0,34.9,13.49,36828.96,33695.28,4.0,0.0,0.0,3.08,0.0,10.0,0.1,42.0,,,,21.2,10.6,210.0,11.2,6.4
2013-12-30 00:00:00+00:00,13.9,0.0,22.3,11.3,10.4,17.9,14.6,3.0,254.0,37.1,5.77,36849.9,12329.04,8.3,0.0,0.0,1.89,0.0,57.0,7.1,65.0,,,,22.6,12.7,254.0,9.7,6.4
2013-12-31 00:00:00+00:00,13.8,0.1,15.8,12.2,7.8,19.1,16.3,51.0,290.0,31.3,9.85,36873.26,30083.74,6.2,1.0,0.1,1.96,0.0,46.0,8.8,74.0,,,,16.4,9.0,290.0,7.9,4.8
2014-01-01 00:00:00+00:00,14.6,0.0,10.5,13.5,10.4,19.4,17.3,3.0,326.0,22.7,9.85,36899.01,29712.47,10.0,0.0,0.0,1.91,0.0,66.0,8.8,70.0,,,,11.5,5.7,326.0,2.5,0.7
2014-01-02 00:00:00+00:00,15.3,0.0,10.0,13.7,10.6,20.4,18.2,3.0,346.0,22.3,13.32,36927.12,33803.58,9.4,0.0,0.0,2.5,0.0,26.0,7.4,62.0,,,,13.1,6.1,346.0,4.7,1.8
2014-01-03 00:00:00+00:00,14.6,0.0,11.7,12.6,8.6,20.6,17.8,3.0,1.0,26.3,13.24,36957.59,33837.07,7.0,0.0,0.0,2.68,0.0,37.0,6.0,59.0,,,,15.7,7.2,1.0,6.1,2.5
2014-01-04 00:00:00+00:00,14.1,1.1,12.2,12.8,10.5,18.9,16.9,53.0,348.0,24.8,9.82,36990.36,30666.33,9.4,4.0,1.1,1.79,0.0,63.0,9.4,75.0,,,,15.6,7.7,348.0,6.5,3.9
2014-01-05 00:00:00+00:00,14.1,0.0,13.3,12.2,9.1,19.5,16.6,1.0,337.0,29.2,11.46,37025.46,33911.78,7.8,0.0,0.0,2.27,0.0,21.0,8.3,72.0,,,,18.5,9.5,337.0,9.7,5.9
2014-01-06 00:00:00+00:00,13.2,0.0,16.2,11.2,7.5,19.4,16.2,3.0,51.0,33.5,13.1,37063.3,33953.67,6.0,0.0,0.0,2.42,0.0,31.0,7.9,74.0,,,,20.1,10.3,51.0,11.5,5.9
2014-01-07 00:00:00+00:00,14.3,0.0,12.2,11.9,9.3,21.0,18.7,3.0,70.0,22.7,14.15,37103.91,32598.87,7.0,0.0,0.0,2.66,0.0,42.0,5.1,59.0,,,,17.2,9.0,70.0,8.6,2.5
2014-01-08 00:00:00+00:00,13.9,0.0,13.5,11.1,6.9,20.8,17.1,1.0,190.0,32.4,12.59,37147.18,34046.34,4.7,0.0,0.0,2.78,0.0,8.0,3.7,55.0,,,,18.6,8.7,190.0,9.0,6.1
2014-01-09 00:00:00+00:00,12.2,1.9,8.5,10.2,7.7,17.4,15.2,53.0,209.0,23.4,11.47,37193.03,34096.89,5.4,5.0,1.9,1.99,0.0,52.0,5.6,66.0,,,,14.3,6.7,209.0,6.8,5.1
2014-01-10 00:00:00+00:00,12.5,0.0,11.8,10.6,6.5,18.6,15.9,3.0,278.0,26.3,11.39,37241.36,33249.63,4.4,0.0,0.0,2.1,0.0,27.0,7.1,72.0,,,,16.1,8.2,278.0,5.8,1.5
2014-01-11 00:00:00+00:00,14.1,0.0,8.9,12.4,9.3,19.5,17.3,1.0,323.0,21.2,13.59,37292.06,34205.89,7.8,0.0,0.0,2.42,0.0,14.0,7.3,67.0,,,,14.1,7.0,323.0,7.9,3.1
2014-01-12 00:00:00+00:00,14.5,0.0,9.7,13.0,7.8,20.0,18.2,3.0,340.0,17.6,12.4,37345.05,34264.12,6.3,0.0,0.0,2.27,0.0,36.0,7.1,64.0,,,,11.8,5.4,340.0,5.0,2.5
2014-01-13 00:00:00+00:00,15.0,0.0,10.8,13.4,8.4,20.6,18.6,3.0,62.0,25.2,12.42,37400.24,32944.26,6.8,0.0,0.0,2.4,0.0,74.0,8.1,67.0,,,,13.8,7.5,62.0,7.6,5.8
2014-01-14 00:00:00+00:00,15.9,0.0,9.2,14.5,9.9,22.1,20.6,3.0,26.0,19.8,14.6,37457.52,34387.47,8.6,0.0,0.0,2.69,0.0,32.0,8.0,64.0,,,,14.3,6.5,26.0,9.4,1.3
2014-01-15 00:00:00+00:00,14.7,0.0,15.0,13.0,9.6,20.9,18.1,3.0,64.0,28.8,14.0,37516.82,34452.39,8.2,0.0,0.0,2.66,0.0,16.0,8.9,72.0,,,,19.5,10.2,64.0,12.2,7.0
2014-01-16 00:00:00+00:00,15.0,0.0,13.6,12.5,6.8,23.3,19.5,0.0,177.0,30.6,15.3,37578.02,34519.32,4.8,0.0,0.0,3.32,0.0,4.0,3.7,55.0,,,,16.9,8.6,177.0,7.9,4.5
2014-01-17 00:00:00+00:00,14.8,0.0,15.9,12.7,7.4,22.0,19.3,2.0,13.0,31.7,14.53,37641.05,34588.15,5.0,0.0,0.0,2.96,0.0,11.0,6.4,59.0,,,,17.9,9.3,13.0,2.9,1.8
2014-01-18 00:00:00+00:00,15.3,0.0,17.4,13.6,11.2,21.1,17.9,3.0,34.0,35.6,12.71,37705.8,30717.37,10.5,0.0,0.0,2.69,0.0,35.0,9.4,72.0,,,,21.7,11.2,34.0,11.2,6.5
2014-01-19 00:00:00+00:00,15.6,0.0,14.0,13.3,10.1,22.9,20.1,3.0,57.0,27.0,15.52,37772.2,34731.13,8.3,0.0,0.0,3.17,0.0,53.0,6.5,61.0,,,,20.5,11.0,57.0,11.9,6.9
2014-01-20 00:00:00+00:00,15.6,0.0,8.9,13.4,7.3,23.7,20.9,3.0,33.0,19.4,14.42,37840.14,34805.07,5.3,0.0,0.0,2.96,0.0,60.0,3.4,50.0,,,,12.2,5.8,33.0,7.2,1.9
2014-01-21 00:00:00+00:00,15.4,0.0,7.3,12.9,7.7,23.4,20.7,3.0,187.0,14.8,13.44,37909.55,32413.52,5.4,0.0,0.0,2.71,0.0,97.0,1.5,44.0,,,,10.0,4.5,187.0,4.7,1.5
2014-01-22 00:00:00+00:00,16.7,0.0,8.3,13.8,8.6,24.1,20.7,3.0,251.0,21.2,14.0,37980.33,31067.73,5.8,0.0,0.0,3.32,0.0,95.0,0.3,37.0,,,,12.2,6.4,251.0,4.0,2.5
2014-01-23 00:00:00+00:00,14.8,0.0,14.2,13.0,8.7,21.5,19.0,3.0,18.0,31.0,14.64,38052.39,35035.46,7.4,0.0,0.0,2.84,0.0,37.0,8.0,67.0,,,,19.2,9.6,18.0,10.8,5.9
2014-01-24 00:00:00+00:00,15.0,0.0,16.0,12.8,7.9,22.1,18.8,3.0,60.0,34.2,15.64,38125.66,35114.79,6.0,0.0,0.0,3.17,0.0,18.0,6.7,62.0,,,,19.7,10.1,60.0,10.1,6.5
2014-01-25 00:00:00+00:00,16.8,0.0,13.2,14.5,7.6,26.3,23.8,0.0,81.0,23.8,15.72,38200.13,35164.79,5.5,0.0,0.0,3.47,0.0,2.0,4.1,50.0,,,,15.9,7.5,81.0,9.4,4.7
2014-01-26 00:00:00+00:00,18.7,0.0,31.4,14.6,14.0,25.8,18.6,3.0,208.0,60.8,13.46,38276.57,33416.05,9.8,0.0,0.0,5.04,0.0,35.0,0.8,34.0,,,,32.3,15.6,208.0,11.2,6.9
2014-01-27 00:00:00+00:00,14.8,0.0,26.6,10.7,9.9,19.3,14.3,3.0,216.0,49.7,13.65,38355.1,32850.49,7.0,0.0,0.0,4.0,0.0,37.0,2.3,44.0,,,,30.0,16.3,216.0,11.5,6.9
2014-01-28 00:00:00+00:00,14.6,0.0,25.2,10.8,9.6,19.5,15.3,1.0,227.0,48.2,16.21,38435.59,35255.57,6.5,0.0,0.0,3.92,0.0,2.0,2.5,46.0,,,,31.1,15.2,227.0,15.8,7.7
2014-01-29 00:00:00+00:00,15.3,0.0,17.2,11.9,9.5,22.0,18.5,0.0,192.0,36.4,16.48,38517.93,35289.39,5.9,0.0,0.0,3.89,0.0,0.0,1.0,40.0,,,,22.5,10.8,192.0,11.5,6.0
2014-01-30 00:00:00+00:00,15.9,0.0,16.0,13.3,8.8,23.3,20.8,1.0,59.0,28.8,16.62,38601.99,35324.85,6.4,0.0,0.0,3.6,0.0,3.0,2.7,45.0,,,,14.5,7.5,59.0,4.0,0.8
2014-01-31 00:00:00+00:00,15.5,0.0,20.9,12.5,10.2,21.5,17.3,3.0,46.0,42.1,15.41,38687.66,31761.91,8.1,0.0,0.0,3.57,0.0,66.0,7.2,62.0,,,,30.1,16.2,46.0,19.8,12.0
2014-02-01 00:00:00+00:00,16.1,0.0,21.4,13.3,11.1,22.6,19.0,3.0,46.0,40.7,14.83,38774.83,32486.61,9.2,0.0,0.0,3.56,0.0,94.0,8.7,66.0,,,,32.4,17.5,46.0,23.8,12.0
2014-02-02 00:00:00+00:00,18.5,0.0,18.2,16.1,13.9,25.8,23.2,3.0,68.0,33.5,13.23,38863.38,33065.58,12.2,0.0,0.0,3.63,0.0,61.0,7.4,53.0,,,,28.9,12.4,68.0,23.4,6.4
2014-02-03 00:00:00+00:00,16.1,0.0,18.7,14.0,12.8,19.6,17.7,3.0,276.0,34.2,7.89,38953.21,28272.35,10.5,0.0,0.0,2.27,0.0,63.0,9.5,66.0,,,,28.6,13.5,276.0,14.4,7.5
2014-02-04 00:00:00+00:00,15.0,0.0,17.5,13.3,9.5,19.7,16.6,3.0,288.0,36.4,11.1,39044.2,32397.44,8.1,0.0,0.0,2.47,0.0,35.0,9.0,70.0,,,,20.0,10.2,288.0,8.6,5.8
2014-02-05 00:00:00+00:00,14.2,0.0,14.0,11.9,9.7,19.5,16.9,2.0,50.0,29.9,16.17,39136.25,35599.08,8.4,0.0,0.0,3.28,0.0,22.0,5.7,61.0,,,,19.6,9.9,50.0,9.0,5.1
2014-02-06 00:00:00+00:00,14.0,0.0,18.2,11.4,9.0,18.7,15.2,3.0,292.0,34.6,12.18,39229.25,30528.16,6.5,0.0,0.0,2.69,0.0,44.0,5.0,55.0,,,,19.2,9.6,292.0,9.4,4.7
2014-02-07 00:00:00+00:00,14.2,0.0,15.5,11.7,7.4,20.4,18.3,3.0,45.0,27.4,13.44,39323.1,35372.63,5.3,0.0,0.0,3.0,0.0,35.0,4.6,56.0,,,,16.2,8.3,45.0,7.6,2.2
2014-02-08 00:00:00+00:00,14.1,0.0,17.1,11.1,7.8,20.3,17.0,0.0,41.0,36.4,17.67,39417.69,35930.95,5.7,0.0,0.0,3.67,0.0,1.0,4.4,56.0,,,,24.1,12.1,41.0,14.0,7.9
2014-02-09 00:00:00+00:00,14.1,0.0,13.0,11.2,6.1,21.7,18.7,0.0,44.0,29.5,18.16,39512.93,36055.75,3.6,0.0,0.0,3.72,0.0,0.0,3.3,53.0,,,,20.2,10.4,44.0,11.5,7.4
2014-02-10 00:00:00+00:00,14.4,0.0,15.1,12.0,6.7,22.0,18.9,0.0,36.0,30.6,18.19,39608.72,36111.07,4.5,0.0,0.0,3.67,0.0,0.0,5.1,59.0,,,,19.8,9.9,36.0,11.9,6.4
2014-02-11 00:00:00+00:00,15.3,0.0,20.6,12.1,8.1,22.9,18.9,0.0,54.0,41.0,18.5,39704.96,36245.07,5.7,0.0,0.0,4.27,0.0,0.0,4.6,55.0,,,,26.1,13.9,54.0,14.0,8.4
2014-02-12 00:00:00+00:00,16.7,0.0,17.0,14.3,9.7,25.5,24.3,0.0,60.0,30.2,18.64,39801.55,36384.75,6.8,0.0,0.0,3.68,0.0,0.0,5.4,55.0,,,,21.1,10.1,60.0,8.6,1.3
2014-02-13 00:00:00+00:00,15.6,0.0,12.8,13.1,8.0,23.4,21.1,0.0,228.0,30.6,18.48,39898.4,36445.04,5.1,0.0,0.0,3.91,0.0,0.0,4.3,49.0,,,,18.1,9.3,228.0,9.4,6.6
2014-02-14 00:00:00+00:00,14.7,0.0,21.8,11.8,8.7,20.2,16.1,3.0,262.0,45.4,16.71,39995.51,36058.03,6.5,0.0,0.0,3.81,0.0,27.0,4.4,56.0,,,,25.3,12.4,262.0,8.3,5.7
2014-02-15 00:00:00+00:00,13.8,3.7,29.7,9.7,11.4,17.2,11.9,53.0,234.0,64.1,9.72,40093.74,31115.05,7.4,10.0,3.7,2.8,0.0,70.0,5.8,60.0,,,,38.8,20.9,234.0,20.2,11.5
2014-02-16 00:00:00+00:00,15.0,0.3,21.3,12.3,10.5,20.0,16.5,51.0,322.0,42.1,13.38,40193.24,35343.8,8.5,2.0,0.3,3.05,0.0,41.0,7.9,66.0,,,,29.7,14.9,322.0,17.3,9.4
2014-02-17 00:00:00+00:00,14.7,0.0,10.3,13.2,9.5,20.3,18.2,1.0,14.0,21.2,16.71,40293.91,36511.4,8.5,0.0,0.0,3.03,0.0,12.0,7.6,66.0,,,,14.0,6.7,14.0,5.0,0.7
2014-02-18 00:00:00+00:00,14.9,0.0,17.8,12.6,8.6,21.6,18.3,0.0,46.0,34.9,19.16,40395.65,36904.09,7.0,0.0,0.0,3.79,0.0,0.0,6.9,64.0,,,,22.8,11.8,46.0,12.6,6.9
2014-02-19 00:00:00+00:00,15.5,0.0,19.5,12.9,9.0,23.5,20.4,0.0,48.0,39.2,19.46,40498.36,36915.84,6.5,0.0,0.0,3.96,0.0,0.0,7.9,66.0,,,,28.8,15.4,48.0,20.2,12.0
2014-02-20 00:00:00+00:00,17.1,0.0,14.3,15.5,9.5,26.1,25.5,0.0,48.0,25.9,19.38,40601.94,37028.14,7.7,0.0,0.0,3.76,0.0,2.0,8.0,63.0,,,,18.8,9.0,48.0,11.9,1.8
2014-02-21 00:00:00+00:00,20.4,0.0,17.7,17.9,11.2,29.7,26.4,3.0,164.0,37.8,19.18,40706.3,37143.57,9.2,0.0,0.0,5.05,0.0,21.0,5.3,43.0,,,,20.6,10.4,164.0,10.8,6.6
2014-02-22 00:00:00+00:00,19.3,0.0,21.0,16.7,14.8,25.3,22.5,0.0,258.0,43.9,19.72,40811.35,37156.18,11.8,0.0,0.0,5.04,0.0,1.0,5.9,43.0,,,,25.1,13.0,258.0,11.5,6.9
2014-02-23 00:00:00+00:00,17.1,0.0,14.2,15.9,12.4,22.8,21.0,3.0,310.0,26.6,15.63,40917.0,33460.01,11.6,0.0,0.0,3.17,0.0,31.0,10.0,67.0,,,,16.8,8.8,310.0,9.7,5.9
2014-02-24 00:00:00+00:00,16.7,0.0,18.2,15.1,11.9,22.6,19.9,3.0,326.0,34.6,17.8,41023.16,36984.68,11.5,0.0,0.0,3.7,0.0,25.0,9.4,66.0,,,,21.8,10.7,326.0,10.4,5.1
2014-02-25 00:00:00+00:00,15.5,0.0,18.5,13.2,10.1,21.0,17.5,1.0,301.0,39.2,18.98,41129.73,37546.91,8.5,0.0,0.0,3.82,0.0,10.0,6.7,61.0,,,,22.5,11.4,301.0,10.1,5.9
2014-02-26 00:00:00+00:00,15.7,0.0,16.6,13.5,10.6,21.7,19.5,0.0,10.0,30.2,20.18,41236.62,37667.93,9.2,0.0,0.0,3.97,0.0,2.0,5.4,55.0,,,,18.3,8.8,10.0,9.0,2.7
2014-02-27 00:00:00+00:00,15.1,0.0,18.4,12.4,9.5,21.4,18.4,1.0,6.0,36.0,19.98,41343.77,37804.57,8.0,0.0,0.0,4.18,0.0,2.0,5.5,57.0,,,,25.8,12.6,6.0,8.3,4.4
2014-02-28 00:00:00+00:00,14.5,0.0,17.7,11.6,6.6,21.9,18.3,3.0,42.0,37.4,20.94,41451.06,37917.77,4.4,0.0,0.0,4.36,0.0,16.0,4.2,56.0,,,,24.8,12.8,42.0,11.2,7.2
2014-03-01 00:00:00+00:00,18.7,0.0,17.0,15.6,11.0,29.3,24.8,3.0,104.0,35.3,18.44,41558.43,34569.64,8.0,0.0,0.0,4.77,0.0,58.0,2.6,44.0,,,,24.9,11.5,104.0,14.4,4.6
2014-03-02 00:00:00+00:00,21.2,0.0,23.0,16.7,17.4,25.7,21.8,2.0,211.0,45.0,19.56,41665.78,37329.26,12.5,0.0,0.0,6.68,0.0,19.0,-0.7,24.0,,,,33.4,16.7,211.0,8.6,3.7
2014-03-03 00:00:00+00:00,18.2,0.0,18.9,15.7,10.0,26.4,23.8,3.0,208.0,47.2,19.76,41773.04,35204.17,7.8,0.0,0.0,4.76,0.0,14.0,4.1,44.0,,,,22.0,9.6,208.0,7.6,4.6
2014-03-04 00:00:00+00:00,19.3,0.0,15.8,16.3,12.3,25.3,22.3,0.0,222.0,34.2,21.38,41880.11,38342.26,10.5,0.0,0.0,5.26,0.0,0.0,1.2,32.0,,,,21.6,9.9,222.0,8.6,2.9
2014-03-05 00:00:00+00:00,20.8,0.0,22.5,17.4,11.2,30.2,26.2,0.0,180.0,46.8,21.05,41986.92,38480.05,8.3,0.0,0.0,6.21,0.0,0.0,1.8,32.0,,,,25.0,12.4,180.0,10.1,6.4
2014-03-06 00:00:00+00:00,20.1,0.0,21.0,18.0,11.3,27.9,26.4,0.0,12.0,37.4,21.06,42093.47,38527.91,9.8,0.0,0.0,5.15,0.0,2.0,6.2,44.0,,,,19.2,9.9,12.0,7.9,5.3
2014-03-07 00:00:00+00:00,22.5,0.1,19.9,19.7,14.3,33.3,31.6,51.0,71.0,38.5,18.25,42200.57,38028.28,11.3,1.0,0.1,5.12,0.0,13.0,5.4,38.0,,,,30.8,12.1,71.0,19.8,0.7
2014-03-08 00:00:00+00:00,20.9,0.0,21.3,18.4,14.7,26.1,24.7,1.0,340.0,36.4,21.18,42308.36,38819.86,13.1,0.0,0.0,5.94,0.0,7.0,7.4,46.0,,,,30.6,15.9,340.0,19.4,9.3
2014-03-09 00:00:00+00:00,17.2,0.1,18.4,15.3,11.8,23.3,22.2,51.0,1.0,34.2,20.72,42416.77,38452.17,10.3,1.0,0.1,4.19,0.0,43.0,8.3,61.0,,,,26.2,12.2,1.0,17.6,7.3
2014-03-10 00:00:00+00:00,16.3,0.0,18.0,14.0,9.6,22.1,19.2,1.0,259.0,38.5,21.52,42525.73,39235.58,8.5,0.0,0.0,4.36,0.0,5.0,5.1,54.0,,,,21.5,10.3,259.0,6.8,4.4
2014-03-11 00:00:00+00:00,16.5,0.0,25.2,13.1,10.1,22.5,17.2,3.0,258.0,49.3,17.49,42635.16,39288.79,8.1,0.0,0.0,4.52,0.0,32.0,3.5,47.0,,,,27.2,14.0,258.0,9.4,5.1
2014-03-12 00:00:00+00:00,14.4,0.0,19.7,11.7,9.0,19.6,16.1,3.0,299.0,38.9,16.14,42744.98,39224.62,7.3,0.0,0.0,3.46,0.0,30.0,6.0,60.0,,,,24.6,12.6,299.0,5.8,4.8
2014-03-13 00:00:00+00:00,14.2,0.6,27.6,10.5,10.4,18.1,13.0,51.0,283.0,51.1,11.54,42855.12,32886.49,7.8,5.0,0.6,3.16,0.0,55.0,6.5,62.0,,,,36.9,19.5,283.0,21.2,11.8
2014-03-14 00:00:00+00:00,15.1,0.0,21.6,11.1,11.5,20.0,15.1,3.0,318.0,43.2,16.89,42965.51,36420.35,8.4,0.0,0.0,4.35,0.0,34.0,2.8,46.0,,,,31.1,16.2,318.0,23.0,10.8
2014-03-15 00:00:00+00:00,14.9,0.0,9.9,12.3,6.7,21.7,20.7,0.0,13.0,19.1,23.31,43076.07,40297.07,4.3,0.0,0.0,4.3,0.0,0.0,0.0,41.0,,,,13.3,6.0,13.0,8.6,0.8
2014-03-16 00:00:00+00:00,19.5,0.0,25.4,14.4,9.6,28.3,21.6,3.0,179.0,48.2,20.27,43186.73,40386.91,6.0,0.0,0.0,7.1,0.0,48.0,-4.7,23.0,,,,31.6,17.0,179.0,5.0,2.1
2014-03-17 00:00:00+00:00,22.4,0.0,23.2,18.0,17.6,27.4,24.5,3.0,230.0,41.8,19.55,43297.41,34553.73,12.9,0.0,0.0,7.34,0.0,65.0,-0.1,24.0,,,,34.6,17.7,230.0,19.4,9.5
2014-03-18 00:00:00+00:00,17.7,0.2,14.1,16.6,12.2,22.9,20.9,51.0,334.0,31.0,15.39,43408.05,26190.7,11.6,1.0,0.2,3.24,0.0,81.0,9.8,63.0,,,,18.7,8.2,334.0,8.6,3.2
2014-03-19 00:00:00+00:00,18.1,0.0,18.1,16.4,12.7,24.8,22.3,3.0,16.0,34.6,19.68,43518.56,37313.27,12.1,0.0,0.0,4.41,0.0,32.0,9.7,64.0,,,,25.9,13.3,16.0,13.0,7.9
2014-03-20 00:00:00+00:00,18.1,0.0,19.6,16.0,11.9,25.6,23.0,3.0,27.0,39.2,22.68,43628.89,40213.09,10.5,0.0,0.0,5.01,0.0,22.0,8.8,61.0,,,,28.7,15.4,27.0,16.9,11.3
2014-03-21 00:00:00+00:00,17.8,0.0,18.0,15.6,10.5,25.7,22.8,3.0,28.0,34.2,23.1,43738.94,40392.03,9.3,0.0,0.0,5.11,0.0,10.0,7.4,58.0,,,,25.3,13.3,28.0,14.4,8.9
2014-03-22 00:00:00+00:00,17.9,0.0,18.5,15.6,10.6,26.1,23.0,3.0,40.0,38.2,24.11,43848.65,41074.26,9.1,0.0,0.0,5.25,0.0,10.0,7.7,59.0,,,,28.5,14.7,40.0,16.6,10.1
2014-03-23 00:00:00+00:00,17.4,0.0,14.8,15.5,11.7,24.1,21.4,3.0,25.0,30.2,16.43,43957.95,26503.13,10.5,0.0,0.0,3.79,0.0,62.0,9.2,64.0,,,,23.6,12.4,25.0,16.2,8.8
2014-03-24 00:00:00+00:00,17.8,0.0,15.5,16.3,9.9,25.8,24.3,3.0,6.0,28.8,22.76,44066.76,40943.84,8.7,0.0,0.0,4.8,0.0,19.0,8.7,62.0,,,,21.7,10.9,6.0,11.2,7.9
2014-03-25 00:00:00+00:00,18.4,0.0,16.8,16.5,10.6,26.0,23.3,0.0,349.0,36.4,24.54,44175.0,41400.27,9.6,0.0,0.0,5.3,0.0,0.0,6.3,53.0,,,,21.3,9.9,349.0,8.3,4.0
2014-03-26 00:00:00+00:00,20.2,0.0,14.8,18.3,11.3,28.7,27.0,0.0,44.0,29.9,24.69,44282.69,41507.45,10.2,0.0,0.0,5.75,0.0,0.0,5.2,44.0,,,,18.7,8.5,44.0,7.9,2.9
2014-03-27 00:00:00+00:00,21.4,0.0,22.2,18.1,14.1,29.5,26.1,0.0,52.0,43.2,24.7,44390.55,41614.48,11.5,0.0,0.0,7.06,0.0,0.0,3.8,36.0,,,,29.7,15.3,52.0,18.4,10.5
2014-03-28 00:00:00+00:00,20.7,0.0,16.3,18.2,11.5,30.3,27.7,0.0,45.0,35.3,25.22,44498.73,41721.69,10.0,0.0,0.0,6.19,0.0,0.0,5.2,46.0,,,,25.4,12.9,45.0,17.6,9.6
2014-03-29 00:00:00+00:00,21.5,0.0,21.4,19.0,12.4,31.8,28.7,1.0,306.0,40.3,24.61,44607.19,41829.0,10.9,0.0,0.0,6.72,0.0,13.0,6.2,44.0,,,,25.8,13.5,306.0,9.7,5.2
2014-03-30 00:00:00+00:00,18.5,0.0,16.8,16.5,11.6,25.2,23.5,1.0,355.0,33.5,24.88,44715.82,41936.36,10.6,0.0,0.0,5.37,0.0,6.0,8.1,56.0,,,,26.0,12.9,355.0,14.0,7.6
2014-03-31 00:00:00+00:00,18.4,0.0,22.4,15.0,11.6,26.2,22.4,1.0,55.0,39.6,25.14,44824.59,42043.69,9.3,0.0,0.0,6.23,0.0,2.0,3.4,47.0,,,,31.3,17.0,55.0,21.2,10.7
2014-04-01 00:00:00+00:00,17.7,0.0,21.0,14.7,11.0,25.6,23.4,0.0,20.0,39.2,24.85,44933.4,42150.9,8.6,0.0,0.0,5.89,0.0,0.0,6.0,51.0,,,,34.3,16.9,20.0,24.8,13.3
2014-04-02 00:00:00+00:00,18.0,0.0,16.4,16.1,13.2,24.3,22.4,3.0,345.0,29.9,22.68,45042.2,38521.68,12.2,0.0,0.0,4.97,0.0,39.0,7.7,55.0,,,,23.7,11.4,345.0,13.7,6.6
2014-04-03 00:00:00+00:00,18.0,0.0,14.4,16.6,11.1,24.9,24.3,0.0,350.0,26.3,25.36,45150.91,42364.79,10.1,0.0,0.0,5.12,0.0,1.0,7.7,56.0,,,,18.7,8.5,350.0,8.3,5.2
2014-04-04 00:00:00+00:00,19.0,0.0,12.2,17.5,12.0,26.5,25.1,1.0,31.0,23.4,25.63,45259.46,42471.31,11.3,0.0,0.0,5.37,0.0,4.0,6.0,51.0,,,,17.8,8.0,31.0,8.3,5.1
2014-04-05 00:00:00+00:00,21.2,0.0,13.6,19.4,12.5,29.9,29.4,1.0,54.0,30.6,26.26,45367.79,42577.46,10.9,0.0,0.0,5.81,0.0,3.0,5.8,43.0,,,,20.2,9.1,54.0,9.4,1.8
2014-04-06 00:00:00+00:00,23.5,0.0,13.8,21.0,12.7,33.0,30.1,0.0,179.0,31.7,26.58,45475.81,42683.17,11.3,0.0,0.0,6.83,0.0,0.0,2.1,34.0,,,,20.2,9.5,179.0,10.1,4.5
2014-04-07 00:00:00+00:00,21.8,0.0,16.8,19.7,14.4,28.9,27.3,3.0,332.0,31.0,25.12,45583.46,42788.37,13.8,0.0,0.0,6.31,0.0,27.0,6.6,43.0,,,,24.3,11.9,332.0,13.7,7.9
2014-04-08 00:00:00+00:00,22.8,0.0,18.5,20.3,15.7,30.7,28.8,0.0,47.0,34.6,25.98,45690.66,42858.77,12.7,0.0,0.0,6.89,0.0,0.0,5.0,37.0,,,,26.6,12.4,47.0,18.7,8.1
2014-04-09 00:00:00+00:00,19.7,0.0,18.2,18.4,13.5,26.1,24.7,2.0,336.0,37.8,25.01,45797.34,42893.85,13.3,0.0,0.0,5.55,0.0,10.0,9.8,59.0,,,,25.5,11.8,336.0,14.0,6.9
2014-04-10 00:00:00+00:00,19.6,0.0,14.6,18.3,12.9,26.2,24.8,0.0,358.0,28.8,26.26,45903.41,42928.96,12.6,0.0,0.0,5.55,0.0,0.0,7.8,53.0,,,,19.2,8.9,358.0,8.3,4.3
2014-04-11 00:00:00+00:00,20.9,0.0,18.4,18.3,13.5,27.9,25.2,3.0,41.0,35.6,24.79,46008.81,40295.45,11.8,0.0,0.0,6.44,0.0,46.0,5.5,42.0,,,,25.0,12.9,41.0,14.0,8.0
2014-04-12 00:00:00+00:00,20.6,0.0,16.3,18.3,13.0,28.0,25.3,3.0,41.0,32.8,24.07,46113.45,39522.39,11.4,0.0,0.0,6.06,0.0,33.0,6.0,43.0,,,,23.7,11.8,41.0,14.4,7.9
2014-04-13 00:00:00+00:00,20.3,0.0,18.0,19.0,13.4,27.2,26.4,3.0,28.0,32.8,24.36,46217.26,43034.58,12.7,0.0,0.0,5.46,0.0,80.0,9.0,55.0,,,,22.2,10.7,28.0,15.8,6.7
2014-04-14 00:00:00+00:00,22.8,0.0,19.6,20.8,15.0,30.7,29.5,3.0,89.0,36.0,25.74,46320.15,43069.94,13.1,0.0,0.0,6.57,0.0,41.0,6.7,42.0,,,,24.4,11.9,89.0,11.2,5.1
2014-04-15 00:00:00+00:00,23.8,0.3,25.3,20.9,19.2,30.6,27.9,51.0,184.0,45.0,20.01,46422.11,32642.79,16.3,1.0,0.3,6.8,0.0,57.0,5.9,34.0,,,,30.0,14.9,184.0,15.5,5.0
2014-04-16 00:00:00+00:00,22.1,0.0,19.3,21.3,14.2,29.7,30.0,3.0,346.0,36.4,25.75,46523.87,43140.93,14.3,0.0,0.0,5.89,0.0,32.0,10.1,52.0,,,,19.4,9.2,346.0,11.2,4.4
2014-04-17 00:00:00+00:00,21.3,0.0,15.0,20.3,14.9,28.1,26.3,3.0,337.0,33.8,26.01,46625.55,43176.54,15.2,0.0,0.0,5.82,0.0,22.0,9.3,55.0,,,,22.3,9.7,337.0,13.0,1.3
2014-04-18 00:00:00+00:00,25.9,0.0,21.3,23.4,17.3,35.4,32.7,3.0,165.0,46.8,26.72,46727.09,43200.0,15.1,0.0,0.0,7.92,0.0,20.0,6.5,36.0,,,,30.0,14.8,165.0,18.0,1.8
2014-04-19 00:00:00+00:00,22.7,0.0,24.8,21.2,17.1,29.8,28.8,3.0,27.0,61.9,17.38,46828.41,23861.66,16.0,0.0,0.0,5.4,0.0,86.0,12.8,56.0,,,,38.8,17.1,27.0,23.4,11.9
2014-04-20 00:00:00+00:00,21.9,0.0,20.9,20.1,16.3,29.1,27.7,3.0,14.0,40.3,25.93,46929.44,43200.0,15.3,0.0,0.0,6.41,0.0,20.0,11.5,56.0,,,,34.9,17.8,14.0,26.3,13.3
2014-04-21 00:00:00+00:00,20.3,0.0,20.8,18.2,12.7,28.4,26.0,3.0,25.0,40.0,26.66,47030.11,43200.0,11.6,0.0,0.0,6.33,0.0,52.0,9.0,54.0,,,,30.6,15.3,25.0,17.3,9.7
2014-04-22 00:00:00+00:00,22.9,0.0,20.9,20.7,14.9,31.3,28.9,3.0,40.0,42.8,26.57,47130.33,43200.0,13.7,0.0,0.0,7.22,0.0,64.0,8.4,45.0,,,,29.7,15.2,40.0,16.6,10.6
2014-04-23 00:00:00+00:00,25.1,0.0,26.2,22.0,18.1,33.2,29.9,3.0,53.0,52.2,24.89,47230.04,39464.7,15.6,0.0,0.0,8.34,0.0,98.0,7.6,36.0,,,,37.0,19.3,53.0,23.8,13.3
2014-04-24 00:00:00+00:00,26.5,0.0,18.6,24.8,18.6,35.3,34.3,3.0,49.0,35.3,23.46,47329.15,43200.0,16.7,0.0,0.0,6.86,0.0,71.0,9.9,40.0,,,,26.0,13.4,49.0,14.4,4.6
2014-04-25 00:00:00+00:00,24.3,0.0,20.8,24.0,17.3,32.6,32.5,3.0,335.0,36.4,27.22,47427.58,43253.23,17.7,0.0,0.0,6.73,0.0,21.0,13.3,55.0,,,,26.7,12.9,335.0,14.0,7.8
2014-04-26 00:00:00+00:00,22.0,0.0,19.3,20.9,15.6,29.6,28.1,2.0,1.0,35.3,27.55,47525.25,43139.72,15.4,0.0,0.0,6.38,0.0,16.0,10.5,55.0,,,,25.2,12.5,1.0,15.8,9.6
2014-04-27 00:00:00+00:00,22.8,0.0,15.1,21.7,13.9,31.2,30.0,0.0,22.0,31.3,28.54,47622.09,43422.69,13.5,0.0,0.0,6.51,0.0,0.0,8.0,47.0,,,,20.0,9.5,22.0,10.8,7.1
2014-04-28 00:00:00+00:00,24.8,0.0,18.3,23.4,16.7,33.0,32.5,0.0,322.0,33.8,27.76,47718.0,43515.07,15.4,0.0,0.0,7.28,0.0,0.0,8.4,38.0,,,,23.2,10.9,322.0,11.2,5.9
2014-04-29 00:00:00+00:00,24.1,0.0,17.4,22.9,16.3,32.0,31.6,0.0,34.0,31.7,28.17,47812.9,43612.16,16.0,0.0,0.0,6.93,0.0,0.0,8.9,45.0,,,,22.9,11.0,34.0,16.2,6.1
2014-04-30 00:00:00+00:00,25.8,0.0,12.7,24.4,16.4,33.3,32.9,0.0,49.0,26.3,27.93,47906.7,43613.54,15.2,0.0,0.0,7.14,0.0,0.0,7.2,35.0,,,,19.2,9.0,49.0,11.2,6.1
2014-05-01 00:00:00+00:00,25.6,0.0,22.6,24.9,17.4,34.3,34.3,1.0,5.0,41.4,27.27,47999.3,43614.23,17.8,0.0,0.0,7.07,0.0,3.0,11.1,46.0,,,,25.2,11.3,5.0,13.7,2.9
2014-05-02 00:00:00+00:00,23.8,0.0,17.5,23.0,15.6,31.3,30.5,0.0,25.0,34.6,28.17,48090.64,43823.98,15.7,0.0,0.0,6.62,0.0,0.0,10.0,48.0,,,,22.4,10.2,25.0,13.7,7.6
2014-05-03 00:00:00+00:00,28.9,0.0,17.3,26.7,19.3,37.5,36.4,3.0,152.0,36.4,27.46,48180.6,43827.91,17.6,0.0,0.0,8.1,0.0,33.0,5.4,27.0,,,,22.0,11.0,152.0,12.6,3.9
2014-05-04 00:00:00+00:00,32.7,0.0,24.3,28.8,26.2,39.6,36.0,3.0,180.0,49.0,25.99,48269.09,36631.16,21.7,0.0,0.0,11.31,0.0,51.0,3.0,17.0,,,,35.8,18.9,180.0,22.7,13.0
2014-05-05 00:00:00+00:00,29.7,0.0,16.1,28.6,25.7,34.4,33.0,3.0,17.0,28.8,15.92,48356.1,26747.16,24.3,0.0,0.0,5.66,0.0,97.0,10.8,31.0,,,,18.6,9.0,17.0,7.2,3.4
2014-05-06 00:00:00+00:00,26.1,0.0,22.4,26.0,21.5,32.1,32.8,3.0,21.0,42.5,23.45,48442.28,41336.84,20.9,0.0,0.0,6.6,0.0,73.0,15.4,53.0,,,,32.5,15.6,21.0,23.4,8.1
2014-05-07 00:00:00+00:00,22.9,0.0,19.8,22.0,19.0,28.0,26.9,3.0,5.0,38.2,15.9,48527.75,30710.05,18.3,0.0,0.0,4.64,0.0,80.0,14.2,61.0,,,,30.3,15.9,5.0,22.7,12.4
2014-05-08 00:00:00+00:00,21.0,0.1,21.7,19.6,17.1,25.5,23.3,51.0,303.0,43.6,21.74,48612.43,43722.28,17.4,1.0,0.1,5.31,0.0,34.0,10.8,55.0,,,,28.5,13.1,303.0,10.1,5.8
2014-05-09 00:00:00+00:00,22.0,0.0,20.5,20.2,14.0,29.0,25.9,1.0,247.0,42.1,26.21,48696.27,44194.39,13.8,0.0,0.0,6.48,0.0,8.0,7.6,47.0,,,,23.9,11.9,247.0,7.6,3.9
2014-05-10 00:00:00+00:00,23.4,0.0,22.7,21.5,16.1,30.5,28.9,2.0,327.0,41.8,28.35,48779.16,44439.47,15.5,0.0,0.0,7.38,0.0,8.0,7.3,42.0,,,,27.3,12.8,327.0,13.0,5.1
2014-05-11 00:00:00+00:00,21.9,0.0,21.2,20.4,15.2,28.2,27.3,3.0,353.0,35.6,27.22,48861.05,44447.46,15.1,0.0,0.0,6.52,0.0,10.0,8.6,49.0,,,,24.3,11.5,353.0,12.2,6.5
2014-05-12 00:00:00+00:00,21.2,0.0,18.9,19.6,14.4,27.0,24.6,3.0,336.0,38.5,20.32,48941.83,39230.33,14.5,0.0,0.0,5.38,0.0,28.0,10.1,53.0,,,,25.8,12.7,336.0,8.6,5.5
2014-05-13 00:00:00+00:00,23.0,0.0,15.7,22.0,15.1,30.6,29.1,0.0,355.0,34.6,28.48,49021.45,44462.32,15.2,0.0,0.0,6.85,0.0,0.0,9.3,49.0,,,,22.1,9.9,355.0,7.9,2.0
2014-05-14 00:00:00+00:00,24.9,0.0,14.5,23.5,14.9,33.2,31.9,0.0,29.0,29.9,29.11,49099.82,44971.03,14.3,0.0,0.0,7.28,0.0,0.0,7.0,37.0,,,,19.7,9.1,29.0,9.0,2.6
2014-05-15 00:00:00+00:00,27.6,0.0,18.9,25.6,17.5,35.7,34.1,3.0,18.0,34.6,27.37,49176.85,44855.2,15.9,0.0,0.0,7.52,0.0,73.0,5.3,29.0,,,,20.6,9.2,18.0,11.2,3.5
2014-05-16 00:00:00+00:00,26.3,0.0,21.8,25.2,19.0,34.5,33.6,3.0,8.0,38.9,27.45,49252.46,40957.1,19.3,0.0,0.0,7.66,0.0,44.0,11.5,46.0,,,,29.3,14.6,8.0,23.4,11.9
2014-05-17 00:00:00+00:00,24.4,0.0,21.1,22.3,17.0,32.3,30.7,0.0,26.0,42.8,28.52,49326.56,44937.89,15.9,0.0,0.0,7.88,0.0,2.0,10.1,46.0,,,,34.2,17.9,26.0,22.3,13.2
2014-05-18 00:00:00+00:00,23.4,0.0,18.4,21.1,15.9,31.0,28.5,0.0,17.0,38.2,29.52,49399.07,45421.23,14.9,0.0,0.0,7.79,0.0,1.0,7.0,40.0,,,,29.8,14.9,17.0,18.4,9.9
2014-05-19 00:00:00+00:00,24.6,0.0,17.5,22.8,16.1,32.8,31.2,3.0,25.0,35.3,28.23,49469.9,45152.55,15.2,0.0,0.0,7.68,0.0,28.0,9.4,43.0,,,,29.0,14.5,25.0,20.2,10.7
2014-05-20 00:00:00+00:00,27.1,0.0,13.6,26.0,18.1,35.5,34.9,3.0,60.0,28.1,24.4,49538.95,43041.51,17.5,0.0,0.0,6.5,0.0,69.0,9.3,37.0,,,,22.1,8.5,60.0,15.1,4.2
2014-05-21 00:00:00+00:00,28.0,0.0,20.3,26.5,23.1,33.9,34.0,3.0,307.0,42.8,28.31,49606.16,44241.92,21.5,0.0,0.0,8.6,0.0,60.0,10.6,34.0,,,,30.8,15.3,307.0,17.6,10.4
2014-05-22 00:00:00+00:00,24.5,0.0,18.7,24.6,17.5,31.5,31.5,3.0,330.0,34.9,28.0,49671.41,44374.71,18.9,0.0,0.0,6.66,0.0,24.0,12.8,54.0,,,,22.8,10.1,330.0,10.8,5.6
2014-05-23 00:00:00+00:00,25.1,0.0,19.9,25.1,18.1,32.3,32.0,0.0,346.0,36.4,28.86,49734.62,45147.42,19.3,0.0,0.0,6.85,0.0,1.0,12.1,51.0,,,,21.4,9.1,346.0,8.6,4.7
2014-05-24 00:00:00+00:00,25.4,0.0,20.1,25.2,17.5,32.7,32.4,0.0,7.0,37.1,29.22,49795.7,45816.07,18.7,0.0,0.0,7.12,0.0,0.0,11.9,50.0,,,,22.7,10.2,7.0,10.8,6.1
2014-05-25 00:00:00+00:00,25.3,0.0,19.1,24.4,17.2,33.0,31.5,0.0,8.0,35.3,29.44,49854.61,45838.52,17.9,0.0,0.0,7.59,0.0,0.0,10.5,46.0,,,,25.3,11.9,8.0,11.2,6.3
2014-05-26 00:00:00+00:00,27.0,0.0,13.4,26.3,17.2,35.3,34.4,0.0,17.0,31.0,28.99,49911.83,45859.21,17.7,0.0,0.0,7.46,0.0,0.0,10.5,42.0,,,,21.3,9.8,17.0,11.2,5.9
2014-05-27 00:00:00+00:00,31.1,0.0,20.9,29.1,21.8,40.6,38.1,0.0,229.0,40.0,29.03,49967.45,45980.69,20.4,0.0,0.0,9.66,0.0,0.0,8.1,28.0,,,,27.8,13.8,229.0,13.7,7.9
2014-05-28 00:00:00+00:00,26.5,0.0,18.4,26.7,19.2,35.3,34.8,3.0,318.0,37.1,28.44,50021.42,44814.37,20.7,0.0,0.0,7.47,0.0,23.0,14.2,52.0,,,,26.0,12.4,318.0,12.6,6.1
2014-05-29 00:00:00+00:00,27.4,0.0,12.1,27.4,17.4,36.1,35.9,3.0,18.0,25.9,28.89,50073.68,45583.96,18.6,0.0,0.0,7.09,0.0,26.0,12.0,47.0,,,,18.5,8.5,18.0,9.0,4.7
2014-05-30 00:00:00+00:00,33.1,0.0,21.7,31.8,23.8,42.4,41.8,3.0,142.0,38.9,29.01,50124.19,45479.5,23.0,0.0,0.0,8.72,0.0,25.0,8.3,27.0,,,,21.0,10.2,142.0,18.0,4.0
2014-05-31 00:00:00+00:00,26.0,0.0,20.6,25.3,20.7,32.9,32.2,2.0,325.0,43.6,28.62,50172.88,44365.69,20.0,0.0,0.0,7.6,0.0,21.0,13.1,50.0,,,,32.7,15.6,325.0,25.9,12.4
2014-06-01 00:00:00+00:00,24.3,0.0,18.0,23.5,18.3,31.3,30.5,0.0,328.0,37.4,29.51,50219.7,46277.8,18.8,0.0,0.0,7.26,0.0,0.0,10.7,46.0,,,,25.3,11.2,328.0,6.1,0.7
2014-06-02 00:00:00+00:00,24.8,0.0,13.8,24.4,16.9,32.3,31.8,0.0,0.0,32.4,29.04,50264.6,46291.19,17.4,0.0,0.0,6.98,0.0,1.0,11.4,48.0,,,,21.2,9.3,0.0,8.3,2.9
2014-06-03 00:00:00+00:00,29.7,0.0,17.3,27.8,19.8,38.7,36.5,0.0,79.0,36.0,28.97,50307.52,46302.99,19.1,0.0,0.0,9.16,0.0,0.0,8.2,32.0,,,,26.5,13.8,79.0,15.8,9.1
2014-06-04 00:00:00+00:00,34.6,0.0,27.4,31.1,26.6,44.5,40.5,3.0,172.0,54.4,28.56,50348.4,46085.51,23.2,0.0,0.0,12.33,0.0,51.0,5.7,19.0,,,,38.7,20.1,172.0,23.0,14.1
2014-06-05 00:00:00+00:00,26.5,0.0,20.4,25.7,21.8,32.5,31.7,3.0,324.0,41.8,28.71,50387.2,44091.83,20.4,0.0,0.0,7.77,0.0,33.0,12.6,45.0,,,,30.9,14.5,324.0,8.6,5.2
2014-06-06 00:00:00+00:00,24.3,0.0,19.3,23.9,17.3,31.1,30.5,2.0,331.0,35.3,27.42,50423.85,45316.35,18.6,0.0,0.0,6.78,0.0,15.0,12.5,53.0,,,,25.2,11.5,331.0,8.3,4.1
2014-06-07 00:00:00+00:00,25.1,0.0,17.3,24.9,18.6,31.3,31.2,0.0,325.0,32.4,27.58,50458.31,46335.08,19.7,0.0,0.0,6.71,0.0,1.0,12.0,49.0,,,,21.3,8.9,325.0,6.5,1.0
2014-06-08 00:00:00+00:00,25.3,0.0,21.4,25.6,18.3,31.7,31.8,0.0,336.0,38.5,27.7,50490.52,46458.03,19.5,0.0,0.0,6.59,0.0,1.0,13.7,52.0,,,,22.0,9.7,336.0,9.7,3.7
2014-06-09 00:00:00+00:00,26.1,0.0,20.8,26.6,18.9,33.1,33.6,2.0,7.0,38.2,28.68,50520.43,46581.66,20.5,0.0,0.0,7.02,0.0,9.0,14.1,53.0,,,,23.1,10.1,7.0,9.4,4.9
2014-06-10 00:00:00+00:00,27.1,0.0,17.7,27.1,19.2,34.6,34.7,1.0,9.0,32.0,28.58,50547.98,46585.43,20.5,0.0,0.0,7.54,0.0,2.0,13.1,48.0,,,,23.0,10.9,9.0,11.9,5.8
2014-06-11 00:00:00+00:00,28.3,0.0,19.4,28.1,20.6,35.7,36.4,2.0,20.0,34.6,25.39,50573.12,42475.02,21.7,0.0,0.0,7.26,0.0,15.0,12.6,44.0,,,,24.2,10.9,20.0,16.9,2.7
2014-06-12 00:00:00+00:00,27.4,0.0,18.9,27.3,21.0,33.8,33.6,2.0,330.0,38.9,28.99,50595.8,46711.13,22.2,0.0,0.0,7.77,0.0,9.0,13.3,46.0,,,,26.6,12.3,330.0,11.2,6.5
2014-06-13 00:00:00+00:00,26.7,0.0,17.7,27.6,18.9,33.8,34.8,1.0,330.0,33.8,27.39,50615.97,46174.25,21.2,0.0,0.0,6.85,0.0,9.0,15.5,55.0,,,,23.0,10.1,330.0,8.3,4.2
2014-06-14 00:00:00+00:00,27.3,0.0,14.1,28.1,19.7,34.4,35.0,1.0,328.0,26.6,28.93,50633.59,46547.34,22.0,0.0,0.0,6.92,0.0,2.0,13.8,51.0,,,,19.6,8.1,328.0,10.8,5.2
2014-06-15 00:00:00+00:00,29.4,0.0,13.5,29.6,19.7,37.1,36.5,0.0,2.0,30.6,29.29,50648.8,46957.69,21.6,0.0,0.0,7.7,0.0,0.0,12.6,43.0,,,,20.3,8.8,2.0,8.6,1.3
2014-06-16 00:00:00+00:00,31.3,0.0,27.2,29.7,23.6,39.9,38.5,1.0,57.0,48.2,28.95,50661.64,46954.99,23.1,0.0,0.0,9.78,0.0,2.0,10.1,31.0,,,,29.8,15.7,57.0,18.0,10.5
2014-06-17 00:00:00+00:00,29.5,0.0,22.7,28.0,22.0,37.4,36.3,0.0,22.0,44.3,29.17,50672.11,46950.53,21.3,0.0,0.0,9.62,0.0,0.0,12.9,40.0,,,,39.8,20.5,22.0,33.8,16.6
2014-06-18 00:00:00+00:00,28.0,0.0,23.0,27.9,18.4,37.0,36.1,0.0,4.0,43.9,29.63,50680.21,47070.76,19.9,0.0,0.0,8.44,0.0,0.0,14.2,49.0,,,,28.9,14.2,4.0,10.1,6.6
2014-06-19 00:00:00+00:00,30.7,0.0,20.5,30.3,21.6,40.1,38.6,0.0,6.0,42.1,29.34,50685.97,47063.53,23.2,0.0,0.0,8.8,0.0,0.0,12.2,39.0,,,,25.2,11.8,6.0,8.3,4.2
2014-06-20 00:00:00+00:00,29.8,0.0,24.3,28.9,22.3,37.9,38.2,0.0,321.0,46.8,29.3,50689.38,47182.24,21.9,0.0,0.0,8.82,0.0,0.0,11.8,35.0,,,,26.8,13.3,321.0,8.3,3.4
2014-06-21 00:00:00+00:00,26.0,0.0,18.9,26.1,19.1,32.8,32.8,1.0,340.0,35.6,28.3,50690.44,46827.72,20.8,0.0,0.0,7.19,0.0,10.0,14.6,53.0,,,,26.9,12.9,340.0,8.6,5.5
2014-06-22 00:00:00+00:00,26.5,0.0,21.1,26.2,19.8,33.9,32.8,1.0,12.0,41.4,28.39,50689.18,46120.95,21.2,0.0,0.0,7.74,0.0,7.0,14.2,52.0,,,,31.0,15.2,12.0,15.8,8.5
2014-06-23 00:00:00+00:00,26.5,0.0,22.3,26.2,18.7,34.9,33.9,2.0,3.0,42.8,28.71,50685.59,46391.2,20.1,0.0,0.0,7.88,0.0,16.0,14.3,53.0,,,,30.7,15.5,3.0,14.4,8.9
2014-06-24 00:00:00+00:00,26.5,0.0,18.4,26.5,18.7,34.3,33.7,3.0,352.0,33.5,29.01,50679.7,46110.84,20.4,0.0,0.0,7.51,0.0,12.0,13.4,52.0,,,,25.0,12.0,352.0,12.6,6.7
2014-06-25 00:00:00+00:00,27.6,0.0,18.6,28.1,20.4,35.6,35.6,3.0,339.0,33.5,28.57,50671.5,42490.78,22.6,0.0,0.0,7.57,0.0,21.0,14.6,53.0,,,,25.7,11.9,339.0,14.4,7.8
2014-06-26 00:00:00+00:00,28.9,0.0,19.2,29.3,18.8,38.2,36.7,2.0,11.0,37.8,29.6,50661.02,47214.9,21.2,0.0,0.0,8.3,0.0,4.0,14.1,50.0,,,,23.9,11.6,11.0,9.0,4.6
2014-06-27 00:00:00+00:00,30.8,0.0,20.2,30.4,20.6,40.1,38.4,0.0,31.0,41.8,29.78,50648.26,47214.31,22.4,0.0,0.0,9.25,0.0,0.0,12.9,41.0,,,,28.3,14.0,31.0,15.5,8.5
2014-06-28 00:00:00+00:00,32.3,0.0,21.4,31.6,22.0,42.1,40.8,0.0,27.0,41.0,29.48,50633.25,47195.58,23.0,0.0,0.0,9.85,0.0,0.0,12.8,37.0,,,,28.9,14.7,27.0,15.8,9.5
2014-06-29 00:00:00+00:00,30.6,0.0,20.4,30.9,21.4,40.0,40.3,0.0,354.0,38.5,29.5,50616.0,47175.8,22.2,0.0,0.0,8.74,0.0,0.0,14.8,42.0,,,,25.9,12.8,354.0,12.6,7.2
2014-06-30 00:00:00+00:00,28.2,0.0,18.1,29.4,21.3,36.0,36.4,3.0,350.0,32.8,28.94,50596.52,45963.4,24.0,0.0,0.0,7.35,0.0,18.0,16.2,56.0,,,,23.8,11.3,350.0,13.0,7.2
2014-07-01 00:00:00+00:00,28.6,0.0,18.7,30.0,21.1,36.7,37.7,2.0,10.0,34.2,28.91,50574.82,45967.54,23.9,0.0,0.0,7.67,0.0,8.0,17.3,56.0,,,,26.2,12.4,10.0,13.3,7.2
2014-07-02 00:00:00+00:00,28.9,0.0,21.2,29.3,20.9,37.6,36.7,2.0,9.0,40.3,28.88,50550.93,46365.39,23.4,0.0,0.0,8.32,0.0,8.0,15.9,52.0,,,,30.5,15.3,9.0,15.1,8.6
2014-07-03 00:00:00+00:00,28.3,0.0,17.2,28.8,19.8,36.2,35.9,0.0,333.0,34.9,29.47,50524.87,46897.82,22.1,0.0,0.0,7.86,0.0,0.0,14.8,50.0,,,,25.2,11.8,333.0,10.1,4.6
2014-07-04 00:00:00+00:00,28.7,0.0,18.3,30.3,21.7,37.6,38.5,3.0,311.0,36.4,27.89,50496.62,44080.14,24.8,0.0,0.0,7.56,0.0,25.0,17.7,59.0,,,,26.5,12.8,311.0,11.5,6.6
2014-07-05 00:00:00+00:00,27.2,0.0,17.7,28.0,21.0,34.5,34.4,1.0,294.0,37.4,28.62,50465.9,46086.79,23.4,0.0,0.0,7.34,0.0,7.0,15.8,55.0,,,,26.7,12.4,294.0,13.3,6.3
2014-07-06 00:00:00+00:00,28.0,0.0,15.9,29.5,21.5,35.2,36.4,2.0,309.0,31.0,27.29,50432.7,45949.37,24.2,0.0,0.0,6.93,0.0,13.0,16.8,55.0,,,,22.6,10.0,309.0,9.7,4.2
2014-07-07 00:00:00+00:00,28.8,0.0,19.1,30.1,21.8,36.6,37.8,2.0,348.0,34.6,28.27,50397.08,45551.37,24.7,0.0,0.0,7.57,0.0,8.0,16.8,53.0,,,,24.6,11.3,348.0,9.7,5.8
2014-07-08 00:00:00+00:00,27.5,0.0,16.0,28.3,19.1,35.5,35.7,1.0,349.0,31.7,28.91,50359.12,46328.05,21.1,0.0,0.0,7.41,0.0,4.0,15.6,54.0,,,,23.5,11.3,349.0,10.4,7.2
2014-07-09 00:00:00+00:00,28.3,0.0,14.2,29.6,20.0,36.8,37.3,3.0,343.0,28.8,28.97,50318.88,45157.44,22.5,0.0,0.0,7.22,0.0,16.0,15.5,54.0,,,,20.6,8.9,343.0,9.7,3.1
2014-07-10 00:00:00+00:00,30.4,0.0,14.7,31.7,21.5,39.6,39.8,0.0,340.0,31.3,29.24,50276.43,46308.32,24.2,0.0,0.0,7.63,0.0,0.0,15.3,48.0,,,,19.7,8.3,340.0,7.2,2.6
2014-07-11 00:00:00+00:00,30.5,0.0,17.3,32.2,21.4,39.5,39.4,2.0,4.0,31.3,28.84,50231.84,45789.93,25.1,0.0,0.0,7.74,0.0,9.0,16.7,52.0,,,,20.0,9.4,4.0,8.3,4.4
2014-07-12 00:00:00+00:00,32.0,0.0,21.7,32.5,22.4,41.2,41.5,0.0,5.0,38.5,29.01,50185.18,46159.8,24.3,0.0,0.0,8.72,0.0,0.0,15.0,41.0,,,,23.5,11.6,5.0,9.0,2.5
2014-07-13 00:00:00+00:00,28.7,0.0,17.2,30.1,21.6,36.8,37.9,2.0,352.0,34.9,28.23,50136.51,45274.46,24.3,0.0,0.0,7.47,0.0,9.0,17.5,57.0,,,,26.5,12.6,352.0,15.1,9.4
2014-07-14 00:00:00+00:00,27.2,0.0,20.3,28.2,21.3,34.6,34.8,3.0,328.0,38.5,27.78,50085.92,44611.13,23.9,0.0,0.0,7.24,0.0,17.0,16.5,57.0,,,,26.1,12.5,328.0,10.8,6.6
2014-07-15 00:00:00+00:00,27.3,0.0,18.9,28.4,20.1,35.0,35.2,1.0,324.0,37.1,28.66,50033.46,45262.23,22.9,0.0,0.0,7.39,0.0,4.0,16.4,58.0,,,,25.6,12.2,324.0,9.0,5.1
2014-07-16 00:00:00+00:00,27.7,0.0,20.7,29.0,20.1,35.9,36.1,3.0,341.0,41.4,28.3,49979.21,45256.22,23.0,0.0,0.0,7.39,0.0,17.0,16.7,57.0,,,,24.1,11.1,341.0,8.6,3.1
2014-07-17 00:00:00+00:00,27.1,0.0,18.4,28.2,20.5,34.2,35.1,1.0,357.0,35.3,28.21,49923.23,45006.49,23.1,0.0,0.0,7.2,0.0,6.0,16.7,57.0,,,,25.5,12.3,357.0,10.8,6.2
2014-07-18 00:00:00+00:00,27.1,0.0,18.8,28.0,20.7,34.1,35.1,1.0,7.0,36.0,28.09,49865.6,44764.69,22.8,0.0,0.0,7.2,0.0,7.0,16.9,57.0,,,,27.8,13.6,7.0,13.3,8.1
2014-07-19 00:00:00+00:00,27.2,0.0,18.8,28.1,19.7,34.4,34.6,0.0,339.0,36.0,28.41,49806.37,44869.73,22.0,0.0,0.0,7.28,0.0,3.0,16.0,55.0,,,,24.9,11.6,339.0,10.4,6.1
2014-07-20 00:00:00+00:00,27.7,0.0,16.5,28.7,19.6,34.8,34.6,0.0,310.0,37.1,27.83,49745.62,44989.81,22.1,0.0,0.0,7.26,0.0,2.0,15.8,54.0,,,,23.6,10.9,310.0,8.3,4.6
2014-07-21 00:00:00+00:00,28.4,0.0,14.8,29.8,21.9,34.8,35.2,0.0,308.0,34.9,27.36,49683.41,44743.91,25.0,0.0,0.0,6.96,0.0,1.0,16.4,53.0,,,,21.7,9.1,308.0,4.7,0.7
2014-07-22 00:00:00+00:00,28.6,0.0,17.0,30.6,21.5,35.5,37.1,1.0,334.0,31.0,27.19,49619.81,44394.31,24.4,0.0,0.0,6.91,0.0,7.0,17.8,56.0,,,,21.5,9.6,334.0,6.8,3.6
2014-07-23 00:00:00+00:00,29.4,0.0,18.0,31.2,21.7,37.2,38.4,3.0,4.0,33.8,27.73,49554.88,44286.68,25.1,0.0,0.0,7.35,0.0,9.0,17.3,55.0,,,,21.8,10.3,4.0,11.2,6.0
2014-07-24 00:00:00+00:00,29.6,0.0,18.2,30.3,21.0,37.2,36.7,0.0,4.0,36.4,28.69,49488.62,44726.89,23.3,0.0,0.0,7.97,0.0,0.0,15.2,47.0,,,,23.4,11.4,4.0,10.8,5.3
2014-07-25 00:00:00+00:00,28.2,0.0,16.3,29.6,21.0,34.9,36.0,0.0,341.0,35.6,27.98,49420.49,44387.72,23.6,0.0,0.0,7.26,0.0,0.0,16.9,54.0,,,,24.0,11.1,341.0,10.1,5.0
2014-07-26 00:00:00+00:00,28.4,0.0,14.8,29.7,22.8,34.1,35.5,0.0,338.0,30.6,27.58,49350.4,44384.45,25.3,0.0,0.0,6.82,0.0,1.0,16.1,51.0,,,,20.1,8.6,338.0,5.8,3.2
2014-07-27 00:00:00+00:00,29.1,0.0,17.5,30.7,21.2,36.1,37.4,0.0,359.0,31.7,27.95,49278.45,44268.79,23.9,0.0,0.0,7.21,0.0,0.0,16.8,53.0,,,,20.5,9.3,359.0,8.3,3.6
2014-07-28 00:00:00+00:00,29.6,0.0,17.6,31.4,22.4,36.9,37.8,0.0,2.0,32.0,27.97,49204.72,44161.5,25.3,0.0,0.0,7.44,0.0,0.0,17.9,55.0,,,,22.8,11.0,2.0,11.5,6.3
2014-07-29 00:00:00+00:00,29.7,0.0,19.1,30.8,21.0,38.0,37.9,0.0,356.0,36.4,28.36,49129.32,44262.15,23.8,0.0,0.0,7.79,0.0,0.0,16.0,50.0,,,,22.2,10.6,356.0,7.9,5.2
2014-07-30 00:00:00+00:00,30.2,0.0,16.6,30.8,22.0,38.4,38.5,0.0,344.0,36.0,28.32,49052.33,44257.82,23.4,0.0,0.0,7.94,0.0,0.0,14.7,43.0,,,,21.4,10.4,344.0,7.9,5.8
2014-07-31 00:00:00+00:00,28.5,0.0,16.1,30.1,21.0,36.3,37.3,2.0,352.0,32.8,27.72,48973.85,43749.87,24.0,0.0,0.0,7.21,0.0,11.0,17.1,56.0,,,,22.2,10.3,352.0,7.2,4.3
2014-08-01 00:00:00+00:00,29.9,0.0,13.1,31.3,21.2,38.3,38.8,0.0,1.0,28.8,28.07,48893.96,44045.93,23.9,0.0,0.0,7.28,0.0,0.0,15.7,48.0,,,,17.4,7.9,1.0,7.9,1.5
2014-08-02 00:00:00+00:00,29.2,0.0,16.3,30.5,23.0,36.7,37.3,3.0,340.0,34.6,27.56,48812.77,43653.51,25.9,0.0,0.0,7.47,0.0,11.0,17.0,53.0,,,,24.7,11.8,340.0,16.9,7.2
2014-08-03 00:00:00+00:00,28.0,0.0,18.3,29.8,21.9,34.7,36.6,1.0,336.0,34.2,26.76,48730.33,43652.29,24.7,0.0,0.0,6.83,0.0,4.0,17.8,58.0,,,,22.9,10.5,336.0,7.6,3.3
2014-08-04 00:00:00+00:00,28.0,0.0,16.0,29.9,21.3,34.5,35.9,2.0,315.0,34.2,24.38,48646.75,43466.04,24.3,0.0,0.0,6.26,0.0,14.0,18.3,59.0,,,,23.4,10.4,315.0,8.3,4.7
2014-08-05 00:00:00+00:00,29.8,0.0,17.9,31.0,21.4,37.9,37.6,0.0,296.0,38.9,27.45,48562.11,43472.57,24.4,0.0,0.0,7.68,0.0,0.0,16.5,52.0,,,,24.6,11.3,296.0,8.3,4.6
2014-08-06 00:00:00+00:00,31.4,0.0,18.4,32.4,24.3,38.7,39.9,0.0,17.0,32.8,27.42,48476.49,43567.45,26.8,0.0,0.0,7.37,0.0,0.0,14.5,40.0,,,,17.6,7.7,17.0,5.8,2.2
2014-08-07 00:00:00+00:00,31.2,0.0,19.8,31.6,23.9,38.3,38.5,0.0,10.0,36.0,27.37,48389.97,43394.1,25.8,0.0,0.0,8.29,0.0,0.0,14.8,42.0,,,,25.8,12.8,10.0,13.7,8.2
2014-08-08 00:00:00+00:00,28.9,0.0,18.7,30.4,22.0,35.8,36.0,0.0,342.0,35.3,27.44,48302.63,43342.11,25.5,0.0,0.0,7.35,0.0,1.0,17.0,55.0,,,,24.4,11.3,342.0,11.5,4.7
2014-08-09 00:00:00+00:00,27.9,0.0,18.9,29.3,22.0,34.4,35.7,1.0,352.0,35.6,25.84,48214.55,43260.73,24.2,0.0,0.0,6.74,0.0,6.0,17.1,55.0,,,,23.7,11.0,352.0,7.6,3.7
2014-08-10 00:00:00+00:00,28.4,0.0,17.1,30.1,21.3,35.4,37.1,2.0,343.0,32.4,26.0,48125.81,43200.0,24.3,0.0,0.0,6.89,0.0,10.0,18.0,57.0,,,,24.3,11.3,343.0,8.3,4.0
2014-08-11 00:00:00+00:00,28.8,0.0,15.9,31.0,21.4,35.7,37.5,1.0,338.0,27.7,26.68,48036.48,43200.0,24.8,0.0,0.0,6.53,0.0,5.0,17.6,56.0,,,,19.3,8.2,338.0,7.6,4.7
2014-08-12 00:00:00+00:00,29.3,0.0,16.6,31.2,21.9,36.2,37.2,1.0,342.0,31.0,26.98,47946.64,43200.0,25.6,0.0,0.0,6.8,0.0,2.0,16.9,55.0,,,,19.7,8.5,342.0,6.8,4.4
2014-08-13 00:00:00+00:00,29.8,0.0,19.2,32.0,22.0,37.7,38.8,2.0,351.0,34.2,26.57,47856.29,43200.0,25.8,0.0,0.0,7.25,0.0,4.0,18.4,57.0,,,,22.8,10.6,351.0,7.6,4.4
2014-08-14 00:00:00+00:00,29.9,0.0,17.9,31.5,22.0,38.0,37.9,2.0,344.0,32.0,26.37,47764.76,43200.0,25.6,0.0,0.0,7.32,0.0,7.0,16.9,54.0,,,,21.2,10.4,344.0,7.2,4.7
2014-08-15 00:00:00+00:00,30.0,0.0,17.1,31.5,20.5,38.5,38.7,0.0,335.0,34.2,26.87,47671.94,43200.0,23.7,0.0,0.0,7.49,0.0,0.0,16.6,52.0,,,,21.3,9.9,335.0,7.9,3.6
2014-08-16 00:00:00+00:00,29.6,0.0,15.9,30.9,21.9,37.3,37.1,2.0,333.0,33.5,26.83,47577.92,43200.0,24.9,0.0,0.0,7.33,0.0,5.0,16.3,51.0,,,,21.5,10.2,333.0,8.3,5.5
2014-08-17 00:00:00+00:00,29.7,0.0,18.7,32.1,23.5,37.9,38.8,3.0,331.0,35.6,25.42,47482.79,43200.0,27.7,0.0,0.0,7.01,0.0,22.0,19.3,60.0,,,,23.4,11.3,331.0,10.1,6.1
2014-08-18 00:00:00+00:00,29.2,0.0,19.5,31.4,21.6,36.8,38.1,3.0,333.0,36.4,25.89,47386.63,43200.0,25.2,0.0,0.0,6.67,0.0,15.0,18.2,58.0,,,,20.8,9.7,333.0,8.6,4.8
2014-08-19 00:00:00+00:00,28.9,0.0,20.3,30.4,23.6,35.7,36.8,3.0,350.0,37.4,25.31,47289.52,43200.0,26.6,0.0,0.0,6.78,0.0,17.0,17.1,55.0,,,,23.4,11.2,350.0,13.7,6.8
2014-08-20 00:00:00+00:00,28.7,0.0,17.5,29.4,21.3,35.3,35.8,0.0,7.0,32.0,26.6,47191.55,43200.0,23.3,0.0,0.0,7.07,0.0,0.0,14.9,48.0,,,,21.2,10.3,7.0,11.2,6.9
2014-08-21 00:00:00+00:00,28.6,0.0,16.5,30.2,22.2,35.2,36.2,1.0,15.0,32.8,25.53,47092.8,43200.0,25.5,0.0,0.0,6.92,0.0,5.0,18.1,58.0,,,,26.2,12.8,15.0,11.9,7.4
2014-08-22 00:00:00+00:00,29.3,0.0,17.5,31.2,21.8,37.8,38.6,3.0,348.0,36.4,25.54,46993.34,43200.0,25.2,0.0,0.0,7.1,0.0,19.0,18.4,58.0,,,,25.1,11.9,348.0,9.7,5.8
2014-08-23 00:00:00+00:00,30.4,0.0,19.2,32.5,21.2,39.7,40.3,3.0,343.0,37.4,25.9,46893.26,43200.0,24.7,0.0,0.0,7.47,0.0,12.0,18.8,58.0,,,,23.8,11.6,343.0,9.0,5.1
2014-08-24 00:00:00+00:00,30.3,0.0,19.1,32.8,22.1,39.1,40.3,1.0,333.0,39.2,26.01,46792.64,43200.0,26.0,0.0,0.0,7.32,0.0,2.0,19.7,60.0,,,,25.6,12.0,333.0,10.1,5.5
2014-08-25 00:00:00+00:00,30.1,0.0,17.7,32.3,22.1,38.8,39.5,0.0,336.0,35.3,26.06,46691.53,43200.0,25.9,0.0,0.0,7.13,0.0,0.0,18.5,57.0,,,,22.9,10.3,336.0,9.4,4.9
2014-08-26 00:00:00+00:00,29.6,0.0,15.6,31.1,21.9,37.7,38.1,3.0,340.0,31.3,25.68,46590.02,43200.0,25.4,0.0,0.0,7.02,0.0,11.0,16.4,53.0,,,,21.1,9.7,340.0,8.6,5.7
2014-08-27 00:00:00+00:00,28.7,0.0,15.7,30.3,20.6,36.1,36.6,0.0,321.0,34.9,25.59,46488.19,43195.23,23.1,0.0,0.0,6.81,0.0,1.0,17.5,55.0,,,,21.7,10.3,321.0,8.3,4.1
2014-08-28 00:00:00+00:00,28.7,0.0,15.8,30.6,21.9,36.1,36.9,2.0,341.0,29.5,24.96,46386.1,43128.49,25.5,0.0,0.0,6.45,0.0,7.0,17.4,57.0,,,,19.4,8.9,341.0,6.8,3.4
2014-08-29 00:00:00+00:00,29.2,0.0,16.1,30.5,21.3,36.8,37.0,0.0,6.0,28.8,25.91,46283.82,43061.41,24.2,0.0,0.0,6.9,0.0,0.0,15.8,51.0,,,,19.6,9.2,6.0,7.6,4.1
2014-08-30 00:00:00+00:00,29.0,0.0,17.4,30.4,20.7,36.6,36.9,0.0,4.0,31.3,25.67,46181.43,42994.04,23.7,0.0,0.0,6.97,0.0,0.0,16.9,55.0,,,,22.3,10.7,4.0,9.7,5.8
2014-08-31 00:00:00+00:00,28.0,0.0,18.6,30.0,21.2,35.4,36.5,2.0,334.0,37.1,24.63,46079.0,42926.48,24.8,0.0,0.0,6.42,0.0,13.0,18.4,61.0,,,,23.4,10.6,334.0,8.6,3.9
2014-09-01 00:00:00+00:00,27.8,0.0,16.1,29.4,22.0,34.5,34.9,3.0,332.0,36.0,24.48,45976.57,42858.79,25.4,0.0,0.0,6.36,0.0,20.0,17.2,58.0,,,,23.0,10.2,332.0,9.0,4.7
2014-09-02 00:00:00+00:00,27.9,0.0,15.5,29.1,21.5,34.4,34.9,0.0,351.0,30.2,24.9,45874.17,42790.79,24.1,0.0,0.0,6.44,0.0,0.0,16.3,53.0,,,,20.1,9.3,351.0,7.2,4.0
2014-09-03 00:00:00+00:00,28.8,0.0,16.2,29.5,20.0,36.5,36.0,0.0,25.0,33.1,25.19,45771.1,42721.73,22.4,0.0,0.0,6.93,0.0,0.0,14.7,49.0,,,,20.4,9.8,25.0,9.4,4.6
2014-09-04 00:00:00+00:00,31.2,0.0,20.3,31.9,23.3,39.6,40.2,0.0,9.0,38.2,24.65,45667.23,42651.67,24.7,0.0,0.0,7.09,0.0,0.0,14.5,41.0,,,,20.9,9.1,9.0,8.3,1.9
2014-09-05 00:00:00+00:00,28.4,0.0,16.5,29.8,22.4,34.5,35.0,1.0,340.0,36.0,24.35,45562.64,42580.68,26.1,0.0,0.0,6.64,0.0,3.0,17.5,57.0,,,,26.1,12.4,340.0,13.3,7.7
2014-09-06 00:00:00+00:00,27.4,0.0,14.1,28.6,20.7,33.3,33.6,1.0,324.0,29.5,23.27,45457.4,42508.85,23.3,0.0,0.0,5.91,0.0,6.0,16.2,54.0,,,,19.7,9.1,324.0,7.2,4.4
2014-09-07 00:00:00+00:00,28.1,0.0,17.7,29.0,22.2,34.1,34.3,0.0,339.0,32.4,24.45,45351.59,42436.28,24.3,0.0,0.0,6.44,0.0,0.0,15.4,50.0,,,,20.9,9.4,339.0,6.8,0.8
2014-09-08 00:00:00+00:00,27.8,0.0,16.8,29.1,21.1,34.1,34.7,0.0,351.0,34.9,23.99,45245.27,42363.05,23.9,0.0,0.0,6.4,0.0,1.0,16.7,56.0,,,,22.1,10.0,351.0,7.2,3.3
2014-09-09 00:00:00+00:00,27.8,0.0,18.8,29.1,20.9,33.7,34.5,0.0,358.0,34.9,23.46,45138.51,42289.26,23.8,0.0,0.0,6.19,0.0,3.0,16.6,55.0,,,,22.3,10.1,358.0,9.0,5.4
2014-09-10 00:00:00+00:00,27.7,0.0,15.2,29.2,20.6,33.7,34.6,2.0,2.0,27.7,22.42,45031.39,42214.99,23.4,0.0,0.0,5.84,0.0,19.0,16.8,56.0,,,,19.7,9.1,2.0,9.7,5.4
2014-09-11 00:00:00+00:00,28.3,0.0,19.2,29.6,21.5,34.4,35.3,0.0,12.0,36.4,23.48,44923.96,42126.6,24.6,0.0,0.0,6.16,0.0,1.0,16.6,54.0,,,,21.3,9.4,12.0,9.0,4.6
2014-09-12 00:00:00+00:00,27.9,0.0,17.3,29.1,21.3,34.2,34.7,0.0,15.0,32.8,23.42,44816.31,42020.41,24.3,0.0,0.0,6.23,0.0,1.0,16.5,55.0,,,,22.9,10.5,15.0,10.4,5.6
2014-09-13 00:00:00+00:00,27.1,0.0,17.7,27.9,20.4,33.7,33.5,0.0,4.0,35.3,23.44,44708.5,41913.92,22.8,0.0,0.0,6.3,0.0,1.0,16.2,56.0,,,,24.9,11.7,4.0,11.9,6.6
2014-09-14 00:00:00+00:00,27.3,0.0,16.6,28.4,21.5,34.0,34.3,0.0,340.0,35.3,23.03,44600.57,41807.18,24.1,0.0,0.0,6.12,0.0,2.0,16.3,55.0,,,,22.2,10.0,340.0,7.9,2.7
2014-09-15 00:00:00+00:00,28.1,0.0,16.6,29.2,21.5,35.4,35.1,0.0,356.0,34.2,23.26,44492.63,41700.29,24.7,0.0,0.0,6.34,0.0,0.0,15.7,53.0,,,,20.3,9.2,356.0,7.6,2.8
2014-09-16 00:00:00+00:00,30.5,0.0,13.7,30.8,22.5,38.2,38.7,0.0,117.0,22.7,23.04,44384.72,41593.29,24.2,0.0,0.0,6.07,0.0,0.0,12.7,40.0,,,,16.8,7.4,117.0,10.1,3.9
2014-09-17 00:00:00+00:00,29.4,0.0,20.5,29.5,23.2,35.5,36.4,1.0,303.0,40.0,22.55,44276.9,41129.82,23.7,0.0,0.0,7.16,0.0,6.0,14.9,43.0,,,,27.4,13.4,303.0,13.7,6.2
2014-09-18 00:00:00+00:00,27.3,0.0,19.9,28.3,21.7,33.7,33.6,1.0,358.0,38.9,22.03,44169.25,40586.4,24.2,0.0,0.0,6.04,0.0,5.0,16.3,55.0,,,,23.0,10.7,358.0,6.5,2.6
2014-09-19 00:00:00+00:00,26.8,0.0,22.7,27.2,20.1,33.2,32.3,3.0,352.0,43.9,21.12,44061.83,39333.02,22.3,0.0,0.0,6.18,0.0,17.0,16.0,55.0,,,,27.2,13.4,352.0,10.4,6.9
2014-09-20 00:00:00+00:00,26.4,0.0,19.1,26.6,21.2,32.5,31.9,2.0,344.0,34.9,21.15,43954.7,40623.24,22.7,0.0,0.0,6.02,0.0,16.0,15.4,54.0,,,,27.3,13.6,344.0,15.8,9.3
2014-09-21 00:00:00+00:00,26.5,0.0,15.9,27.0,19.7,32.9,32.9,1.0,351.0,30.2,21.82,43847.93,40460.79,21.7,0.0,0.0,5.84,0.0,10.0,15.3,54.0,,,,23.2,10.8,351.0,9.7,5.7
2014-09-22 00:00:00+00:00,27.1,0.0,15.9,28.0,20.3,34.5,34.7,0.0,354.0,31.0,22.19,43741.5,40301.77,21.9,0.0,0.0,5.92,0.0,2.0,15.8,54.0,,,,21.2,9.7,354.0,7.6,2.9
2014-09-23 00:00:00+00:00,28.0,0.0,18.5,28.8,20.3,35.5,35.0,0.0,18.0,35.6,22.11,43634.71,40146.38,22.8,0.0,0.0,6.43,0.0,1.0,16.4,55.0,,,,24.8,12.2,18.0,10.1,6.0
2014-09-24 00:00:00+00:00,29.7,0.0,18.3,29.8,20.2,38.6,37.3,0.0,23.0,35.6,22.2,43527.43,39994.86,22.0,0.0,0.0,7.08,0.0,0.0,14.7,46.0,,,,24.3,12.4,23.0,10.8,6.9
2014-09-25 00:00:00+00:00,29.0,0.0,20.0,29.8,20.7,37.5,37.9,0.0,1.0,39.2,21.88,43419.72,39847.51,23.1,0.0,0.0,6.73,0.0,0.0,16.6,52.0,,,,25.1,12.5,1.0,11.9,7.0
2014-09-26 00:00:00+00:00,28.2,0.0,17.3,28.9,21.1,35.9,35.5,0.0,8.0,36.7,21.65,43311.66,39603.32,23.7,0.0,0.0,6.27,0.0,0.0,15.5,52.0,,,,23.0,10.7,8.0,9.4,4.1
2014-09-27 00:00:00+00:00,30.4,0.0,18.4,30.3,21.9,39.0,38.8,1.0,267.0,32.0,20.91,43203.31,39370.58,22.1,0.0,0.0,6.54,0.0,7.0,13.0,38.0,,,,19.6,9.6,267.0,10.4,4.6
2014-09-28 00:00:00+00:00,26.5,0.0,18.4,26.6,22.8,31.3,30.9,1.0,331.0,35.3,20.77,43094.75,39433.0,22.0,0.0,0.0,5.97,0.0,13.0,14.8,52.0,,,,26.3,12.9,331.0,12.6,6.0
2014-09-29 00:00:00+00:00,24.2,0.0,15.4,23.9,18.6,29.0,28.0,3.0,316.0,32.4,16.33,42986.05,38064.43,19.5,0.0,0.0,4.68,0.0,28.0,13.6,54.0,,,,23.1,10.8,316.0,9.4,5.7
2014-09-30 00:00:00+00:00,24.7,0.0,16.0,24.7,18.5,29.8,29.8,2.0,345.0,30.6,18.68,42877.27,38961.31,19.6,0.0,0.0,4.88,0.0,24.0,13.7,54.0,,,,20.9,9.0,345.0,9.7,5.4
2014-10-01 00:00:00+00:00,25.0,0.0,19.4,24.3,20.6,30.1,29.0,2.0,0.0,36.7,17.71,42768.49,37183.37,20.8,0.0,0.0,5.44,0.0,24.0,13.4,51.0,,,,27.4,13.3,0.0,16.2,7.2
2014-10-02 00:00:00+00:00,24.6,0.0,18.3,24.3,17.5,30.8,30.5,0.0,353.0,34.2,20.98,42659.78,38956.46,18.3,0.0,0.0,5.37,0.0,2.0,12.4,50.0,,,,21.0,9.6,353.0,10.4,5.8
2014-10-03 00:00:00+00:00,24.7,0.0,19.1,24.4,17.2,31.1,30.8,0.0,359.0,34.9,21.1,42551.21,38927.55,18.0,0.0,0.0,5.33,0.0,0.0,12.3,51.0,,,,20.0,9.4,359.0,9.7,6.1
2014-10-04 00:00:00+00:00,24.6,0.0,19.1,24.3,18.1,30.8,30.2,0.0,1.0,35.3,21.05,42442.85,38827.16,19.2,0.0,0.0,5.43,0.0,0.0,12.8,53.0,,,,22.3,10.6,1.0,12.2,6.6
2014-10-05 00:00:00+00:00,24.4,0.0,19.8,23.9,17.4,31.3,30.2,0.0,31.0,36.4,21.02,42334.77,38782.73,18.0,0.0,0.0,5.59,0.0,0.0,13.1,54.0,,,,25.3,12.6,31.0,12.6,7.9
2014-10-06 00:00:00+00:00,24.6,0.0,19.7,24.0,17.7,32.1,30.3,0.0,41.0,37.4,20.82,42227.05,38745.91,18.5,0.0,0.0,5.82,0.0,3.0,13.8,56.0,,,,29.2,15.0,41.0,15.8,8.7
2014-10-07 00:00:00+00:00,25.7,0.0,20.9,25.5,19.1,33.7,32.7,1.0,42.0,41.8,19.5,42119.76,38708.67,19.5,0.0,0.0,5.69,0.0,16.0,15.7,59.0,,,,31.9,16.7,42.0,24.8,14.4
2014-10-08 00:00:00+00:00,26.0,0.0,17.7,26.6,20.6,33.2,33.0,3.0,19.0,34.6,18.28,42012.97,32913.54,22.4,0.0,0.0,5.16,0.0,19.0,16.8,62.0,,,,27.7,14.4,19.0,20.9,12.4
2014-10-09 00:00:00+00:00,24.7,0.0,13.4,24.9,17.4,32.0,30.6,3.0,23.0,28.4,19.83,41906.75,34994.7,19.0,0.0,0.0,5.06,0.0,12.0,13.8,59.0,,,,19.9,9.8,23.0,10.4,6.3
2014-10-10 00:00:00+00:00,25.1,0.0,15.2,25.0,18.4,32.1,30.6,0.0,7.0,29.2,20.1,41801.19,38594.27,20.0,0.0,0.0,5.2,0.0,3.0,13.1,54.0,,,,20.4,10.2,7.0,12.6,7.2
2014-10-11 00:00:00+00:00,24.6,0.0,14.4,25.3,18.7,30.9,30.3,1.0,329.0,30.6,18.64,41696.36,37551.8,20.8,0.0,0.0,4.76,0.0,8.0,15.3,61.0,,,,20.5,9.5,329.0,8.6,4.7
2014-10-12 00:00:00+00:00,24.3,0.0,16.2,24.7,17.9,30.5,30.2,1.0,346.0,34.9,18.5,41592.24,38515.58,19.5,0.0,0.0,4.62,0.0,8.0,13.9,58.0,,,,18.5,8.4,346.0,7.9,4.5
2014-10-13 00:00:00+00:00,24.3,0.0,15.3,24.3,18.7,30.1,29.0,2.0,348.0,31.7,16.85,41488.07,38475.5,20.3,0.0,0.0,4.56,0.0,14.0,13.0,54.0,,,,18.8,8.7,348.0,7.9,2.6
2014-10-14 00:00:00+00:00,23.4,0.0,14.0,23.1,17.2,29.1,27.6,0.0,334.0,32.0,17.9,41383.69,38434.96,18.2,0.0,0.0,4.56,0.0,8.0,12.6,55.0,,,,19.9,9.2,334.0,7.9,5.0
2014-10-15 00:00:00+00:00,23.6,0.0,12.3,23.6,18.6,29.0,27.9,0.0,313.0,29.2,18.29,41279.19,38393.96,19.7,0.0,0.0,4.44,0.0,5.0,12.6,53.0,,,,16.7,7.6,313.0,3.2,1.5
2014-10-16 00:00:00+00:00,23.6,0.0,15.9,23.4,18.2,29.3,28.5,1.0,13.0,31.7,17.28,41174.65,38337.09,19.2,0.0,0.0,4.6,0.0,10.0,13.1,55.0,,,,19.5,9.7,13.0,7.9,4.0
2014-10-17 00:00:00+00:00,24.5,0.0,14.7,24.2,17.0,31.8,30.3,0.0,24.0,32.0,18.78,41070.15,38228.46,17.9,0.0,0.0,4.99,0.0,0.0,13.4,55.0,,,,22.4,10.7,24.0,13.3,6.6
2014-10-18 00:00:00+00:00,24.4,0.0,14.6,25.2,16.3,32.9,32.4,3.0,302.0,31.7,18.14,40965.78,38119.82,17.8,0.0,0.0,4.61,0.0,16.0,15.5,63.0,,,,19.8,8.8,302.0,9.0,4.0
2014-10-19 00:00:00+00:00,24.7,0.0,24.3,25.3,21.1,30.4,29.4,3.0,300.0,45.4,15.43,40861.61,35785.86,22.4,0.0,0.0,4.51,0.0,30.0,17.0,66.0,,,,27.7,13.9,300.0,10.1,5.7
2014-10-20 00:00:00+00:00,23.2,0.0,16.5,22.3,18.0,28.7,26.1,2.0,341.0,33.8,17.52,40757.75,36866.97,19.3,0.0,0.0,4.79,0.0,18.0,11.7,54.0,,,,24.6,11.9,341.0,12.6,6.8
2014-10-21 00:00:00+00:00,22.4,0.0,9.6,21.8,17.3,27.7,27.5,0.0,354.0,18.7,18.68,40654.26,37794.71,17.5,0.0,0.0,4.0,0.0,1.0,9.8,47.0,,,,12.0,4.9,354.0,4.3,1.0
2014-10-22 00:00:00+00:00,22.0,0.0,9.1,21.1,14.9,28.2,27.0,3.0,325.0,21.2,16.31,40551.25,34787.22,14.5,0.0,0.0,3.94,0.0,41.0,9.4,48.0,,,,14.1,6.6,325.0,8.6,1.9
2014-10-23 00:00:00+00:00,23.3,0.0,18.2,21.5,15.3,30.4,28.1,0.0,216.0,37.8,18.3,40448.79,37579.58,13.8,0.0,0.0,4.79,0.0,0.0,7.8,41.0,,,,19.5,9.3,216.0,4.3,0.8
2014-10-24 00:00:00+00:00,24.2,0.0,14.3,22.5,16.9,31.7,30.2,0.0,206.0,32.0,18.15,40346.98,37472.79,15.3,0.0,0.0,4.68,0.0,0.0,6.7,35.0,,,,16.9,7.3,206.0,5.0,0.5
2014-10-25 00:00:00+00:00,25.2,0.0,10.5,23.2,17.2,33.2,31.7,0.0,178.0,25.9,18.13,40245.92,37366.64,15.2,0.0,0.0,5.1,0.0,1.0,5.8,32.0,,,,16.7,8.0,178.0,8.6,5.4
2014-10-26 00:00:00+00:00,25.0,0.0,9.0,24.6,18.2,32.6,32.0,2.0,331.0,17.6,17.9,40145.69,37261.24,18.9,0.0,0.0,4.08,0.0,6.0,9.5,43.0,,,,12.1,3.7,331.0,5.4,0.4
2014-10-27 00:00:00+00:00,23.5,0.0,17.7,23.6,18.6,29.1,28.5,3.0,351.0,33.8,15.43,40046.39,36544.83,20.4,0.0,0.0,4.05,0.0,30.0,14.3,61.0,,,,23.1,10.2,351.0,15.8,7.2
2014-10-28 00:00:00+00:00,22.9,0.0,18.3,22.7,17.4,28.3,27.4,3.0,8.0,34.2,15.07,39948.11,36721.6,18.3,0.0,0.0,3.99,0.0,39.0,13.6,60.0,,,,21.8,10.4,8.0,12.2,6.5
2014-10-29 00:00:00+00:00,22.1,0.0,14.7,21.6,15.6,28.2,26.9,1.0,353.0,28.1,17.11,39850.96,36655.65,16.1,0.0,0.0,4.29,0.0,8.0,12.3,58.0,,,,20.6,9.9,353.0,11.5,6.4
2014-10-30 00:00:00+00:00,21.3,0.0,19.5,20.5,14.7,26.9,25.3,2.0,307.0,40.3,15.39,39755.02,35307.14,15.0,0.0,0.0,4.07,0.0,15.0,12.3,59.0,,,,22.5,11.0,307.0,5.4,3.5
2014-10-31 00:00:00+00:00,20.5,0.0,18.7,19.8,15.2,25.5,23.4,1.0,301.0,37.1,14.65,39660.42,36295.9,15.3,0.0,0.0,3.58,0.0,14.0,12.0,61.0,,,,20.2,9.9,301.0,9.7,5.7
2014-11-01 00:00:00+00:00,21.9,0.0,10.2,21.3,13.5,28.6,28.4,3.0,146.0,20.2,15.45,39567.15,30381.19,13.5,0.0,0.0,3.34,0.0,71.0,9.9,52.0,,,,12.8,5.0,146.0,6.8,0.8
2014-11-02 00:00:00+00:00,24.3,0.0,27.4,21.2,20.9,29.5,25.0,3.0,214.0,54.4,13.28,39474.39,33443.48,17.5,0.0,0.0,5.9,0.0,68.0,7.7,36.0,,,,32.9,17.4,214.0,16.6,8.9
2014-11-03 00:00:00+00:00,20.6,0.0,16.6,20.4,15.4,26.1,24.3,2.0,287.0,33.5,15.03,39381.96,34710.4,16.0,0.0,0.0,3.51,0.0,20.0,13.7,68.0,,,,20.7,10.5,287.0,9.0,5.5
2014-11-04 00:00:00+00:00,19.9,0.1,15.0,19.3,15.0,24.6,22.8,51.0,328.0,30.2,13.19,39289.98,34383.92,15.5,1.0,0.1,3.26,0.0,62.0,12.3,65.0,,,,19.8,9.7,328.0,9.4,5.6
2014-11-05 00:00:00+00:00,20.0,0.0,17.1,18.9,15.0,25.4,23.0,3.0,359.0,32.4,13.74,39198.54,34486.03,15.0,0.0,0.0,3.57,0.0,56.0,10.3,57.0,,,,20.0,9.2,359.0,8.3,2.1
2014-11-06 00:00:00+00:00,20.4,0.0,21.7,18.5,13.5,27.3,24.1,3.0,40.0,43.6,16.28,39107.73,33343.27,12.4,0.0,0.0,4.55,0.0,35.0,10.6,57.0,,,,29.3,15.4,40.0,14.8,8.6
2014-11-07 00:00:00+00:00,21.7,0.0,19.5,18.4,15.9,28.3,23.6,3.0,55.0,39.2,14.85,39017.64,33036.68,14.0,0.0,0.0,5.18,0.0,77.0,4.6,40.0,,,,28.8,15.3,55.0,19.4,10.9
2014-11-08 00:00:00+00:00,22.7,0.0,13.3,19.6,13.7,31.2,28.0,3.0,194.0,31.3,16.51,38928.39,35413.33,10.8,0.0,0.0,5.03,0.0,24.0,1.7,27.0,,,,17.7,9.2,194.0,7.9,6.0
2014-11-09 00:00:00+00:00,21.6,0.0,12.9,19.5,14.3,29.1,27.5,0.0,286.0,23.4,16.19,38840.07,35360.54,12.0,0.0,0.0,4.37,0.0,0.0,6.2,38.0,,,,16.5,8.6,286.0,7.2,5.8
2014-11-10 00:00:00+00:00,21.0,0.0,15.9,20.3,13.8,28.2,26.9,0.0,14.0,28.8,15.98,38752.79,35123.96,13.7,0.0,0.0,3.86,0.0,0.0,12.1,61.0,,,,20.6,10.2,14.0,9.7,5.3
2014-11-11 00:00:00+00:00,20.7,0.0,12.8,20.4,15.5,27.1,25.7,3.0,17.0,29.2,13.95,38666.64,31601.34,15.9,0.0,0.0,3.3,0.0,44.0,13.4,68.0,,,,21.0,10.4,17.0,13.0,7.6
2014-11-12 00:00:00+00:00,20.5,0.0,11.2,20.5,15.5,27.0,25.5,3.0,13.0,25.6,14.04,38581.73,27745.93,16.3,0.0,0.0,3.17,0.0,21.0,13.1,67.0,,,,17.7,8.2,13.0,10.8,4.0
2014-11-13 00:00:00+00:00,20.8,0.0,10.4,20.2,13.9,27.6,25.6,3.0,27.0,25.2,15.26,38498.19,34650.57,13.9,0.0,0.0,3.46,0.0,37.0,11.4,62.0,,,,16.8,8.3,27.0,9.7,5.5
2014-11-14 00:00:00+00:00,21.2,0.0,12.9,20.3,14.3,27.7,25.9,1.0,241.0,31.0,15.5,38416.1,34777.03,14.6,0.0,0.0,3.72,0.0,5.0,11.0,57.0,,,,18.3,8.9,241.0,7.2,4.5
2014-11-15 00:00:00+00:00,20.2,0.0,16.5,18.9,13.1,25.9,23.2,2.0,253.0,34.6,14.17,38335.58,34660.63,12.8,0.0,0.0,3.62,0.0,13.0,9.9,56.0,,,,18.5,9.4,253.0,4.7,3.3
2014-11-16 00:00:00+00:00,19.1,0.0,15.7,18.2,13.9,24.3,22.2,3.0,279.0,32.0,11.91,38256.75,31412.86,13.7,0.0,0.0,2.92,0.0,23.0,11.9,65.0,,,,19.0,10.3,279.0,9.0,6.0
2014-11-17 00:00:00+00:00,19.6,0.0,13.4,19.0,14.3,25.0,23.2,2.0,327.0,27.7,12.41,38179.73,33487.59,14.2,0.0,0.0,3.0,0.0,24.0,12.1,65.0,,,,17.6,9.0,327.0,9.0,4.1
2014-11-18 00:00:00+00:00,19.5,0.0,16.8,18.4,13.2,25.6,23.1,3.0,40.0,32.8,14.14,38104.61,34331.6,13.0,0.0,0.0,3.5,0.0,38.0,11.6,64.0,,,,21.8,11.3,40.0,10.8,6.3
2014-11-19 00:00:00+00:00,20.4,0.0,19.9,19.2,15.5,26.7,24.0,3.0,41.0,40.7,13.71,38031.54,32990.53,15.0,0.0,0.0,3.6,0.0,38.0,12.9,67.0,,,,29.2,15.2,41.0,20.9,12.1
2014-11-20 00:00:00+00:00,20.5,0.0,14.8,20.0,15.5,27.2,25.1,0.0,8.0,32.0,14.34,37960.61,34312.19,15.7,0.0,0.0,3.43,0.0,2.0,13.1,67.0,,,,23.2,11.4,8.0,14.8,8.0
2014-11-21 00:00:00+00:00,18.9,0.0,19.6,18.2,12.1,24.8,22.4,3.0,291.0,38.5,12.99,37891.88,32462.12,12.3,0.0,0.0,3.1,0.0,30.0,12.6,71.0,,,,21.4,10.4,291.0,4.7,1.1
2014-11-22 00:00:00+00:00,18.2,0.0,16.6,17.0,12.9,22.3,19.9,3.0,308.0,33.5,8.59,37824.61,20229.36,12.5,0.0,0.0,2.49,0.0,51.0,11.2,66.0,,,,20.4,10.6,308.0,9.0,5.1
2014-11-23 00:00:00+00:00,16.9,0.0,16.3,15.1,12.4,20.7,17.6,3.0,307.0,29.2,8.21,37758.65,29919.55,11.5,0.0,0.0,2.44,0.0,61.0,8.6,60.0,,,,19.2,10.0,307.0,9.4,4.1
2014-11-24 00:00:00+00:00,16.8,0.0,21.4,14.7,14.2,20.6,17.0,1.0,282.0,44.6,11.25,37694.09,33706.49,12.6,0.0,0.0,2.74,0.0,31.0,8.9,61.0,,,,26.6,12.3,282.0,8.6,5.6
2014-11-25 00:00:00+00:00,15.7,0.0,20.0,14.0,10.3,20.6,17.8,3.0,276.0,37.1,10.65,37631.02,31362.62,9.3,0.0,0.0,2.47,0.0,32.0,9.7,70.0,,,,20.5,11.0,276.0,10.1,6.3
2014-11-26 00:00:00+00:00,16.4,0.0,21.7,14.1,12.4,20.3,16.2,2.0,278.0,41.0,10.34,37569.51,30470.32,11.2,0.0,0.0,2.7,0.0,36.0,8.1,61.0,,,,23.6,12.3,278.0,10.4,5.9
2014-11-27 00:00:00+00:00,16.0,0.0,16.0,14.0,11.7,20.3,17.6,3.0,287.0,29.9,8.45,37509.65,27562.69,10.0,0.0,0.0,2.35,0.0,42.0,8.2,61.0,,,,19.3,10.6,287.0,10.4,6.9
2014-11-28 00:00:00+00:00,17.3,0.0,11.6,16.0,12.4,23.0,20.5,3.0,19.0,28.1,13.43,37451.53,34144.94,12.3,0.0,0.0,2.85,0.0,34.0,8.6,60.0,,,,16.4,6.8,19.0,6.8,0.8
2014-11-29 00:00:00+00:00,16.9,0.0,16.9,15.4,10.7,23.1,20.6,3.0,31.0,35.6,12.84,37395.23,32400.0,9.5,0.0,0.0,2.93,0.0,37.0,10.1,67.0,,,,22.3,11.4,31.0,11.5,6.6
2014-11-30 00:00:00+00:00,17.8,0.0,17.9,16.7,13.3,23.6,20.9,3.0,20.0,36.4,11.79,37340.84,31840.46,13.2,0.0,0.0,2.77,0.0,23.0,11.9,72.0,,,,22.5,11.7,20.0,10.4,7.2
2014-12-01 00:00:00+00:00,17.8,0.0,9.8,16.7,10.9,25.3,23.3,0.0,38.0,24.1,13.89,37288.44,34122.73,10.2,0.0,0.0,2.89,0.0,0.0,10.0,66.0,,,,15.8,7.8,38.0,9.4,6.8
2014-12-02 00:00:00+00:00,18.2,0.0,14.8,16.0,10.4,27.0,23.4,3.0,68.0,29.5,14.11,37238.13,34118.69,9.0,0.0,0.0,3.73,0.0,66.0,6.6,54.0,,,,19.0,10.2,68.0,9.4,5.8
2014-12-03 00:00:00+00:00,19.1,0.0,9.4,16.6,10.3,27.0,24.4,3.0,124.0,20.5,11.33,37189.99,29326.99,8.2,0.0,0.0,3.03,0.0,72.0,3.5,40.0,,,,13.2,6.6,124.0,8.3,2.6
2014-12-04 00:00:00+00:00,21.2,0.0,10.5,19.2,14.0,28.9,26.8,3.0,190.0,26.3,13.83,37144.11,34036.71,12.1,0.0,0.0,3.67,0.0,25.0,6.2,40.0,,,,14.7,7.5,190.0,4.3,1.4
2014-12-05 00:00:00+00:00,21.8,0.0,8.3,20.6,16.7,28.5,27.4,0.0,45.0,14.4,13.71,37100.58,33989.05,15.6,0.0,0.0,3.06,0.0,0.0,7.6,41.0,,,,9.6,4.4,45.0,5.0,0.7
2014-12-06 00:00:00+00:00,20.3,0.0,13.3,19.1,14.7,27.6,25.4,0.0,41.0,23.4,13.42,37059.49,33944.01,14.5,0.0,0.0,3.45,0.0,1.0,10.3,58.0,,,,17.1,9.6,41.0,10.4,6.9
2014-12-07 00:00:00+00:00,18.6,0.0,13.2,17.8,15.1,24.2,22.0,3.0,32.0,28.1,12.6,37020.92,33901.73,14.9,0.0,0.0,2.73,0.0,38.0,12.7,72.0,,,,20.7,11.5,32.0,14.8,8.9
2014-12-08 00:00:00+00:00,17.7,0.0,10.8,17.6,13.1,23.1,23.1,3.0,66.0,19.8,10.5,36984.96,25765.3,13.1,0.0,0.0,2.02,0.0,74.0,12.5,75.0,,,,15.0,6.4,66.0,10.1,0.7
2014-12-09 00:00:00+00:00,17.1,0.0,22.6,14.3,13.2,21.4,16.8,3.0,226.0,43.6,13.61,36951.71,33825.8,11.5,0.0,0.0,3.45,0.0,13.0,6.3,53.0,,,,25.9,13.2,226.0,14.0,8.0
2014-12-10 00:00:00+00:00,16.2,0.0,12.0,13.7,9.7,22.6,20.7,3.0,134.0,19.4,13.89,36921.25,33792.36,7.5,0.0,0.0,3.0,0.0,19.0,3.2,44.0,,,,14.6,6.7,134.0,10.4,1.3
2014-12-11 00:00:00+00:00,18.9,0.0,11.7,15.8,12.1,27.2,23.8,3.0,93.0,19.8,13.69,36893.63,33762.17,9.3,0.0,0.0,3.54,0.0,41.0,1.1,35.0,,,,16.5,8.1,93.0,7.9,4.1
2014-12-12 00:00:00+00:00,17.0,0.0,17.8,12.9,13.1,20.2,15.4,3.0,239.0,37.1,13.47,36868.51,33734.9,9.8,0.0,0.0,4.17,0.0,16.0,-0.6,31.0,,,,24.6,12.7,239.0,12.2,7.1
2014-12-13 00:00:00+00:00,15.4,0.0,18.7,12.7,10.7,20.8,17.9,3.0,245.0,38.9,11.08,36845.8,25025.59,7.6,0.0,0.0,2.86,0.0,20.0,6.7,57.0,,,,24.3,12.7,245.0,14.8,7.2
2014-12-14 00:00:00+00:00,16.4,0.0,18.0,14.8,12.1,21.6,18.5,2.0,320.0,36.7,9.39,36825.53,24677.48,11.3,0.0,0.0,2.38,0.0,28.0,10.2,70.0,,,,21.5,11.1,320.0,11.2,6.5
2014-12-15 00:00:00+00:00,16.4,0.0,15.2,14.8,10.6,22.4,19.4,1.0,10.0,31.3,12.34,36807.7,33314.13,9.3,0.0,0.0,2.77,0.0,14.0,9.3,67.0,,,,19.7,10.2,10.0,10.1,5.6
2014-12-16 00:00:00+00:00,16.0,0.0,18.6,14.2,10.9,21.6,18.2,3.0,47.0,36.7,12.6,36792.33,33652.32,9.8,0.0,0.0,2.77,0.0,14.0,9.8,70.0,,,,23.9,12.4,47.0,13.7,7.9
2014-12-17 00:00:00+00:00,16.4,0.0,12.9,14.6,10.5,22.9,20.4,3.0,83.0,25.2,10.63,36779.44,28597.68,9.0,0.0,0.0,2.11,0.0,78.0,6.9,59.0,,,,15.5,7.2,83.0,3.2,0.5
2014-12-18 00:00:00+00:00,16.5,0.0,13.0,13.8,11.5,22.3,19.0,3.0,222.0,27.7,10.77,36769.02,26490.33,9.1,0.0,0.0,2.95,0.0,98.0,3.7,44.0,,,,15.9,8.5,222.0,9.0,4.6
2014-12-19 00:00:00+00:00,17.3,0.0,14.3,15.7,12.7,22.4,20.5,3.0,7.0,26.6,12.25,36761.1,33067.27,11.4,0.0,0.0,2.79,0.0,76.0,8.7,59.0,,,,17.0,8.4,7.0,8.6,2.6
2014-12-20 00:00:00+00:00,16.2,0.0,15.5,14.6,10.0,21.7,18.7,3.0,352.0,29.5,12.15,36755.68,32909.51,8.8,0.0,0.0,2.7,0.0,42.0,9.4,68.0,,,,20.5,10.5,352.0,9.4,6.4
2014-12-21 00:00:00+00:00,15.8,0.0,15.2,14.1,10.5,21.1,17.8,2.0,332.0,31.0,12.09,36752.78,33144.86,9.4,0.0,0.0,2.67,0.0,30.0,8.3,65.0,,,,18.4,9.4,332.0,9.7,5.9
2014-12-22 00:00:00+00:00,15.2,0.3,19.8,13.4,9.3,20.3,17.5,51.0,301.0,38.5,9.95,36752.39,32590.62,7.9,2.0,0.3,2.3,0.0,33.0,9.1,68.0,,,,20.9,10.6,301.0,6.8,2.7
2014-12-23 00:00:00+00:00,14.8,0.0,12.7,12.3,11.4,19.1,15.9,2.0,322.0,29.2,11.65,36754.53,33612.11,9.6,0.0,0.0,2.62,0.0,28.0,6.0,58.0,,,,20.8,10.1,322.0,14.4,7.4
2014-12-24 00:00:00+00:00,15.8,0.0,13.8,13.5,12.2,21.4,18.0,0.0,37.0,29.2,13.13,36759.2,33617.37,10.3,0.0,0.0,2.95,0.0,5.0,6.0,54.0,,,,17.4,9.2,37.0,8.6,4.2
2014-12-25 00:00:00+00:00,15.2,0.0,18.1,13.0,9.5,21.7,18.7,0.0,41.0,37.8,13.52,36766.41,33625.41,7.6,0.0,0.0,2.8,0.0,0.0,8.0,65.0,,,,22.8,12.0,41.0,15.5,9.2
2014-12-26 00:00:00+00:00,15.3,0.0,8.9,13.9,9.9,21.6,19.5,0.0,344.0,19.8,13.61,36776.16,33636.23,8.4,0.0,0.0,2.53,0.0,2.0,8.0,66.0,,,,13.4,6.7,344.0,8.3,1.3
2014-12-27 00:00:00+00:00,15.1,0.0,11.8,13.3,11.5,20.2,17.5,2.0,228.0,27.0,12.01,36788.45,33649.83,10.6,0.0,0.0,2.47,0.0,21.0,7.0,61.0,,,,15.4,7.0,228.0,5.8,1.6
2014-12-28 00:00:00+00:00,14.5,0.0,19.3,11.5,9.7,20.0,16.2,2.0,229.0,37.1,13.55,36803.28,33666.2,6.8,0.0,0.0,3.11,0.0,8.0,4.1,51.0,,,,22.2,11.7,229.0,10.4,6.1
2014-12-29 00:00:00+00:00,14.1,0.0,12.2,11.2,8.0,20.7,17.0,0.0,217.0,28.1,13.77,36820.66,33685.35,5.4,0.0,0.0,2.89,0.0,0.0,2.5,49.0,,,,16.4,8.3,217.0,6.5,3.2
2014-12-30 00:00:00+00:00,13.2,0.0,8.9,10.2,5.2,20.5,17.3,2.0,185.0,23.4,13.83,36840.58,33707.27,2.8,0.0,0.0,2.82,0.0,15.0,0.6,48.0,,,,13.7,6.9,185.0,5.4,2.9
2014-12-31 00:00:00+00:00,15.4,0.0,13.1,11.7,9.3,22.4,18.7,2.0,192.0,28.4,13.77,36863.07,33732.2,5.4,0.0,0.0,3.58,0.0,15.0,-0.9,35.0,,,,19.4,10.0,192.0,10.1,6.6
2015-01-01 00:00:00+00:00,12.8,0.0,18.2,8.3,8.9,15.7,12.0,2.0,278.0,35.6,14.48,36888.39,33760.43,4.9,0.0,0.0,3.67,0.0,14.0,-4.8,30.0,,,,23.4,12.5,278.0,11.5,7.2
2015-01-02 00:00:00+00:00,11.0,0.0,10.2,7.8,4.2,17.9,14.9,3.0,294.0,22.0,12.39,36916.54,32076.72,0.9,0.0,0.0,2.52,0.0,68.0,0.1,48.0,,,,15.4,7.6,294.0,9.7,4.0
2015-01-03 00:00:00+00:00,11.6,0.0,16.4,7.6,6.2,17.1,12.3,3.0,284.0,34.9,14.03,36947.44,33826.08,2.3,0.0,0.0,3.24,0.0,64.0,-2.6,41.0,,,,21.6,11.1,284.0,10.4,6.0
2015-01-04 00:00:00+00:00,12.2,0.0,17.1,8.8,7.1,17.8,13.9,1.0,251.0,36.4,12.79,36981.02,33863.3,4.2,0.0,0.0,2.88,0.0,11.0,1.1,48.0,,,,22.1,11.1,251.0,13.3,7.6
2015-01-05 00:00:00+00:00,13.2,0.0,29.9,8.9,8.2,17.9,12.5,3.0,206.0,53.6,11.96,37017.18,33903.35,4.3,0.0,0.0,3.33,0.0,25.0,4.0,55.0,,,,35.8,19.9,206.0,16.9,10.1
2015-01-06 00:00:00+00:00,13.2,0.0,35.0,7.0,10.4,14.9,8.5,3.0,235.0,66.2,14.45,37055.86,33946.11,4.7,0.0,0.0,4.59,0.0,26.0,-0.9,39.0,,,,51.4,27.6,235.0,38.2,21.1
2015-01-07 00:00:00+00:00,10.2,0.0,40.0,3.9,8.6,12.9,5.0,2.0,257.0,71.3,12.38,37096.99,33991.52,2.6,0.0,0.0,3.55,0.0,24.0,-0.9,47.0,,,,50.8,27.9,257.0,29.9,16.2
2015-01-08 00:00:00+00:00,9.4,0.0,23.0,5.4,6.7,12.9,8.1,3.0,285.0,43.9,6.92,37140.47,22603.28,3.1,0.0,0.0,1.96,0.0,68.0,2.5,63.0,,,,30.6,16.1,285.0,19.8,12.2
2015-01-09 00:00:00+00:00,9.8,0.1,31.4,5.3,7.7,13.2,6.4,51.0,311.0,56.9,10.03,37186.23,33560.02,4.2,1.0,0.1,2.44,0.0,54.0,1.8,59.0,,,,35.2,18.5,311.0,19.4,8.9
2015-01-10 00:00:00+00:00,9.7,0.0,19.9,6.3,4.3,14.2,10.0,3.0,239.0,34.9,8.0,37234.19,26425.4,1.9,0.0,0.0,1.98,0.0,69.0,2.7,65.0,,,,20.8,11.3,239.0,8.6,4.9
2015-01-11 00:00:00+00:00,12.9,0.1,21.9,10.2,10.6,16.3,15.7,51.0,216.0,38.2,6.41,37284.27,16402.55,6.6,1.0,0.1,1.96,0.0,78.0,5.3,61.0,,,,24.7,11.2,216.0,10.1,0.4
2015-01-12 00:00:00+00:00,12.9,0.0,9.1,11.2,7.2,19.1,17.6,1.0,144.0,20.5,14.67,37336.39,34254.8,4.9,0.0,0.0,2.37,0.0,6.0,5.9,66.0,,,,13.2,5.5,144.0,7.2,1.4
2015-01-13 00:00:00+00:00,15.1,0.0,19.6,11.9,12.0,19.4,15.3,3.0,201.0,38.2,8.32,37390.48,19123.14,8.8,0.0,0.0,2.84,0.0,76.0,4.9,52.0,,,,24.7,13.6,201.0,12.2,7.6
2015-01-14 00:00:00+00:00,12.3,0.9,22.3,8.0,6.9,16.2,10.8,53.0,225.0,42.8,15.01,37446.45,34375.33,3.3,2.0,0.9,3.59,0.0,47.0,-1.7,39.0,,,,26.9,13.7,225.0,13.0,6.7
2015-01-15 00:00:00+00:00,13.1,0.7,18.2,10.4,8.8,17.4,13.7,53.0,251.0,32.0,11.51,37504.23,27231.33,6.2,1.0,0.7,2.45,0.0,47.0,5.8,64.0,,,,22.9,11.7,251.0,11.2,6.4
2015-01-16 00:00:00+00:00,14.1,0.4,20.4,11.6,10.0,18.5,14.5,51.0,233.0,40.7,12.5,37563.73,33289.06,8.0,4.0,0.4,2.61,0.0,32.0,6.8,64.0,,,,22.5,12.0,233.0,10.1,7.2
2015-01-17 00:00:00+00:00,13.8,0.0,17.6,11.4,9.6,18.3,15.1,3.0,304.0,37.4,9.57,37624.89,21166.76,8.1,0.0,0.0,2.27,0.0,35.0,5.9,63.0,,,,19.8,10.0,304.0,10.4,6.3
2015-01-18 00:00:00+00:00,13.6,0.0,16.0,11.2,8.5,20.0,16.8,0.0,44.0,34.6,15.23,37687.63,34638.5,6.2,0.0,0.0,2.98,0.0,0.0,5.9,62.0,,,,19.8,10.5,44.0,9.4,5.8
2015-01-19 00:00:00+00:00,13.9,0.0,13.0,11.2,8.9,21.1,18.0,3.0,64.0,24.8,14.79,37751.87,34250.18,6.3,0.0,0.0,3.0,0.0,50.0,4.8,60.0,,,,20.3,10.7,64.0,15.1,8.3
2015-01-20 00:00:00+00:00,14.6,0.0,11.5,11.9,6.5,23.9,21.0,0.0,99.0,19.8,15.71,37817.61,34779.95,3.8,0.0,0.0,2.87,0.0,0.0,1.4,49.0,,,,12.7,6.0,99.0,5.0,1.8
2015-01-21 00:00:00+00:00,15.5,0.0,13.2,11.9,7.1,24.9,20.9,0.0,186.0,29.5,16.01,37885.56,34853.97,3.6,0.0,0.0,4.06,0.0,0.0,-1.9,34.0,,,,17.2,9.3,186.0,9.7,5.8
2015-01-22 00:00:00+00:00,17.2,0.0,14.7,13.6,7.0,27.0,22.8,3.0,90.0,28.8,15.76,37955.81,34930.42,4.4,0.0,0.0,4.3,0.0,43.0,-2.3,32.0,,,,16.9,8.5,90.0,8.6,4.1
2015-01-23 00:00:00+00:00,18.7,0.0,13.6,14.6,10.3,26.8,21.7,3.0,153.0,28.4,13.65,38028.24,31829.04,6.4,0.0,0.0,4.41,0.0,95.0,-5.2,21.0,,,,17.6,9.3,153.0,10.4,6.4
2015-01-24 00:00:00+00:00,18.1,0.0,15.2,14.7,11.1,24.9,21.5,3.0,19.0,27.4,14.77,38102.73,34270.8,7.5,0.0,0.0,4.16,0.0,83.0,0.5,32.0,,,,19.3,9.8,19.0,9.7,5.3
2015-01-25 00:00:00+00:00,16.7,0.0,15.9,14.6,11.8,23.5,20.0,3.0,32.0,30.6,13.82,38179.18,29574.78,11.1,0.0,0.0,3.38,0.0,76.0,7.5,61.0,,,,21.4,10.9,32.0,14.8,7.1
2015-01-26 00:00:00+00:00,16.3,0.0,20.0,13.9,11.8,21.4,17.9,3.0,37.0,40.7,10.85,38257.44,24015.89,10.4,0.0,0.0,2.88,0.0,92.0,8.9,66.0,,,,27.3,14.6,37.0,18.0,10.2
2015-01-27 00:00:00+00:00,16.7,0.0,15.2,15.1,11.1,23.3,22.1,3.0,37.0,26.6,14.54,38337.43,35219.74,9.6,0.0,0.0,2.83,0.0,80.0,8.6,63.0,,,,19.2,9.0,37.0,10.4,1.6
2015-01-28 00:00:00+00:00,14.1,0.0,14.7,11.2,9.8,18.9,14.6,3.0,283.0,32.4,16.57,38419.02,35251.92,7.5,0.0,0.0,3.38,0.0,32.0,1.9,50.0,,,,20.3,9.8,283.0,11.9,6.5
2015-01-29 00:00:00+00:00,13.5,0.0,14.5,10.3,6.5,19.3,15.6,3.0,227.0,33.5,16.65,38502.09,35285.58,3.8,0.0,0.0,3.43,0.0,28.0,0.2,43.0,,,,17.6,8.5,227.0,5.0,1.8
2015-01-30 00:00:00+00:00,13.5,0.0,22.2,9.3,8.5,18.8,14.3,0.0,218.0,43.2,16.61,38586.55,35320.66,4.1,0.0,0.0,4.02,0.0,0.0,-0.3,39.0,,,,27.8,14.5,218.0,14.8,7.7
2015-01-31 00:00:00+00:00,13.9,0.0,14.0,10.3,7.3,20.8,17.3,0.0,191.0,31.3,16.92,38672.27,35358.28,3.5,0.0,0.0,3.76,0.0,0.0,-1.6,37.0,,,,20.4,9.7,191.0,13.3,6.0
2015-02-01 00:00:00+00:00,15.3,0.0,9.7,11.7,7.2,23.6,20.3,0.0,177.0,23.4,17.44,38759.17,35432.39,3.7,0.0,0.0,3.93,0.0,0.0,-4.0,30.0,,,,16.1,7.5,177.0,8.3,5.9
2015-02-02 00:00:00+00:00,15.7,0.0,13.6,11.9,7.5,24.8,20.6,3.0,186.0,32.8,17.4,38847.12,35471.36,4.1,0.0,0.0,4.48,0.0,24.0,-3.5,30.0,,,,19.4,9.7,186.0,9.4,5.7
2015-02-03 00:00:00+00:00,16.4,0.0,14.0,13.6,9.5,22.9,21.2,2.0,243.0,24.1,17.06,38936.04,35474.18,6.0,0.0,0.0,4.0,0.0,10.0,2.0,39.0,,,,18.0,8.4,243.0,10.4,2.2
2015-02-04 00:00:00+00:00,15.2,0.0,13.0,12.9,7.7,21.7,19.4,3.0,54.0,25.6,16.55,39025.8,35515.61,5.9,0.0,0.0,3.43,0.0,46.0,5.7,58.0,,,,17.6,9.0,54.0,10.4,5.8
2015-02-05 00:00:00+00:00,16.7,0.0,17.9,13.6,9.9,24.2,20.2,3.0,62.0,34.6,16.46,39116.33,33162.84,7.5,0.0,0.0,4.22,0.0,59.0,5.4,52.0,,,,25.7,14.2,62.0,18.7,10.8
2015-02-06 00:00:00+00:00,19.4,0.0,15.3,16.4,10.8,29.2,24.8,3.0,155.0,30.2,17.1,39207.52,35751.63,8.7,0.0,0.0,4.58,0.0,56.0,0.8,36.0,,,,17.1,8.7,155.0,7.2,4.6
2015-02-07 00:00:00+00:00,18.5,0.0,19.8,15.7,13.0,25.4,23.1,2.0,306.0,34.2,16.14,39299.27,35799.06,9.9,0.0,0.0,4.39,0.0,24.0,5.1,44.0,,,,24.2,12.2,306.0,12.2,7.1
2015-02-08 00:00:00+00:00,14.7,0.0,12.6,12.8,10.4,19.7,17.2,2.0,313.0,27.4,16.05,39391.48,35914.78,9.5,0.0,0.0,3.01,0.0,32.0,6.8,62.0,,,,18.2,8.6,313.0,8.3,3.8
2015-02-09 00:00:00+00:00,14.1,0.0,18.8,10.9,7.4,20.9,16.5,1.0,218.0,39.6,17.76,39484.16,35965.54,5.0,0.0,0.0,3.82,0.0,2.0,2.5,52.0,,,,21.9,11.0,218.0,5.8,2.3
2015-02-10 00:00:00+00:00,14.1,0.0,39.8,8.3,10.4,18.8,12.3,1.0,230.0,72.4,17.54,39578.16,35786.93,5.5,0.0,0.0,5.17,0.0,11.0,-0.5,38.0,,,,46.4,25.3,230.0,24.5,14.2
2015-02-11 00:00:00+00:00,11.5,1.0,43.2,4.8,9.0,13.8,6.4,53.0,243.0,78.5,15.25,39673.62,36068.76,3.0,3.0,1.0,4.45,0.0,16.0,-3.1,37.0,,,,54.5,28.7,243.0,26.6,14.5
2015-02-12 00:00:00+00:00,10.1,0.0,20.8,5.5,5.1,14.7,10.0,2.0,239.0,41.4,17.64,39770.45,36202.38,0.8,0.0,0.0,3.57,0.0,20.0,-1.5,46.0,,,,30.9,16.2,239.0,17.6,11.5
2015-02-13 00:00:00+00:00,11.9,0.0,17.7,8.4,6.3,16.7,12.8,3.0,250.0,38.5,14.96,39868.53,36006.97,2.8,0.0,0.0,3.09,0.0,43.0,1.6,51.0,,,,23.7,12.1,250.0,9.7,5.8
2015-02-14 00:00:00+00:00,11.8,0.0,8.0,9.0,3.7,18.5,15.9,3.0,219.0,24.1,18.22,39967.76,35995.38,1.0,0.0,0.0,3.22,0.0,40.0,0.1,49.0,,,,13.4,6.1,219.0,5.8,4.3
2015-02-15 00:00:00+00:00,12.7,0.0,17.3,9.8,9.1,17.0,12.6,3.0,44.0,33.8,7.68,40068.03,9333.01,7.1,0.0,0.0,2.23,0.0,86.0,3.8,57.0,,,,20.7,10.4,44.0,8.6,4.0
2015-02-16 00:00:00+00:00,13.0,0.0,13.9,11.0,7.3,19.2,16.5,3.0,353.0,24.1,17.42,40169.25,36229.97,5.2,0.0,0.0,3.22,0.0,28.0,4.6,61.0,,,,13.5,6.4,353.0,4.3,1.1
2015-02-17 00:00:00+00:00,14.0,0.0,14.4,11.4,8.5,19.5,16.2,3.0,14.0,23.8,15.18,40271.3,36321.64,6.6,0.0,0.0,3.24,0.0,40.0,4.5,57.0,,,,19.5,9.6,14.0,11.5,5.9
2015-02-18 00:00:00+00:00,13.2,0.0,19.5,10.4,8.9,17.8,14.5,3.0,354.0,35.6,12.62,40374.11,31531.93,7.1,0.0,0.0,2.81,0.0,34.0,5.6,63.0,,,,22.7,11.8,354.0,8.3,3.1
2015-02-19 00:00:00+00:00,8.7,0.6,22.7,5.1,4.7,11.3,7.7,51.0,291.0,42.5,6.75,40477.57,12480.3,2.2,3.0,0.6,1.63,0.0,43.0,2.9,69.0,,,,26.6,13.6,291.0,9.7,4.1
2015-02-20 00:00:00+00:00,10.4,0.8,30.9,5.0,6.1,15.4,9.2,51.0,282.0,60.5,14.77,40581.59,36215.9,0.9,3.0,0.8,3.45,0.0,42.0,1.5,55.0,,,,45.8,24.1,282.0,30.6,17.3
2015-02-21 00:00:00+00:00,13.2,0.0,23.1,9.5,10.6,17.5,13.7,3.0,283.0,45.7,8.11,40686.06,21745.8,6.3,0.0,0.0,2.53,0.0,86.0,5.4,60.0,,,,33.6,17.1,283.0,12.2,7.0
2015-02-22 00:00:00+00:00,14.1,0.0,10.9,12.3,6.1,20.0,18.5,3.0,79.0,19.8,18.84,40790.91,36000.0,4.4,0.0,0.0,3.33,0.0,51.0,5.3,59.0,,,,13.1,5.7,79.0,5.4,2.4
2015-02-23 00:00:00+00:00,16.1,0.0,13.5,13.8,11.8,21.3,19.5,3.0,108.0,23.8,7.81,40896.03,0.0,9.3,0.0,0.0,2.44,0.0,98.0,5.2,50.0,,,,16.3,7.9,108.0,10.8,1.9
2015-02-24 00:00:00+00:00,15.5,0.8,20.2,13.2,11.7,18.8,15.9,51.0,307.0,39.2,12.84,41001.35,34108.0,9.7,2.0,0.8,2.86,0.0,70.0,6.8,57.0,,,,19.8,10.2,307.0,7.2,2.6
2015-02-25 00:00:00+00:00,16.0,0.0,11.2,14.2,10.3,21.6,20.4,3.0,274.0,23.4,18.85,41106.77,37407.66,9.0,0.0,0.0,3.63,0.0,15.0,6.8,57.0,,,,17.5,8.0,274.0,11.2,5.2
2015-02-26 00:00:00+00:00,17.2,0.0,22.5,14.5,10.5,25.3,22.2,3.0,56.0,44.3,20.07,41212.2,36020.47,7.7,0.0,0.0,4.57,0.0,49.0,6.3,54.0,,,,25.7,14.0,56.0,15.8,9.8
2015-02-27 00:00:00+00:00,20.3,0.0,17.8,17.3,13.4,28.9,25.3,2.0,202.0,35.3,20.35,41317.55,37741.75,10.4,0.0,0.0,5.52,0.0,15.0,3.2,37.0,,,,23.5,11.9,202.0,14.0,8.3
2015-02-28 00:00:00+00:00,16.0,0.0,14.6,13.5,8.3,22.3,20.0,0.0,316.0,31.0,21.0,41422.75,37908.08,6.4,0.0,0.0,4.27,0.0,0.0,2.8,46.0,,,,19.2,8.6,316.0,9.7,4.8
2015-03-01 00:00:00+00:00,15.5,0.0,16.6,13.0,8.5,22.2,19.5,0.0,10.0,31.0,20.96,41527.8,37951.25,7.0,0.0,0.0,4.31,0.0,0.0,4.9,56.0,,,,22.5,10.9,10.0,13.0,6.3
2015-03-02 00:00:00+00:00,15.6,0.0,17.0,13.1,7.6,22.6,19.4,3.0,32.0,34.2,20.61,41633.5,36225.43,5.8,0.0,0.0,4.31,0.0,39.0,4.4,53.0,,,,21.1,10.1,32.0,10.1,5.8
2015-03-03 00:00:00+00:00,17.1,0.0,18.2,14.4,10.1,24.1,21.3,3.0,316.0,35.6,21.0,41740.04,37889.77,7.9,0.0,0.0,4.8,0.0,73.0,3.9,45.0,,,,22.2,10.9,316.0,9.7,3.7
2015-03-04 00:00:00+00:00,16.0,0.0,15.9,13.9,10.3,21.8,19.0,3.0,344.0,31.0,15.54,41847.31,36794.06,9.1,0.0,0.0,3.5,0.0,40.0,7.9,62.0,,,,21.7,10.6,344.0,8.6,4.0
2015-03-05 00:00:00+00:00,16.2,0.0,19.2,13.8,10.8,22.9,20.0,2.0,26.0,35.6,19.44,41955.24,38106.46,9.6,0.0,0.0,4.22,0.0,23.0,7.7,62.0,,,,26.6,13.8,26.0,11.9,7.2
2015-03-06 00:00:00+00:00,18.3,0.0,17.4,16.2,10.5,27.4,25.6,0.0,44.0,36.0,21.36,42063.75,38515.75,8.4,0.0,0.0,4.53,0.0,0.0,8.4,59.0,,,,24.6,13.2,44.0,11.9,7.6
2015-03-07 00:00:00+00:00,19.8,0.0,11.9,17.9,10.2,28.3,26.3,0.0,246.0,29.9,21.92,42172.76,38756.13,8.8,0.0,0.0,5.04,0.0,2.0,6.0,46.0,,,,17.3,8.8,246.0,5.8,3.8
2015-03-08 00:00:00+00:00,21.3,0.0,9.6,19.2,11.6,30.3,29.1,3.0,123.0,23.8,21.45,42282.19,36808.16,9.3,0.0,0.0,5.04,0.0,37.0,4.7,40.0,,,,15.1,7.6,123.0,8.3,3.6
2015-03-09 00:00:00+00:00,20.4,0.0,16.3,18.8,13.7,27.6,26.1,3.0,344.0,28.8,18.21,42391.96,36716.12,12.5,0.0,0.0,4.43,0.0,83.0,9.3,51.0,,,,19.9,10.3,344.0,8.3,5.7
2015-03-10 00:00:00+00:00,18.8,0.0,23.2,17.0,14.3,24.9,22.6,3.0,33.0,42.1,12.92,42502.0,21244.67,13.1,0.0,0.0,3.5,0.0,85.0,12.0,68.0,,,,31.7,16.6,33.0,24.5,12.3
2015-03-11 00:00:00+00:00,17.8,0.0,28.1,15.0,13.9,24.2,21.2,3.0,25.0,52.9,18.5,42612.23,36461.48,11.2,0.0,0.0,4.29,0.0,59.0,11.1,67.0,,,,42.3,22.8,25.0,31.0,16.3
2015-03-12 00:00:00+00:00,15.8,0.5,17.6,13.7,10.3,21.3,18.9,51.0,302.0,36.7,22.38,42722.58,39551.94,9.0,3.0,0.5,4.23,0.0,20.0,6.9,60.0,,,,25.5,11.7,302.0,8.6,4.7
2015-03-13 00:00:00+00:00,16.1,0.0,9.8,14.4,8.0,22.5,20.7,3.0,27.0,24.5,22.16,42832.95,39836.97,6.5,0.0,0.0,4.16,0.0,55.0,5.5,56.0,,,,15.6,7.0,27.0,7.9,4.6
2015-03-14 00:00:00+00:00,17.4,0.0,19.4,15.3,9.6,24.5,22.7,3.0,5.0,36.0,22.55,42943.29,39895.29,8.3,0.0,0.0,4.88,0.0,13.0,5.7,52.0,,,,20.3,9.7,5.0,9.0,2.2
2015-03-15 00:00:00+00:00,16.1,0.0,20.5,13.7,10.5,22.0,19.5,1.0,11.0,37.1,22.27,43053.52,40071.57,9.3,0.0,0.0,4.59,0.0,5.0,7.3,61.0,,,,27.8,14.1,11.0,14.4,7.9
2015-03-16 00:00:00+00:00,16.0,0.0,19.1,12.9,11.1,22.2,18.9,3.0,15.0,40.0,19.87,43163.55,38656.63,8.4,0.0,0.0,4.51,0.0,41.0,5.9,54.0,,,,30.5,15.5,15.0,19.1,11.4
2015-03-17 00:00:00+00:00,16.6,0.0,20.7,13.7,10.4,23.6,20.7,1.0,26.0,40.7,22.66,43273.33,40057.5,8.6,0.0,0.0,4.96,0.0,6.0,6.2,55.0,,,,29.5,15.3,26.0,16.9,10.2
2015-03-18 00:00:00+00:00,16.6,0.0,18.9,14.1,9.4,23.8,21.4,0.0,13.0,33.8,22.85,43382.76,40606.89,7.8,0.0,0.0,4.88,0.0,5.0,6.3,56.0,,,,25.3,12.9,13.0,13.3,7.9
2015-03-19 00:00:00+00:00,16.3,0.0,18.9,14.2,9.9,23.4,21.0,3.0,348.0,37.4,21.89,43491.77,40544.56,8.7,0.0,0.0,4.54,0.0,15.0,7.3,60.0,,,,24.8,11.6,348.0,7.9,3.0
2015-03-20 00:00:00+00:00,16.3,0.0,12.0,14.6,9.7,22.9,21.5,3.0,356.0,30.2,22.9,43600.3,40825.79,8.2,0.0,0.0,4.38,0.0,40.0,5.8,54.0,,,,17.4,7.3,356.0,7.6,2.8
2015-03-21 00:00:00+00:00,16.4,0.0,20.0,13.7,10.5,22.9,20.9,2.0,350.0,39.6,22.78,43708.33,40934.17,8.5,0.0,0.0,4.97,0.0,6.0,5.1,50.0,,,,26.0,12.7,350.0,14.4,6.6
2015-03-22 00:00:00+00:00,15.3,0.0,13.4,12.9,8.2,22.4,20.7,2.0,9.0,27.7,24.13,43816.63,41042.49,6.0,0.0,0.0,4.64,0.0,5.0,3.6,49.0,,,,20.3,9.1,9.0,9.0,4.5
2015-03-23 00:00:00+00:00,17.4,0.0,17.6,13.9,9.6,25.2,20.5,3.0,58.0,33.8,20.13,43925.34,38562.21,7.4,0.0,0.0,5.25,0.0,76.0,1.0,41.0,,,,23.6,12.5,58.0,12.2,7.1
2015-03-24 00:00:00+00:00,20.5,0.0,20.4,17.0,13.3,29.3,26.3,2.0,61.0,39.2,22.86,44034.41,41211.94,10.2,0.0,0.0,6.68,0.0,17.0,2.4,34.0,,,,29.0,14.7,61.0,15.5,8.2
2015-03-25 00:00:00+00:00,20.8,0.0,19.5,17.8,13.6,29.2,26.5,3.0,53.0,39.6,22.49,44143.74,39848.7,10.9,0.0,0.0,6.36,0.0,77.0,6.9,45.0,,,,33.2,17.5,53.0,26.6,13.6
2015-03-26 00:00:00+00:00,21.5,0.0,20.5,18.5,15.3,29.0,25.8,3.0,59.0,41.0,21.17,44253.29,37925.91,12.7,0.0,0.0,6.42,0.0,78.0,6.5,42.0,,,,32.1,16.9,59.0,23.0,11.5
2015-03-27 00:00:00+00:00,28.7,0.0,16.8,26.0,20.1,38.6,35.6,3.0,110.0,35.6,19.53,44362.98,37809.31,17.5,0.0,0.0,7.27,0.0,87.0,4.8,24.0,,,,24.5,11.6,110.0,13.3,7.6
2015-03-28 00:00:00+00:00,24.2,0.0,22.9,22.3,18.9,27.7,26.7,3.0,350.0,49.0,15.09,44472.73,32471.53,17.0,0.0,0.0,5.07,0.0,73.0,8.0,36.0,,,,24.6,10.5,350.0,8.3,5.2
2015-03-29 00:00:00+00:00,20.1,0.0,21.9,17.9,13.7,25.7,22.4,0.0,275.0,45.4,24.76,44582.5,41804.23,13.8,0.0,0.0,5.82,0.0,0.0,6.2,48.0,,,,25.0,12.5,275.0,8.3,4.3
2015-03-30 00:00:00+00:00,19.3,0.0,20.3,16.8,13.1,24.8,21.9,2.0,293.0,40.7,22.99,44692.19,41912.72,11.5,0.0,0.0,5.52,0.0,12.0,5.9,44.0,,,,24.6,12.6,293.0,6.1,6.2
2015-03-31 00:00:00+00:00,19.0,0.0,30.1,16.3,10.8,25.8,21.3,3.0,246.0,54.4,24.7,44801.74,41164.59,9.8,0.0,0.0,6.14,0.0,14.0,7.1,53.0,,,,31.3,16.2,246.0,8.3,4.6
2015-04-01 00:00:00+00:00,18.8,0.0,16.1,17.0,13.4,24.2,22.7,3.0,299.0,33.8,22.2,44911.08,42128.76,12.3,0.0,0.0,4.77,0.0,25.0,8.9,55.0,,,,25.5,12.2,299.0,14.0,7.3
2015-04-02 00:00:00+00:00,20.8,0.0,12.6,19.3,12.1,28.5,27.2,3.0,252.0,26.6,24.12,45020.14,41009.27,11.3,0.0,0.0,5.42,0.0,72.0,6.6,47.0,,,,17.8,8.0,252.0,8.6,4.5
2015-04-03 00:00:00+00:00,20.4,0.0,17.8,19.2,15.6,26.3,25.7,3.0,318.0,37.8,24.44,45128.84,41814.53,14.9,0.0,0.0,5.54,0.0,28.0,10.3,55.0,,,,25.5,11.6,318.0,11.2,4.9
2015-04-04 00:00:00+00:00,18.8,0.0,18.6,17.5,13.0,25.0,23.7,0.0,354.0,32.8,25.14,45237.12,42449.45,13.1,0.0,0.0,5.23,0.0,1.0,8.3,55.0,,,,20.5,9.2,354.0,6.1,1.1
2015-04-05 00:00:00+00:00,19.6,0.0,17.1,18.0,12.1,26.9,25.7,0.0,36.0,30.2,25.6,45344.89,42555.17,11.2,0.0,0.0,5.63,0.0,0.0,8.1,53.0,,,,21.6,10.6,36.0,12.2,7.1
2015-04-06 00:00:00+00:00,20.9,0.0,16.6,18.3,13.4,28.8,26.5,0.0,52.0,36.7,26.14,45452.09,42660.18,11.1,0.0,0.0,6.51,0.0,0.0,5.5,42.0,,,,26.5,13.3,52.0,16.6,10.1
2015-04-07 00:00:00+00:00,24.6,0.0,14.9,22.4,14.6,35.3,32.8,1.0,202.0,33.5,25.6,45558.65,42764.41,12.6,0.0,0.0,7.03,0.0,2.0,5.2,34.0,,,,21.6,10.6,202.0,13.0,5.6
2015-04-08 00:00:00+00:00,28.7,0.0,32.7,24.3,18.4,38.6,32.8,2.0,192.0,60.8,25.38,45664.47,42344.25,15.7,0.0,0.0,10.69,0.0,33.0,2.7,25.0,,,,38.5,21.4,192.0,13.3,9.7
2015-04-09 00:00:00+00:00,17.9,0.0,24.1,14.8,14.6,21.6,18.3,2.0,303.0,48.6,25.1,45769.48,42885.02,11.7,0.0,0.0,5.57,0.0,20.0,6.6,51.0,,,,37.8,18.6,303.0,22.0,12.7
2015-04-10 00:00:00+00:00,14.6,0.1,29.7,10.8,10.2,19.3,14.1,51.0,279.0,55.8,21.78,45873.68,41019.13,7.9,1.0,0.1,4.64,0.0,18.0,4.3,53.0,,,,35.0,17.9,279.0,10.8,5.4
2015-04-11 00:00:00+00:00,14.0,0.0,32.3,9.5,10.0,18.5,13.8,2.0,273.0,62.3,21.23,45977.79,42955.9,6.3,0.0,0.0,4.7,0.0,35.0,3.9,53.0,,,,43.0,22.3,273.0,29.5,16.1
2015-04-12 00:00:00+00:00,15.4,0.0,27.7,11.8,10.2,20.4,15.3,3.0,297.0,53.6,17.87,46081.95,40251.5,7.8,0.0,0.0,4.39,0.0,31.0,5.3,55.0,,,,34.8,17.4,297.0,19.1,10.2
2015-04-13 00:00:00+00:00,17.2,0.0,17.3,14.7,10.3,24.4,21.8,0.0,300.0,37.1,26.25,46186.09,43026.8,8.7,0.0,0.0,5.67,0.0,5.0,4.4,49.0,,,,24.1,11.5,300.0,11.2,6.3
2015-04-14 00:00:00+00:00,17.2,0.0,18.0,15.2,10.0,24.1,22.5,2.0,15.0,32.8,26.18,46290.14,43062.28,9.1,0.0,0.0,5.4,0.0,17.0,5.1,51.0,,,,19.6,9.1,15.0,6.5,3.3
2015-04-15 00:00:00+00:00,16.8,0.5,21.1,14.5,10.3,23.5,21.0,51.0,351.0,41.0,24.39,46394.02,42368.28,9.0,2.0,0.5,5.21,0.0,15.0,6.1,54.0,,,,25.9,12.5,351.0,13.0,7.4
2015-04-16 00:00:00+00:00,18.4,0.0,15.9,16.5,11.9,25.4,23.4,1.0,326.0,30.2,24.34,46497.67,40222.1,11.4,0.0,0.0,5.43,0.0,19.0,5.9,52.0,,,,20.6,9.5,326.0,8.3,5.4
2015-04-17 00:00:00+00:00,18.8,0.0,18.0,16.7,11.0,26.3,23.9,2.0,7.0,36.4,26.18,46601.01,43168.82,9.7,0.0,0.0,5.98,0.0,11.0,6.3,51.0,,,,23.2,11.5,7.0,10.1,6.5
2015-04-18 00:00:00+00:00,20.0,0.0,16.1,17.8,10.4,27.9,25.7,0.0,34.0,34.6,27.46,46703.96,43200.0,9.0,0.0,0.0,6.34,0.0,0.0,5.7,46.0,,,,23.6,11.3,34.0,11.5,6.9
2015-04-19 00:00:00+00:00,22.2,0.0,15.5,19.7,11.9,31.2,28.9,0.0,35.0,30.2,27.55,46806.45,43200.0,10.0,0.0,0.0,6.95,0.0,0.0,3.6,36.0,,,,21.4,10.5,35.0,11.5,7.0
2015-04-20 00:00:00+00:00,26.3,0.0,16.0,23.3,15.1,36.2,32.9,2.0,256.0,33.5,27.2,46908.4,43200.0,12.7,0.0,0.0,7.82,0.0,20.0,-0.2,23.0,,,,20.4,9.8,256.0,11.2,5.4
2015-04-21 00:00:00+00:00,23.0,0.0,16.8,21.3,15.1,30.2,28.6,1.0,318.0,35.6,27.13,47009.73,43200.0,14.6,0.0,0.0,6.77,0.0,2.0,7.3,40.0,,,,22.2,10.6,318.0,10.4,5.4
2015-04-22 00:00:00+00:00,20.2,0.0,24.5,18.6,14.9,27.5,26.6,0.0,332.0,45.0,26.28,47110.37,43200.0,12.0,0.0,0.0,6.14,0.0,2.0,8.9,52.0,,,,25.9,12.3,332.0,6.8,2.6
2015-04-23 00:00:00+00:00,17.4,0.0,28.0,14.0,11.8,23.8,20.1,0.0,320.0,54.0,27.16,47210.23,43200.0,10.1,0.0,0.0,6.23,0.0,4.0,3.8,45.0,,,,33.8,16.5,320.0,11.5,5.4
2015-04-24 00:00:00+00:00,17.7,0.0,17.1,15.1,11.5,24.1,22.4,1.0,8.0,31.7,27.75,47309.21,43200.0,9.4,0.0,0.0,5.94,0.0,8.0,3.3,42.0,,,,23.5,11.1,8.0,13.7,7.2
2015-04-25 00:00:00+00:00,18.8,0.0,21.9,15.1,11.3,26.9,23.1,0.0,48.0,45.0,28.45,47407.26,43340.11,7.9,0.0,0.0,7.09,0.0,0.0,2.1,38.0,,,,32.3,17.1,48.0,20.2,12.0
2015-04-26 00:00:00+00:00,21.5,0.0,15.5,19.1,11.9,31.1,29.0,0.0,55.0,33.8,27.65,47504.27,43336.09,10.1,0.0,0.0,6.62,0.0,0.0,5.7,44.0,,,,25.1,12.5,55.0,15.5,8.9
2015-04-27 00:00:00+00:00,26.5,0.0,23.1,23.6,16.1,36.5,32.6,0.0,207.0,48.2,27.89,47600.16,43423.1,13.6,0.0,0.0,8.42,0.0,0.0,3.0,28.0,,,,25.6,12.5,207.0,11.2,6.8
2015-04-28 00:00:00+00:00,24.2,0.0,9.1,23.8,14.9,34.0,33.7,0.0,317.0,19.1,27.96,47694.84,43420.73,14.9,0.0,0.0,6.3,0.0,2.0,9.4,47.0,,,,14.9,6.3,317.0,7.2,0.4
2015-04-29 00:00:00+00:00,26.3,0.0,22.7,24.9,17.4,37.0,35.9,0.0,347.0,40.0,28.29,47788.22,43611.7,16.3,0.0,0.0,7.95,0.0,0.0,8.9,38.0,,,,22.8,11.5,347.0,8.3,3.6
2015-04-30 00:00:00+00:00,21.9,0.0,19.0,20.6,14.9,30.2,28.5,3.0,354.0,33.5,27.48,47880.28,42568.67,14.9,0.0,0.0,6.53,0.0,15.0,9.7,54.0,,,,26.3,13.0,354.0,17.3,9.4
2015-05-01 00:00:00+00:00,21.3,0.0,18.1,20.1,13.6,29.5,28.2,2.0,356.0,32.0,27.83,47971.7,43614.1,12.9,0.0,0.0,6.4,0.0,7.0,9.8,53.0,,,,23.6,11.5,356.0,13.7,6.9
2015-05-02 00:00:00+00:00,21.1,0.0,17.9,20.0,14.8,28.5,27.3,2.0,15.0,32.0,27.73,48062.6,43302.09,14.6,0.0,0.0,6.24,0.0,13.0,9.7,54.0,,,,23.8,11.4,15.0,15.5,7.3
2015-05-03 00:00:00+00:00,21.2,0.0,18.9,20.0,14.4,28.9,27.9,1.0,7.0,35.3,28.25,48152.91,43614.11,14.2,0.0,0.0,6.44,0.0,7.0,9.9,54.0,,,,25.4,12.4,7.0,13.7,7.6
2015-05-04 00:00:00+00:00,21.2,0.0,18.4,20.4,13.9,28.8,28.5,1.0,5.0,34.6,27.6,48242.56,43721.74,13.5,0.0,0.0,6.15,0.0,5.0,10.9,56.0,,,,23.8,11.3,5.0,12.2,7.0
2015-05-05 00:00:00+00:00,21.9,0.0,19.1,20.6,14.5,29.7,28.5,1.0,35.0,34.6,27.73,48331.48,43722.6,14.2,0.0,0.0,6.53,0.0,4.0,10.6,54.0,,,,26.0,13.5,35.0,14.0,7.8
2015-05-06 00:00:00+00:00,23.0,0.0,17.3,21.5,15.2,30.7,29.1,0.0,32.0,37.8,28.01,48419.57,43947.73,15.0,0.0,0.0,6.97,0.0,0.0,9.7,50.0,,,,27.7,13.8,32.0,16.2,9.2
2015-05-07 00:00:00+00:00,23.7,0.0,14.8,22.6,14.5,31.7,30.4,0.0,17.0,29.2,28.58,48506.77,44179.96,14.4,0.0,0.0,6.85,0.0,0.0,8.9,46.0,,,,21.6,10.0,17.0,12.2,6.6
2015-05-08 00:00:00+00:00,25.6,0.0,11.4,25.0,17.4,33.4,32.9,0.0,342.0,27.7,28.17,48592.98,44186.75,17.3,0.0,0.0,6.73,0.0,0.0,9.4,41.0,,,,17.3,7.3,342.0,7.6,1.1
2015-05-09 00:00:00+00:00,27.0,0.0,23.0,25.3,19.8,35.5,33.4,0.0,262.0,47.9,28.12,48678.14,44310.74,18.4,0.0,0.0,8.45,0.0,0.0,10.4,39.0,,,,31.0,15.6,262.0,11.2,6.0
2015-05-10 00:00:00+00:00,24.4,0.0,15.5,24.5,17.9,32.0,31.8,3.0,314.0,32.0,27.26,48762.14,43720.68,19.6,0.0,0.0,6.42,0.0,28.0,12.4,55.0,,,,21.9,9.1,314.0,7.2,3.1
2015-05-11 00:00:00+00:00,24.6,0.3,27.1,23.0,18.9,31.1,28.9,51.0,37.0,51.8,25.55,48844.92,40992.16,18.2,3.0,0.3,7.28,0.0,20.0,12.1,49.0,,,,36.3,18.1,37.0,20.2,11.8
2015-05-12 00:00:00+00:00,23.8,0.0,18.7,23.0,17.3,30.5,28.5,3.0,285.0,42.1,27.19,48926.38,42851.94,18.4,0.0,0.0,6.64,0.0,35.0,10.3,50.0,,,,24.9,10.8,285.0,8.3,5.9
2015-05-13 00:00:00+00:00,23.2,0.0,25.0,21.3,17.1,29.7,25.6,3.0,272.0,49.7,25.79,49006.42,44584.54,17.7,0.0,0.0,7.05,0.0,18.0,8.8,48.0,,,,30.8,15.1,272.0,9.0,5.2
2015-05-14 00:00:00+00:00,21.4,0.0,15.5,20.6,14.8,26.8,25.9,1.0,321.0,33.1,24.41,49084.97,44467.03,15.1,0.0,0.0,5.54,0.0,11.0,11.1,56.0,,,,21.6,10.2,321.0,9.0,5.4
2015-05-15 00:00:00+00:00,23.2,0.0,20.1,22.3,16.2,30.3,29.5,0.0,357.0,35.6,29.13,49161.94,44925.48,16.7,0.0,0.0,6.76,0.0,0.0,8.9,48.0,,,,20.5,9.1,357.0,7.6,1.9
2015-05-16 00:00:00+00:00,23.7,0.0,21.2,21.9,15.8,32.2,29.8,0.0,42.0,40.0,29.31,49237.22,45059.88,15.5,0.0,0.0,7.76,0.0,0.0,9.8,48.0,,,,31.1,16.4,42.0,17.6,9.9
2015-05-17 00:00:00+00:00,24.2,0.0,23.0,22.7,14.8,34.1,32.4,3.0,39.0,46.4,28.95,49310.74,45130.23,14.0,0.0,0.0,7.61,0.0,40.0,12.1,54.0,,,,34.1,17.9,39.0,23.8,13.8
2015-05-18 00:00:00+00:00,26.6,0.0,16.3,25.9,17.2,36.9,36.1,3.0,12.0,33.5,29.04,49382.38,44245.73,17.2,0.0,0.0,7.82,0.0,32.0,12.1,48.0,,,,26.9,13.6,12.0,20.2,11.1
2015-05-19 00:00:00+00:00,27.5,0.0,14.4,27.1,16.3,37.6,36.6,0.0,336.0,28.8,29.79,49452.06,45495.63,17.1,0.0,0.0,7.66,0.0,0.0,9.3,43.0,,,,18.9,8.3,336.0,10.1,3.3
2015-05-20 00:00:00+00:00,27.5,0.0,24.7,25.6,19.4,36.3,34.4,0.0,1.0,47.5,29.56,49519.74,45522.58,18.0,0.0,0.0,8.54,0.0,0.0,7.2,32.0,,,,25.7,13.0,1.0,13.3,7.7
2015-05-21 00:00:00+00:00,23.9,0.0,19.3,23.6,18.0,30.8,30.6,1.0,344.0,35.3,28.3,49585.96,44643.14,19.2,0.0,0.0,6.82,0.0,11.0,13.0,55.0,,,,26.5,12.5,344.0,12.6,6.5
2015-05-22 00:00:00+00:00,24.7,0.0,16.2,24.5,16.1,32.8,32.7,0.0,353.0,32.4,28.59,49650.83,45275.64,16.8,0.0,0.0,7.1,0.0,1.0,12.6,52.0,,,,23.6,10.9,353.0,8.6,4.5
2015-05-23 00:00:00+00:00,27.6,0.0,17.2,26.6,17.8,36.1,35.1,0.0,1.0,36.0,28.9,49714.29,45688.97,17.8,0.0,0.0,7.54,0.0,0.0,8.6,36.0,,,,20.0,8.3,1.0,10.4,0.8
2015-05-24 00:00:00+00:00,30.9,0.0,13.3,29.5,21.0,40.1,40.2,2.0,63.0,32.4,27.98,49776.27,45613.89,19.7,0.0,0.0,8.12,0.0,13.0,7.1,26.0,,,,20.3,8.8,63.0,10.4,4.1
2015-05-25 00:00:00+00:00,30.6,1.0,19.4,30.2,22.5,39.6,39.7,55.0,360.0,37.8,28.05,49836.7,45830.7,21.8,1.0,1.0,7.73,0.0,7.0,10.7,32.0,,,,22.8,8.5,360.0,13.3,2.4
2015-05-26 00:00:00+00:00,29.6,0.0,17.2,28.8,20.4,38.4,37.4,3.0,33.0,32.4,27.37,49895.52,45522.68,20.7,0.0,0.0,8.03,0.0,30.0,11.7,38.0,,,,24.6,12.3,33.0,16.9,9.6
2015-05-27 00:00:00+00:00,35.3,0.0,32.6,32.0,26.9,45.3,40.6,3.0,192.0,63.0,27.7,49952.68,45542.1,24.7,0.0,0.0,12.39,0.0,36.0,6.7,20.0,,,,39.5,19.9,192.0,23.0,11.6
2015-05-28 00:00:00+00:00,28.2,0.0,21.2,27.0,21.7,34.8,34.4,3.0,326.0,42.5,27.81,50008.09,45335.89,19.9,0.0,0.0,8.39,0.0,53.0,11.9,39.0,,,,33.3,15.8,326.0,18.4,5.6
2015-05-29 00:00:00+00:00,23.9,0.0,20.0,22.7,18.1,29.7,27.9,1.0,307.0,43.9,28.75,50061.7,46009.51,18.0,0.0,0.0,7.13,0.0,5.0,10.3,45.0,,,,27.4,12.7,307.0,6.5,3.5
2015-05-30 00:00:00+00:00,23.5,0.0,20.5,22.6,17.2,29.6,28.1,0.0,319.0,37.8,28.66,50113.44,46132.46,17.3,0.0,0.0,6.81,0.0,1.0,10.4,48.0,,,,24.2,10.9,319.0,8.3,3.3
2015-05-31 00:00:00+00:00,23.9,0.0,24.4,22.9,16.9,30.8,29.8,0.0,19.0,44.6,29.33,50163.24,46148.45,17.4,0.0,0.0,7.25,0.0,1.0,10.7,49.0,,,,26.8,12.8,19.0,12.2,7.0
2015-06-01 00:00:00+00:00,23.7,0.0,17.0,22.8,16.3,30.6,30.3,0.0,5.0,34.9,29.56,50211.04,46272.67,16.1,0.0,0.0,6.89,0.0,0.0,10.2,47.0,,,,24.6,10.6,5.0,15.1,7.6
2015-06-02 00:00:00+00:00,25.2,0.0,20.2,24.7,17.0,33.0,33.0,0.0,10.0,36.4,29.2,50256.76,46287.0,17.1,0.0,0.0,7.02,0.0,0.0,10.8,46.0,,,,21.5,9.3,10.0,12.2,4.3
2015-06-03 00:00:00+00:00,25.9,0.0,20.7,25.0,18.2,33.9,32.8,2.0,3.0,37.4,29.17,50300.36,45473.84,18.7,0.0,0.0,7.64,0.0,10.0,10.8,46.0,,,,27.7,12.9,3.0,15.1,8.9
2015-06-04 00:00:00+00:00,24.9,0.0,20.2,24.2,17.5,31.4,30.3,0.0,340.0,37.1,29.53,50341.74,46311.07,18.0,0.0,0.0,7.3,0.0,0.0,10.9,46.0,,,,23.6,10.9,340.0,7.9,4.7
2015-06-05 00:00:00+00:00,25.2,0.0,17.2,25.1,17.3,31.8,31.7,0.0,349.0,32.4,29.06,50380.85,46435.76,18.0,0.0,0.0,6.83,0.0,0.0,11.8,49.0,,,,20.9,8.7,349.0,9.7,1.8
2015-06-06 00:00:00+00:00,26.0,0.0,16.1,26.3,18.4,32.8,32.6,3.0,4.0,30.2,27.05,50417.63,43873.36,19.9,0.0,0.0,6.6,0.0,55.0,13.4,51.0,,,,21.1,9.1,4.0,11.9,4.7
2015-06-07 00:00:00+00:00,27.9,0.0,20.7,27.1,20.0,36.1,35.7,2.0,49.0,39.6,28.35,50452.0,46453.34,20.0,0.0,0.0,8.17,0.0,14.0,13.1,45.0,,,,30.9,15.4,49.0,23.0,11.8
2015-06-08 00:00:00+00:00,30.0,0.0,19.8,29.5,21.7,40.1,40.6,1.0,41.0,36.4,28.47,50483.91,46696.09,20.7,0.0,0.0,8.38,0.0,6.0,12.8,39.0,,,,29.7,13.6,41.0,21.2,4.3
2015-06-09 00:00:00+00:00,27.1,0.0,20.5,27.2,19.8,34.7,34.3,3.0,349.0,40.7,28.55,50513.3,46304.3,21.5,0.0,0.0,7.65,0.0,10.0,14.7,53.0,,,,28.3,14.0,349.0,15.8,8.6
2015-06-10 00:00:00+00:00,26.2,0.0,21.2,26.1,19.4,33.1,32.7,0.0,356.0,39.2,28.95,50540.42,46588.66,20.8,0.0,0.0,7.61,0.0,0.0,13.5,50.0,,,,26.8,12.9,356.0,13.0,6.9
2015-06-11 00:00:00+00:00,25.7,0.0,18.9,25.9,18.1,32.4,32.9,0.0,356.0,34.9,28.88,50565.33,46591.31,19.3,0.0,0.0,7.08,0.0,3.0,13.7,52.0,,,,23.4,10.5,356.0,9.7,5.6
2015-06-12 00:00:00+00:00,25.7,0.0,21.3,25.9,19.4,32.4,32.7,1.0,16.0,40.0,28.25,50588.02,46149.65,20.5,0.0,0.0,7.1,0.0,6.0,14.1,53.0,,,,24.9,12.0,16.0,13.3,7.8
2015-06-13 00:00:00+00:00,25.8,0.0,21.0,26.0,18.8,32.7,33.0,0.0,4.0,38.5,28.76,50608.46,46714.01,20.1,0.0,0.0,7.23,0.0,2.0,14.4,53.0,,,,26.7,12.3,4.0,12.2,6.9
2015-06-14 00:00:00+00:00,26.2,0.0,19.1,26.6,18.9,33.7,33.9,2.0,351.0,36.0,28.48,50626.64,46012.25,20.6,0.0,0.0,7.3,0.0,13.0,14.8,54.0,,,,26.4,12.3,351.0,10.4,6.1
2015-06-15 00:00:00+00:00,26.7,0.0,18.6,26.9,19.4,34.6,34.0,3.0,345.0,34.2,28.94,50642.57,45117.26,21.3,0.0,0.0,7.57,0.0,12.0,14.0,52.0,,,,25.8,12.1,345.0,13.3,6.9
2015-06-16 00:00:00+00:00,27.8,0.0,21.0,28.1,18.9,36.6,35.9,0.0,340.0,41.4,29.41,50656.21,46954.28,20.9,0.0,0.0,8.01,0.0,0.0,14.7,52.0,,,,26.6,12.8,340.0,11.5,5.9
2015-06-17 00:00:00+00:00,28.8,0.0,22.5,29.0,19.8,37.8,36.9,0.0,343.0,44.3,29.42,50667.58,47075.08,22.3,0.0,0.0,8.44,0.0,0.0,14.1,48.0,,,,26.8,12.7,343.0,8.6,4.7
2015-06-18 00:00:00+00:00,30.7,0.0,10.0,30.7,21.5,39.4,38.8,0.0,326.0,25.2,29.66,50676.65,47069.36,23.1,0.0,0.0,7.24,0.0,0.0,9.7,35.0,,,,15.1,5.5,326.0,6.5,0.8
2015-06-19 00:00:00+00:00,27.9,0.0,19.9,27.9,21.1,34.3,34.3,0.0,311.0,41.8,29.17,50683.43,46935.27,22.9,0.0,0.0,8.06,0.0,0.0,14.3,47.0,,,,28.7,13.4,311.0,11.9,5.1
2015-06-20 00:00:00+00:00,26.8,0.0,17.4,27.0,19.6,32.8,32.5,0.0,323.0,38.2,28.35,50687.89,46926.13,20.9,0.0,0.0,7.24,0.0,2.0,14.5,50.0,,,,25.9,12.1,323.0,7.6,3.1
2015-06-21 00:00:00+00:00,26.7,0.0,18.1,27.3,19.7,33.3,33.8,0.0,0.0,32.4,28.81,50690.03,46827.62,21.3,0.0,0.0,7.1,0.0,1.0,14.5,51.0,,,,22.4,9.9,0.0,11.5,6.3
2015-06-22 00:00:00+00:00,27.4,0.0,18.1,27.2,19.7,34.5,34.2,0.0,2.0,34.9,29.39,50689.86,47161.02,20.9,0.0,0.0,7.82,0.0,0.0,13.1,46.0,,,,25.0,11.7,2.0,11.5,6.1
2015-06-23 00:00:00+00:00,26.6,0.0,19.4,26.8,20.0,33.4,34.0,1.0,347.0,37.1,27.96,50687.36,46966.29,21.6,0.0,0.0,7.34,0.0,3.0,15.0,53.0,,,,27.7,13.3,347.0,13.3,7.1
2015-06-24 00:00:00+00:00,25.9,0.0,20.0,25.8,19.1,33.0,32.7,1.0,338.0,38.9,28.68,50682.53,46672.29,20.7,0.0,0.0,7.38,0.0,3.0,13.6,52.0,,,,27.2,12.7,338.0,11.5,5.7
2015-06-25 00:00:00+00:00,25.8,0.0,20.4,25.5,18.7,33.3,32.9,0.0,318.0,42.8,28.92,50675.37,46810.61,19.6,0.0,0.0,7.53,0.0,4.0,13.3,50.0,,,,28.5,13.2,318.0,9.7,5.6
2015-06-26 00:00:00+00:00,27.3,0.0,21.4,26.9,19.2,35.1,33.5,0.0,321.0,45.4,29.25,50665.87,47077.08,20.9,0.0,0.0,7.93,0.0,0.0,12.7,48.0,,,,27.2,12.8,321.0,10.1,5.4
2015-06-27 00:00:00+00:00,29.4,0.0,36.6,27.2,20.5,40.2,35.2,0.0,236.0,68.8,29.33,50654.04,47089.76,19.2,0.0,0.0,10.19,0.0,0.0,10.3,35.0,,,,36.3,19.2,236.0,8.6,5.8
2015-06-28 00:00:00+00:00,26.3,0.0,17.7,26.4,21.3,32.3,31.5,2.0,290.0,34.2,25.55,50639.87,44753.18,22.8,0.0,0.0,6.68,0.0,19.0,14.6,53.0,,,,28.5,13.5,290.0,16.2,9.7
2015-06-29 00:00:00+00:00,27.2,0.0,20.2,27.2,19.9,33.7,33.3,2.0,343.0,39.2,28.1,50623.35,46535.69,21.2,0.0,0.0,7.45,0.0,18.0,13.3,46.0,,,,23.1,10.8,343.0,7.9,3.3
2015-06-30 00:00:00+00:00,26.8,0.0,22.3,26.7,20.0,33.3,33.1,0.0,9.0,41.8,29.13,50604.3,46790.81,21.2,0.0,0.0,7.61,0.0,0.0,13.3,48.0,,,,25.6,12.0,9.0,11.2,5.8
2015-07-01 00:00:00+00:00,26.7,0.0,20.7,26.5,19.5,34.1,33.8,1.0,17.0,38.5,28.29,50582.71,46512.34,20.6,0.0,0.0,7.63,0.0,5.0,14.3,51.0,,,,29.9,14.6,17.0,15.1,8.7
2015-07-02 00:00:00+00:00,26.8,0.0,22.5,26.8,19.6,34.6,34.1,3.0,358.0,41.0,28.72,50558.65,45694.35,21.4,0.0,0.0,7.82,0.0,14.0,14.7,54.0,,,,30.5,15.4,358.0,14.4,9.4
2015-07-03 00:00:00+00:00,27.2,0.0,21.3,27.9,20.0,35.0,35.0,3.0,349.0,38.5,28.14,50532.17,44137.77,22.5,0.0,0.0,7.39,0.0,15.0,15.6,56.0,,,,26.4,12.7,349.0,11.2,6.6
2015-07-04 00:00:00+00:00,27.7,0.0,17.7,29.1,20.0,34.9,36.2,2.0,346.0,32.0,28.74,50503.32,45954.85,22.8,0.0,0.0,6.88,0.0,10.0,15.7,55.0,,,,19.6,8.4,346.0,8.6,5.0
2015-07-05 00:00:00+00:00,28.4,0.0,21.3,29.4,21.2,35.9,36.9,1.0,359.0,38.9,28.71,50472.15,46087.62,23.6,0.0,0.0,7.57,0.0,2.0,16.3,53.0,,,,24.8,12.2,359.0,13.0,8.6
2015-07-06 00:00:00+00:00,27.1,0.0,18.7,27.8,20.6,34.5,34.5,3.0,338.0,33.8,28.1,50438.74,45155.24,23.0,0.0,0.0,7.3,0.0,18.0,15.6,56.0,,,,26.8,12.9,338.0,15.8,8.6
2015-07-07 00:00:00+00:00,26.7,0.0,16.8,27.4,19.0,34.5,34.8,2.0,330.0,33.1,28.67,50403.12,46074.2,21.1,0.0,0.0,7.22,0.0,6.0,14.8,54.0,,,,23.5,10.6,330.0,8.6,5.0
2015-07-08 00:00:00+00:00,28.0,0.0,15.8,28.2,20.8,35.3,34.7,0.0,340.0,33.8,29.34,50365.37,46588.66,22.4,0.0,0.0,7.6,0.0,0.0,12.7,45.0,,,,20.5,9.4,340.0,6.1,2.1
2015-07-09 00:00:00+00:00,28.5,0.0,17.1,28.4,21.3,35.4,34.2,0.0,321.0,38.5,29.31,50325.53,46320.22,23.2,0.0,0.0,7.98,0.0,0.0,12.8,44.0,,,,23.8,11.1,321.0,6.8,2.4
2015-07-10 00:00:00+00:00,27.5,0.0,18.4,27.4,19.7,34.8,34.1,0.0,2.0,35.6,29.41,50283.66,46310.17,20.9,0.0,0.0,7.89,0.0,0.0,13.4,47.0,,,,25.2,12.4,2.0,11.9,6.9
2015-07-11 00:00:00+00:00,28.2,0.0,20.4,28.6,19.5,36.5,35.9,0.0,351.0,42.8,28.61,50239.83,45918.42,21.6,0.0,0.0,7.9,0.0,1.0,14.9,51.0,,,,26.2,12.2,351.0,9.4,5.5
2015-07-12 00:00:00+00:00,27.8,0.0,20.7,29.3,20.8,35.2,36.1,3.0,318.0,40.3,25.64,50194.09,44395.83,23.9,0.0,0.0,6.91,0.0,23.0,18.3,61.0,,,,28.0,13.6,318.0,9.4,5.3
2015-07-13 00:00:00+00:00,28.5,0.0,19.0,30.5,22.4,35.8,38.0,3.0,326.0,35.3,26.28,50146.49,44363.46,25.6,0.0,0.0,6.84,0.0,31.0,18.7,60.0,,,,25.7,11.4,326.0,14.8,6.9
2015-07-14 00:00:00+00:00,28.5,0.0,19.0,30.0,20.5,36.6,37.5,3.0,325.0,35.3,28.45,50097.11,45518.74,23.5,0.0,0.0,7.36,0.0,12.0,16.6,55.0,,,,23.2,10.4,325.0,8.3,4.9
2015-07-15 00:00:00+00:00,28.4,0.0,16.6,29.6,20.6,36.0,36.5,3.0,335.0,30.6,28.71,50045.98,45266.8,23.6,0.0,0.0,7.11,0.0,9.0,15.0,52.0,,,,20.1,8.8,335.0,11.2,4.7
2015-07-16 00:00:00+00:00,29.3,0.0,17.5,30.4,20.9,36.9,37.4,0.0,345.0,31.3,28.72,49993.18,45625.0,23.8,0.0,0.0,7.54,0.0,0.0,15.3,51.0,,,,21.5,10.0,345.0,9.0,5.8
2015-07-17 00:00:00+00:00,29.5,0.0,18.3,30.8,21.3,37.6,37.9,1.0,334.0,33.8,28.21,49938.75,45011.77,24.6,0.0,0.0,7.56,0.0,3.0,16.3,52.0,,,,22.4,10.1,334.0,10.4,4.8
2015-07-18 00:00:00+00:00,29.5,0.0,19.2,30.9,20.7,37.9,38.1,2.0,338.0,34.6,28.11,49882.76,44888.55,23.8,0.0,0.0,7.81,0.0,6.0,16.5,53.0,,,,23.0,10.9,338.0,8.3,4.5
2015-07-19 00:00:00+00:00,29.3,0.0,17.9,30.2,20.5,37.3,36.9,0.0,342.0,35.3,28.94,49825.2,45354.64,23.4,0.0,0.0,8.04,0.0,0.0,15.5,51.0,,,,24.5,11.6,342.0,8.6,4.8
2015-07-20 00:00:00+00:00,28.5,0.0,12.6,29.9,20.9,36.1,36.4,2.0,345.0,29.9,28.64,49765.58,44880.29,23.9,0.0,0.0,7.13,0.0,10.0,15.4,53.0,,,,19.6,8.5,345.0,7.6,4.7
2015-07-21 00:00:00+00:00,28.9,0.0,14.0,29.6,20.5,36.6,36.1,1.0,347.0,30.6,29.07,49703.83,44990.08,23.3,0.0,0.0,7.54,0.0,2.0,13.7,47.0,,,,20.1,9.0,347.0,9.7,4.5
2015-07-22 00:00:00+00:00,30.1,0.0,16.2,30.0,20.2,38.1,37.5,0.0,5.0,33.8,28.84,49640.04,45091.33,22.0,0.0,0.0,8.03,0.0,0.0,12.0,41.0,,,,20.8,10.0,5.0,8.6,4.8
2015-07-23 00:00:00+00:00,31.7,0.0,18.8,32.1,22.4,39.6,40.8,0.0,36.0,34.6,28.31,49574.3,44964.4,24.0,0.0,0.0,7.77,0.0,0.0,12.8,38.0,,,,18.9,8.6,36.0,10.1,3.6
2015-07-24 00:00:00+00:00,32.7,0.0,24.5,32.9,24.5,41.2,41.9,0.0,33.0,43.9,28.37,49506.71,44728.49,25.2,0.0,0.0,8.61,0.0,0.0,13.8,37.0,,,,24.9,12.2,33.0,16.9,6.8
2015-07-25 00:00:00+00:00,30.3,0.0,20.6,31.3,22.8,38.2,38.5,1.0,15.0,37.4,28.0,49437.34,44612.36,25.6,0.0,0.0,8.23,0.0,5.0,17.1,51.0,,,,28.3,14.7,15.0,17.3,11.3
2015-07-26 00:00:00+00:00,29.7,0.0,17.8,30.7,20.9,37.3,37.6,0.0,13.0,35.3,28.36,49366.31,44492.79,23.4,0.0,0.0,7.96,0.0,2.0,16.2,50.0,,,,24.5,12.3,13.0,9.7,6.6
2015-07-27 00:00:00+00:00,29.7,0.0,15.0,31.1,21.7,37.1,37.8,0.0,3.0,33.1,28.17,49293.68,44487.46,24.3,0.0,0.0,7.44,0.0,0.0,16.5,50.0,,,,21.1,9.8,3.0,10.4,6.1
2015-07-28 00:00:00+00:00,30.4,0.0,15.5,32.0,23.0,37.7,38.8,0.0,2.0,31.3,27.61,49219.55,44161.68,25.8,0.0,0.0,7.53,0.0,0.0,17.3,51.0,,,,22.9,11.0,2.0,14.0,5.2
2015-07-29 00:00:00+00:00,30.2,0.0,14.2,31.7,23.0,37.6,38.8,0.0,3.0,26.3,27.96,49144.0,44159.77,25.6,0.0,0.0,7.36,0.0,0.0,16.6,50.0,,,,21.5,10.0,3.0,14.8,6.2
2015-07-30 00:00:00+00:00,31.2,0.0,16.7,33.0,22.6,39.1,40.4,0.0,357.0,30.2,27.84,49067.12,44050.07,26.2,0.0,0.0,7.63,0.0,0.0,17.2,49.0,,,,20.1,9.4,357.0,7.2,4.5
2015-07-31 00:00:00+00:00,31.5,0.0,16.7,33.2,22.7,39.6,40.5,0.0,358.0,32.4,27.64,48988.99,44048.6,25.7,0.0,0.0,7.89,0.0,0.0,17.3,48.0,,,,21.4,10.1,358.0,7.6,4.7
2015-08-01 00:00:00+00:00,31.6,0.0,19.3,33.0,23.5,39.4,40.5,0.0,24.0,38.2,27.63,48909.7,43942.99,26.1,0.0,0.0,8.35,0.0,0.0,18.0,48.0,,,,26.4,13.1,24.0,12.2,7.6
2015-08-02 00:00:00+00:00,31.3,0.0,17.2,33.7,23.8,39.3,41.8,1.0,18.0,32.0,26.86,48829.3,43518.86,27.0,0.0,0.0,7.7,0.0,6.0,20.1,56.0,,,,26.2,13.4,18.0,16.2,9.7
2015-08-03 00:00:00+00:00,31.8,0.0,15.5,34.6,24.5,39.4,41.4,3.0,356.0,29.9,26.82,48747.91,43519.64,29.0,0.0,0.0,7.53,0.0,18.0,20.3,56.0,,,,23.2,11.7,356.0,11.2,7.3
2015-08-04 00:00:00+00:00,32.0,0.0,17.3,34.1,24.7,39.4,40.7,0.0,335.0,31.0,27.31,48665.59,43561.89,29.0,0.0,0.0,7.62,0.0,0.0,18.0,49.0,,,,21.1,10.1,335.0,9.0,6.6
2015-08-05 00:00:00+00:00,30.9,0.0,16.8,32.9,23.1,38.5,38.3,1.0,334.0,34.2,27.19,48582.41,43471.16,27.2,0.0,0.0,7.65,0.0,4.0,17.7,53.0,,,,22.2,10.3,334.0,6.5,3.3
2015-08-06 00:00:00+00:00,32.1,0.0,14.4,33.3,22.5,39.9,39.9,0.0,22.0,31.0,27.63,48498.46,43473.75,26.1,0.0,0.0,7.73,0.0,0.0,15.2,44.0,,,,19.5,8.8,22.0,9.7,2.0
2015-08-07 00:00:00+00:00,35.3,0.0,20.7,34.8,28.5,42.9,42.2,0.0,221.0,42.8,27.14,48413.8,43392.09,28.5,0.0,0.0,9.87,0.0,0.0,13.3,29.0,,,,28.9,14.3,221.0,15.5,8.8
2015-08-08 00:00:00+00:00,33.8,0.0,22.3,35.0,25.3,41.5,43.3,0.0,29.0,41.0,26.89,48328.45,43311.42,28.1,0.0,0.0,8.26,0.0,0.0,16.5,40.0,,,,21.6,10.7,29.0,10.1,6.5
2015-08-09 00:00:00+00:00,33.5,0.0,17.4,34.8,26.5,40.5,41.8,0.0,32.0,32.4,26.79,48241.74,43258.97,28.8,0.0,0.0,8.52,0.0,0.0,17.4,42.0,,,,25.7,12.7,32.0,14.4,8.3
2015-08-10 00:00:00+00:00,33.3,0.0,17.4,34.4,26.0,40.0,41.0,0.0,24.0,34.6,26.78,48153.59,43200.0,28.0,0.0,0.0,8.54,0.0,0.0,16.8,40.0,,,,24.7,12.3,24.0,10.1,6.5
2015-08-11 00:00:00+00:00,32.4,0.0,21.4,34.6,25.6,39.6,41.8,0.0,17.0,40.0,26.26,48064.07,43200.0,29.0,0.0,0.0,7.84,0.0,0.0,19.4,50.0,,,,25.1,12.5,17.0,17.3,8.6
2015-08-12 00:00:00+00:00,31.2,0.0,18.9,33.0,24.5,38.0,39.3,0.0,6.0,34.6,26.79,47973.28,43200.0,28.0,0.0,0.0,7.69,0.0,0.0,18.5,52.0,,,,25.8,12.6,6.0,15.1,9.0
2015-08-13 00:00:00+00:00,30.2,0.0,16.5,31.8,23.5,36.8,38.1,1.0,10.0,29.9,26.49,47881.3,43200.0,26.4,0.0,0.0,7.31,0.0,3.0,17.8,52.0,,,,23.7,11.5,10.0,13.7,7.7
2015-08-14 00:00:00+00:00,30.9,0.0,19.6,31.5,22.6,38.9,38.3,0.0,26.0,37.8,27.1,47788.24,43200.0,25.5,0.0,0.0,8.26,0.0,0.0,15.7,47.0,,,,25.9,12.9,26.0,12.2,7.1
2015-08-15 00:00:00+00:00,32.5,0.0,17.7,33.1,23.7,40.9,41.0,0.0,51.0,37.4,26.31,47694.16,43200.0,25.6,0.0,0.0,8.61,0.0,0.0,15.9,42.0,,,,26.4,13.6,51.0,12.2,9.5
2015-08-16 00:00:00+00:00,35.2,0.0,24.3,35.2,29.1,42.9,43.3,0.0,329.0,47.5,26.46,47599.15,43200.0,28.4,0.0,0.0,9.19,0.0,0.0,14.1,31.0,,,,26.7,13.4,329.0,14.8,4.0
2015-08-17 00:00:00+00:00,31.2,0.0,22.0,33.7,25.8,38.2,40.2,3.0,353.0,41.8,25.3,47503.3,43200.0,29.6,0.0,0.0,7.51,0.0,19.0,20.8,58.0,,,,30.4,14.9,353.0,18.4,9.5
2015-08-18 00:00:00+00:00,30.6,0.0,19.9,32.2,24.2,38.0,38.7,1.0,9.0,39.2,25.52,47406.69,43200.0,27.8,0.0,0.0,7.77,0.0,6.0,19.2,56.0,,,,31.0,15.9,9.0,16.6,9.9
2015-08-19 00:00:00+00:00,30.3,0.0,19.1,31.7,23.1,37.8,38.0,0.0,12.0,36.4,26.23,47309.39,43200.0,26.7,0.0,0.0,7.73,0.0,2.0,17.6,52.0,,,,26.4,13.3,12.0,12.2,7.6
2015-08-20 00:00:00+00:00,30.6,0.0,19.8,32.2,23.1,38.3,39.9,0.0,18.0,39.2,26.03,47211.49,43200.0,25.4,0.0,0.0,7.87,0.0,0.0,18.8,53.0,,,,28.4,14.6,18.0,16.2,9.4
2015-08-21 00:00:00+00:00,29.6,0.0,18.1,30.9,22.7,36.6,37.4,2.0,9.0,35.3,25.74,47113.05,43200.0,25.9,0.0,0.0,7.43,0.0,9.0,17.8,54.0,,,,27.6,13.9,9.0,14.0,8.2
2015-08-22 00:00:00+00:00,29.7,0.0,17.7,31.3,21.7,37.4,38.4,3.0,4.0,36.0,25.46,47014.16,43200.0,24.9,0.0,0.0,7.33,0.0,15.0,18.0,54.0,,,,24.9,12.4,4.0,9.7,6.5
2015-08-23 00:00:00+00:00,29.4,0.0,19.7,31.3,23.1,36.4,37.9,3.0,357.0,35.3,24.84,46914.9,41626.77,26.6,0.0,0.0,6.97,0.0,20.0,18.9,58.0,,,,25.8,13.3,357.0,12.6,7.6
2015-08-24 00:00:00+00:00,29.0,0.0,21.1,30.6,23.2,35.8,36.6,1.0,336.0,39.2,25.2,46815.32,43200.0,26.8,0.0,0.0,7.02,0.0,6.0,18.0,57.0,,,,26.2,13.0,336.0,11.9,7.5
2015-08-25 00:00:00+00:00,28.3,0.0,16.1,29.7,21.4,34.7,35.4,1.0,322.0,34.9,25.07,46715.52,43200.0,24.7,0.0,0.0,6.79,0.0,3.0,17.3,55.0,,,,25.0,11.6,322.0,9.4,4.2
2015-08-26 00:00:00+00:00,28.7,0.0,12.1,30.6,21.6,34.7,36.9,1.0,335.0,26.3,24.49,46615.54,43200.0,24.4,0.0,0.0,5.93,0.0,6.0,17.1,53.0,,,,17.0,6.8,335.0,7.6,3.7
2015-08-27 00:00:00+00:00,30.2,0.0,16.3,31.6,22.6,36.8,37.3,0.0,32.0,29.2,25.64,46515.48,43200.0,26.1,0.0,0.0,7.12,0.0,0.0,16.5,50.0,,,,21.6,10.2,32.0,10.8,5.9
2015-08-28 00:00:00+00:00,30.5,0.0,16.2,32.0,23.3,37.0,37.6,0.0,27.0,32.8,25.14,46415.31,43149.62,27.0,0.0,0.0,7.32,0.0,1.0,17.8,52.0,,,,25.0,12.3,27.0,14.4,8.4
2015-08-29 00:00:00+00:00,29.7,0.0,17.3,30.8,22.5,36.6,36.4,1.0,2.0,33.5,25.49,46314.37,43083.54,26.1,0.0,0.0,7.41,0.0,2.0,16.5,51.0,,,,25.1,12.4,2.0,10.8,6.7
2015-08-30 00:00:00+00:00,29.1,0.0,19.1,30.4,22.3,36.9,36.5,3.0,335.0,37.4,24.63,46212.52,39648.51,26.0,0.0,0.0,7.06,0.0,18.0,16.9,55.0,,,,24.9,11.7,335.0,10.1,5.8
2015-08-31 00:00:00+00:00,28.9,0.0,15.1,30.2,20.9,36.1,36.5,0.0,351.0,28.4,25.17,46109.84,42948.09,23.8,0.0,0.0,6.8,0.0,0.0,16.2,53.0,,,,19.9,9.4,351.0,9.0,3.6
2015-09-01 00:00:00+00:00,29.7,0.0,17.3,30.0,21.3,37.2,36.9,0.0,341.0,32.4,25.29,46006.41,42878.91,23.0,0.0,0.0,7.26,0.0,0.0,14.1,43.0,,,,21.1,10.0,341.0,8.6,4.1
2015-09-02 00:00:00+00:00,29.8,0.0,18.8,30.8,21.4,37.6,37.4,0.0,3.0,34.9,25.02,45902.31,42808.86,24.8,0.0,0.0,7.41,0.0,1.0,16.2,50.0,,,,23.7,11.4,3.0,9.4,5.1
2015-09-03 00:00:00+00:00,29.4,0.0,24.9,29.4,20.7,37.7,35.9,0.0,9.0,45.0,25.09,45797.61,42738.04,23.2,0.0,0.0,7.99,0.0,0.0,14.6,47.0,,,,27.7,14.2,9.0,11.5,7.3
2015-09-04 00:00:00+00:00,29.1,0.0,17.7,29.8,20.7,36.6,37.1,0.0,7.0,38.2,24.69,45692.38,42666.54,22.5,0.0,0.0,7.2,0.0,0.0,15.9,48.0,,,,24.4,11.6,7.0,10.1,5.9
2015-09-05 00:00:00+00:00,28.5,0.0,17.9,29.7,21.3,35.2,35.8,0.0,9.0,33.5,24.65,45586.68,42594.43,24.0,0.0,0.0,6.51,0.0,1.0,16.3,52.0,,,,21.3,10.0,9.0,12.2,6.4
2015-09-06 00:00:00+00:00,28.6,0.0,14.7,29.4,21.0,36.0,35.6,0.0,11.0,31.3,24.83,45480.61,42521.81,23.6,0.0,0.0,6.81,0.0,0.0,15.5,51.0,,,,23.0,10.7,11.0,9.7,5.2
2015-09-07 00:00:00+00:00,29.5,0.0,18.2,30.8,21.7,38.2,38.7,2.0,14.0,36.4,23.81,45374.2,42448.76,24.0,0.0,0.0,7.07,0.0,8.0,17.3,53.0,,,,24.6,12.1,14.0,10.8,6.5
2015-09-08 00:00:00+00:00,30.6,0.0,21.5,32.2,23.1,39.6,39.7,3.0,17.0,41.0,23.64,45267.55,41239.65,26.6,0.0,0.0,7.4,0.0,14.0,18.7,56.0,,,,27.9,14.1,17.0,14.0,8.1
2015-09-09 00:00:00+00:00,31.1,0.0,21.2,32.3,23.4,40.4,39.8,2.0,20.0,41.8,23.76,45160.73,42301.72,27.0,0.0,0.0,7.8,0.0,5.0,18.0,53.0,,,,29.0,15.0,20.0,14.8,8.8
2015-09-10 00:00:00+00:00,30.6,0.0,20.8,32.0,23.0,39.4,39.2,2.0,27.0,38.2,23.85,45053.78,42227.91,26.4,0.0,0.0,7.38,0.0,8.0,18.4,56.0,,,,27.7,14.8,27.0,16.2,10.8
2015-09-11 00:00:00+00:00,30.4,0.0,18.4,31.4,22.5,39.3,38.4,1.0,27.0,37.8,23.71,44946.78,42149.36,25.8,0.0,0.0,7.3,0.0,4.0,17.3,53.0,,,,26.8,13.9,27.0,16.2,10.2
2015-09-12 00:00:00+00:00,30.0,0.0,23.4,31.3,22.3,39.5,38.4,2.0,17.0,42.5,23.36,44839.8,42043.96,26.0,0.0,0.0,7.43,0.0,13.0,18.0,56.0,,,,28.2,14.7,17.0,14.0,8.7
2015-09-13 00:00:00+00:00,29.8,0.0,18.9,31.6,22.7,37.5,38.5,1.0,13.0,33.5,23.14,44732.91,41938.51,26.2,0.0,0.0,6.78,0.0,4.0,18.8,57.0,,,,26.0,13.1,13.0,15.1,8.7
2015-09-14 00:00:00+00:00,29.0,0.0,17.9,30.6,22.7,35.9,37.0,1.0,19.0,33.8,23.02,44626.16,41833.07,25.5,0.0,0.0,6.54,0.0,2.0,18.7,58.0,,,,26.7,13.6,19.0,14.4,8.5
2015-09-15 00:00:00+00:00,28.5,0.0,19.5,29.8,22.0,35.1,35.9,1.0,17.0,34.9,23.01,44519.62,41727.7,24.6,0.0,0.0,6.25,0.0,8.0,17.3,56.0,,,,23.5,11.9,17.0,14.4,8.6
2015-09-16 00:00:00+00:00,29.3,0.0,18.1,30.2,22.3,36.0,37.4,0.0,58.0,32.8,22.52,44413.37,41575.13,24.5,0.0,0.0,6.26,0.0,2.0,16.1,50.0,,,,22.3,11.0,58.0,14.0,5.7
2015-09-17 00:00:00+00:00,29.3,0.0,19.7,30.3,22.6,36.1,36.5,0.0,34.0,36.4,22.74,44307.38,41141.54,25.2,0.0,0.0,6.7,0.0,0.0,17.4,54.0,,,,27.8,14.1,34.0,20.9,11.5
2015-09-18 00:00:00+00:00,29.7,0.0,17.7,31.2,23.2,36.0,37.4,1.0,35.0,33.5,22.1,44200.96,40470.67,26.3,0.0,0.0,6.18,0.0,7.0,17.7,54.0,,,,24.9,12.0,35.0,15.8,8.2
2015-09-19 00:00:00+00:00,31.1,0.0,15.9,31.0,24.6,38.0,37.7,0.0,148.0,32.0,22.33,44093.98,41044.45,26.0,0.0,0.0,7.25,0.0,3.0,13.8,41.0,,,,26.5,12.7,148.0,20.9,8.0
2015-09-20 00:00:00+00:00,29.5,0.0,20.5,29.4,22.5,35.8,34.5,0.0,267.0,45.4,22.21,43986.5,40394.75,22.8,0.0,0.0,7.04,0.0,4.0,14.3,43.0,,,,26.0,12.5,267.0,6.1,0.8
2015-09-21 00:00:00+00:00,28.9,0.0,12.7,29.9,20.3,35.6,35.7,0.0,338.0,28.8,20.89,43878.59,40354.33,22.8,0.0,0.0,5.61,0.0,3.0,14.9,48.0,,,,15.9,7.3,338.0,6.8,4.2
2015-09-22 00:00:00+00:00,31.5,0.0,17.4,30.2,24.6,38.5,36.6,0.0,171.0,36.4,22.74,43770.34,40426.29,24.2,0.0,0.0,7.77,0.0,0.0,10.1,32.0,,,,25.4,12.5,171.0,16.9,8.0
2015-09-23 00:00:00+00:00,30.0,0.0,10.2,30.9,22.8,36.6,37.3,0.0,332.0,23.8,22.16,43661.8,40156.65,25.5,0.0,0.0,5.71,0.0,0.0,13.9,43.0,,,,15.6,6.1,332.0,7.2,3.3
2015-09-24 00:00:00+00:00,31.2,0.0,12.3,31.9,23.1,38.4,38.6,2.0,5.0,29.9,21.82,43553.04,39896.86,25.6,0.0,0.0,6.04,0.0,9.0,14.2,41.0,,,,17.8,7.2,5.0,7.2,1.8
2015-09-25 00:00:00+00:00,31.3,0.0,17.7,31.6,23.4,38.7,39.7,1.0,44.0,30.2,20.84,43444.13,39542.38,24.6,0.0,0.0,6.29,0.0,7.0,13.6,38.0,,,,16.8,8.1,44.0,7.2,2.5
2015-09-26 00:00:00+00:00,30.5,0.0,22.2,30.6,24.2,37.3,37.4,1.0,36.0,42.5,21.78,43335.15,39714.8,25.2,0.0,0.0,7.19,0.0,7.0,15.1,44.0,,,,25.5,14.0,36.0,19.1,11.2
2015-09-27 00:00:00+00:00,28.2,0.0,19.8,28.8,21.5,35.0,34.1,1.0,22.0,35.6,21.44,43226.16,39478.04,24.0,0.0,0.0,6.43,0.0,3.0,16.4,54.0,,,,26.9,13.4,22.0,14.4,8.0
2015-09-28 00:00:00+00:00,28.7,0.0,20.1,29.5,22.0,36.0,35.7,1.0,31.0,36.4,21.0,43117.21,39348.21,24.5,0.0,0.0,6.49,0.0,7.0,17.0,53.0,,,,27.1,13.5,31.0,13.0,6.4
2015-09-29 00:00:00+00:00,29.4,0.0,17.2,30.2,22.8,36.4,36.7,3.0,59.0,34.2,19.98,43008.4,39041.28,25.0,0.0,0.0,6.2,0.0,35.0,16.7,51.0,,,,25.1,12.7,59.0,16.2,7.7
2015-09-30 00:00:00+00:00,28.0,0.0,20.6,29.3,24.2,33.0,35.1,3.0,21.0,42.5,18.39,42899.78,38971.5,26.2,0.0,0.0,5.62,0.0,44.0,19.5,61.0,,,,34.6,17.1,21.0,28.4,13.2
2015-10-01 00:00:00+00:00,27.5,0.0,19.1,28.4,22.4,32.6,32.6,3.0,6.0,36.4,16.16,42791.43,38936.53,24.4,0.0,0.0,4.83,0.0,38.0,17.0,55.0,,,,23.3,11.3,6.0,15.1,7.6
2015-10-02 00:00:00+00:00,27.7,0.0,18.9,28.9,21.6,33.9,34.9,0.0,5.0,34.9,20.58,42683.4,38965.32,24.0,0.0,0.0,5.52,0.0,0.0,16.9,56.0,,,,22.1,10.4,5.0,12.2,7.2
2015-10-03 00:00:00+00:00,27.6,0.0,18.4,28.5,21.4,34.4,34.5,0.0,28.0,37.8,20.46,42575.78,38865.46,23.4,0.0,0.0,5.95,0.0,0.0,17.7,59.0,,,,29.2,15.0,28.0,18.7,11.1
2015-10-04 00:00:00+00:00,27.0,0.0,21.3,27.7,22.1,33.4,33.6,2.0,6.0,39.6,19.17,42468.63,38829.3,23.9,0.0,0.0,5.72,0.0,12.0,17.7,60.0,,,,30.3,15.7,6.0,20.2,10.5
2015-10-05 00:00:00+00:00,25.3,0.0,17.9,25.2,19.0,31.2,31.0,2.0,350.0,33.5,20.55,42362.02,38792.7,20.2,0.0,0.0,5.54,0.0,9.0,14.3,54.0,,,,24.4,11.8,350.0,11.5,7.7
2015-10-06 00:00:00+00:00,24.7,0.0,20.5,24.9,18.1,30.7,29.9,2.0,303.0,39.2,18.81,42256.03,38755.64,18.7,0.0,0.0,4.9,0.0,21.0,14.4,55.0,,,,20.6,9.7,303.0,8.3,4.0
2015-10-07 00:00:00+00:00,25.4,0.0,16.7,26.1,20.0,29.9,29.2,2.0,279.0,35.6,15.71,42150.64,38365.17,22.0,0.0,0.0,4.3,0.0,24.0,16.2,60.0,,,,20.7,10.2,279.0,9.4,5.5
2015-10-08 00:00:00+00:00,26.2,0.0,15.0,27.5,19.2,31.7,32.2,1.0,289.0,32.0,17.53,42045.1,38680.13,21.1,0.0,0.0,4.46,0.0,11.0,16.5,58.0,,,,17.9,7.8,289.0,7.2,1.6
2015-10-09 00:00:00+00:00,26.5,0.0,18.8,27.1,21.2,32.2,31.8,2.0,339.0,36.7,19.59,41939.27,38641.81,23.3,0.0,0.0,5.23,0.0,13.0,15.5,55.0,,,,20.2,10.0,339.0,4.3,0.8
2015-10-10 00:00:00+00:00,25.2,0.0,18.3,25.4,18.4,31.7,31.1,3.0,19.0,32.4,19.19,41833.22,38603.1,19.9,0.0,0.0,5.26,0.0,48.0,15.3,59.0,,,,24.5,12.4,19.0,11.5,7.2
2015-10-11 00:00:00+00:00,25.7,0.0,17.1,26.2,18.9,33.0,33.0,3.0,32.0,35.6,19.57,41727.03,38564.0,19.9,0.0,0.0,5.28,0.0,20.0,16.3,60.0,,,,25.7,13.3,32.0,16.6,10.2
2015-10-12 00:00:00+00:00,27.5,0.0,14.7,29.0,21.2,34.9,35.9,3.0,35.0,28.8,17.99,41620.78,36567.09,23.9,0.0,0.0,4.95,0.0,43.0,17.9,61.0,,,,21.6,11.1,35.0,14.0,8.9
2015-10-13 00:00:00+00:00,28.1,0.0,15.9,28.7,20.7,36.0,34.4,2.0,31.0,29.2,19.0,41514.55,38484.6,23.4,0.0,0.0,5.66,0.0,23.0,15.5,54.0,,,,21.8,11.3,31.0,12.2,6.7
2015-10-14 00:00:00+00:00,27.0,0.0,19.5,28.4,22.4,33.4,34.1,3.0,11.0,35.3,18.32,41408.41,36125.24,24.8,0.0,0.0,5.0,0.0,19.0,17.9,62.0,,,,24.6,12.3,11.0,18.7,9.6
2015-10-15 00:00:00+00:00,25.7,0.0,17.2,26.0,19.8,32.6,31.9,0.0,21.0,32.0,19.16,41302.46,37689.56,21.5,0.0,0.0,5.11,0.0,1.0,15.2,58.0,,,,24.4,11.9,21.0,16.2,8.0
2015-10-16 00:00:00+00:00,25.2,0.0,16.6,25.4,18.9,32.0,31.3,3.0,33.0,31.3,18.97,41196.77,38359.73,20.3,0.0,0.0,5.01,0.0,23.0,15.3,59.0,,,,24.7,12.2,33.0,15.5,8.7
2015-10-17 00:00:00+00:00,25.7,0.0,16.5,26.4,19.2,32.7,32.8,2.0,30.0,31.7,18.73,41091.42,38250.31,20.8,0.0,0.0,4.95,0.0,7.0,16.5,61.0,,,,23.6,12.4,30.0,15.5,9.1
2015-10-18 00:00:00+00:00,26.2,0.0,15.0,27.5,20.6,32.9,33.3,3.0,23.0,31.3,16.59,40986.5,33839.08,22.7,0.0,0.0,4.41,0.0,88.0,17.8,64.0,,,,23.7,11.8,23.0,16.2,8.8
2015-10-19 00:00:00+00:00,25.7,0.0,15.7,26.7,20.9,31.5,31.6,3.0,9.0,28.4,15.71,40882.09,37474.49,23.3,0.0,0.0,4.36,0.0,45.0,17.3,63.0,,,,23.5,12.0,9.0,15.8,9.1
2015-10-20 00:00:00+00:00,25.3,0.0,20.4,25.1,19.0,32.3,30.0,3.0,39.0,40.3,17.7,40778.28,37272.95,20.6,0.0,0.0,5.33,0.0,52.0,14.7,58.0,,,,26.8,14.1,39.0,15.8,8.6
2015-10-21 00:00:00+00:00,25.9,0.0,18.1,25.6,18.8,33.4,31.6,1.0,48.0,35.6,18.14,40675.14,37816.59,19.7,0.0,0.0,5.35,0.0,3.0,14.2,53.0,,,,23.3,12.5,48.0,14.4,9.2
2015-10-22 00:00:00+00:00,27.6,0.0,9.8,27.6,19.3,35.0,34.5,3.0,69.0,20.2,17.86,40572.79,37709.61,20.7,0.0,0.0,4.41,0.0,19.0,11.8,45.0,,,,13.6,6.3,69.0,5.8,0.8
2015-10-23 00:00:00+00:00,28.6,0.0,26.6,26.9,23.2,36.2,33.9,3.0,285.0,40.0,15.54,40471.3,29845.79,21.8,0.0,0.0,6.38,0.0,99.0,10.5,36.0,,,,22.3,13.7,285.0,12.6,7.6
2015-10-24 00:00:00+00:00,26.6,0.0,25.3,26.0,21.7,33.1,32.6,2.0,62.0,46.8,17.62,40370.76,37498.06,21.2,0.0,0.0,5.88,0.0,5.0,15.9,55.0,,,,34.5,18.7,62.0,23.4,12.7
2015-10-25 00:00:00+00:00,24.4,0.6,20.7,26.1,21.6,29.3,30.5,53.0,4.0,51.8,13.87,40271.26,36562.73,23.5,1.0,0.6,3.34,0.0,46.0,18.6,71.0,,,,31.4,10.4,4.0,9.4,3.6
2015-10-26 00:00:00+00:00,22.5,0.0,14.8,23.1,18.4,27.5,26.7,1.0,314.0,28.1,14.2,40172.9,35956.04,19.8,0.0,0.0,3.4,0.0,17.0,16.0,69.0,,,,20.6,10.3,314.0,12.2,7.1
2015-10-27 00:00:00+00:00,22.3,0.0,17.6,22.3,18.1,27.1,26.7,3.0,313.0,33.1,13.81,40075.69,35518.58,19.6,0.0,0.0,3.66,0.0,56.0,14.6,65.0,,,,22.0,10.9,313.0,10.8,5.9
2015-10-28 00:00:00+00:00,21.2,0.5,18.7,20.6,17.0,25.4,23.9,51.0,285.0,37.8,13.98,39978.79,35932.22,17.1,2.0,0.5,3.51,0.0,41.0,12.8,60.0,,,,22.2,10.6,285.0,10.4,5.0
2015-10-29 00:00:00+00:00,21.1,0.0,17.2,20.0,17.3,25.5,23.3,1.0,302.0,34.2,14.47,39882.07,36203.26,17.3,0.0,0.0,3.82,0.0,18.0,11.6,57.0,,,,22.3,11.4,302.0,12.6,7.3
2015-10-30 00:00:00+00:00,20.6,0.0,11.2,19.3,14.1,26.1,24.8,3.0,289.0,25.9,15.04,39785.59,34262.01,13.7,0.0,0.0,3.84,0.0,26.0,9.1,52.0,,,,17.1,8.2,289.0,9.0,4.2
2015-10-31 00:00:00+00:00,21.8,0.0,16.3,21.1,15.7,27.5,26.3,3.0,17.0,31.7,14.08,39689.46,36431.64,15.7,0.0,0.0,3.82,0.0,18.0,12.4,57.0,,,,20.7,10.4,17.0,8.6,4.2
2015-11-01 00:00:00+00:00,22.7,0.0,22.5,22.4,18.1,28.4,26.9,3.0,22.0,41.8,14.18,39593.77,34200.78,19.2,0.0,0.0,4.05,0.0,36.0,15.8,69.0,,,,30.7,16.3,22.0,17.6,10.2
2015-11-02 00:00:00+00:00,23.4,0.0,24.4,22.2,19.7,28.9,26.3,2.0,10.0,47.5,14.52,39498.62,34238.09,19.6,0.0,0.0,4.79,0.0,19.0,14.3,59.0,,,,35.5,18.4,10.0,25.2,13.0
2015-11-03 00:00:00+00:00,22.6,1.9,21.6,21.3,18.5,28.1,26.1,61.0,356.0,43.2,14.17,39404.1,35689.46,17.2,3.0,1.9,4.4,0.0,19.0,13.7,59.0,,,,33.3,17.4,356.0,24.1,13.7
2015-11-04 00:00:00+00:00,19.3,6.9,18.1,20.1,17.3,23.7,24.6,63.0,318.0,36.4,8.17,39310.31,26244.42,17.0,6.0,6.9,1.67,0.0,62.0,16.7,86.0,,,,24.1,11.2,318.0,14.8,4.8
2015-11-05 00:00:00+00:00,19.0,0.2,17.3,19.5,17.6,21.8,21.6,51.0,260.0,32.0,6.81,39217.35,17592.75,18.6,1.0,0.2,1.51,0.0,81.0,16.3,85.0,,,,21.5,11.4,260.0,14.4,6.8
2015-11-06 00:00:00+00:00,19.9,1.2,16.1,20.3,17.9,23.5,23.5,51.0,284.0,31.7,11.11,39125.33,31955.37,18.4,5.0,1.2,2.25,0.0,58.0,16.1,80.0,,,,21.6,11.4,284.0,10.4,6.2
2015-11-07 00:00:00+00:00,20.4,0.8,10.5,21.6,17.5,24.5,25.1,51.0,328.0,22.3,11.1,39034.35,30978.82,19.3,5.0,0.8,2.28,0.0,55.0,16.5,80.0,,,,15.1,7.1,328.0,9.4,4.2
2015-11-08 00:00:00+00:00,20.4,0.0,14.3,20.6,17.2,25.4,24.7,3.0,349.0,26.6,13.95,38944.51,32855.6,18.4,0.0,0.0,3.07,0.0,26.0,14.9,74.0,,,,21.1,10.5,349.0,14.8,7.5
2015-11-09 00:00:00+00:00,18.9,0.0,19.7,18.3,14.8,23.7,21.4,2.0,300.0,37.4,12.23,38855.92,34988.47,15.0,0.0,0.0,2.86,0.0,24.0,13.0,71.0,,,,21.6,10.9,300.0,9.7,5.1
2015-11-10 00:00:00+00:00,19.5,0.0,16.8,18.5,15.6,25.1,22.7,2.0,294.0,32.8,13.01,38768.69,34853.73,15.4,0.0,0.0,3.22,0.0,32.0,11.7,63.0,,,,21.2,10.5,294.0,10.4,5.8
2015-11-11 00:00:00+00:00,19.7,0.0,14.2,19.1,15.5,24.9,23.0,3.0,322.0,30.6,12.72,38682.93,33395.92,15.8,0.0,0.0,3.05,0.0,35.0,12.4,65.0,,,,19.6,9.6,322.0,10.4,5.7
2015-11-12 00:00:00+00:00,19.8,0.0,12.0,19.4,15.5,25.1,23.7,1.0,29.0,25.6,14.41,38598.75,34950.84,16.1,0.0,0.0,3.18,0.0,8.0,12.2,65.0,,,,16.1,7.7,29.0,7.9,2.8
2015-11-13 00:00:00+00:00,20.1,0.0,18.1,18.9,14.1,26.9,24.6,1.0,32.0,37.4,15.63,38516.27,34907.96,13.6,0.0,0.0,3.82,0.0,6.0,11.8,63.0,,,,25.0,12.7,32.0,14.8,8.3
2015-11-14 00:00:00+00:00,21.1,0.0,19.6,20.1,15.6,28.4,25.5,3.0,37.0,39.6,15.09,38435.6,32740.56,15.3,0.0,0.0,3.93,0.0,50.0,12.9,65.0,,,,26.9,14.4,37.0,19.1,11.0
2015-11-15 00:00:00+00:00,19.9,0.0,10.8,20.7,15.8,24.9,25.1,3.0,319.0,21.6,8.76,38356.86,15132.25,16.7,0.0,0.0,1.91,0.0,81.0,15.1,76.0,,,,13.4,6.2,319.0,6.8,1.4
2015-11-16 00:00:00+00:00,19.8,0.2,16.9,19.9,16.5,24.4,23.0,51.0,270.0,36.7,12.11,38280.07,34399.18,17.3,1.0,0.2,2.64,0.0,44.0,14.8,76.0,,,,20.8,10.2,270.0,10.1,4.6
2015-11-17 00:00:00+00:00,19.4,1.1,18.5,18.6,15.4,24.7,22.0,51.0,290.0,37.4,13.17,38204.47,33981.94,16.1,4.0,1.1,3.17,0.0,24.0,12.3,67.0,,,,21.8,10.7,290.0,9.0,5.4
2015-11-18 00:00:00+00:00,18.9,0.0,10.2,18.3,13.3,24.8,23.4,2.0,260.0,24.8,13.4,38129.89,34432.15,12.9,0.0,0.0,2.87,0.0,30.0,11.6,65.0,,,,15.8,8.0,260.0,10.1,6.1
2015-11-19 00:00:00+00:00,19.8,0.0,14.5,19.4,14.3,25.3,24.3,1.0,351.0,25.9,14.26,38056.43,34315.07,14.6,0.0,0.0,3.14,0.0,14.0,12.1,64.0,,,,16.8,8.0,351.0,9.4,5.5
2015-11-20 00:00:00+00:00,19.5,0.0,17.1,18.2,14.0,25.2,22.3,3.0,40.0,33.8,13.08,37984.18,33497.45,13.8,0.0,0.0,3.36,0.0,71.0,11.5,65.0,,,,22.9,12.1,40.0,13.3,7.4
2015-11-21 00:00:00+00:00,19.9,0.0,13.6,19.2,14.8,26.2,24.7,3.0,25.0,24.5,13.81,37913.23,34266.82,14.8,0.0,0.0,3.06,0.0,56.0,11.7,64.0,,,,18.1,9.0,25.0,10.4,6.9
2015-11-22 00:00:00+00:00,20.0,0.0,11.6,19.5,14.8,25.9,24.4,2.0,344.0,22.3,14.02,37843.67,34245.07,15.3,0.0,0.0,3.13,0.0,11.0,11.9,65.0,,,,16.7,8.2,344.0,10.1,4.1
2015-11-23 00:00:00+00:00,19.8,0.0,19.7,18.9,13.6,26.5,24.5,1.0,16.0,38.2,14.04,37775.6,34224.91,13.5,0.0,0.0,3.58,0.0,3.0,12.4,66.0,,,,22.6,11.7,16.0,9.4,4.9
2015-11-24 00:00:00+00:00,19.8,0.0,23.9,17.8,15.8,25.6,21.5,1.0,31.0,47.5,14.34,37709.11,34206.36,15.6,0.0,0.0,3.96,0.0,2.0,11.1,62.0,,,,31.7,16.6,31.0,21.6,11.6
2015-11-25 00:00:00+00:00,19.8,0.0,15.1,18.4,15.1,25.8,24.2,3.0,93.0,25.6,13.73,37644.29,32400.0,14.0,0.0,0.0,3.19,0.0,75.0,8.9,52.0,,,,18.5,8.2,93.0,11.5,3.4
2015-11-26 00:00:00+00:00,20.2,0.0,17.4,18.2,14.7,26.1,23.0,3.0,198.0,36.7,13.99,37581.26,32852.01,12.9,0.0,0.0,3.85,0.0,68.0,8.3,48.0,,,,22.2,11.0,198.0,13.0,7.6
2015-11-27 00:00:00+00:00,20.0,0.0,9.4,18.3,13.7,26.4,24.5,3.0,221.0,23.4,14.4,37520.1,34160.45,12.2,0.0,0.0,3.5,0.0,28.0,7.9,48.0,,,,15.4,8.0,221.0,10.4,7.0
2015-11-28 00:00:00+00:00,20.3,0.0,9.5,18.8,13.0,27.7,25.6,3.0,37.0,19.8,12.5,37460.9,32400.0,12.4,0.0,0.0,3.19,0.0,98.0,8.0,50.0,,,,13.7,7.2,37.0,10.1,5.4
2015-11-29 00:00:00+00:00,19.9,0.0,13.3,18.3,14.6,25.8,23.6,3.0,17.0,28.8,14.18,37403.79,34138.11,13.9,0.0,0.0,3.63,0.0,36.0,9.3,53.0,,,,20.3,10.3,17.0,13.7,7.5
2015-11-30 00:00:00+00:00,17.7,0.0,19.8,16.6,12.9,22.8,20.2,3.0,306.0,35.6,11.96,37348.85,31659.07,12.5,0.0,0.0,2.75,0.0,19.0,10.9,66.0,,,,19.6,9.6,306.0,6.5,2.0
2015-12-01 00:00:00+00:00,17.3,0.0,18.4,15.4,13.0,22.2,18.5,1.0,319.0,38.5,12.84,37296.18,33819.68,12.5,0.0,0.0,3.12,0.0,18.0,8.9,61.0,,,,23.8,11.5,319.0,12.6,5.6
2015-12-02 00:00:00+00:00,16.5,0.0,15.0,14.4,11.0,22.3,19.0,1.0,313.0,31.0,12.73,37245.89,34117.29,9.4,0.0,0.0,2.92,0.0,11.0,7.1,56.0,,,,17.3,9.0,313.0,10.1,6.0
2015-12-03 00:00:00+00:00,17.2,0.0,17.4,15.5,12.6,22.8,19.9,2.0,318.0,36.0,10.57,37198.08,32749.99,11.2,0.0,0.0,2.75,0.0,29.0,9.6,64.0,,,,21.1,10.9,318.0,8.6,4.1
2015-12-04 00:00:00+00:00,15.9,0.0,19.6,13.9,11.7,20.7,17.5,3.0,29.0,36.0,10.73,37152.86,33515.18,11.1,0.0,0.0,2.74,0.0,42.0,9.0,66.0,,,,23.8,12.3,29.0,10.1,5.4
2015-12-05 00:00:00+00:00,15.3,0.0,32.4,10.8,12.8,18.5,12.4,3.0,30.0,59.4,11.52,37110.31,33829.59,8.1,0.0,0.0,3.88,0.0,38.0,4.7,50.0,,,,40.6,22.2,30.0,21.2,11.1
2015-12-06 00:00:00+00:00,13.9,0.0,27.0,9.5,9.4,19.3,13.9,0.0,38.0,52.2,14.15,37070.5,33955.78,5.6,0.0,0.0,3.85,0.0,0.0,2.5,47.0,,,,35.1,18.8,38.0,21.6,10.8
2015-12-07 00:00:00+00:00,14.7,0.0,15.3,12.2,7.6,22.0,18.7,0.0,28.0,31.7,13.77,37032.95,33914.9,5.4,0.0,0.0,3.07,0.0,1.0,6.0,59.0,,,,20.8,10.9,28.0,13.7,6.4
2015-12-08 00:00:00+00:00,15.8,0.0,15.6,13.8,10.5,22.0,18.7,0.0,30.0,32.8,13.39,36997.56,33876.35,9.4,0.0,0.0,2.89,0.0,4.0,8.3,65.0,,,,21.2,10.8,30.0,13.3,6.9
2015-12-09 00:00:00+00:00,15.8,0.0,15.6,14.1,9.5,21.6,19.0,2.0,4.0,28.1,12.22,36964.37,33783.65,8.1,0.0,0.0,2.69,0.0,24.0,8.3,65.0,,,,18.0,9.1,4.0,8.6,4.1
2015-12-10 00:00:00+00:00,16.8,0.0,14.3,15.5,11.8,21.4,18.9,2.0,325.0,27.7,10.56,36933.41,31396.24,11.0,0.0,0.0,2.47,0.0,41.0,10.0,67.0,,,,18.5,9.5,325.0,7.9,4.8
2015-12-11 00:00:00+00:00,16.3,0.0,14.8,14.8,11.4,21.2,18.5,3.0,305.0,31.7,10.66,36904.73,29569.48,10.6,0.0,0.0,2.43,0.0,33.0,9.6,68.0,,,,19.5,9.6,305.0,10.4,5.9
2015-12-12 00:00:00+00:00,15.6,0.0,20.3,13.6,11.9,20.1,16.6,2.0,239.0,36.7,9.9,36878.35,32811.44,11.4,0.0,0.0,2.53,0.0,46.0,8.6,66.0,,,,20.6,11.5,239.0,6.5,3.8
2015-12-13 00:00:00+00:00,14.6,2.2,18.9,12.2,12.4,18.5,15.2,51.0,263.0,35.3,7.38,36854.32,27757.97,9.5,9.0,2.2,2.06,0.0,61.0,8.1,66.0,,,,27.0,13.3,263.0,11.5,6.0
2015-12-14 00:00:00+00:00,15.4,0.0,14.7,13.5,9.7,21.4,18.0,3.0,316.0,30.2,11.2,36832.67,27146.7,8.0,0.0,0.0,2.51,0.0,48.0,7.6,64.0,,,,16.9,8.7,316.0,9.7,5.3
2015-12-15 00:00:00+00:00,15.4,0.0,9.0,14.0,9.1,20.4,18.4,3.0,264.0,21.2,12.7,36813.43,33675.5,8.0,0.0,0.0,2.43,0.0,44.0,8.0,65.0,,,,12.5,6.3,264.0,4.0,1.8
2015-12-16 00:00:00+00:00,15.3,0.0,8.3,13.6,11.7,19.5,17.4,3.0,261.0,17.6,9.39,36796.64,25306.79,10.7,0.0,0.0,1.97,0.0,87.0,6.1,55.0,,,,10.3,4.5,261.0,3.2,1.1
2015-12-17 00:00:00+00:00,14.7,0.0,20.9,12.4,10.6,19.5,15.5,3.0,251.0,40.0,11.65,36782.34,32620.58,8.7,0.0,0.0,2.56,0.0,49.0,6.9,61.0,,,,21.5,10.8,251.0,8.6,5.4
2015-12-18 00:00:00+00:00,14.6,0.0,14.6,12.5,9.9,19.7,16.6,3.0,211.0,29.9,10.94,36770.54,30087.36,8.2,0.0,0.0,2.43,0.0,42.0,7.0,63.0,,,,18.6,9.9,211.0,9.7,6.1
2015-12-19 00:00:00+00:00,14.6,0.0,18.9,11.8,10.1,19.1,15.2,2.0,208.0,40.0,11.93,36761.29,32423.1,7.3,0.0,0.0,2.77,0.0,26.0,5.4,55.0,,,,23.2,11.9,208.0,9.4,5.6
2015-12-20 00:00:00+00:00,14.5,0.0,16.3,12.5,10.3,19.6,16.7,2.0,258.0,32.4,10.59,36754.62,32910.3,8.7,0.0,0.0,2.18,0.0,21.0,8.1,67.0,,,,18.8,9.9,258.0,10.4,6.3
2015-12-21 00:00:00+00:00,14.7,0.0,12.2,13.5,9.4,20.4,18.7,2.0,347.0,20.9,11.18,36750.55,31965.52,8.3,0.0,0.0,2.18,0.0,23.0,9.2,73.0,,,,14.2,6.9,347.0,6.8,1.8
2015-12-22 00:00:00+00:00,15.4,0.0,20.0,13.0,9.9,21.2,17.3,3.0,23.0,38.2,11.91,36749.12,32459.88,8.5,0.0,0.0,2.87,0.0,37.0,8.2,66.0,,,,24.7,12.9,23.0,14.8,7.9
2015-12-23 00:00:00+00:00,15.3,0.0,19.1,13.1,10.7,20.5,16.8,2.0,351.0,37.4,10.29,36750.34,32031.6,9.2,0.0,0.0,2.53,0.0,28.0,9.1,70.0,,,,26.2,13.8,351.0,15.5,9.3
2015-12-24 00:00:00+00:00,15.6,0.0,17.3,13.5,11.3,20.6,17.1,3.0,348.0,33.5,8.43,36754.26,28312.63,10.4,0.0,0.0,2.34,0.0,39.0,8.1,64.0,,,,20.7,10.8,348.0,10.1,4.6
2015-12-25 00:00:00+00:00,14.8,0.0,14.1,12.7,8.9,21.2,17.9,0.0,33.0,30.2,13.41,36760.88,33618.43,7.2,0.0,0.0,2.69,0.0,5.0,6.6,62.0,,,,17.2,8.8,33.0,9.4,5.6
2015-12-26 00:00:00+00:00,14.2,0.0,11.9,11.9,8.1,21.0,17.9,1.0,37.0,27.0,13.71,36770.25,33628.93,6.0,0.0,0.0,2.71,0.0,3.0,5.8,61.0,,,,15.4,8.5,37.0,9.0,4.1
2015-12-27 00:00:00+00:00,15.0,0.0,16.8,12.9,9.8,21.2,17.8,2.0,43.0,33.8,12.66,36782.46,33642.79,8.5,0.0,0.0,2.77,0.0,29.0,7.8,66.0,,,,20.6,11.0,43.0,10.4,6.6
2015-12-28 00:00:00+00:00,15.8,0.0,17.7,13.0,10.7,22.9,18.3,1.0,50.0,37.1,13.91,36797.5,33659.73,8.8,0.0,0.0,3.26,0.0,20.0,5.0,58.0,,,,23.8,12.8,50.0,13.3,7.6
2015-12-29 00:00:00+00:00,14.0,0.0,16.6,11.3,6.4,21.1,17.6,1.0,249.0,32.0,13.65,36815.3,33679.7,3.8,0.0,0.0,2.95,0.0,7.0,5.3,59.0,,,,20.8,11.2,249.0,7.6,5.4
2015-12-30 00:00:00+00:00,15.5,0.0,19.5,13.5,11.5,20.2,16.6,2.0,287.0,37.4,11.64,36835.82,33134.06,10.2,0.0,0.0,2.56,0.0,24.0,9.0,68.0,,,,23.6,12.0,287.0,13.3,7.2
2015-12-31 00:00:00+00:00,14.3,0.2,19.2,12.2,10.3,18.5,15.1,51.0,242.0,38.9,9.34,36858.99,32549.59,9.3,1.0,0.2,2.16,0.0,59.0,7.9,68.0,,,,20.9,10.7,242.0,10.4,5.3
2016-01-01 00:00:00+00:00,11.8,0.7,25.5,8.5,9.2,14.7,11.2,51.0,302.0,46.8,11.64,36884.76,33757.13,6.5,4.0,0.7,2.35,0.0,48.0,5.0,65.0,,,,30.9,15.1,302.0,16.6,7.4
2016-01-02 00:00:00+00:00,11.0,0.0,15.3,7.9,7.6,14.8,11.4,3.0,265.0,29.9,9.06,36913.06,16909.26,5.1,0.0,0.0,2.02,0.0,54.0,2.3,56.0,,,,17.3,9.1,265.0,10.8,5.8
2016-01-03 00:00:00+00:00,12.1,0.0,18.2,8.7,8.0,17.2,13.6,3.0,217.0,37.1,11.32,36943.85,33003.43,4.1,0.0,0.0,2.55,0.0,33.0,3.4,56.0,,,,24.0,12.8,217.0,9.7,5.9
2016-01-04 00:00:00+00:00,14.0,0.0,20.6,10.5,9.1,19.7,15.4,2.0,202.0,41.8,13.53,36977.05,33859.38,5.9,0.0,0.0,3.3,0.0,19.0,3.5,51.0,,,,25.5,13.5,202.0,11.2,6.5
2016-01-05 00:00:00+00:00,14.8,0.0,21.1,10.3,9.5,21.0,15.9,0.0,194.0,41.4,13.91,37012.61,33898.66,5.2,0.0,0.0,4.26,0.0,0.0,-0.2,37.0,,,,30.7,16.6,194.0,23.8,13.3
2016-01-06 00:00:00+00:00,16.5,0.0,14.8,12.4,10.8,23.3,19.6,1.0,191.0,29.9,13.82,37050.46,33940.41,6.4,0.0,0.0,4.18,0.0,5.0,-1.9,29.0,,,,23.1,11.8,191.0,14.8,7.4
2016-01-07 00:00:00+00:00,16.7,0.1,27.1,11.6,12.6,22.0,15.7,51.0,205.0,50.8,9.31,37090.55,28630.48,7.5,1.0,0.1,4.71,0.0,39.0,-2.7,28.0,,,,32.1,17.8,205.0,16.9,11.2
2016-01-08 00:00:00+00:00,15.6,0.0,25.2,11.7,12.2,19.1,14.6,3.0,246.0,48.6,11.23,37132.82,34031.08,8.1,0.0,0.0,3.61,0.0,47.0,4.8,49.0,,,,33.9,18.4,246.0,19.1,10.0
2016-01-09 00:00:00+00:00,16.4,0.0,14.3,14.8,12.9,20.3,18.1,3.0,279.0,29.5,7.8,37177.2,33200.98,12.0,0.0,0.0,2.08,0.0,47.0,9.1,63.0,,,,18.5,9.3,279.0,10.1,5.5
2016-01-10 00:00:00+00:00,14.6,0.0,12.5,12.6,8.8,21.0,18.0,1.0,61.0,23.4,14.44,37223.62,34130.8,7.5,0.0,0.0,2.86,0.0,4.0,6.0,61.0,,,,14.8,7.5,61.0,7.2,2.8
2016-01-11 00:00:00+00:00,14.6,0.0,13.2,12.3,7.6,21.6,18.7,3.0,39.0,29.5,14.33,37272.05,34183.88,5.4,0.0,0.0,2.92,0.0,22.0,5.9,59.0,,,,17.8,9.0,39.0,11.2,6.4
2016-01-12 00:00:00+00:00,15.1,0.0,16.4,13.1,9.1,21.8,19.0,0.0,53.0,34.6,14.51,37322.4,34239.01,7.4,0.0,0.0,2.85,0.0,0.0,8.2,67.0,,,,20.9,10.7,53.0,13.3,7.9
2016-01-13 00:00:00+00:00,14.6,0.0,9.4,13.0,7.0,22.0,19.8,0.0,16.0,20.5,14.68,37374.62,34296.11,4.9,0.0,0.0,2.7,0.0,0.0,7.2,66.0,,,,14.4,7.2,16.0,10.8,4.8
2016-01-14 00:00:00+00:00,14.7,0.0,16.8,12.5,8.4,21.3,18.5,2.0,295.0,34.9,13.41,37428.64,34355.12,6.1,0.0,0.0,2.87,0.0,19.0,7.1,62.0,,,,19.6,10.5,295.0,7.2,4.6
2016-01-15 00:00:00+00:00,15.0,0.0,12.8,12.8,11.4,19.6,16.5,2.0,3.0,26.3,13.14,37484.47,34416.2,10.0,0.0,0.0,2.72,0.0,28.0,6.2,58.0,,,,17.8,8.9,3.0,11.5,5.9
2016-01-16 00:00:00+00:00,13.6,0.0,12.9,11.4,6.7,20.3,17.7,3.0,49.0,29.2,15.12,37542.74,34480.04,4.6,0.0,0.0,2.77,0.0,7.0,5.2,61.0,,,,16.1,7.9,49.0,9.0,5.6
2016-01-17 00:00:00+00:00,14.6,0.0,26.4,10.8,8.1,21.5,16.1,3.0,188.0,47.2,15.25,37603.51,34546.54,5.3,0.0,0.0,4.03,0.0,13.0,4.2,54.0,,,,30.1,16.9,188.0,9.0,5.6
2016-01-18 00:00:00+00:00,12.9,0.0,30.6,7.3,8.7,16.1,10.8,0.0,239.0,56.2,15.47,37666.66,34615.59,3.0,0.0,0.0,4.45,0.0,0.0,-1.2,38.0,,,,43.5,23.4,239.0,31.0,18.8
2016-01-19 00:00:00+00:00,12.4,0.0,22.5,8.2,8.3,16.3,12.0,2.0,250.0,40.3,14.46,37732.08,34687.03,4.3,0.0,0.0,3.41,0.0,16.0,1.3,47.0,,,,30.9,15.9,250.0,9.7,5.8
2016-01-20 00:00:00+00:00,13.0,0.0,7.8,10.9,8.5,18.1,16.2,2.0,308.0,14.8,14.45,37799.66,34760.75,6.8,0.0,0.0,2.45,0.0,16.0,3.4,54.0,,,,9.8,3.8,308.0,4.3,1.3
2016-01-21 00:00:00+00:00,13.5,0.0,9.2,11.0,8.9,19.8,17.2,3.0,1.0,20.9,14.75,37869.28,33734.41,6.2,0.0,0.0,2.84,0.0,46.0,2.4,49.0,,,,13.8,6.1,1.0,6.8,2.2
2016-01-22 00:00:00+00:00,13.1,0.0,12.9,10.6,6.6,19.4,16.2,1.0,1.0,26.6,15.62,37940.84,34914.48,4.5,0.0,0.0,3.0,0.0,12.0,4.4,60.0,,,,18.0,9.0,1.0,9.4,4.1
2016-01-23 00:00:00+00:00,13.2,0.0,22.6,10.1,9.5,18.0,12.9,1.0,331.0,45.0,14.41,38014.21,34994.24,7.5,0.0,0.0,3.05,0.0,22.0,4.6,61.0,,,,25.4,13.2,331.0,11.5,6.6
2016-01-24 00:00:00+00:00,10.7,0.1,26.3,7.2,8.6,14.2,8.5,51.0,288.0,46.1,7.88,38089.31,21477.99,5.7,1.0,0.1,1.99,0.0,56.0,4.1,65.0,,,,27.7,15.0,288.0,12.6,7.1
2016-01-25 00:00:00+00:00,9.8,0.2,24.9,6.0,7.0,13.4,7.9,51.0,281.0,43.6,11.35,38166.0,35155.87,3.6,1.0,0.2,2.34,0.0,38.0,2.4,61.0,,,,27.6,14.8,281.0,15.1,7.7
2016-01-26 00:00:00+00:00,8.7,0.8,21.3,5.3,4.6,13.5,8.1,51.0,274.0,39.6,12.05,38244.2,35184.12,2.1,4.0,0.8,2.08,0.0,33.0,2.5,68.0,,,,22.9,11.9,274.0,11.2,6.4
2016-01-27 00:00:00+00:00,8.6,3.5,10.3,5.9,6.2,12.5,9.5,55.0,266.0,20.5,5.44,38323.79,8160.1,3.3,9.0,3.5,1.13,0.0,75.0,3.9,74.0,,,,16.6,8.5,266.0,11.5,5.6
2016-01-28 00:00:00+00:00,9.2,0.0,17.4,6.0,3.4,14.2,9.8,3.0,29.0,34.9,12.14,38404.66,32973.62,0.7,0.0,0.0,2.25,0.0,38.0,2.7,68.0,,,,20.7,10.8,29.0,12.2,7.1
2016-01-29 00:00:00+00:00,10.7,0.0,15.1,7.8,5.7,17.0,13.2,0.0,45.0,32.4,16.17,38486.73,35277.43,3.0,0.0,0.0,2.75,0.0,3.0,2.3,59.0,,,,16.9,8.8,45.0,8.6,5.0
2016-01-30 00:00:00+00:00,11.7,0.0,13.4,9.1,4.1,18.7,15.5,3.0,17.0,27.4,12.97,38569.89,32611.2,1.3,0.0,0.0,2.49,0.0,57.0,4.8,66.0,,,,16.8,9.0,17.0,9.0,6.1
2016-01-31 00:00:00+00:00,14.1,0.0,10.4,12.7,9.6,19.1,16.7,3.0,346.0,21.2,13.05,38654.03,35346.41,8.2,0.0,0.0,2.43,0.0,48.0,8.1,70.0,,,,14.4,6.8,346.0,6.8,0.4
2016-02-01 00:00:00+00:00,14.7,0.0,13.8,13.0,8.5,19.8,17.6,3.0,344.0,28.8,14.71,38739.07,33204.12,7.1,0.0,0.0,2.89,0.0,63.0,8.0,67.0,,,,19.2,9.3,344.0,7.9,5.9
2016-02-02 00:00:00+00:00,14.5,0.0,18.1,12.3,8.8,20.4,16.7,3.0,353.0,35.3,12.65,38824.9,35184.15,7.4,0.0,0.0,2.83,0.0,29.0,7.6,67.0,,,,22.2,11.4,353.0,9.4,5.4
2016-02-03 00:00:00+00:00,14.5,0.0,20.8,11.8,8.3,21.7,17.8,0.0,44.0,41.8,16.74,38911.43,35496.09,6.4,0.0,0.0,3.5,0.0,3.0,7.0,65.0,,,,25.2,13.4,44.0,11.5,7.6
2016-02-04 00:00:00+00:00,16.1,0.0,12.6,13.8,9.5,25.0,22.2,0.0,103.0,27.4,17.34,38998.66,35586.71,7.5,0.0,0.0,3.6,0.0,1.0,5.6,58.0,,,,19.5,10.0,103.0,9.7,5.8
2016-02-05 00:00:00+00:00,14.4,0.0,18.8,12.0,8.7,20.9,18.0,0.0,250.0,37.4,16.65,39087.43,35629.78,6.2,0.0,0.0,3.31,0.0,3.0,5.9,58.0,,,,20.6,10.7,250.0,10.1,6.2
2016-02-06 00:00:00+00:00,13.5,0.0,29.2,9.8,10.4,17.5,12.1,3.0,278.0,58.0,14.8,39177.88,31577.33,7.3,0.0,0.0,3.22,0.0,28.0,5.5,60.0,,,,34.6,18.2,278.0,13.7,8.3
2016-02-07 00:00:00+00:00,12.1,0.0,27.2,7.7,9.8,15.1,9.3,3.0,288.0,50.8,9.43,39269.89,21906.4,6.0,0.0,0.0,2.98,0.0,64.0,2.3,53.0,,,,34.8,18.4,288.0,18.7,9.1
2016-02-08 00:00:00+00:00,12.5,0.0,11.5,9.6,9.3,15.7,12.2,3.0,301.0,27.4,10.38,39363.36,33474.37,6.9,0.0,0.0,2.35,0.0,73.0,2.7,52.0,,,,18.5,8.3,301.0,11.5,6.0
2016-02-09 00:00:00+00:00,13.1,0.0,15.1,10.2,7.4,18.4,15.1,3.0,353.0,27.7,15.88,39458.16,35951.04,5.3,0.0,0.0,3.23,0.0,38.0,2.9,53.0,,,,20.0,9.7,353.0,11.2,6.4
2016-02-10 00:00:00+00:00,13.5,0.0,17.8,10.4,8.6,18.4,14.0,3.0,317.0,37.1,13.05,39554.18,35435.74,6.4,0.0,0.0,2.93,0.0,40.0,3.8,55.0,,,,22.6,11.3,317.0,11.5,7.4
2016-02-11 00:00:00+00:00,13.1,0.0,9.2,10.8,4.6,20.4,18.0,0.0,260.0,24.5,17.89,39651.34,36134.89,2.5,0.0,0.0,3.17,0.0,0.0,3.3,57.0,,,,13.9,6.1,260.0,5.4,2.9
2016-02-12 00:00:00+00:00,14.9,0.0,8.1,12.4,6.2,23.3,21.3,0.0,111.0,16.2,17.96,39749.52,36271.98,3.8,0.0,0.0,3.47,0.0,0.0,1.3,45.0,,,,11.0,5.4,111.0,7.2,0.8
2016-02-13 00:00:00+00:00,16.4,0.0,10.8,13.8,8.6,25.1,22.6,3.0,7.0,22.7,18.06,39848.61,36415.04,6.1,0.0,0.0,3.85,0.0,14.0,1.4,41.0,,,,12.9,6.2,7.0,7.6,1.3
2016-02-14 00:00:00+00:00,18.0,0.0,10.1,15.5,7.9,27.5,25.9,0.0,68.0,15.5,18.52,39948.52,36477.75,5.7,0.0,0.0,3.93,0.0,0.0,1.7,39.0,,,,11.8,5.4,68.0,8.3,1.0
2016-02-15 00:00:00+00:00,20.8,0.0,27.0,16.8,13.5,29.3,24.2,0.0,68.0,51.1,18.86,40049.14,36586.98,10.0,0.0,0.0,6.44,0.0,0.0,2.3,32.0,,,,30.9,16.9,68.0,13.3,7.9
2016-02-16 00:00:00+00:00,21.6,0.0,22.9,18.1,14.5,30.3,26.0,0.0,54.0,45.0,18.9,40150.38,36686.86,11.9,0.0,0.0,6.3,0.0,0.0,6.1,41.0,,,,34.2,18.1,54.0,25.6,13.5
2016-02-17 00:00:00+00:00,21.8,0.0,16.5,19.2,14.3,31.3,28.5,3.0,53.0,33.5,18.48,40252.14,36696.85,12.6,0.0,0.0,5.54,0.0,34.0,7.5,46.0,,,,27.2,14.6,53.0,23.4,12.9
2016-02-18 00:00:00+00:00,23.0,0.0,15.3,20.8,15.0,31.7,29.1,3.0,147.0,28.1,17.41,40354.33,32400.0,13.3,0.0,0.0,4.89,0.0,73.0,5.2,35.0,,,,18.3,8.6,147.0,9.7,4.2
2016-02-19 00:00:00+00:00,20.8,0.0,18.1,18.5,15.9,26.6,24.8,3.0,291.0,36.4,19.03,40456.84,36812.02,13.7,0.0,0.0,5.04,0.0,14.0,7.0,42.0,,,,24.6,12.6,291.0,14.4,7.6
2016-02-20 00:00:00+00:00,17.9,0.0,16.3,16.8,11.7,24.6,23.0,3.0,340.0,29.2,18.75,40559.61,36921.74,11.4,0.0,0.0,3.89,0.0,24.0,10.3,65.0,,,,20.1,9.6,340.0,9.0,3.8
2016-02-21 00:00:00+00:00,15.7,0.3,31.1,12.9,12.2,20.2,14.9,51.0,295.0,57.2,11.81,40662.5,25816.19,11.1,2.0,0.3,3.24,0.0,53.0,8.9,68.0,,,,35.2,18.2,295.0,9.7,5.5
2016-02-22 00:00:00+00:00,15.9,0.0,29.2,11.6,13.3,20.6,14.9,3.0,304.0,51.8,13.33,40765.47,36836.08,9.5,0.0,0.0,4.09,0.0,43.0,5.7,53.0,,,,42.2,22.1,304.0,22.3,9.0
2016-02-23 00:00:00+00:00,15.2,0.0,8.6,13.6,9.3,21.7,20.2,2.0,259.0,22.3,18.85,40868.4,37269.65,7.8,0.0,0.0,3.4,0.0,9.0,6.8,62.0,,,,14.7,6.7,259.0,7.2,4.7
2016-02-24 00:00:00+00:00,16.9,0.0,9.8,15.1,8.2,24.8,23.7,0.0,189.0,24.1,19.88,40971.3,37391.26,6.0,0.0,0.0,3.81,0.0,0.0,5.2,51.0,,,,13.6,6.1,189.0,5.8,3.2
2016-02-25 00:00:00+00:00,18.8,0.0,9.8,16.6,9.8,27.4,25.9,2.0,190.0,22.0,19.94,41075.0,37404.93,7.5,0.0,0.0,4.36,0.0,14.0,3.6,41.0,,,,14.5,6.5,190.0,8.6,3.6
2016-02-26 00:00:00+00:00,20.0,0.0,15.4,17.8,10.9,28.4,27.2,0.0,249.0,28.1,20.17,41179.68,37552.49,8.7,0.0,0.0,4.75,0.0,0.0,4.1,39.0,,,,17.7,7.7,249.0,9.0,4.4
2016-02-27 00:00:00+00:00,18.4,0.0,15.7,16.8,12.6,25.0,23.0,3.0,334.0,28.8,20.03,41285.23,37703.66,12.6,0.0,0.0,4.31,0.0,21.0,8.3,59.0,,,,21.3,10.0,334.0,10.1,4.8
2016-02-28 00:00:00+00:00,17.9,0.0,17.8,15.6,11.1,25.9,23.0,3.0,52.0,36.7,20.67,41391.57,37827.17,9.5,0.0,0.0,4.67,0.0,51.0,8.0,59.0,,,,26.9,14.1,52.0,17.6,10.2
2016-02-29 00:00:00+00:00,21.0,0.0,18.5,18.6,12.9,30.7,27.3,3.0,55.0,36.7,20.7,41498.62,37246.34,11.5,0.0,0.0,5.59,0.0,27.0,7.7,52.0,,,,27.6,14.6,55.0,20.2,11.2
2016-03-01 00:00:00+00:00,24.4,0.0,14.5,22.5,15.7,33.6,31.8,3.0,69.0,27.0,20.64,41606.29,37835.82,14.3,0.0,0.0,5.07,0.0,54.0,4.8,34.0,,,,15.6,7.1,69.0,5.8,2.4
2016-03-02 00:00:00+00:00,22.3,0.0,27.3,19.3,15.2,31.6,27.2,3.0,222.0,49.7,13.98,41714.49,23233.28,12.4,0.0,0.0,5.12,0.0,83.0,4.0,35.0,,,,23.8,12.2,222.0,9.4,6.0
2016-03-03 00:00:00+00:00,17.5,0.4,17.4,15.4,12.5,22.1,19.5,51.0,292.0,32.0,19.83,41823.14,38232.59,11.0,1.0,0.4,4.06,0.0,28.0,7.6,56.0,,,,24.4,11.6,292.0,10.8,6.2
2016-03-04 00:00:00+00:00,16.9,0.0,11.8,14.7,9.6,23.8,21.9,0.0,284.0,29.2,20.98,41932.17,38365.89,7.9,0.0,0.0,4.39,0.0,1.0,5.1,50.0,,,,17.4,8.8,284.0,9.4,5.8
2016-03-05 00:00:00+00:00,17.9,0.0,16.5,15.3,9.9,25.8,23.0,3.0,335.0,35.3,21.5,42041.48,38504.37,8.2,0.0,0.0,5.06,0.0,18.0,4.3,47.0,,,,21.3,11.0,335.0,10.4,6.8
2016-03-06 00:00:00+00:00,16.5,0.0,17.1,14.0,10.3,23.5,20.9,3.0,46.0,31.0,20.9,42151.0,38047.95,8.7,0.0,0.0,4.5,0.0,33.0,5.7,55.0,,,,23.7,12.3,46.0,15.8,8.9
2016-03-07 00:00:00+00:00,17.0,0.0,16.0,15.1,9.9,24.6,23.1,3.0,38.0,31.0,20.19,42260.65,36706.39,8.0,0.0,0.0,4.09,0.0,42.0,7.3,58.0,,,,21.6,10.7,38.0,10.8,7.0
2016-03-08 00:00:00+00:00,18.8,0.0,15.3,16.9,10.8,27.3,25.4,3.0,68.0,27.0,19.65,42370.36,38227.98,9.9,0.0,0.0,4.5,0.0,42.0,6.0,53.0,,,,18.4,8.4,68.0,11.2,4.8
2016-03-09 00:00:00+00:00,22.6,0.0,21.7,18.9,15.2,31.4,27.8,3.0,211.0,43.2,21.9,42480.02,38892.49,11.6,0.0,0.0,6.68,0.0,31.0,0.2,27.0,,,,25.6,13.2,211.0,12.6,8.2
2016-03-10 00:00:00+00:00,19.8,0.0,18.9,17.2,12.1,27.3,23.9,1.0,36.0,33.8,22.32,42589.59,39373.23,11.1,0.0,0.0,5.69,0.0,7.0,5.0,47.0,,,,23.7,12.5,36.0,8.6,4.4
2016-03-11 00:00:00+00:00,20.7,0.0,27.0,16.1,14.6,28.0,23.5,3.0,63.0,52.9,22.43,42698.96,39651.48,10.1,0.0,0.0,7.42,0.0,19.0,2.1,31.0,,,,39.8,21.2,63.0,26.3,15.1
2016-03-12 00:00:00+00:00,21.8,0.0,28.5,16.6,17.4,28.1,23.0,3.0,67.0,52.9,17.27,42808.08,32852.85,11.1,0.0,0.0,7.45,0.0,97.0,-0.3,25.0,,,,41.5,22.4,67.0,19.4,10.8
2016-03-13 00:00:00+00:00,25.4,0.1,25.0,22.0,19.6,32.9,29.1,51.0,192.0,45.0,16.75,42916.86,31093.14,16.5,1.0,0.1,7.1,0.0,71.0,5.7,29.0,,,,33.6,17.0,192.0,18.4,9.2
2016-03-14 00:00:00+00:00,19.7,0.0,25.1,16.1,15.0,25.5,22.4,1.0,255.0,52.2,23.01,43025.21,40246.3,12.1,0.0,0.0,6.1,0.0,4.0,4.5,40.0,,,,37.6,18.3,255.0,19.8,10.6
2016-03-15 00:00:00+00:00,17.8,0.0,25.9,14.1,13.7,22.3,18.3,3.0,270.0,50.4,21.55,43133.15,40237.34,10.0,0.0,0.0,5.48,0.0,27.0,3.8,40.0,,,,33.3,17.1,270.0,22.7,9.7
2016-03-16 00:00:00+00:00,16.6,0.0,18.6,14.4,10.4,21.7,18.1,3.0,294.0,39.6,17.51,43241.45,37439.27,9.2,0.0,0.0,3.95,0.0,34.0,7.1,58.0,,,,22.6,11.1,294.0,6.5,4.3
2016-03-17 00:00:00+00:00,16.7,0.0,17.4,14.9,11.1,22.8,20.7,1.0,346.0,31.7,22.28,43350.25,40574.18,10.1,0.0,0.0,4.52,0.0,6.0,6.7,56.0,,,,20.6,9.4,346.0,8.3,1.9
2016-03-18 00:00:00+00:00,16.9,0.0,13.1,14.5,8.9,24.4,22.0,0.0,54.0,27.0,23.27,43459.49,40684.01,7.1,0.0,0.0,4.87,0.0,0.0,4.2,50.0,,,,20.6,9.8,54.0,12.6,7.1
2016-03-19 00:00:00+00:00,21.4,0.0,22.1,17.9,13.0,31.2,27.6,3.0,206.0,45.7,23.17,43569.09,40192.78,10.3,0.0,0.0,6.79,0.0,34.0,2.3,34.0,,,,29.5,14.4,206.0,15.1,8.7
2016-03-20 00:00:00+00:00,17.3,0.0,21.5,14.9,13.4,22.2,18.6,3.0,316.0,42.1,16.75,43679.0,34679.41,12.4,0.0,0.0,4.12,0.0,47.0,7.9,57.0,,,,29.8,14.3,316.0,10.8,4.4
2016-03-21 00:00:00+00:00,16.7,0.0,17.4,14.3,10.3,23.3,20.6,1.0,332.0,36.4,23.03,43789.12,41014.5,9.0,0.0,0.0,4.94,0.0,8.0,5.5,53.0,,,,23.5,11.4,332.0,10.1,5.6
2016-03-22 00:00:00+00:00,17.6,0.0,14.1,15.4,11.0,24.8,22.4,0.0,39.0,28.8,24.05,43899.41,41124.76,9.3,0.0,0.0,5.04,0.0,0.0,4.5,47.0,,,,19.2,9.0,39.0,9.0,4.2
2016-03-23 00:00:00+00:00,21.0,0.0,14.4,17.8,10.8,30.8,27.8,3.0,142.0,32.4,20.87,44009.78,40766.67,8.2,0.0,0.0,5.87,0.0,64.0,1.0,34.0,,,,22.1,10.8,142.0,10.8,6.8
2016-03-24 00:00:00+00:00,24.6,0.0,25.5,19.6,19.0,31.9,27.1,3.0,202.0,48.6,20.87,44120.16,38387.94,13.3,0.0,0.0,8.24,0.0,97.0,-3.9,16.0,,,,33.1,17.6,202.0,14.0,7.9
2016-03-25 00:00:00+00:00,22.2,0.0,21.3,18.2,16.8,28.0,23.9,3.0,61.0,41.4,12.54,44230.49,14328.55,12.6,0.0,0.0,5.51,0.0,98.0,1.9,28.0,,,,26.8,14.7,61.0,9.4,6.2
2016-03-26 00:00:00+00:00,22.3,2.4,12.2,21.3,17.8,26.1,25.0,51.0,237.0,41.0,6.82,44340.7,3330.72,17.6,10.0,2.4,2.76,0.0,100.0,10.3,49.0,,,,24.4,7.5,237.0,10.1,0.0
2016-03-27 00:00:00+00:00,17.4,0.0,20.9,15.6,13.5,22.6,20.7,3.0,323.0,40.7,22.49,44450.71,40516.51,12.2,0.0,0.0,4.56,0.0,18.0,8.6,61.0,,,,26.8,12.8,323.0,13.0,5.7
2016-03-28 00:00:00+00:00,16.1,0.0,22.9,13.1,12.0,20.6,16.5,3.0,291.0,46.1,15.81,44560.45,34203.1,9.5,0.0,0.0,3.91,0.0,30.0,6.4,55.0,,,,28.6,14.6,291.0,10.4,5.7
2016-03-29 00:00:00+00:00,16.4,0.0,18.2,13.7,10.4,23.2,20.9,2.0,342.0,34.6,23.69,44669.85,41890.73,8.6,0.0,0.0,5.13,0.0,16.0,4.8,50.0,,,,25.2,12.5,342.0,12.6,6.3
2016-03-30 00:00:00+00:00,16.4,0.0,20.1,13.7,8.2,23.9,21.3,0.0,16.0,36.7,24.61,44778.84,41998.48,6.1,0.0,0.0,5.37,0.0,1.0,5.5,52.0,,,,26.9,13.8,16.0,11.9,7.1
2016-03-31 00:00:00+00:00,17.8,0.0,25.0,14.4,11.1,25.9,21.7,1.0,36.0,47.9,25.01,44887.33,42105.61,8.9,0.0,0.0,6.09,0.0,6.0,5.7,51.0,,,,35.3,18.7,36.0,17.6,10.1
2016-04-01 00:00:00+00:00,19.2,0.0,26.7,15.6,11.6,28.0,24.0,3.0,45.0,52.2,25.71,44995.27,42212.03,9.0,0.0,0.0,6.55,0.0,13.0,5.9,51.0,,,,38.2,20.6,45.0,29.5,16.4
2016-04-02 00:00:00+00:00,20.9,0.0,19.5,18.6,13.2,30.2,27.7,3.0,36.0,37.8,25.37,45102.57,42317.68,12.0,0.0,0.0,6.4,0.0,29.0,8.5,53.0,,,,30.8,15.9,36.0,23.0,11.5
2016-04-03 00:00:00+00:00,21.1,0.0,17.4,18.9,12.9,30.0,27.5,0.0,34.0,33.5,25.64,45209.16,42422.5,11.8,0.0,0.0,6.35,0.0,0.0,7.1,50.0,,,,26.7,13.5,34.0,18.7,10.8
2016-04-04 00:00:00+00:00,21.5,0.0,16.9,19.1,12.6,30.1,27.9,1.0,55.0,31.0,25.96,45315.04,42526.39,11.2,0.0,0.0,6.38,0.0,2.0,3.8,39.0,,,,22.1,10.7,55.0,14.0,7.4
2016-04-05 00:00:00+00:00,23.6,0.0,17.2,21.0,16.1,31.2,29.4,3.0,75.0,30.6,25.96,45420.93,42629.98,13.3,0.0,0.0,6.89,0.0,17.0,3.9,31.0,,,,24.7,11.6,75.0,12.2,1.5
2016-04-06 00:00:00+00:00,23.1,0.0,13.6,21.2,14.8,31.5,29.5,3.0,23.0,29.5,25.83,45526.96,42733.59,14.0,0.0,0.0,6.57,0.0,27.0,7.2,42.0,,,,22.4,11.2,23.0,14.4,8.3
2016-04-07 00:00:00+00:00,25.1,0.0,15.5,22.6,15.9,34.3,33.3,0.0,65.0,25.6,25.98,45633.09,42837.13,13.6,0.0,0.0,6.99,0.0,0.0,2.6,29.0,,,,19.9,9.4,65.0,14.0,3.3
2016-04-08 00:00:00+00:00,29.9,0.0,19.9,26.6,19.8,39.3,36.6,3.0,163.0,42.8,24.9,45739.24,39997.32,16.2,0.0,0.0,8.65,0.0,42.0,1.4,17.0,,,,24.5,12.3,163.0,12.6,5.9
2016-04-09 00:00:00+00:00,31.0,0.0,30.9,27.9,24.5,40.2,37.3,3.0,159.0,61.2,21.82,45845.33,36000.0,22.3,0.0,0.0,9.18,0.0,69.0,5.9,22.0,,,,36.3,16.4,159.0,14.0,5.8
2016-04-10 00:00:00+00:00,25.3,0.0,22.5,23.0,19.1,31.9,29.8,3.0,15.0,44.3,23.19,45951.3,42948.86,17.9,0.0,0.0,7.33,0.0,40.0,9.0,37.0,,,,35.3,15.7,15.0,24.1,6.6
2016-04-11 00:00:00+00:00,22.2,0.0,23.5,20.6,16.5,29.4,29.2,3.0,327.0,42.8,26.04,46057.07,42984.09,14.9,0.0,0.0,6.49,0.0,15.0,9.3,46.0,,,,26.0,12.4,327.0,12.6,5.0
2016-04-12 00:00:00+00:00,18.7,0.0,23.2,16.6,13.7,24.1,20.9,3.0,296.0,46.1,18.24,46162.57,41089.17,12.8,0.0,0.0,4.48,0.0,32.0,9.9,59.0,,,,29.4,14.8,296.0,9.4,5.9
2016-04-13 00:00:00+00:00,19.2,0.0,20.4,17.3,14.4,24.2,21.1,3.0,315.0,41.0,14.34,46267.73,29599.08,14.0,0.0,0.0,3.92,0.0,41.0,10.9,62.0,,,,29.5,15.0,315.0,15.5,10.0
2016-04-14 00:00:00+00:00,20.7,0.0,11.7,20.3,15.0,27.4,27.2,3.0,338.0,23.4,25.06,46372.48,41080.13,15.2,0.0,0.0,5.23,0.0,30.0,10.8,60.0,,,,19.0,8.5,338.0,11.9,5.6
2016-04-15 00:00:00+00:00,23.3,0.0,10.6,22.2,13.8,31.1,30.8,0.0,31.0,21.6,26.56,46476.73,43125.01,13.2,0.0,0.0,6.16,0.0,0.0,7.5,41.0,,,,16.1,7.0,31.0,9.7,2.8
2016-04-16 00:00:00+00:00,26.1,0.0,17.9,23.3,16.0,34.6,32.0,0.0,46.0,36.7,26.72,46580.4,43160.27,14.0,0.0,0.0,8.07,0.0,1.0,3.6,27.0,,,,23.8,12.0,46.0,11.5,5.5
2016-04-17 00:00:00+00:00,26.0,0.0,18.0,23.0,16.8,34.5,32.0,0.0,26.0,36.4,27.45,46683.43,43195.57,14.4,0.0,0.0,8.33,0.0,0.0,2.3,25.0,,,,25.7,12.5,26.0,13.7,6.6
2016-04-18 00:00:00+00:00,22.7,0.0,20.5,20.6,14.5,31.8,28.6,1.0,31.0,40.7,27.23,46785.73,43200.0,14.0,0.0,0.0,7.28,0.0,6.0,7.9,47.0,,,,29.7,15.3,31.0,15.8,9.2
2016-04-19 00:00:00+00:00,23.4,0.0,22.0,21.6,15.0,33.3,30.6,2.0,32.0,43.6,27.1,46887.23,43200.0,14.3,0.0,0.0,7.27,0.0,8.0,11.0,54.0,,,,33.3,17.9,32.0,21.6,13.9
2016-04-20 00:00:00+00:00,25.2,0.0,17.5,24.3,15.9,35.5,34.8,0.0,20.0,30.6,27.1,46987.82,43200.0,15.9,0.0,0.0,7.11,0.0,0.0,11.2,51.0,,,,25.4,12.6,20.0,18.7,10.3
2016-04-21 00:00:00+00:00,27.0,0.0,16.5,25.3,16.4,37.1,35.6,1.0,13.0,32.0,27.37,47087.45,43200.0,16.0,0.0,0.0,7.79,0.0,3.0,6.9,35.0,,,,20.7,10.2,13.0,10.1,3.3
2016-04-22 00:00:00+00:00,26.3,0.0,17.3,23.9,17.3,35.2,33.3,1.0,32.0,31.0,27.77,47186.01,43268.03,15.7,0.0,0.0,8.03,0.0,3.0,5.2,30.0,,,,23.6,11.7,32.0,14.0,7.8
2016-04-23 00:00:00+00:00,25.6,0.0,14.3,24.1,16.8,34.4,33.6,3.0,20.0,29.2,27.06,47283.43,43262.45,15.7,0.0,0.0,7.22,0.0,22.0,8.4,38.0,,,,22.1,10.9,20.0,14.4,8.5
2016-04-24 00:00:00+00:00,29.4,0.0,20.1,27.0,18.5,39.1,36.8,3.0,175.0,39.2,27.03,47379.67,43256.3,17.7,0.0,0.0,8.97,0.0,12.0,5.7,28.0,,,,25.0,12.6,175.0,9.4,4.2
2016-04-25 00:00:00+00:00,27.5,0.0,18.0,26.1,19.4,34.7,33.7,2.0,359.0,32.0,27.69,47475.45,43337.41,19.6,0.0,0.0,7.93,0.0,7.0,9.0,37.0,,,,25.8,12.4,359.0,19.1,7.2
2016-04-26 00:00:00+00:00,28.0,0.0,27.3,25.1,20.0,40.2,36.7,2.0,258.0,54.4,26.79,47570.9,42189.76,17.3,0.0,0.0,9.53,0.0,19.0,6.5,31.0,,,,35.6,17.9,258.0,12.2,10.2
2016-04-27 00:00:00+00:00,22.1,0.0,20.2,20.3,16.8,29.7,28.0,3.0,351.0,39.6,27.29,47665.93,43200.0,15.4,0.0,0.0,6.81,0.0,22.0,10.0,51.0,,,,32.2,16.2,351.0,25.9,13.4
2016-04-28 00:00:00+00:00,21.2,0.0,17.7,19.2,14.1,29.1,26.8,1.0,7.0,35.3,27.75,47760.48,43418.85,13.3,0.0,0.0,6.77,0.0,5.0,7.7,48.0,,,,27.7,13.9,7.0,14.0,7.6
2016-04-29 00:00:00+00:00,22.5,0.0,16.9,20.5,14.2,30.9,28.7,0.0,26.0,35.3,28.01,47854.47,43514.2,13.2,0.0,0.0,7.1,0.0,0.0,7.4,44.0,,,,26.9,13.1,26.0,15.8,9.2
2016-04-30 00:00:00+00:00,25.8,0.0,12.1,23.7,16.4,35.3,33.6,0.0,61.0,27.7,27.95,47947.82,43715.02,14.7,0.0,0.0,6.69,0.0,0.0,3.2,30.0,,,,17.7,8.0,61.0,6.5,1.1
2016-05-01 00:00:00+00:00,26.0,0.0,20.2,24.4,18.6,33.9,32.3,0.0,294.0,43.9,27.8,48040.45,43717.83,18.3,0.0,0.0,7.81,0.0,0.0,8.5,36.0,,,,26.1,12.5,294.0,10.8,5.4
2016-05-02 00:00:00+00:00,25.2,0.0,23.1,24.5,15.9,34.6,34.4,3.0,23.0,42.8,27.63,48132.28,43719.97,16.3,0.0,0.0,7.08,0.0,28.0,10.2,47.0,,,,21.8,10.2,23.0,7.9,2.8
2016-05-03 00:00:00+00:00,28.4,0.0,30.9,27.0,20.7,38.4,37.6,3.0,14.0,49.3,26.09,48223.23,43829.4,19.0,0.0,0.0,8.35,0.0,86.0,11.1,39.0,,,,30.0,15.0,14.0,15.1,4.7
2016-05-04 00:00:00+00:00,23.2,0.0,22.8,21.8,17.1,28.6,27.2,3.0,316.0,41.8,25.69,48313.21,40122.45,17.6,0.0,0.0,6.25,0.0,80.0,8.8,45.0,,,,25.4,11.0,316.0,7.9,4.3
2016-05-05 00:00:00+00:00,23.7,0.0,23.7,21.8,16.6,30.9,29.1,2.0,260.0,45.0,28.63,48402.13,44058.88,16.2,0.0,0.0,7.51,0.0,3.0,7.8,42.0,,,,28.3,13.5,260.0,14.4,7.7
2016-05-06 00:00:00+00:00,21.5,0.0,15.2,20.4,14.2,27.2,25.4,3.0,300.0,34.6,25.46,48489.93,40464.66,14.4,0.0,0.0,5.87,0.0,49.0,9.8,53.0,,,,23.6,10.3,300.0,7.6,3.9
2016-05-07 00:00:00+00:00,22.3,0.0,19.6,21.1,15.7,28.4,27.5,3.0,348.0,37.4,27.8,48576.49,44069.8,15.5,0.0,0.0,6.39,0.0,26.0,8.1,45.0,,,,22.1,9.3,348.0,7.9,2.2
2016-05-08 00:00:00+00:00,24.1,0.0,16.3,22.7,16.4,31.5,31.0,3.0,53.0,35.6,27.78,48661.73,43369.38,15.2,0.0,0.0,6.85,0.0,26.0,8.5,43.0,,,,23.8,11.3,53.0,16.6,7.3
2016-05-09 00:00:00+00:00,27.1,0.0,25.9,24.4,18.7,36.0,33.9,3.0,66.0,46.8,27.28,48745.57,43959.23,16.7,0.0,0.0,9.09,0.0,27.0,8.1,35.0,,,,34.4,18.3,66.0,24.5,13.8
2016-05-10 00:00:00+00:00,25.2,0.0,23.3,22.9,17.9,33.8,31.9,1.0,22.0,46.1,28.43,48827.91,44444.32,16.4,0.0,0.0,8.42,0.0,2.0,9.7,42.0,,,,36.9,18.7,22.0,27.4,13.7
2016-05-11 00:00:00+00:00,23.4,0.0,19.5,22.6,16.0,31.4,30.5,1.0,338.0,35.6,28.25,48908.66,44329.7,16.7,0.0,0.0,6.99,0.0,6.0,11.2,52.0,,,,26.0,12.5,338.0,11.5,6.4
2016-05-12 00:00:00+00:00,24.7,0.0,15.4,24.2,15.5,33.4,32.5,0.0,7.0,29.2,28.72,48987.71,44706.7,16.0,0.0,0.0,6.97,0.0,0.0,10.5,49.0,,,,20.5,9.2,7.0,9.0,4.8
2016-05-13 00:00:00+00:00,29.6,0.0,13.5,28.3,19.6,37.8,37.2,3.0,40.0,29.9,26.51,49064.98,43068.25,18.5,0.0,0.0,7.61,0.0,54.0,8.2,29.0,,,,18.6,8.8,40.0,10.4,5.2
2016-05-14 00:00:00+00:00,34.3,0.0,22.7,32.7,25.6,43.0,43.2,3.0,66.0,41.0,28.0,49140.43,44724.62,24.0,0.0,0.0,9.21,0.0,29.0,7.9,21.0,,,,21.7,10.4,66.0,14.8,4.0
2016-05-15 00:00:00+00:00,36.0,0.0,28.8,33.2,28.9,44.4,43.7,3.0,68.0,52.2,27.97,49214.65,43200.0,25.8,0.0,0.0,11.43,0.0,86.0,7.4,19.0,,,,31.9,17.6,68.0,12.6,6.1
2016-05-16 00:00:00+00:00,31.3,0.0,24.0,30.9,24.5,40.8,42.1,3.0,27.0,46.8,28.3,49287.77,45193.82,24.4,0.0,0.0,9.36,0.0,18.0,14.1,37.0,,,,33.7,15.8,27.0,20.9,7.6
2016-05-17 00:00:00+00:00,27.2,0.0,19.5,26.4,20.5,34.9,34.8,3.0,5.0,38.9,27.89,49359.7,45007.47,20.6,0.0,0.0,8.02,0.0,28.0,13.2,46.0,,,,31.7,15.7,5.0,22.3,12.4
2016-05-18 00:00:00+00:00,24.0,0.0,17.7,22.8,17.8,30.6,29.1,3.0,327.0,36.7,29.18,49430.37,44638.77,18.8,0.0,0.0,7.33,0.0,9.0,10.2,47.0,,,,28.4,13.2,327.0,14.8,6.0
2016-05-19 00:00:00+00:00,23.0,0.0,20.9,22.0,15.8,30.2,29.4,1.0,356.0,37.8,29.06,49499.73,44905.29,16.2,0.0,0.0,6.84,0.0,5.0,9.7,50.0,,,,23.9,11.0,356.0,12.6,6.8
2016-05-20 00:00:00+00:00,23.8,0.0,16.6,22.2,15.9,31.5,29.9,3.0,29.0,34.9,29.11,49567.68,45630.32,15.6,0.0,0.0,7.4,0.0,10.0,9.2,45.0,,,,27.3,13.4,29.0,14.0,7.8
2016-05-21 00:00:00+00:00,26.2,0.0,15.6,24.6,17.8,34.7,33.5,3.0,49.0,33.1,28.47,49634.18,45448.32,16.7,0.0,0.0,7.88,0.0,16.0,9.0,38.0,,,,25.5,13.0,49.0,16.6,8.7
2016-05-22 00:00:00+00:00,28.3,0.0,25.9,26.1,20.7,38.3,35.6,3.0,285.0,51.8,28.4,49699.12,45447.84,19.3,0.0,0.0,9.46,0.0,30.0,9.5,34.0,,,,34.3,17.7,285.0,16.9,10.8
2016-05-23 00:00:00+00:00,22.6,0.0,23.2,21.6,15.9,29.1,27.0,1.0,299.0,45.4,27.35,49762.47,45420.57,16.6,0.0,0.0,6.58,0.0,6.0,11.8,54.0,,,,29.2,13.5,299.0,5.8,1.3
2016-05-24 00:00:00+00:00,22.9,0.0,18.4,21.6,16.2,29.9,28.8,0.0,320.0,38.5,28.86,49824.11,45823.41,16.2,0.0,0.0,7.0,0.0,2.0,10.1,49.0,,,,28.0,13.3,320.0,13.3,6.2
2016-05-25 00:00:00+00:00,25.3,0.0,11.8,23.9,14.5,33.6,32.3,0.0,358.0,27.7,29.38,49884.0,45844.93,13.6,0.0,0.0,6.96,0.0,0.0,5.4,33.0,,,,16.5,6.8,358.0,7.9,0.7
2016-05-26 00:00:00+00:00,26.6,0.0,22.7,24.1,21.0,32.8,31.6,0.0,285.0,45.4,29.14,49942.05,45864.93,19.1,0.0,0.0,8.8,0.0,0.0,7.4,31.0,,,,32.0,16.2,285.0,15.1,8.2
2016-05-27 00:00:00+00:00,23.4,0.0,22.9,21.9,15.3,30.6,28.8,0.0,328.0,46.4,28.99,49998.18,45987.05,15.5,0.0,0.0,7.37,0.0,1.0,10.3,49.0,,,,29.7,14.2,328.0,9.4,5.3
2016-05-28 00:00:00+00:00,23.7,0.0,23.7,22.2,16.9,30.2,28.4,1.0,303.0,49.7,28.37,50052.32,46005.59,16.9,0.0,0.0,7.3,0.0,5.0,10.6,48.0,,,,30.1,14.9,303.0,10.4,5.8
2016-05-29 00:00:00+00:00,24.1,0.0,16.5,23.4,15.9,31.3,30.5,0.0,317.0,40.3,29.0,50104.39,46129.23,16.2,0.0,0.0,7.08,0.0,2.0,11.3,49.0,,,,25.0,11.5,317.0,9.4,5.4
2016-05-30 00:00:00+00:00,25.5,0.0,16.0,24.6,16.7,33.6,32.3,0.0,32.0,31.7,29.36,50154.31,46146.16,17.2,0.0,0.0,7.56,0.0,1.0,10.3,45.0,,,,23.8,11.4,32.0,12.2,7.0
2016-05-31 00:00:00+00:00,28.6,0.0,15.0,26.8,19.0,37.0,35.2,0.0,47.0,33.1,29.51,50202.01,46270.94,18.1,0.0,0.0,8.45,0.0,0.0,7.4,31.0,,,,23.4,11.4,47.0,13.0,7.9
2016-06-01 00:00:00+00:00,32.3,0.0,16.7,30.6,21.6,41.7,40.3,3.0,2.0,32.4,29.15,50247.4,45631.39,20.5,0.0,0.0,8.89,0.0,28.0,6.3,22.0,,,,21.0,9.3,2.0,9.0,0.8
2016-06-02 00:00:00+00:00,31.9,0.0,17.5,30.1,21.9,40.8,39.2,3.0,34.0,32.0,29.54,50290.42,46411.61,20.9,0.0,0.0,9.15,0.0,13.0,6.7,24.0,,,,22.1,10.9,34.0,13.3,7.7
2016-06-03 00:00:00+00:00,34.6,0.0,12.6,32.8,24.1,44.2,43.9,3.0,37.0,27.7,28.83,50331.01,45619.3,22.1,0.0,0.0,8.46,0.0,33.0,4.3,17.0,,,,18.4,7.5,37.0,12.2,0.4
2016-06-04 00:00:00+00:00,35.3,0.1,14.5,33.8,24.5,45.0,44.5,51.0,23.0,34.9,27.16,50369.52,44680.31,22.9,1.0,0.1,8.55,0.0,30.0,6.7,20.0,,,,20.9,8.3,23.0,9.4,2.3
2016-06-05 00:00:00+00:00,30.9,0.0,19.6,29.9,23.0,38.9,38.5,1.0,349.0,37.8,28.97,50406.01,46561.35,22.9,0.0,0.0,9.2,0.0,5.0,11.9,35.0,,,,29.5,14.4,349.0,14.8,7.5
2016-06-06 00:00:00+00:00,29.1,0.0,17.1,28.4,19.9,37.8,36.4,0.0,24.0,35.3,29.49,50440.45,46570.27,20.8,0.0,0.0,8.41,0.0,0.0,11.5,40.0,,,,25.0,12.4,24.0,16.2,9.5
2016-06-07 00:00:00+00:00,32.9,0.0,12.2,31.8,22.7,41.8,42.3,3.0,61.0,27.4,29.29,50472.81,46577.45,22.1,0.0,0.0,8.09,0.0,12.0,7.5,25.0,,,,17.3,7.8,61.0,9.4,0.8
2016-06-08 00:00:00+00:00,30.8,0.0,21.1,29.7,23.4,38.1,37.7,1.0,349.0,41.4,28.2,50503.07,46226.71,22.6,0.0,0.0,8.9,0.0,13.0,11.1,32.0,,,,28.2,13.6,349.0,13.3,4.4
2016-06-09 00:00:00+00:00,26.3,0.0,21.6,26.1,20.0,33.0,32.5,1.0,338.0,41.8,29.02,50531.2,46570.14,22.3,0.0,0.0,7.65,0.0,5.0,13.6,51.0,,,,29.4,13.8,338.0,13.0,6.1
2016-06-10 00:00:00+00:00,26.0,0.0,16.4,25.3,18.4,32.7,31.4,0.0,338.0,36.4,29.45,50557.16,46830.25,19.1,0.0,0.0,7.54,0.0,0.0,10.7,43.0,,,,23.6,10.6,338.0,9.7,5.8
2016-06-11 00:00:00+00:00,28.0,0.0,16.5,27.3,19.7,35.5,35.5,0.0,40.0,28.8,28.67,50580.93,46711.11,20.0,0.0,0.0,7.73,0.0,1.0,10.4,37.0,,,,21.6,9.8,40.0,11.2,4.9
2016-06-12 00:00:00+00:00,30.5,0.0,24.7,28.0,22.8,38.8,37.1,0.0,60.0,44.3,29.04,50602.48,46833.66,20.5,0.0,0.0,10.47,0.0,1.0,8.9,29.0,,,,34.8,18.8,60.0,24.5,14.9
2016-06-13 00:00:00+00:00,29.4,0.0,22.9,28.3,21.2,38.4,37.8,0.0,37.0,42.1,29.24,50621.79,46833.08,20.9,0.0,0.0,9.41,0.0,0.0,13.7,43.0,,,,36.5,19.1,37.0,29.9,14.9
2016-06-14 00:00:00+00:00,31.3,0.0,14.8,31.2,20.5,41.0,41.2,0.0,37.0,28.1,29.42,50638.83,46955.2,21.8,0.0,0.0,8.36,0.0,0.0,12.6,41.0,,,,23.6,11.7,37.0,15.5,6.0
2016-06-15 00:00:00+00:00,30.4,0.0,20.6,29.8,24.3,37.3,37.1,0.0,337.0,40.7,29.17,50653.57,46952.47,23.8,0.0,0.0,9.01,0.0,0.0,12.9,37.0,,,,29.7,14.6,337.0,16.2,5.6
2016-06-16 00:00:00+00:00,27.1,0.0,21.5,27.1,19.6,35.1,34.6,1.0,9.0,38.5,29.22,50666.0,46268.88,21.6,0.0,0.0,7.91,0.0,5.0,14.1,51.0,,,,28.2,13.7,9.0,13.3,7.6
2016-06-17 00:00:00+00:00,28.0,0.0,24.2,27.5,19.1,37.0,35.8,1.0,20.0,44.3,29.09,50676.08,46682.72,20.5,0.0,0.0,8.56,0.0,4.0,13.8,49.0,,,,31.3,16.0,20.0,14.0,9.0
2016-06-18 00:00:00+00:00,29.3,0.0,19.6,28.9,20.2,37.8,36.5,0.0,20.0,40.0,29.42,50683.8,47063.07,22.0,0.0,0.0,8.7,0.0,0.0,13.2,44.0,,,,27.7,13.9,20.0,13.7,8.0
2016-06-19 00:00:00+00:00,30.2,0.0,16.6,29.8,20.7,38.2,37.9,0.0,28.0,34.6,29.63,50689.13,47055.66,21.9,0.0,0.0,8.8,0.0,0.0,12.7,39.0,,,,25.2,12.8,28.0,12.2,7.8
2016-06-20 00:00:00+00:00,30.6,0.0,15.8,30.7,21.2,38.7,38.9,0.0,9.0,29.9,29.64,50692.05,47174.94,22.7,0.0,0.0,8.33,0.0,0.0,12.8,39.0,,,,21.8,10.0,9.0,9.0,4.3
2016-06-21 00:00:00+00:00,31.1,0.0,20.4,31.0,22.2,39.8,39.5,0.0,353.0,38.2,29.42,50692.55,47165.57,23.4,0.0,0.0,8.98,0.0,0.0,13.1,38.0,,,,24.5,11.9,353.0,8.3,4.7
2016-06-22 00:00:00+00:00,30.7,0.0,18.7,31.6,22.0,39.5,39.9,0.0,333.0,38.9,29.34,50690.6,47155.04,23.9,0.0,0.0,8.5,0.0,0.0,16.0,46.0,,,,25.6,12.3,333.0,10.1,6.8
2016-06-23 00:00:00+00:00,30.8,0.0,20.5,32.7,23.2,39.8,40.3,3.0,342.0,36.4,28.66,50686.18,45126.96,27.1,0.0,0.0,8.14,0.0,14.0,17.9,55.0,,,,25.5,12.0,342.0,12.2,6.6
2016-06-24 00:00:00+00:00,30.2,0.0,19.7,32.4,22.2,38.4,39.8,3.0,342.0,35.3,29.06,50679.22,46951.61,26.0,0.0,0.0,7.8,0.0,17.0,18.5,56.0,,,,24.2,11.2,342.0,11.5,6.5
2016-06-25 00:00:00+00:00,30.6,0.0,19.5,32.2,22.7,39.4,39.3,2.0,357.0,35.6,28.93,50669.73,46111.25,26.5,0.0,0.0,8.12,0.0,7.0,17.2,53.0,,,,24.1,11.6,357.0,12.2,6.8
2016-06-26 00:00:00+00:00,31.0,0.0,19.3,32.5,22.1,39.7,40.5,0.0,16.0,36.4,28.86,50657.76,46666.88,25.6,0.0,0.0,8.3,0.0,0.0,17.3,51.0,,,,24.7,11.9,16.0,11.2,5.8
2016-06-27 00:00:00+00:00,29.1,0.0,22.2,30.0,22.9,36.0,37.6,1.0,347.0,40.0,28.63,50643.34,46672.06,25.1,0.0,0.0,8.07,0.0,3.0,17.1,52.0,,,,29.8,15.1,347.0,19.4,10.2
2016-06-28 00:00:00+00:00,28.6,0.0,21.1,29.6,22.1,35.9,36.8,2.0,330.0,42.8,27.23,50626.51,45970.69,24.6,0.0,0.0,7.54,0.0,10.0,17.2,54.0,,,,29.4,13.6,330.0,10.8,5.4
2016-06-29 00:00:00+00:00,29.9,0.0,18.5,31.4,21.9,37.9,38.6,0.0,329.0,33.1,28.76,50607.31,46654.85,24.8,0.0,0.0,7.73,0.0,2.0,16.6,51.0,,,,21.3,10.0,329.0,8.6,5.4
2016-06-30 00:00:00+00:00,29.6,0.0,20.1,31.0,22.5,36.9,36.9,0.0,338.0,37.1,29.1,50585.78,46643.25,25.9,0.0,0.0,7.74,0.0,1.0,16.5,52.0,,,,24.1,11.1,338.0,13.7,6.8
2016-07-01 00:00:00+00:00,28.5,0.0,19.9,29.8,22.1,35.6,36.7,2.0,347.0,37.1,28.37,50561.97,45829.8,24.7,0.0,0.0,7.5,0.0,11.0,17.3,55.0,,,,27.5,12.7,347.0,17.6,8.7
2016-07-02 00:00:00+00:00,29.2,0.0,20.7,30.6,22.5,36.8,37.7,3.0,340.0,37.8,27.59,50535.91,45230.74,26.0,0.0,0.0,7.68,0.0,18.0,17.6,55.0,,,,26.5,12.7,340.0,10.4,4.8
2016-07-03 00:00:00+00:00,29.0,0.0,19.2,30.6,21.3,36.7,37.8,1.0,325.0,37.8,28.07,50507.65,46227.24,24.7,0.0,0.0,7.58,0.0,8.0,17.6,56.0,,,,25.0,11.6,325.0,8.3,4.3
2016-07-04 00:00:00+00:00,29.1,0.0,21.2,30.5,21.5,36.6,37.2,0.0,315.0,42.5,28.65,50477.23,46354.74,25.0,0.0,0.0,7.82,0.0,0.0,17.4,55.0,,,,26.7,12.5,315.0,9.0,5.0
2016-07-05 00:00:00+00:00,29.2,0.0,13.9,31.2,21.7,35.8,37.2,0.0,312.0,36.0,27.9,50444.7,46217.97,25.3,0.0,0.0,7.06,0.0,2.0,17.9,55.0,,,,21.6,9.0,312.0,4.7,1.3
2016-07-06 00:00:00+00:00,30.4,0.0,16.9,32.6,23.2,38.2,39.6,3.0,331.0,31.3,27.98,50410.09,45554.38,27.4,0.0,0.0,7.58,0.0,11.0,18.3,55.0,,,,22.7,10.4,331.0,11.2,5.8
2016-07-07 00:00:00+00:00,29.8,0.0,23.3,31.8,23.4,37.6,39.3,3.0,329.0,43.6,27.88,50373.46,44188.24,26.5,0.0,0.0,7.67,0.0,23.0,18.3,57.0,,,,25.2,11.5,329.0,10.4,5.6
2016-07-08 00:00:00+00:00,29.2,0.0,17.3,30.0,22.1,36.3,36.8,0.0,321.0,36.0,28.69,50334.84,46322.42,24.2,0.0,0.0,7.9,0.0,0.0,15.8,48.0,,,,26.1,12.1,321.0,7.9,3.6
2016-07-09 00:00:00+00:00,29.3,0.0,17.4,31.3,21.6,36.6,38.1,1.0,336.0,32.4,28.54,50294.29,45927.94,24.9,0.0,0.0,6.99,0.0,4.0,16.8,54.0,,,,18.4,7.7,336.0,7.9,2.0
2016-07-10 00:00:00+00:00,30.0,0.0,20.9,31.4,22.7,37.7,39.0,1.0,3.0,38.2,28.13,50251.85,45283.97,26.1,0.0,0.0,8.05,0.0,4.0,17.5,52.0,,,,26.2,12.6,3.0,9.0,5.8
2016-07-11 00:00:00+00:00,29.8,0.0,15.0,30.8,21.3,37.4,38.0,0.0,348.0,30.2,28.98,50207.56,46038.87,24.3,0.0,0.0,7.63,0.0,0.0,15.1,48.0,,,,21.8,9.6,348.0,9.4,5.4
2016-07-12 00:00:00+00:00,30.1,0.0,13.7,31.7,21.9,37.5,39.3,0.0,353.0,24.5,28.99,50161.46,46029.21,24.4,0.0,0.0,7.21,0.0,0.0,15.7,48.0,,,,17.7,7.4,353.0,10.4,3.0
2016-07-13 00:00:00+00:00,30.8,0.0,18.0,32.2,23.1,38.2,39.9,0.0,4.0,32.0,28.52,50113.57,45768.74,25.5,0.0,0.0,7.92,0.0,0.0,16.6,47.0,,,,21.7,10.6,4.0,12.6,7.1
2016-07-14 00:00:00+00:00,30.4,0.0,17.8,31.4,22.1,37.9,38.1,0.0,10.0,33.1,29.02,50063.44,45759.48,25.5,0.0,0.0,8.15,0.0,0.0,15.8,48.0,,,,25.0,11.7,10.0,10.8,5.8
2016-07-15 00:00:00+00:00,30.9,0.0,15.1,31.0,22.5,38.3,38.0,0.0,6.0,33.1,29.11,50011.02,45749.46,24.0,0.0,0.0,8.34,0.0,0.0,13.1,39.0,,,,23.1,10.8,6.0,12.2,7.2
2016-07-16 00:00:00+00:00,30.4,0.0,16.1,30.9,21.8,38.2,37.8,0.0,344.0,33.8,29.33,49956.39,45738.71,24.2,0.0,0.0,8.16,0.0,0.0,14.0,43.0,,,,22.8,10.5,344.0,10.1,5.0
2016-07-17 00:00:00+00:00,29.2,0.0,24.2,30.5,23.3,37.2,37.7,3.0,328.0,46.4,27.33,49899.66,44351.24,26.2,0.0,0.0,7.8,0.0,17.0,18.1,57.0,,,,31.3,15.1,328.0,13.0,8.3
2016-07-18 00:00:00+00:00,27.7,0.0,20.0,28.6,22.0,34.7,35.5,1.0,319.0,36.7,27.67,49840.9,44762.89,24.2,0.0,0.0,7.29,0.0,6.0,16.4,54.0,,,,26.9,12.7,319.0,11.2,6.2
2016-07-19 00:00:00+00:00,28.1,0.0,19.2,29.2,21.0,35.3,36.5,1.0,329.0,37.1,28.05,49780.2,44992.88,22.7,0.0,0.0,7.25,0.0,6.0,16.2,52.0,,,,24.3,10.9,329.0,8.6,6.0
2016-07-20 00:00:00+00:00,28.8,0.0,12.9,30.1,22.1,35.6,35.9,0.0,315.0,31.7,28.41,49717.64,45101.59,25.0,0.0,0.0,7.05,0.0,1.0,15.1,50.0,,,,19.0,7.9,315.0,6.5,1.8
2016-07-21 00:00:00+00:00,30.5,0.0,20.3,31.5,23.0,37.5,38.2,0.0,7.0,38.9,28.31,49653.3,44860.22,25.7,0.0,0.0,7.55,0.0,0.0,15.3,46.0,,,,22.2,9.9,7.0,11.5,2.2
2016-07-22 00:00:00+00:00,29.7,0.0,21.0,30.9,23.2,36.2,37.3,0.0,1.0,37.8,28.07,49587.28,44741.05,26.1,0.0,0.0,7.6,0.0,0.0,16.5,50.0,,,,25.4,11.5,1.0,13.3,7.2
2016-07-23 00:00:00+00:00,28.5,0.0,18.6,29.1,20.7,35.7,35.5,0.0,357.0,37.4,28.38,49519.65,44729.71,23.2,0.0,0.0,7.8,0.0,0.0,15.5,51.0,,,,26.8,12.6,357.0,10.8,5.9
2016-07-24 00:00:00+00:00,28.7,0.0,21.4,29.6,20.7,36.9,37.0,0.0,335.0,42.8,28.12,49450.49,44613.42,23.6,0.0,0.0,7.89,0.0,0.0,16.9,54.0,,,,28.9,13.8,335.0,8.6,4.8
2016-07-25 00:00:00+00:00,30.0,0.0,20.1,31.5,21.3,38.9,39.6,0.0,337.0,36.4,28.22,49379.89,44499.46,24.4,0.0,0.0,7.72,0.0,0.0,16.9,53.0,,,,22.9,10.4,337.0,9.0,5.1
2016-07-26 00:00:00+00:00,30.6,0.0,16.6,31.7,22.3,38.4,38.5,0.0,341.0,31.0,28.26,49307.93,44488.58,25.3,0.0,0.0,7.82,0.0,0.0,15.4,46.0,,,,20.5,9.7,341.0,8.6,4.7
2016-07-27 00:00:00+00:00,29.4,0.0,19.1,30.8,22.4,37.1,37.3,2.0,345.0,34.2,27.63,49234.67,43958.07,26.0,0.0,0.0,7.59,0.0,12.0,17.1,54.0,,,,24.3,11.8,345.0,11.5,6.9
2016-07-28 00:00:00+00:00,28.9,0.0,18.7,30.2,22.3,36.6,37.1,1.0,346.0,36.4,27.49,49160.21,43839.97,25.7,0.0,0.0,7.57,0.0,8.0,17.6,56.0,,,,27.5,13.2,346.0,11.5,5.6
2016-07-29 00:00:00+00:00,29.0,0.0,17.2,30.5,23.3,36.4,37.3,3.0,347.0,31.7,27.32,49084.62,43836.9,26.2,0.0,0.0,7.28,0.0,18.0,17.4,55.0,,,,26.1,11.9,347.0,16.6,7.4
2016-07-30 00:00:00+00:00,28.8,0.0,18.3,30.4,22.4,36.1,37.1,2.0,336.0,33.1,27.37,49007.97,43727.55,25.9,0.0,0.0,7.22,0.0,11.0,17.5,56.0,,,,24.6,11.5,336.0,14.0,6.4
2016-07-31 00:00:00+00:00,29.0,0.0,14.8,31.2,21.0,36.2,38.1,1.0,331.0,27.4,27.41,48930.33,43746.16,24.3,0.0,0.0,6.77,0.0,9.0,17.9,56.0,,,,19.3,8.2,331.0,8.6,4.2
2016-08-01 00:00:00+00:00,30.4,0.0,14.2,32.6,23.6,37.7,39.8,0.0,342.0,27.0,27.49,48851.79,43651.92,27.6,0.0,0.0,7.12,0.0,2.0,17.5,53.0,,,,19.9,8.5,342.0,11.2,3.2
2016-08-02 00:00:00+00:00,30.8,0.0,16.3,32.6,22.9,38.0,39.6,0.0,334.0,29.2,27.68,48772.35,43750.7,26.7,0.0,0.0,7.21,0.0,0.0,16.7,50.0,,,,20.3,8.4,334.0,11.5,4.7
2016-08-03 00:00:00+00:00,29.4,0.0,15.8,30.6,22.2,36.8,37.3,0.0,330.0,30.2,27.8,48691.37,43653.94,24.8,0.0,0.0,7.38,0.0,0.0,16.0,50.0,,,,22.2,10.1,330.0,8.3,5.5
2016-08-04 00:00:00+00:00,29.5,0.0,17.4,31.2,20.8,37.7,38.2,2.0,326.0,36.0,27.61,48608.77,43560.9,24.0,0.0,0.0,7.55,0.0,9.0,17.4,54.0,,,,23.1,10.8,326.0,9.0,3.1
2016-08-05 00:00:00+00:00,30.2,0.0,13.6,32.0,22.0,38.0,38.3,0.0,338.0,30.2,27.67,48524.63,43565.29,25.5,0.0,0.0,7.32,0.0,0.0,16.8,53.0,,,,19.3,8.7,338.0,8.6,1.5
2016-08-06 00:00:00+00:00,31.4,0.0,16.2,32.1,22.8,38.5,38.8,0.0,350.0,36.7,27.54,48439.06,43478.04,24.9,0.0,0.0,7.99,0.0,0.0,15.0,41.0,,,,23.0,10.5,350.0,10.1,2.7
2016-08-07 00:00:00+00:00,29.6,0.0,18.6,31.5,22.6,37.1,38.7,2.0,351.0,36.0,26.61,48352.13,43251.97,25.9,0.0,0.0,7.4,0.0,8.0,18.6,56.0,,,,26.2,12.5,351.0,11.5,7.0
2016-08-08 00:00:00+00:00,29.4,0.0,17.2,30.9,22.0,36.7,37.1,3.0,340.0,33.5,27.1,48263.95,43257.86,25.8,0.0,0.0,7.44,0.0,7.0,17.6,56.0,,,,24.8,12.2,340.0,10.4,6.5
2016-08-09 00:00:00+00:00,29.4,0.0,19.6,31.2,23.1,36.9,37.4,3.0,341.0,35.6,26.7,48174.59,43263.36,27.0,0.0,0.0,7.18,0.0,20.0,17.9,56.0,,,,24.6,11.4,341.0,12.6,7.4
2016-08-10 00:00:00+00:00,28.4,0.0,16.4,30.2,21.2,35.1,36.1,1.0,316.0,31.0,27.17,48084.15,43200.0,24.2,0.0,0.0,6.79,0.0,5.0,17.5,57.0,,,,21.5,9.5,316.0,7.9,3.3
2016-08-11 00:00:00+00:00,29.1,0.0,15.2,31.1,22.2,35.1,36.5,0.0,340.0,30.2,26.48,47992.71,43200.0,25.6,0.0,0.0,6.68,0.0,3.0,17.6,54.0,,,,20.3,8.5,340.0,7.6,2.4
2016-08-12 00:00:00+00:00,29.9,0.0,13.9,31.8,22.6,36.2,37.3,0.0,351.0,29.9,26.88,47900.35,43200.0,26.3,0.0,0.0,6.95,0.0,0.0,17.3,52.0,,,,20.4,8.8,351.0,7.2,4.2
2016-08-13 00:00:00+00:00,29.7,0.0,20.3,32.1,22.4,37.0,39.7,1.0,340.0,37.1,25.84,47807.16,43200.0,26.1,0.0,0.0,7.05,0.0,5.0,19.3,57.0,,,,23.4,10.8,340.0,9.0,5.0
2016-08-14 00:00:00+00:00,29.9,0.0,20.7,31.9,23.2,37.8,39.0,3.0,341.0,38.9,25.68,47713.2,39600.0,27.5,0.0,0.0,7.46,0.0,13.0,19.2,59.0,,,,27.7,13.7,341.0,11.2,7.2
2016-08-15 00:00:00+00:00,28.6,0.0,18.2,30.2,23.1,35.5,36.2,2.0,338.0,34.2,25.57,47618.59,43200.0,26.3,0.0,0.0,6.88,0.0,16.0,17.6,57.0,,,,25.8,12.1,338.0,15.1,8.6
2016-08-16 00:00:00+00:00,28.2,0.0,16.4,28.9,22.4,34.4,34.1,0.0,311.0,36.0,26.73,47523.36,43200.0,24.7,0.0,0.0,7.04,0.0,0.0,15.0,49.0,,,,22.9,10.2,311.0,7.6,2.5
2016-08-17 00:00:00+00:00,28.5,0.0,19.4,29.6,20.6,35.6,35.7,2.0,326.0,36.4,24.62,47427.62,43200.0,22.9,0.0,0.0,6.91,0.0,14.0,16.9,53.0,,,,24.8,11.8,326.0,7.6,4.6
2016-08-18 00:00:00+00:00,29.3,0.0,19.3,30.1,21.3,37.7,36.7,1.0,349.0,37.8,26.67,47331.44,43200.0,24.7,0.0,0.0,7.68,0.0,7.0,14.9,51.0,,,,24.3,11.5,349.0,9.7,5.0
2016-08-19 00:00:00+00:00,29.0,0.0,15.5,28.9,20.4,36.6,36.1,0.0,359.0,29.9,27.01,47234.88,43200.0,21.5,0.0,0.0,7.43,0.0,0.0,12.1,40.0,,,,19.8,9.4,359.0,8.3,5.4
2016-08-20 00:00:00+00:00,29.0,0.0,15.5,29.6,20.4,36.1,36.7,0.0,353.0,28.8,26.67,47138.02,43200.0,22.4,0.0,0.0,6.88,0.0,0.0,13.8,45.0,,,,19.3,8.5,353.0,10.4,5.9
2016-08-21 00:00:00+00:00,29.1,0.0,17.4,30.0,21.0,36.6,36.5,0.0,359.0,31.3,26.67,47040.93,43200.0,23.7,0.0,0.0,7.03,0.0,0.0,14.7,48.0,,,,20.2,9.2,359.0,8.3,4.7
2016-08-22 00:00:00+00:00,29.0,0.0,19.4,30.9,21.0,36.4,37.7,1.0,1.0,36.4,25.71,46943.62,43200.0,24.1,0.0,0.0,6.76,0.0,4.0,17.9,56.0,,,,21.6,10.2,1.0,10.1,5.0
2016-08-23 00:00:00+00:00,29.4,0.0,18.4,31.5,22.3,36.5,38.0,2.0,5.0,34.9,25.2,46845.39,43200.0,25.6,0.0,0.0,6.82,0.0,6.0,18.8,58.0,,,,23.7,11.4,5.0,12.2,6.9
2016-08-24 00:00:00+00:00,29.4,0.0,18.5,30.8,21.4,37.1,37.0,1.0,4.0,34.2,25.75,46746.14,43200.0,24.8,0.0,0.0,7.21,0.0,4.0,17.2,55.0,,,,24.2,11.8,4.0,10.4,6.5
2016-08-25 00:00:00+00:00,29.3,0.0,18.1,30.5,22.5,36.7,37.0,0.0,14.0,33.5,25.9,46645.95,43200.0,25.5,0.0,0.0,7.25,0.0,1.0,16.6,51.0,,,,22.8,11.0,14.0,7.2,4.6
2016-08-26 00:00:00+00:00,29.3,0.0,17.5,29.9,20.6,37.0,36.5,0.0,32.0,35.3,26.15,46544.89,43200.0,23.0,0.0,0.0,7.55,0.0,0.0,15.6,49.0,,,,23.6,11.9,32.0,10.4,6.0
2016-08-27 00:00:00+00:00,29.5,0.0,18.6,30.2,22.3,36.5,37.1,0.0,26.0,33.8,25.53,46443.04,43166.29,23.9,0.0,0.0,7.62,0.0,0.0,16.5,49.0,,,,26.3,13.7,26.0,13.0,7.8
2016-08-28 00:00:00+00:00,28.5,0.0,19.5,29.9,21.3,35.6,36.4,0.0,19.0,37.4,25.05,46340.48,43098.57,24.0,0.0,0.0,7.0,0.0,1.0,18.0,57.0,,,,26.8,13.3,19.0,12.6,6.9
2016-08-29 00:00:00+00:00,28.3,0.0,18.3,29.7,21.8,35.0,36.0,1.0,13.0,34.9,24.48,46237.28,43030.05,24.3,0.0,0.0,6.75,0.0,2.0,18.2,58.0,,,,27.2,13.7,13.0,14.8,8.4
2016-08-30 00:00:00+00:00,27.9,0.0,18.2,28.8,20.8,34.4,35.2,1.0,7.0,33.5,24.85,46133.52,42960.81,22.9,0.0,0.0,6.84,0.0,2.0,16.7,54.0,,,,25.4,12.6,7.0,11.5,6.6
2016-08-31 00:00:00+00:00,27.9,0.0,16.7,28.6,21.3,34.7,35.1,1.0,351.0,32.8,24.24,46029.27,42890.94,23.1,0.0,0.0,6.75,0.0,7.0,16.0,52.0,,,,25.2,12.2,351.0,10.1,6.3
2016-09-01 00:00:00+00:00,28.3,0.0,17.6,29.7,22.1,35.2,35.9,2.0,334.0,32.8,23.91,45924.61,42820.51,24.8,0.0,0.0,6.43,0.0,9.0,17.0,54.0,,,,21.9,10.5,334.0,8.3,4.7
2016-09-02 00:00:00+00:00,29.0,0.0,23.1,31.2,22.7,36.5,37.9,3.0,334.0,45.4,22.04,45819.59,40543.17,26.6,0.0,0.0,6.28,0.0,33.0,19.4,62.0,,,,24.6,12.2,334.0,9.0,6.1
2016-09-03 00:00:00+00:00,28.2,0.0,15.1,29.7,20.8,34.8,35.7,0.0,322.0,33.8,24.45,45714.31,42678.32,23.8,0.0,0.0,6.49,0.0,2.0,16.9,56.0,,,,22.9,9.8,322.0,9.0,3.4
2016-09-04 00:00:00+00:00,29.1,0.0,16.4,29.7,21.4,35.5,35.6,3.0,333.0,34.9,23.61,45608.82,42606.72,23.6,0.0,0.0,6.7,0.0,15.0,14.9,46.0,,,,21.4,9.7,333.0,8.3,1.6
2016-09-05 00:00:00+00:00,29.3,0.0,15.6,30.5,22.8,35.5,36.1,1.0,359.0,31.0,23.76,45503.18,42534.89,25.9,0.0,0.0,6.53,0.0,5.0,16.3,51.0,,,,22.5,10.1,359.0,12.2,5.4
2016-09-06 00:00:00+00:00,28.5,0.0,18.4,29.4,21.8,34.9,35.5,0.0,5.0,33.8,24.4,45397.48,42462.91,24.0,0.0,0.0,6.59,0.0,0.0,15.4,50.0,,,,21.8,10.3,5.0,11.2,5.1
2016-09-07 00:00:00+00:00,27.5,0.0,19.1,27.6,20.4,34.3,33.3,0.0,13.0,37.8,24.61,45291.78,42390.86,22.4,0.0,0.0,7.1,0.0,0.0,14.7,50.0,,,,26.8,13.2,13.0,8.3,6.0
2016-09-08 00:00:00+00:00,26.7,0.0,16.2,26.9,18.6,34.2,33.5,1.0,13.0,33.8,24.14,45186.14,42318.83,20.3,0.0,0.0,6.58,0.0,4.0,14.5,52.0,,,,24.3,11.8,13.0,11.9,6.3
2016-09-09 00:00:00+00:00,28.5,0.0,16.6,28.8,19.2,36.9,35.6,0.0,31.0,34.2,24.39,45080.62,42246.89,21.2,0.0,0.0,6.9,0.0,2.0,14.3,49.0,,,,22.4,10.9,31.0,10.1,6.4
2016-09-10 00:00:00+00:00,30.5,0.0,15.7,30.9,21.7,39.2,38.5,0.0,34.0,33.8,24.19,44975.3,42175.12,23.9,0.0,0.0,7.17,0.0,0.0,14.4,45.0,,,,21.4,10.3,34.0,8.3,5.6
2016-09-11 00:00:00+00:00,30.0,0.0,20.1,31.1,21.6,38.2,38.0,0.0,32.0,36.4,23.89,44870.16,42074.5,24.3,0.0,0.0,7.08,0.0,0.0,16.9,52.0,,,,24.5,12.4,32.0,10.8,6.9
2016-09-12 00:00:00+00:00,28.5,0.0,22.0,29.7,23.2,35.2,35.8,2.0,7.0,41.8,22.73,44764.52,41505.55,26.2,0.0,0.0,6.5,0.0,11.0,18.1,59.0,,,,29.0,14.6,7.0,19.8,10.8
2016-09-13 00:00:00+00:00,27.4,0.0,18.1,28.4,20.9,34.0,34.2,1.0,7.0,34.6,21.81,44658.23,41864.76,23.5,0.0,0.0,6.13,0.0,10.0,17.1,57.0,,,,25.3,12.5,7.0,10.1,5.8
2016-09-14 00:00:00+00:00,28.6,0.0,18.4,29.6,21.0,36.1,36.6,0.0,44.0,33.1,23.22,44551.39,41758.81,23.1,0.0,0.0,6.61,0.0,0.0,16.6,53.0,,,,23.8,11.8,44.0,11.9,6.6
2016-09-15 00:00:00+00:00,29.0,0.0,22.9,29.9,23.1,36.0,37.4,2.0,32.0,42.5,22.15,44444.04,39639.05,24.7,0.0,0.0,6.81,0.0,11.0,17.6,53.0,,,,29.3,14.9,32.0,17.3,9.7
2016-09-16 00:00:00+00:00,27.7,0.0,17.4,28.7,21.8,33.8,34.3,1.0,345.0,33.5,22.42,44336.26,41536.22,24.3,0.0,0.0,6.13,0.0,10.0,16.5,55.0,,,,24.1,11.6,345.0,11.9,7.3
2016-09-17 00:00:00+00:00,27.2,0.0,17.3,28.2,20.5,34.0,34.2,1.0,11.0,32.4,22.37,44228.13,41231.46,23.2,0.0,0.0,6.01,0.0,5.0,16.2,56.0,,,,21.9,10.5,11.0,7.9,4.9
2016-09-18 00:00:00+00:00,27.5,0.0,16.3,28.3,20.2,34.6,34.0,2.0,11.0,31.7,22.81,44119.7,41057.19,22.8,0.0,0.0,6.21,0.0,10.0,15.7,56.0,,,,23.8,11.3,11.0,10.8,7.2
2016-09-19 00:00:00+00:00,27.6,0.0,18.1,27.7,19.3,35.7,34.0,0.0,21.0,36.0,23.09,44011.06,40885.91,21.4,0.0,0.0,6.62,0.0,0.0,14.0,50.0,,,,23.3,11.1,21.0,8.6,5.2
2016-09-20 00:00:00+00:00,29.2,0.0,16.3,29.4,20.8,37.8,37.0,0.0,32.0,34.2,22.64,43902.26,40600.32,22.1,0.0,0.0,6.91,0.0,0.0,15.0,47.0,,,,24.6,12.5,32.0,14.4,9.0
2016-09-21 00:00:00+00:00,31.6,0.0,19.3,31.6,22.8,40.6,40.3,0.0,356.0,34.6,22.56,43793.37,40438.3,23.8,0.0,0.0,7.07,0.0,0.0,13.2,40.0,,,,22.5,10.6,356.0,11.2,2.3
2016-09-22 00:00:00+00:00,28.3,0.0,18.2,29.7,22.6,34.7,34.6,0.0,343.0,33.5,21.82,43684.46,40168.11,26.1,0.0,0.0,6.12,0.0,3.0,17.2,57.0,,,,23.4,11.2,343.0,10.4,5.4
2016-09-23 00:00:00+00:00,27.0,0.0,23.4,27.6,21.8,33.1,33.1,1.0,340.0,41.8,21.07,43575.59,39472.61,23.9,0.0,0.0,6.09,0.0,10.0,16.5,56.0,,,,26.7,13.1,340.0,7.9,4.3
2016-09-24 00:00:00+00:00,26.4,0.0,19.8,26.0,21.0,32.5,31.3,1.0,8.0,35.6,21.61,43466.84,39868.94,22.0,0.0,0.0,6.41,0.0,7.0,14.4,52.0,,,,29.2,15.2,8.0,17.3,11.2
2016-09-25 00:00:00+00:00,26.0,0.0,19.0,25.0,20.8,31.9,30.5,1.0,10.0,38.5,21.64,43358.27,39725.73,21.0,0.0,0.0,6.54,0.0,8.0,12.6,46.0,,,,29.6,14.8,10.0,17.3,10.1
2016-09-26 00:00:00+00:00,24.9,0.0,21.7,24.5,18.5,31.1,30.6,1.0,0.0,40.7,21.56,43249.95,39587.1,19.3,0.0,0.0,5.76,0.0,4.0,12.8,50.0,,,,23.5,11.1,0.0,9.7,5.9
2016-09-27 00:00:00+00:00,25.1,0.0,19.1,24.6,20.1,31.1,30.3,1.0,357.0,36.7,21.39,43141.94,39453.27,20.6,0.0,0.0,5.87,0.0,1.0,12.7,48.0,,,,23.5,11.4,357.0,7.2,4.8
2016-09-28 00:00:00+00:00,25.2,0.0,19.9,24.7,19.0,32.3,31.1,1.0,12.0,37.4,21.11,43034.3,39324.52,19.7,0.0,0.0,5.97,0.0,8.0,13.4,51.0,,,,25.1,12.4,12.0,7.9,4.9
2016-09-29 00:00:00+00:00,25.3,0.0,19.6,24.9,19.3,32.4,31.3,2.0,17.0,37.1,20.58,42927.12,39201.09,20.2,0.0,0.0,5.92,0.0,14.0,14.6,55.0,,,,28.2,14.6,17.0,14.4,9.0
2016-09-30 00:00:00+00:00,25.8,0.0,20.6,25.3,19.1,33.3,31.5,0.0,16.0,39.6,21.32,42820.45,39083.27,20.6,0.0,0.0,6.3,0.0,1.0,14.4,56.0,,,,30.6,15.7,16.0,16.6,9.7
2016-10-01 00:00:00+00:00,25.6,0.0,22.1,24.8,18.4,33.6,31.2,0.0,27.0,43.2,21.47,42714.3,39052.08,19.2,0.0,0.0,6.43,0.0,1.0,14.0,55.0,,,,31.5,16.6,27.0,17.3,10.6
2016-10-02 00:00:00+00:00,27.1,0.0,20.1,27.2,20.2,35.6,34.5,0.0,26.0,41.0,21.0,42607.91,38942.6,21.6,0.0,0.0,6.24,0.0,2.0,16.4,58.0,,,,31.4,16.3,26.0,23.0,13.3
2016-10-03 00:00:00+00:00,27.3,0.0,17.8,28.0,20.1,36.0,35.4,1.0,15.0,31.7,20.67,42501.15,38840.0,22.1,0.0,0.0,5.94,0.0,2.0,16.2,58.0,,,,25.3,12.9,15.0,16.2,9.7
2016-10-04 00:00:00+00:00,26.0,0.0,16.1,26.5,19.2,33.5,32.7,2.0,349.0,28.4,20.52,42394.09,37699.39,21.4,0.0,0.0,5.41,0.0,9.0,14.8,58.0,,,,21.6,10.5,349.0,13.3,7.2
2016-10-05 00:00:00+00:00,25.6,0.0,16.0,26.7,20.0,32.3,32.9,3.0,359.0,29.9,19.28,42286.81,36475.29,21.8,0.0,0.0,4.92,0.0,20.0,16.3,59.0,,,,18.9,9.2,359.0,7.2,4.3
2016-10-06 00:00:00+00:00,25.5,0.0,17.6,26.2,19.2,31.9,31.8,1.0,5.0,32.0,20.11,42179.39,38726.53,21.3,0.0,0.0,5.14,0.0,5.0,15.5,59.0,,,,22.0,10.7,5.0,11.9,7.2
2016-10-07 00:00:00+00:00,24.9,0.0,18.2,24.9,18.9,31.3,30.4,0.0,10.0,33.5,20.14,42071.89,38688.93,20.4,0.0,0.0,5.49,0.0,1.0,14.8,58.0,,,,26.2,13.1,10.0,13.0,7.6
2016-10-08 00:00:00+00:00,25.0,0.0,17.5,24.8,17.5,32.4,31.0,1.0,20.0,34.6,20.06,41964.4,38650.97,18.7,0.0,0.0,5.48,0.0,3.0,14.1,56.0,,,,23.8,12.0,20.0,11.9,7.4
2016-10-09 00:00:00+00:00,27.2,0.0,14.1,26.9,18.1,35.6,34.7,0.0,23.0,30.2,19.95,41856.99,38612.65,18.7,0.0,0.0,5.8,0.0,0.0,12.8,47.0,,,,20.7,10.0,23.0,11.2,6.6
2016-10-10 00:00:00+00:00,25.7,0.0,16.3,26.0,20.6,32.4,31.5,3.0,15.0,29.9,19.15,41749.73,36132.18,22.8,0.0,0.0,5.25,0.0,66.0,15.2,58.0,,,,24.2,12.0,15.0,15.1,8.3
2016-10-11 00:00:00+00:00,25.4,0.0,18.8,24.9,17.8,33.3,31.3,3.0,39.0,36.7,19.81,41642.71,38534.82,18.7,0.0,0.0,5.81,0.0,16.0,13.4,53.0,,,,25.4,13.0,39.0,14.0,7.9
2016-10-12 00:00:00+00:00,27.0,0.0,19.4,25.9,19.9,35.4,33.0,3.0,48.0,40.0,19.72,41536.01,38252.61,20.1,0.0,0.0,6.56,0.0,24.0,12.3,46.0,,,,28.0,14.5,48.0,17.3,10.0
2016-10-13 00:00:00+00:00,26.8,0.0,21.4,26.7,19.9,35.1,33.1,0.0,44.0,41.8,19.45,41429.69,38455.35,21.3,0.0,0.0,6.13,0.0,0.0,15.6,57.0,,,,30.2,16.0,44.0,19.1,11.2
2016-10-14 00:00:00+00:00,26.2,0.0,18.6,27.0,20.4,33.9,33.1,3.0,28.0,35.6,18.69,41323.85,38414.97,22.6,0.0,0.0,5.21,0.0,11.0,17.6,65.0,,,,28.6,15.1,28.0,19.8,11.5
2016-10-15 00:00:00+00:00,24.6,0.0,14.8,25.2,19.8,30.8,31.1,3.0,4.0,28.4,17.43,41218.55,36182.2,21.3,0.0,0.0,4.46,0.0,62.0,16.2,64.0,,,,24.0,12.0,4.0,16.2,9.5
2016-10-16 00:00:00+00:00,24.5,0.0,13.2,25.2,17.4,30.9,31.4,0.0,11.0,24.5,18.91,41113.89,38273.84,18.7,0.0,0.0,4.52,0.0,0.0,15.4,61.0,,,,19.0,9.2,11.0,9.4,6.1
2016-10-17 00:00:00+00:00,25.2,0.0,15.6,25.7,19.6,31.8,31.3,3.0,20.0,31.3,18.0,41009.95,36345.62,21.5,0.0,0.0,4.87,0.0,25.0,16.0,62.0,,,,23.9,12.6,20.0,14.4,9.4
2016-10-18 00:00:00+00:00,24.2,0.0,20.5,24.8,17.7,31.4,31.6,3.0,1.0,38.9,18.4,40906.81,38058.61,19.3,0.0,0.0,4.71,0.0,33.0,15.8,64.0,,,,21.7,10.8,1.0,7.6,5.3
2016-10-19 00:00:00+00:00,22.8,0.0,16.9,23.0,16.9,28.8,28.2,3.0,352.0,31.3,18.1,40804.55,37421.51,18.4,0.0,0.0,4.39,0.0,24.0,14.1,63.0,,,,20.7,9.8,352.0,9.0,4.8
2016-10-20 00:00:00+00:00,22.9,0.0,17.3,22.7,17.2,28.7,28.4,2.0,3.0,32.8,18.0,40703.27,37846.55,18.1,0.0,0.0,4.41,0.0,12.0,13.5,59.0,,,,22.4,10.6,3.0,14.0,7.0
2016-10-21 00:00:00+00:00,23.4,0.0,19.2,22.5,19.0,28.7,27.5,2.0,353.0,34.9,14.54,40602.96,36249.7,18.6,0.0,0.0,4.47,0.0,41.0,13.2,55.0,,,,26.3,13.7,353.0,17.3,11.2
2016-10-22 00:00:00+00:00,23.1,0.0,18.4,22.4,16.3,29.6,28.1,3.0,8.0,34.2,18.14,40502.82,37636.8,16.7,0.0,0.0,4.95,0.0,8.0,13.2,57.0,,,,25.6,13.1,8.0,11.9,6.9
2016-10-23 00:00:00+00:00,24.1,0.0,18.6,24.1,18.5,30.6,29.5,3.0,15.0,35.6,17.55,40402.68,37407.61,19.7,0.0,0.0,4.78,0.0,30.0,15.2,61.0,,,,25.6,13.0,15.0,13.3,6.9
2016-10-24 00:00:00+00:00,24.3,0.0,15.0,24.6,18.1,31.2,30.2,0.0,21.0,28.8,17.51,40302.63,37337.17,19.7,0.0,0.0,4.64,0.0,1.0,15.2,62.0,,,,22.0,11.2,21.0,13.3,6.8
2016-10-25 00:00:00+00:00,23.3,0.0,14.8,23.8,19.4,28.3,28.0,3.0,15.0,30.2,14.8,40202.77,34504.46,21.1,0.0,0.0,3.85,0.0,34.0,15.7,66.0,,,,22.4,11.1,15.0,14.8,8.6
2016-10-26 00:00:00+00:00,24.5,0.0,22.3,24.2,20.5,30.2,28.4,2.0,33.0,43.2,15.76,40103.18,34681.96,22.0,0.0,0.0,4.8,0.0,21.0,16.0,63.0,,,,31.5,17.0,33.0,19.1,11.0
2016-10-27 00:00:00+00:00,24.4,0.0,18.7,24.4,18.8,30.4,29.7,3.0,26.0,38.2,16.28,40003.96,36881.85,19.3,0.0,0.0,4.4,0.0,32.0,15.6,61.0,,,,27.3,13.5,26.0,15.1,7.1
2016-10-28 00:00:00+00:00,24.5,0.0,12.6,25.5,19.4,30.0,30.1,1.0,343.0,26.3,15.01,39905.21,36217.64,21.1,0.0,0.0,3.74,0.0,19.0,16.7,65.0,,,,20.2,9.2,343.0,12.6,6.5
2016-10-29 00:00:00+00:00,24.4,0.0,16.3,25.5,20.3,29.8,29.6,3.0,13.0,29.5,13.9,39807.01,32488.46,22.6,0.0,0.0,3.71,0.0,53.0,17.3,68.0,,,,22.5,11.1,13.0,13.0,6.6
2016-10-30 00:00:00+00:00,23.9,0.0,14.1,24.8,19.8,29.6,29.5,3.0,2.0,27.4,14.22,39709.46,35099.55,21.5,0.0,0.0,3.61,0.0,38.0,16.4,66.0,,,,21.0,10.3,2.0,14.8,7.2
2016-10-31 00:00:00+00:00,22.9,0.0,11.0,23.5,18.3,28.6,28.7,3.0,329.0,20.9,16.16,39612.66,35045.74,20.2,0.0,0.0,3.67,0.0,24.0,14.7,64.0,,,,17.0,7.6,329.0,11.9,4.6
2016-11-01 00:00:00+00:00,21.6,0.0,18.6,21.1,16.8,27.1,26.0,2.0,299.0,40.3,15.72,39516.71,36202.21,17.0,0.0,0.0,4.02,0.0,15.0,13.4,62.0,,,,24.6,11.7,299.0,6.5,2.9
2016-11-02 00:00:00+00:00,20.7,0.0,18.0,19.2,16.8,26.0,23.8,2.0,332.0,34.6,16.07,39421.71,35590.58,15.9,0.0,0.0,4.1,0.0,22.0,9.6,52.0,,,,23.0,10.7,332.0,13.7,4.8
2016-11-03 00:00:00+00:00,20.0,0.0,12.8,18.8,13.3,25.7,24.2,2.0,330.0,26.3,16.34,39327.75,35968.33,12.5,0.0,0.0,3.65,0.0,14.0,9.5,54.0,,,,17.7,7.9,330.0,9.4,4.4
2016-11-04 00:00:00+00:00,21.2,0.0,14.4,20.2,16.8,26.5,24.2,3.0,359.0,29.2,14.5,39234.96,35169.77,17.2,0.0,0.0,3.78,0.0,28.0,11.6,58.0,,,,21.4,10.6,359.0,11.5,6.0
2016-11-05 00:00:00+00:00,20.1,0.0,11.6,19.1,13.9,26.2,24.3,2.0,358.0,25.2,16.46,39143.44,35640.86,13.6,0.0,0.0,3.7,0.0,11.0,9.9,56.0,,,,17.3,8.0,358.0,9.0,4.3
2016-11-06 00:00:00+00:00,20.6,0.0,11.8,19.8,14.0,27.1,25.6,1.0,40.0,25.9,16.23,39053.28,35585.41,13.8,0.0,0.0,3.69,0.0,3.0,10.6,57.0,,,,16.8,7.9,40.0,8.3,4.2
2016-11-07 00:00:00+00:00,21.4,0.0,12.7,20.6,15.6,27.4,25.7,3.0,58.0,27.0,15.85,38964.6,34705.66,15.9,0.0,0.0,3.9,0.0,42.0,11.5,58.0,,,,19.0,9.5,58.0,10.1,5.7
2016-11-08 00:00:00+00:00,21.5,0.0,13.8,20.5,15.7,28.3,26.4,3.0,56.0,26.6,15.24,38877.52,35188.38,15.7,0.0,0.0,3.95,0.0,42.0,11.6,58.0,,,,21.5,11.3,56.0,15.8,9.2
2016-11-09 00:00:00+00:00,22.7,0.0,13.4,21.2,14.7,31.3,28.2,3.0,156.0,27.0,15.94,38792.13,35235.74,14.3,0.0,0.0,4.24,0.0,68.0,8.3,49.0,,,,17.8,9.0,156.0,10.8,4.8
2016-11-10 00:00:00+00:00,22.5,0.0,18.8,20.6,14.8,29.3,27.0,3.0,310.0,33.8,16.1,38708.49,35017.65,12.8,0.0,0.0,4.31,0.0,42.0,6.7,39.0,,,,17.6,9.0,310.0,7.6,3.9
2016-11-11 00:00:00+00:00,21.5,0.0,18.3,20.5,16.6,27.3,25.2,3.0,29.0,37.1,15.15,38625.75,34422.7,16.5,0.0,0.0,4.05,0.0,70.0,13.2,62.0,,,,27.4,14.5,29.0,17.3,10.1
2016-11-12 00:00:00+00:00,22.0,0.0,21.6,21.0,17.2,28.5,27.3,3.0,46.0,42.5,15.33,38543.77,34556.36,16.0,0.0,0.0,4.07,0.0,87.0,14.3,64.0,,,,30.7,16.9,46.0,20.5,12.1
2016-11-13 00:00:00+00:00,21.4,0.0,18.4,21.3,16.6,27.6,26.6,3.0,39.0,35.6,13.72,38462.64,34544.07,16.9,0.0,0.0,3.33,0.0,59.0,16.0,74.0,,,,27.3,15.2,39.0,18.4,11.1
2016-11-14 00:00:00+00:00,21.6,0.0,23.8,20.9,17.7,27.6,26.1,3.0,43.0,44.6,14.03,38382.46,34442.53,17.5,0.0,0.0,3.55,0.0,62.0,15.5,71.0,,,,32.8,17.7,43.0,24.8,14.3
2016-11-15 00:00:00+00:00,21.3,0.0,21.2,20.6,17.8,26.8,25.3,2.0,21.0,40.0,13.08,38303.33,34410.59,17.9,0.0,0.0,3.45,0.0,34.0,15.0,70.0,,,,30.3,16.3,21.0,21.6,13.0
2016-11-16 00:00:00+00:00,19.4,0.0,20.1,17.6,15.2,24.7,21.5,3.0,349.0,37.4,13.17,38225.34,32439.5,14.8,0.0,0.0,3.65,0.0,80.0,10.8,61.0,,,,27.5,14.4,349.0,14.4,7.6
2016-11-17 00:00:00+00:00,18.3,0.0,15.1,16.0,15.0,22.7,20.0,3.0,357.0,32.0,14.72,38148.59,34351.02,13.5,0.0,0.0,3.72,0.0,49.0,8.1,53.0,,,,25.3,12.7,357.0,14.4,8.0
2016-11-18 00:00:00+00:00,18.3,0.0,18.6,16.0,12.4,24.5,21.3,3.0,33.0,38.5,14.36,38073.17,32863.02,10.5,0.0,0.0,3.79,0.0,53.0,8.6,55.0,,,,26.1,13.4,33.0,15.8,9.0
2016-11-19 00:00:00+00:00,20.3,0.0,13.6,19.8,15.9,26.0,25.4,3.0,33.0,26.6,11.72,37999.2,28601.71,15.3,0.0,0.0,2.84,0.0,93.0,12.5,62.0,,,,18.0,9.2,33.0,9.4,6.4
2016-11-20 00:00:00+00:00,20.1,0.0,8.3,20.4,14.5,25.7,25.3,3.0,9.0,21.6,11.42,37926.78,33427.62,15.0,0.0,0.0,2.39,0.0,82.0,13.4,68.0,,,,12.6,6.0,9.0,6.8,2.6
2016-11-21 00:00:00+00:00,20.7,0.0,9.2,20.7,13.0,27.9,27.4,3.0,6.0,16.6,14.5,37856.01,34286.59,12.5,0.0,0.0,3.09,0.0,24.0,12.6,63.0,,,,11.9,5.7,6.0,6.8,0.7
2016-11-22 00:00:00+00:00,21.2,0.0,10.1,20.4,15.0,28.1,26.2,3.0,22.0,23.4,11.81,37786.99,29121.73,15.1,0.0,0.0,3.05,0.0,72.0,10.8,56.0,,,,14.6,7.2,22.0,9.7,6.0
2016-11-23 00:00:00+00:00,20.7,0.0,16.9,19.3,13.5,27.9,24.8,3.0,353.0,31.0,14.52,37719.84,34208.97,13.3,0.0,0.0,3.98,0.0,23.0,10.0,55.0,,,,20.3,11.0,353.0,8.3,4.3
2016-11-24 00:00:00+00:00,18.9,0.0,17.5,16.5,13.6,25.2,21.5,0.0,17.0,33.8,14.63,37654.66,34190.98,12.3,0.0,0.0,4.01,0.0,0.0,7.1,51.0,,,,23.4,12.2,17.0,13.7,7.9
2016-11-25 00:00:00+00:00,16.7,0.0,17.6,12.8,10.6,23.8,18.3,1.0,24.0,33.1,15.05,37591.55,34176.53,7.6,0.0,0.0,4.34,0.0,2.0,-1.9,34.0,,,,22.6,11.8,24.0,14.0,8.0
2016-11-26 00:00:00+00:00,15.4,0.0,17.3,12.2,8.1,22.3,18.2,0.0,28.0,36.0,14.9,37530.64,34160.17,5.9,0.0,0.0,3.66,0.0,0.0,2.9,47.0,,,,22.5,11.0,28.0,11.9,6.9
2016-11-27 00:00:00+00:00,15.6,0.0,15.3,12.3,7.7,23.2,18.9,0.0,43.0,32.4,14.83,37472.04,34147.43,5.2,0.0,0.0,3.66,0.0,0.0,1.5,43.0,,,,19.4,10.1,43.0,12.6,7.6
2016-11-28 00:00:00+00:00,16.4,0.0,10.0,13.4,8.1,24.2,21.3,3.0,26.0,15.1,13.66,37415.84,33217.9,5.4,0.0,0.0,3.09,0.0,44.0,-0.5,35.0,,,,12.0,5.8,26.0,7.2,0.8
2016-11-29 00:00:00+00:00,18.8,0.0,19.9,14.9,14.0,24.4,19.9,3.0,188.0,39.6,11.6,37362.18,32131.69,10.4,0.0,0.0,4.4,0.0,57.0,0.7,30.0,,,,24.4,12.9,188.0,6.5,3.2
2016-11-30 00:00:00+00:00,19.7,0.3,23.7,16.1,16.7,24.6,20.5,51.0,203.0,47.5,11.24,37311.08,26920.32,12.8,2.0,0.3,4.62,0.0,29.0,5.1,39.0,,,,32.8,16.8,203.0,19.8,11.3
2016-12-01 00:00:00+00:00,15.4,2.4,33.0,12.1,13.0,18.2,14.2,53.0,247.0,61.6,8.73,37261.97,30274.4,10.0,8.0,2.4,2.81,0.0,36.0,7.4,61.0,,,,38.1,18.4,247.0,17.3,9.0
2016-12-02 00:00:00+00:00,14.8,0.0,20.8,11.8,11.2,18.7,15.4,2.0,255.0,36.0,9.75,37214.74,32741.35,8.4,0.0,0.0,2.67,0.0,25.0,6.4,58.0,,,,26.6,14.3,255.0,10.1,6.4
2016-12-03 00:00:00+00:00,15.8,0.0,8.6,13.9,10.2,21.6,19.7,1.0,241.0,19.1,13.83,37169.44,34064.49,8.1,0.0,0.0,2.75,0.0,3.0,6.3,55.0,,,,14.3,7.0,241.0,9.4,5.8
2016-12-04 00:00:00+00:00,15.7,0.0,14.1,13.8,9.3,22.2,19.5,3.0,35.0,30.2,11.4,37126.12,33428.35,7.9,0.0,0.0,2.59,0.0,38.0,8.0,64.0,,,,18.0,9.3,35.0,10.1,6.5
2016-12-05 00:00:00+00:00,16.6,0.0,15.6,15.3,10.1,23.1,21.0,3.0,15.0,30.6,11.61,37084.84,29494.57,9.1,0.0,0.0,2.71,0.0,31.0,10.5,71.0,,,,20.9,10.3,15.0,11.2,5.2
2016-12-06 00:00:00+00:00,17.1,0.0,17.1,15.4,12.1,22.7,19.6,3.0,20.0,32.8,12.31,37045.66,33275.38,11.3,0.0,0.0,2.96,0.0,13.0,9.9,66.0,,,,22.9,11.9,20.0,13.3,7.9
2016-12-07 00:00:00+00:00,17.1,0.0,20.3,15.1,12.0,23.4,19.8,1.0,20.0,37.8,13.26,37008.65,33888.91,11.1,0.0,0.0,3.25,0.0,4.0,9.8,67.0,,,,26.3,13.8,20.0,15.1,8.3
2016-12-08 00:00:00+00:00,16.6,0.0,20.5,14.2,12.1,22.6,18.7,1.0,6.0,41.4,12.24,36973.84,33850.84,10.5,0.0,0.0,3.19,0.0,13.0,8.7,63.0,,,,28.1,14.9,6.0,17.6,10.9
2016-12-09 00:00:00+00:00,15.4,0.0,24.7,12.3,11.9,20.5,16.0,0.0,33.0,47.9,13.74,36941.31,33815.24,9.8,0.0,0.0,3.29,0.0,5.0,6.8,60.0,,,,30.4,16.3,33.0,20.9,11.5
2016-12-10 00:00:00+00:00,14.7,0.0,15.2,12.1,10.3,20.3,16.9,1.0,20.0,32.0,13.59,36911.11,33782.16,8.2,0.0,0.0,2.92,0.0,9.0,6.0,58.0,,,,22.6,11.6,20.0,14.8,8.6
2016-12-11 00:00:00+00:00,15.1,0.0,10.1,13.2,10.4,20.6,18.1,0.0,26.0,24.5,13.33,36883.29,33751.69,8.5,0.0,0.0,2.53,0.0,5.0,6.1,57.0,,,,14.2,6.4,26.0,7.2,1.5
2016-12-12 00:00:00+00:00,14.8,0.0,11.0,12.9,9.4,21.0,18.3,2.0,265.0,25.6,13.15,36857.9,33723.86,8.0,0.0,0.0,2.6,0.0,14.0,5.7,57.0,,,,12.6,5.8,265.0,3.6,1.5
2016-12-13 00:00:00+00:00,16.2,0.0,25.5,13.0,11.2,21.8,17.3,2.0,237.0,46.4,13.38,36835.02,33698.77,8.8,0.0,0.0,3.67,0.0,5.0,6.1,53.0,,,,27.6,15.4,237.0,12.2,7.6
2016-12-14 00:00:00+00:00,15.3,0.0,28.9,11.5,13.2,18.2,13.2,3.0,295.0,54.4,10.71,36814.68,31947.22,9.6,0.0,0.0,3.34,0.0,60.0,5.7,55.0,,,,37.4,19.3,295.0,22.3,11.8
2016-12-15 00:00:00+00:00,14.4,0.0,11.6,11.7,11.3,18.5,15.4,3.0,316.0,26.3,11.42,36796.93,32930.47,9.1,0.0,0.0,2.59,0.0,60.0,3.2,48.0,,,,16.1,8.1,316.0,8.3,5.1
2016-12-16 00:00:00+00:00,13.8,0.0,9.7,11.2,7.5,18.9,15.8,3.0,269.0,23.8,13.19,36781.85,33639.25,5.2,0.0,0.0,2.61,0.0,37.0,2.4,48.0,,,,13.6,6.7,269.0,5.8,2.1
2016-12-17 00:00:00+00:00,14.6,0.0,11.2,12.4,9.7,20.7,18.7,1.0,352.0,22.0,12.96,36769.47,33626.83,6.8,0.0,0.0,2.59,0.0,2.0,4.4,51.0,,,,13.7,6.1,352.0,5.4,1.5
2016-12-18 00:00:00+00:00,14.4,0.0,17.9,12.0,9.5,20.0,16.6,3.0,352.0,33.8,11.88,36759.84,33616.25,8.1,0.0,0.0,2.67,0.0,20.0,6.9,63.0,,,,22.0,11.0,352.0,10.4,4.9
2016-12-19 00:00:00+00:00,13.6,0.0,19.9,10.8,9.1,18.7,14.1,3.0,325.0,38.9,12.27,36753.03,33608.76,7.3,0.0,0.0,2.79,0.0,33.0,5.0,60.0,,,,23.1,11.6,325.0,10.1,5.9
2016-12-20 00:00:00+00:00,12.8,0.0,13.2,10.1,7.2,17.9,14.7,3.0,11.0,29.9,12.48,36749.05,32369.86,4.9,0.0,0.0,2.39,0.0,44.0,4.1,59.0,,,,17.4,8.5,11.0,6.8,2.3
2016-12-21 00:00:00+00:00,12.6,0.0,8.6,10.3,6.8,18.3,15.8,3.0,266.0,18.7,13.45,36747.88,33603.68,4.5,0.0,0.0,2.33,0.0,9.0,3.1,55.0,,,,12.0,5.1,266.0,4.7,1.6
2016-12-22 00:00:00+00:00,12.9,0.8,13.0,10.2,9.2,17.9,14.5,53.0,237.0,29.5,12.89,36749.43,33605.78,6.7,2.0,0.8,2.5,0.0,43.0,4.0,56.0,,,,17.7,8.7,237.0,9.7,5.9
2016-12-23 00:00:00+00:00,12.3,0.0,8.4,10.3,8.2,17.6,15.8,3.0,331.0,21.2,9.9,36753.7,25608.5,6.3,0.0,0.0,1.89,0.0,80.0,5.0,64.0,,,,12.3,5.6,331.0,7.2,2.3
2016-12-24 00:00:00+00:00,11.6,0.0,20.2,8.2,6.7,16.7,12.2,0.0,260.0,40.3,13.35,36760.64,33618.84,3.7,0.0,0.0,2.71,0.0,2.0,3.0,57.0,,,,22.7,12.1,260.0,11.2,7.2
2016-12-25 00:00:00+00:00,12.0,0.0,20.7,8.8,7.2,16.7,12.9,3.0,245.0,40.0,10.16,36770.23,24314.75,3.9,0.0,0.0,2.3,0.0,28.0,4.3,61.0,,,,25.5,13.0,245.0,11.5,6.6
2016-12-26 00:00:00+00:00,13.5,0.0,20.4,10.3,8.8,18.4,13.7,2.0,225.0,39.2,13.72,36782.43,33643.48,6.6,0.0,0.0,3.07,0.0,15.0,3.5,54.0,,,,22.4,12.1,225.0,10.4,6.3
2016-12-27 00:00:00+00:00,13.2,0.0,29.4,9.8,9.8,17.0,11.3,3.0,278.0,54.4,10.44,36797.21,30740.81,7.7,0.0,0.0,2.54,0.0,47.0,5.6,63.0,,,,32.2,16.0,278.0,10.8,5.6
2016-12-28 00:00:00+00:00,12.2,0.0,9.1,9.7,6.2,17.4,14.9,2.0,228.0,20.9,12.92,36814.53,33679.37,4.0,0.0,0.0,2.29,0.0,18.0,3.5,58.0,,,,13.8,6.6,228.0,7.9,4.9
2016-12-29 00:00:00+00:00,13.3,0.0,19.4,9.9,9.7,18.3,14.6,2.0,213.0,38.5,10.3,36834.35,33701.43,6.3,0.0,0.0,2.76,0.0,34.0,3.9,53.0,,,,25.2,13.5,213.0,15.1,9.0
2016-12-30 00:00:00+00:00,12.3,0.0,22.2,7.9,6.9,17.6,12.2,2.0,203.0,42.1,13.35,36856.64,33726.17,2.8,0.0,0.0,3.5,0.0,19.0,-0.5,43.0,,,,28.2,15.2,203.0,16.2,9.7
2016-12-31 00:00:00+00:00,11.4,0.0,12.2,8.6,6.3,16.2,13.1,1.0,262.0,23.0,13.74,36881.36,33753.55,3.7,0.0,0.0,2.37,0.0,10.0,2.7,57.0,,,,17.3,8.0,262.0,9.7,6.6
2017-01-01 00:00:00+00:00,11.2,0.0,12.1,8.3,6.9,16.7,13.7,0.0,333.0,22.3,13.97,36908.47,33783.54,4.1,0.0,0.0,2.53,0.0,0.0,1.4,54.0,,,,14.0,7.2,333.0,6.1,3.2
2017-01-02 00:00:00+00:00,11.1,0.0,13.1,7.9,6.0,16.6,13.7,3.0,269.0,25.6,11.83,36937.93,24717.98,2.0,0.0,0.0,2.45,0.0,27.0,1.4,52.0,,,,16.5,9.0,269.0,8.3,4.7
2017-01-03 00:00:00+00:00,12.5,0.0,10.6,10.2,8.5,17.5,14.7,1.0,330.0,22.3,13.53,36969.69,33851.09,6.1,0.0,0.0,2.37,0.0,5.0,3.8,58.0,,,,12.5,6.1,330.0,2.9,0.5
2017-01-04 00:00:00+00:00,12.9,0.0,11.4,10.6,7.4,18.1,14.6,1.0,285.0,24.1,13.89,37003.73,33888.57,5.9,0.0,0.0,2.49,0.0,6.0,3.7,60.0,,,,13.2,6.1,285.0,4.3,1.5
2017-01-05 00:00:00+00:00,13.6,0.0,11.2,11.0,9.6,18.7,15.4,3.0,45.0,22.3,11.11,37039.99,32782.16,7.3,0.0,0.0,2.24,0.0,50.0,2.0,46.0,,,,10.9,5.6,45.0,2.2,0.7
2017-01-06 00:00:00+00:00,13.0,0.0,11.9,10.4,6.8,19.6,16.9,0.0,158.0,21.6,14.36,37078.43,33970.7,4.4,0.0,0.0,2.74,0.0,0.0,3.4,56.0,,,,14.8,7.6,158.0,7.9,1.1
2017-01-07 00:00:00+00:00,12.0,0.0,24.8,7.4,6.9,17.7,12.1,0.0,212.0,43.9,14.35,37119.03,34015.23,2.0,0.0,0.0,3.56,0.0,0.0,0.6,47.0,,,,30.5,17.9,212.0,19.8,12.6
2017-01-08 00:00:00+00:00,11.8,0.0,32.4,6.6,7.9,16.1,9.2,1.0,234.0,56.5,13.75,37161.73,34062.02,3.6,0.0,0.0,3.63,0.0,12.0,1.0,49.0,,,,37.7,22.2,234.0,24.5,14.8
2017-01-09 00:00:00+00:00,10.7,0.0,22.1,6.0,6.8,14.6,9.2,2.0,225.0,40.0,14.35,37206.53,34111.26,2.3,0.0,0.0,3.27,0.0,6.0,-1.0,46.0,,,,29.6,16.7,225.0,14.0,8.7
2017-01-10 00:00:00+00:00,10.8,0.0,21.4,6.7,6.3,16.3,11.4,2.0,191.0,39.6,14.38,37253.96,34163.52,2.1,0.0,0.0,3.14,0.0,24.0,-0.2,48.0,,,,24.6,14.2,191.0,15.8,10.1
2017-01-11 00:00:00+00:00,12.4,0.0,16.3,8.6,6.4,18.6,14.4,3.0,99.0,29.9,14.79,37304.05,34218.65,3.1,0.0,0.0,3.43,0.0,28.0,-1.1,42.0,,,,19.7,11.1,99.0,9.0,0.8
2017-01-12 00:00:00+00:00,13.6,0.0,15.5,11.2,8.5,19.6,17.2,3.0,31.0,25.2,13.45,37356.71,31633.87,6.4,0.0,0.0,2.69,0.0,62.0,6.2,63.0,,,,19.1,10.2,31.0,11.9,6.5
2017-01-13 00:00:00+00:00,13.5,0.0,16.4,10.9,7.4,19.2,16.0,3.0,55.0,30.2,14.71,37411.82,34337.05,5.5,0.0,0.0,3.02,0.0,31.0,4.9,60.0,,,,18.3,9.9,55.0,7.6,4.0
2017-01-14 00:00:00+00:00,14.1,1.1,21.9,10.9,10.8,17.8,13.9,51.0,55.0,37.1,6.26,37469.29,24674.52,8.7,6.0,1.1,2.32,0.0,70.0,6.8,63.0,,,,28.8,16.6,55.0,17.3,10.4
2017-01-15 00:00:00+00:00,13.8,0.0,17.7,11.9,9.4,19.1,16.3,3.0,40.0,29.5,13.26,37528.99,28601.59,7.7,0.0,0.0,2.49,0.0,31.0,8.7,75.0,,,,19.9,11.0,40.0,11.9,6.7
2017-01-16 00:00:00+00:00,14.1,0.0,16.0,11.6,9.6,19.7,16.8,3.0,59.0,28.8,14.23,37590.84,34533.15,7.3,0.0,0.0,2.86,0.0,65.0,7.2,66.0,,,,23.1,13.2,59.0,18.0,8.3
2017-01-17 00:00:00+00:00,14.7,0.0,12.6,13.5,10.2,21.2,19.6,3.0,335.0,20.9,14.04,37654.71,33438.52,8.6,0.0,0.0,2.43,0.0,85.0,7.8,66.0,,,,11.3,5.0,335.0,1.8,0.7
2017-01-18 00:00:00+00:00,14.4,0.0,15.0,13.0,8.8,19.7,18.2,3.0,21.0,25.9,13.29,37720.53,33013.69,8.1,0.0,0.0,2.37,0.0,42.0,8.5,69.0,,,,13.4,6.8,21.0,2.9,1.3
2017-01-19 00:00:00+00:00,14.2,0.0,19.3,11.8,9.4,20.0,16.6,1.0,51.0,34.6,14.87,37788.18,34748.56,7.5,0.0,0.0,2.94,0.0,7.0,8.1,70.0,,,,23.2,13.4,51.0,11.2,6.7
2017-01-20 00:00:00+00:00,14.1,0.0,26.5,11.0,9.8,19.6,15.7,3.0,41.0,45.7,14.06,37857.55,34824.11,7.4,0.0,0.0,2.94,0.0,45.0,7.9,70.0,,,,30.0,17.3,41.0,20.9,12.9
2017-01-21 00:00:00+00:00,13.6,0.0,17.7,11.0,8.8,19.4,15.8,3.0,18.0,33.8,13.66,37928.55,31145.17,7.1,0.0,0.0,2.85,0.0,17.0,6.1,64.0,,,,21.2,11.6,18.0,10.1,5.9
2017-01-22 00:00:00+00:00,13.2,0.0,20.0,10.3,7.4,18.8,14.6,3.0,51.0,36.7,13.88,38001.08,30263.65,5.1,0.0,0.0,2.97,0.0,62.0,4.9,60.0,,,,21.3,12.2,51.0,11.5,6.6
2017-01-23 00:00:00+00:00,14.2,0.0,27.4,10.3,10.0,19.3,14.8,3.0,61.0,47.2,15.71,38075.05,35060.38,6.3,0.0,0.0,3.68,0.0,23.0,5.0,57.0,,,,32.3,18.9,61.0,24.5,15.3
2017-01-24 00:00:00+00:00,16.4,0.0,25.5,12.7,8.8,25.1,20.6,3.0,163.0,41.4,12.0,38150.34,26745.45,6.1,0.0,0.0,3.9,0.0,91.0,0.7,40.0,,,,21.9,11.9,163.0,6.1,3.6
2017-01-25 00:00:00+00:00,17.4,2.0,17.7,15.0,14.1,20.9,18.8,53.0,291.0,46.4,11.58,38226.89,30242.1,12.1,5.0,2.0,3.2,0.0,98.0,6.0,48.0,,,,20.3,9.8,291.0,8.3,1.0
2017-01-26 00:00:00+00:00,14.3,0.0,19.6,11.9,10.9,18.9,15.7,3.0,307.0,34.6,12.61,38304.58,33939.03,8.8,0.0,0.0,2.78,0.0,66.0,5.8,60.0,,,,18.1,9.6,307.0,6.8,2.7
2017-01-27 00:00:00+00:00,12.0,0.0,25.3,8.3,9.2,16.7,12.0,2.0,277.0,43.6,12.15,38383.33,35233.69,5.7,0.0,0.0,2.75,0.0,23.0,3.9,58.0,,,,26.4,15.4,277.0,12.6,8.0
2017-01-28 00:00:00+00:00,12.1,0.0,19.8,8.3,9.3,15.7,10.9,3.0,289.0,36.7,10.21,38463.04,29814.91,5.6,0.0,0.0,2.75,0.0,76.0,2.2,52.0,,,,24.7,13.7,289.0,13.7,7.8
2017-01-29 00:00:00+00:00,13.2,0.0,11.7,10.5,10.6,16.7,13.7,3.0,36.0,21.2,13.76,38543.71,33614.37,7.1,0.0,0.0,2.74,0.0,48.0,3.1,52.0,,,,15.8,8.0,36.0,5.8,3.4
2017-01-30 00:00:00+00:00,12.0,0.0,15.0,8.8,7.3,16.4,12.8,3.0,2.0,28.8,13.22,38626.15,32442.84,4.5,0.0,0.0,2.78,0.0,29.0,1.4,50.0,,,,17.7,8.8,2.0,5.4,2.8
2017-01-31 00:00:00+00:00,12.5,0.0,15.6,10.2,7.7,17.5,14.2,2.0,301.0,29.9,13.45,38710.5,35369.23,5.6,0.0,0.0,2.51,0.0,36.0,5.2,63.0,,,,16.0,8.4,301.0,5.0,1.5
2017-02-01 00:00:00+00:00,12.8,0.1,19.2,10.3,8.7,17.7,13.6,51.0,340.0,35.3,12.55,38796.62,35407.54,7.4,1.0,0.1,2.65,0.0,38.0,5.4,66.0,,,,18.8,9.9,340.0,7.6,2.4
2017-02-02 00:00:00+00:00,12.6,0.0,19.4,9.7,8.4,18.0,14.2,2.0,49.0,31.3,15.66,38884.4,35484.58,6.7,0.0,0.0,3.18,0.0,12.0,3.6,59.0,,,,19.7,10.6,49.0,4.7,0.8
2017-02-03 00:00:00+00:00,12.2,0.0,23.8,7.7,7.1,18.2,12.9,3.0,61.0,42.1,17.56,38973.73,35524.63,2.9,0.0,0.0,4.05,0.0,4.0,-0.4,48.0,,,,30.5,17.8,61.0,22.3,13.6
2017-02-04 00:00:00+00:00,13.0,0.0,21.4,9.2,7.8,19.5,15.0,3.0,49.0,38.5,16.89,39064.49,35620.42,4.3,0.0,0.0,3.71,0.0,34.0,3.5,57.0,,,,29.8,17.1,49.0,23.4,12.5
2017-02-05 00:00:00+00:00,13.8,0.0,20.1,11.0,8.4,20.1,16.8,3.0,26.0,36.4,15.94,39156.58,35665.54,6.3,0.0,0.0,3.23,0.0,14.0,6.7,66.0,,,,24.9,13.9,26.0,15.5,9.5
2017-02-06 00:00:00+00:00,14.7,0.0,20.6,12.3,9.8,20.8,17.5,1.0,52.0,37.8,16.94,39249.88,35711.06,8.2,0.0,0.0,3.39,0.0,6.0,8.1,68.0,,,,24.9,14.4,52.0,13.0,8.5
2017-02-07 00:00:00+00:00,16.8,0.0,21.8,14.2,9.5,25.4,22.4,0.0,94.0,34.9,17.69,39344.29,35823.42,8.0,0.0,0.0,3.8,0.0,0.0,5.0,53.0,,,,21.5,11.1,94.0,9.4,1.1
2017-02-08 00:00:00+00:00,16.1,0.0,20.0,12.3,10.9,22.2,18.0,0.0,214.0,37.4,17.7,39439.69,35943.08,6.9,0.0,0.0,4.58,0.0,1.0,1.4,39.0,,,,24.7,13.9,214.0,8.3,3.2
2017-02-09 00:00:00+00:00,15.7,0.0,14.1,13.2,10.4,21.2,19.0,0.0,203.0,26.6,17.69,39536.0,35996.29,7.0,0.0,0.0,3.5,0.0,1.0,3.2,46.0,,,,15.2,7.7,203.0,4.3,1.8
2017-02-10 00:00:00+00:00,15.8,0.0,17.2,13.2,9.5,21.4,18.9,0.0,54.0,27.4,17.85,39633.09,36126.07,7.1,0.0,0.0,3.68,0.0,1.0,3.7,47.0,,,,16.4,8.3,54.0,3.6,1.9
2017-02-11 00:00:00+00:00,15.8,0.0,14.7,13.5,9.7,21.7,18.4,2.0,319.0,30.2,17.1,39730.87,35870.07,8.2,0.0,0.0,3.57,0.0,22.0,5.5,57.0,,,,17.5,9.0,319.0,6.5,2.6
2017-02-12 00:00:00+00:00,15.3,0.0,18.5,12.8,11.5,20.2,17.1,3.0,350.0,33.8,13.83,39829.25,29349.99,10.2,0.0,0.0,3.24,0.0,28.0,5.9,55.0,,,,20.5,10.6,350.0,3.2,1.5
2017-02-13 00:00:00+00:00,14.3,0.0,22.3,11.5,10.2,19.6,15.5,3.0,308.0,38.2,14.49,39928.13,30029.73,8.8,0.0,0.0,3.29,0.0,38.0,5.7,60.0,,,,24.0,13.0,308.0,10.1,5.8
2017-02-14 00:00:00+00:00,12.7,0.4,19.2,9.9,9.9,15.8,11.6,51.0,280.0,35.3,10.45,40027.4,34418.12,7.7,4.0,0.4,2.29,0.0,67.0,5.2,62.0,,,,20.2,10.7,280.0,7.9,2.7
2017-02-15 00:00:00+00:00,12.6,0.1,17.1,9.4,8.3,16.4,12.5,51.0,300.0,32.0,12.0,40126.98,24964.26,5.7,1.0,0.1,2.74,0.0,42.0,3.2,56.0,,,,22.0,11.6,300.0,12.2,6.8
2017-02-16 00:00:00+00:00,10.8,2.9,25.0,7.5,9.1,14.8,10.2,53.0,292.0,45.4,9.16,40226.77,21828.56,6.1,10.0,2.9,1.92,0.0,60.0,5.3,69.0,,,,27.9,14.6,292.0,15.1,8.7
2017-02-17 00:00:00+00:00,11.5,0.0,18.8,8.7,6.5,17.3,14.6,2.0,354.0,33.8,18.24,40326.69,36512.51,4.6,0.0,0.0,3.25,0.0,26.0,2.8,61.0,,,,18.9,9.2,354.0,7.2,3.0
2017-02-18 00:00:00+00:00,11.5,0.0,19.0,8.2,6.1,16.9,13.7,0.0,75.0,34.2,19.0,40426.72,36809.66,3.4,0.0,0.0,3.49,0.0,3.0,2.2,55.0,,,,20.7,11.8,75.0,8.6,4.5
2017-02-19 00:00:00+00:00,13.0,0.0,17.9,9.8,7.2,19.6,16.4,0.0,46.0,32.4,19.25,40527.72,36919.0,4.3,0.0,0.0,3.73,0.0,0.0,4.0,58.0,,,,24.7,13.5,46.0,16.9,9.2
2017-02-20 00:00:00+00:00,13.5,0.0,20.3,11.3,8.5,20.5,17.4,2.0,0.0,34.2,18.91,40629.85,36724.77,6.7,0.0,0.0,3.54,0.0,9.0,5.0,60.0,,,,17.9,8.7,0.0,4.7,1.4
2017-02-21 00:00:00+00:00,14.5,0.0,16.2,12.1,9.4,20.8,18.2,1.0,30.0,28.8,18.8,40733.01,36938.6,8.0,0.0,0.0,3.79,0.0,7.0,4.2,53.0,,,,17.5,8.8,30.0,4.0,1.8
2017-02-22 00:00:00+00:00,13.9,0.7,19.9,11.5,10.0,18.8,16.5,51.0,50.0,38.5,14.2,40837.12,35552.25,7.9,5.0,0.7,2.91,0.0,46.0,4.6,55.0,,,,19.6,8.3,50.0,8.6,1.8
2017-02-23 00:00:00+00:00,14.4,0.0,16.3,12.4,9.1,20.7,17.7,3.0,28.0,29.5,15.39,40942.05,31235.47,8.0,0.0,0.0,3.2,0.0,25.0,7.3,67.0,,,,18.8,9.8,28.0,4.3,1.8
2017-02-24 00:00:00+00:00,15.7,0.0,19.6,13.2,10.2,22.3,19.6,0.0,49.0,36.4,19.63,41047.75,37291.04,8.3,0.0,0.0,3.94,0.0,1.0,8.4,66.0,,,,27.1,15.4,49.0,17.6,10.9
2017-02-25 00:00:00+00:00,16.1,0.0,19.6,13.8,10.4,23.1,20.5,3.0,51.0,35.6,18.24,41154.12,30157.05,8.7,0.0,0.0,3.76,0.0,49.0,9.2,69.0,,,,28.2,16.0,51.0,20.5,12.3
2017-02-26 00:00:00+00:00,17.0,0.0,19.6,14.4,12.0,24.3,20.6,3.0,51.0,36.7,19.58,41261.05,37652.92,10.3,0.0,0.0,4.38,0.0,33.0,7.9,63.0,,,,28.4,16.3,51.0,22.0,13.5
2017-02-27 00:00:00+00:00,18.2,0.1,18.4,15.9,11.5,26.3,24.4,51.0,49.0,36.4,19.56,41368.48,37667.12,8.7,1.0,0.1,4.38,0.0,40.0,7.1,55.0,,,,24.1,12.8,49.0,14.0,3.8
2017-02-28 00:00:00+00:00,20.8,0.0,19.9,17.6,16.1,27.8,23.8,3.0,192.0,36.0,20.18,41476.31,37779.95,12.1,0.0,0.0,5.65,0.0,24.0,2.4,32.0,,,,25.3,11.9,192.0,12.2,1.8
2017-03-01 00:00:00+00:00,19.0,0.4,17.8,16.9,13.6,25.3,23.4,51.0,292.0,39.2,18.32,41584.46,37839.77,11.8,2.0,0.4,4.5,0.0,16.0,7.9,51.0,,,,22.9,12.0,292.0,9.0,5.8
2017-03-02 00:00:00+00:00,17.6,0.0,14.2,16.6,13.4,22.8,21.2,3.0,282.0,30.6,18.41,41692.84,34949.17,13.4,0.0,0.0,3.59,0.0,34.0,10.2,66.0,,,,17.9,8.7,282.0,10.1,3.1
2017-03-03 00:00:00+00:00,16.7,0.0,15.6,15.0,12.6,21.2,19.2,2.0,317.0,29.5,19.43,41801.36,38060.89,11.6,0.0,0.0,3.65,0.0,18.0,7.9,59.0,,,,19.5,9.7,317.0,5.8,0.5
2017-03-04 00:00:00+00:00,16.4,0.0,20.5,14.1,10.5,22.4,20.2,1.0,31.0,34.2,20.85,41909.96,38354.1,8.6,0.0,0.0,4.32,0.0,2.0,6.6,55.0,,,,21.8,11.7,31.0,10.1,6.6
2017-03-05 00:00:00+00:00,16.9,0.0,27.3,13.5,11.8,23.5,19.4,1.0,48.0,47.9,21.32,42018.54,38307.59,9.6,0.0,0.0,4.97,0.0,4.0,7.1,57.0,,,,34.3,19.9,48.0,20.2,12.2
2017-03-06 00:00:00+00:00,17.0,0.0,19.4,15.0,10.4,24.4,22.7,2.0,20.0,36.4,20.17,42127.04,38444.12,8.6,0.0,0.0,4.18,0.0,12.0,9.0,64.0,,,,26.0,13.8,20.0,16.2,8.6
2017-03-07 00:00:00+00:00,17.3,0.0,10.8,16.1,13.5,22.3,20.8,3.0,336.0,23.0,19.34,42235.34,35866.2,13.0,0.0,0.0,3.65,0.0,45.0,8.7,62.0,,,,17.0,7.8,336.0,7.6,3.4
2017-03-08 00:00:00+00:00,20.1,0.0,19.4,17.1,11.6,28.5,24.9,2.0,164.0,33.8,21.56,42343.4,38935.43,10.1,0.0,0.0,5.85,0.0,6.0,3.7,41.0,,,,23.1,13.1,164.0,8.6,6.4
2017-03-09 00:00:00+00:00,21.3,0.0,21.0,17.9,16.8,26.9,24.3,2.0,221.0,39.2,21.68,42451.12,39091.37,12.3,0.0,0.0,6.44,0.0,15.0,3.0,31.0,,,,27.3,14.8,221.0,16.9,7.4
2017-03-10 00:00:00+00:00,18.7,0.3,28.8,15.5,14.5,23.3,18.6,51.0,224.0,49.0,21.19,42558.5,37932.0,13.4,2.0,0.3,5.5,0.0,46.0,4.6,43.0,,,,29.7,15.5,224.0,9.4,4.3
2017-03-11 00:00:00+00:00,18.2,0.2,30.3,13.7,14.0,22.5,17.5,51.0,214.0,53.3,21.77,42666.34,39303.58,9.9,1.0,0.2,6.01,0.0,20.0,5.0,44.0,,,,41.8,24.2,214.0,22.0,12.9
2017-03-12 00:00:00+00:00,19.3,0.0,31.3,14.2,16.8,22.5,18.1,1.0,221.0,50.8,21.54,42774.79,39467.6,11.7,0.0,0.0,6.99,0.0,9.0,1.6,31.0,,,,41.6,23.8,221.0,22.0,12.2
2017-03-13 00:00:00+00:00,17.2,0.0,15.1,15.0,11.8,22.3,19.8,2.0,275.0,31.0,21.3,42883.78,39867.06,9.6,0.0,0.0,4.45,0.0,11.0,5.7,50.0,,,,20.3,10.1,275.0,8.6,5.2
2017-03-14 00:00:00+00:00,17.1,0.0,20.3,15.2,11.3,22.8,20.8,1.0,348.0,32.4,21.41,42993.22,40042.84,10.2,0.0,0.0,4.4,0.0,6.0,6.7,54.0,,,,19.3,9.4,348.0,7.2,4.2
2017-03-15 00:00:00+00:00,16.2,1.3,25.1,13.6,12.2,21.5,18.0,55.0,322.0,45.0,19.9,43103.06,40324.52,11.1,2.0,1.3,4.25,0.0,13.0,5.9,53.0,,,,23.6,12.1,322.0,5.0,1.6
2017-03-16 00:00:00+00:00,16.4,0.0,16.9,14.2,11.9,23.0,19.8,3.0,303.0,29.9,21.31,43213.22,38436.98,10.4,0.0,0.0,4.41,0.0,32.0,4.7,51.0,,,,18.4,8.8,303.0,5.4,2.2
2017-03-17 00:00:00+00:00,18.4,0.0,28.8,15.1,12.7,25.9,23.5,3.0,75.0,46.1,21.22,43323.62,38727.95,9.3,0.0,0.0,5.5,0.0,73.0,4.2,42.0,,,,27.9,15.1,75.0,16.6,4.5
2017-03-18 00:00:00+00:00,18.7,0.7,26.6,15.7,14.5,26.5,24.8,51.0,38.0,59.4,17.68,43434.19,28355.19,10.4,4.0,0.7,4.81,0.0,66.0,5.7,47.0,,,,34.4,16.0,38.0,19.1,1.6
2017-03-19 00:00:00+00:00,15.2,0.0,15.8,12.9,11.3,19.9,17.4,1.0,312.0,32.0,22.76,43544.86,39528.05,9.5,0.0,0.0,4.18,0.0,7.0,6.1,57.0,,,,22.8,11.7,312.0,11.2,3.1
2017-03-20 00:00:00+00:00,16.6,0.0,14.1,14.7,10.1,23.2,20.9,0.0,261.0,29.9,23.49,43655.57,40880.59,8.0,0.0,0.0,4.43,0.0,0.0,6.3,54.0,,,,17.4,9.0,261.0,5.0,2.1
2017-03-21 00:00:00+00:00,18.7,0.0,10.9,17.0,12.8,24.6,23.0,3.0,268.0,21.6,19.76,43766.22,32214.82,11.6,0.0,0.0,4.12,0.0,90.0,4.3,45.0,,,,12.6,5.6,268.0,2.5,1.0
2017-03-22 00:00:00+00:00,20.1,0.4,22.3,17.2,15.2,26.3,23.2,51.0,120.0,40.0,17.46,43876.77,35106.2,13.7,2.0,0.4,4.83,0.0,61.0,3.4,36.0,,,,19.5,10.1,120.0,3.2,0.4
2017-03-23 00:00:00+00:00,19.3,0.0,23.2,16.4,13.8,26.0,24.2,1.0,37.0,43.6,22.61,43987.12,41212.41,10.6,0.0,0.0,5.88,0.0,9.0,5.8,43.0,,,,27.3,14.8,37.0,17.3,5.8
2017-03-24 00:00:00+00:00,18.3,0.0,21.9,16.3,13.5,24.9,22.0,3.0,20.0,35.3,21.71,44097.21,36336.45,12.6,0.0,0.0,5.06,0.0,35.0,8.0,58.0,,,,25.7,13.6,20.0,13.3,7.6
2017-03-25 00:00:00+00:00,17.4,0.0,17.1,15.0,10.5,24.1,21.4,0.0,14.0,31.0,24.21,44206.98,41431.66,9.0,0.0,0.0,5.23,0.0,1.0,5.0,49.0,,,,21.7,11.1,14.0,10.8,5.9
2017-03-26 00:00:00+00:00,17.9,0.0,13.2,16.0,11.4,24.5,22.4,3.0,16.0,25.2,23.64,44316.34,40443.82,10.5,0.0,0.0,4.99,0.0,17.0,5.6,51.0,,,,18.5,9.0,16.0,9.7,6.1
2017-03-27 00:00:00+00:00,19.6,0.0,18.0,17.0,13.5,26.2,23.8,3.0,342.0,32.8,22.98,44425.21,41237.5,10.9,0.0,0.0,5.51,0.0,66.0,2.8,37.0,,,,19.5,9.3,342.0,8.3,3.3
2017-03-28 00:00:00+00:00,20.7,0.0,19.0,18.7,13.1,27.8,26.6,0.0,41.0,30.6,24.07,44533.53,41756.2,11.0,0.0,0.0,5.71,0.0,1.0,6.0,42.0,,,,18.7,9.6,41.0,9.0,6.3
2017-03-29 00:00:00+00:00,24.2,0.0,17.7,21.4,16.8,31.6,29.0,3.0,187.0,31.3,23.39,44641.22,41862.93,14.5,0.0,0.0,6.85,0.0,32.0,3.5,30.0,,,,22.1,11.6,187.0,13.3,8.1
2017-03-30 00:00:00+00:00,22.0,0.0,15.2,20.3,16.0,28.0,26.8,3.0,312.0,32.4,24.4,44748.28,41968.8,15.8,0.0,0.0,5.86,0.0,20.0,7.3,43.0,,,,19.8,9.4,312.0,7.9,4.9
2017-03-31 00:00:00+00:00,20.5,0.0,21.5,17.7,15.5,25.8,22.1,2.0,256.0,41.8,24.79,44855.44,42074.46,13.7,0.0,0.0,6.35,0.0,12.0,5.4,41.0,,,,27.0,14.8,256.0,13.0,8.5
2017-04-01 00:00:00+00:00,19.1,0.2,20.4,16.0,14.7,23.8,20.2,51.0,276.0,38.9,19.1,44962.85,36429.48,12.1,1.0,0.2,5.22,0.0,30.0,5.5,42.0,,,,27.2,14.6,276.0,12.2,6.7
2017-04-02 00:00:00+00:00,18.0,0.0,14.9,16.4,12.8,22.8,20.2,3.0,327.0,30.6,17.5,45070.44,30594.42,12.4,0.0,0.0,4.02,0.0,34.0,8.7,58.0,,,,19.1,9.6,327.0,6.8,3.7
2017-04-03 00:00:00+00:00,19.2,0.0,21.6,17.5,12.5,25.5,23.7,0.0,53.0,37.4,25.28,45178.15,42391.75,11.9,0.0,0.0,5.59,0.0,0.0,8.5,55.0,,,,23.1,12.1,53.0,9.0,6.2
2017-04-04 00:00:00+00:00,20.5,0.0,26.8,17.2,12.9,28.4,24.7,0.0,55.0,47.5,25.89,45285.9,42497.39,10.6,0.0,0.0,6.85,0.0,0.0,7.6,49.0,,,,35.8,20.7,55.0,27.4,17.0
2017-04-05 00:00:00+00:00,21.0,0.0,15.4,19.9,13.6,29.8,28.3,3.0,343.0,27.4,24.91,45393.62,35564.01,13.2,0.0,0.0,5.51,0.0,21.0,8.7,56.0,,,,19.7,9.7,343.0,8.3,5.2
2017-04-06 00:00:00+00:00,22.0,0.0,27.2,18.6,16.3,27.9,24.6,0.0,259.0,48.6,25.86,45501.26,42708.11,13.2,0.0,0.0,7.41,0.0,0.0,4.6,34.0,,,,30.4,17.3,259.0,10.8,7.6
2017-04-07 00:00:00+00:00,20.0,0.0,19.2,18.5,14.4,25.8,24.2,1.0,307.0,33.8,25.85,45608.72,42813.03,13.7,0.0,0.0,5.53,0.0,3.0,7.7,49.0,,,,19.0,9.1,307.0,2.9,0.4
2017-04-08 00:00:00+00:00,21.5,0.0,15.7,19.6,14.2,27.8,25.9,3.0,43.0,30.6,24.1,45715.95,42869.31,13.5,0.0,0.0,5.84,0.0,40.0,7.1,45.0,,,,21.0,10.4,43.0,9.4,2.1
2017-04-09 00:00:00+00:00,21.0,0.6,21.4,18.8,15.3,27.5,26.2,51.0,42.0,50.8,21.47,45822.87,30117.28,12.7,2.0,0.6,5.82,0.0,55.0,9.8,50.0,,,,31.7,17.1,42.0,22.3,14.1
2017-04-10 00:00:00+00:00,20.5,0.1,26.2,17.4,15.5,26.6,23.8,51.0,47.0,45.7,23.14,45929.41,36000.0,13.0,1.0,0.1,6.27,0.0,70.0,9.1,52.0,,,,37.2,21.7,47.0,28.4,15.3
2017-04-11 00:00:00+00:00,21.0,0.0,29.9,17.9,15.2,28.9,27.5,3.0,47.0,49.0,23.68,46035.48,37073.09,12.3,0.0,0.0,6.56,0.0,69.0,9.8,52.0,,,,39.8,22.7,47.0,34.2,17.3
2017-04-12 00:00:00+00:00,23.3,0.8,30.1,21.1,15.9,31.0,30.4,51.0,54.0,59.8,20.14,46141.03,36904.2,12.3,5.0,0.8,6.06,0.0,87.0,10.4,48.0,,,,38.7,17.3,54.0,19.4,4.8
2017-04-13 00:00:00+00:00,19.9,1.1,23.2,19.1,15.9,24.3,23.0,51.0,269.0,40.3,23.13,46245.96,41408.63,16.2,7.0,1.1,4.8,0.0,39.0,12.0,63.0,,,,24.5,11.9,269.0,5.0,2.6
2017-04-14 00:00:00+00:00,19.0,0.0,22.3,17.2,13.8,24.8,22.0,3.0,275.0,40.7,25.59,46350.21,42688.74,13.0,0.0,0.0,5.43,0.0,13.0,8.0,52.0,,,,23.4,12.1,275.0,9.4,3.6
2017-04-15 00:00:00+00:00,19.8,0.0,16.5,18.3,13.5,26.2,24.4,1.0,298.0,32.8,25.97,46453.7,43114.73,12.7,0.0,0.0,5.66,0.0,5.0,7.7,51.0,,,,19.2,9.3,298.0,6.5,3.5
2017-04-16 00:00:00+00:00,21.3,0.0,19.9,20.1,14.3,27.7,26.8,1.0,352.0,34.2,25.84,46556.34,43149.97,14.3,0.0,0.0,5.89,0.0,4.0,8.3,49.0,,,,18.7,8.8,352.0,4.3,0.5
2017-04-17 00:00:00+00:00,22.8,0.0,22.0,20.7,16.3,29.1,27.4,0.0,19.0,36.0,26.76,46658.05,43185.3,14.7,0.0,0.0,6.67,0.0,0.0,5.7,39.0,,,,22.6,11.1,19.0,7.9,2.7
2017-04-18 00:00:00+00:00,25.0,0.0,22.6,21.7,17.9,32.3,29.9,0.0,201.0,41.8,27.05,46758.74,43200.0,15.8,0.0,0.0,8.34,0.0,0.0,3.3,27.0,,,,28.8,15.3,201.0,10.8,5.5
2017-04-19 00:00:00+00:00,22.2,0.0,19.7,20.2,14.8,29.7,28.3,3.0,24.0,32.4,26.96,46858.42,41840.26,14.2,0.0,0.0,6.6,0.0,8.0,6.5,45.0,,,,24.3,12.7,24.0,17.6,8.2
2017-04-20 00:00:00+00:00,25.5,0.0,19.3,21.6,17.4,33.3,29.7,0.0,59.0,37.1,27.17,46957.78,43200.0,13.9,0.0,0.0,8.85,0.0,0.0,0.2,23.0,,,,28.5,16.0,59.0,18.7,10.7
2017-04-21 00:00:00+00:00,30.1,0.0,22.8,26.0,22.3,38.3,34.9,0.0,61.0,41.0,27.33,47056.96,43200.71,18.0,0.0,0.0,10.25,0.0,0.0,-1.1,15.0,,,,28.2,15.9,61.0,15.8,6.8
2017-04-22 00:00:00+00:00,28.7,0.0,22.4,25.7,20.6,37.9,36.2,0.0,28.0,40.3,27.49,47155.89,43269.77,17.3,0.0,0.0,9.32,0.0,0.0,5.5,26.0,,,,30.7,16.7,28.0,22.7,9.7
2017-04-23 00:00:00+00:00,20.1,0.0,22.9,17.4,16.5,25.6,24.1,3.0,356.0,38.9,25.16,47254.48,38014.34,13.1,0.0,0.0,6.34,0.0,15.0,8.2,50.0,,,,34.7,19.0,356.0,28.1,14.9
2017-04-24 00:00:00+00:00,19.1,0.0,22.5,16.0,14.6,24.6,22.6,3.0,19.0,38.9,25.96,47352.68,39621.06,12.1,0.0,0.0,6.41,0.0,26.0,5.7,43.0,,,,30.8,17.0,19.0,13.7,7.7
2017-04-25 00:00:00+00:00,19.9,0.0,22.4,17.0,14.4,27.3,24.5,2.0,24.0,37.8,27.24,47450.39,43200.0,12.1,0.0,0.0,6.8,0.0,17.0,6.9,47.0,,,,32.2,18.1,24.0,21.2,13.2
2017-04-26 00:00:00+00:00,20.8,0.0,19.3,18.3,13.3,28.8,26.8,3.0,25.0,36.4,27.67,47547.55,43334.29,12.0,0.0,0.0,6.8,0.0,13.0,6.9,48.0,,,,28.7,15.5,25.0,19.8,11.3
2017-04-27 00:00:00+00:00,22.2,0.0,19.9,20.1,14.5,29.7,27.4,2.0,22.0,33.8,27.72,47644.07,43514.96,13.5,0.0,0.0,6.71,0.0,14.0,5.6,41.0,,,,22.1,10.9,22.0,13.3,7.8
2017-04-28 00:00:00+00:00,23.7,0.0,23.4,20.6,16.1,30.8,28.3,1.0,48.0,37.8,28.11,47739.88,43515.04,14.5,0.0,0.0,7.82,0.0,3.0,2.3,31.0,,,,26.2,14.1,48.0,17.6,10.4
2017-04-29 00:00:00+00:00,24.7,0.0,25.5,20.3,17.3,32.4,28.2,3.0,45.0,45.7,28.01,47834.89,43612.53,13.6,0.0,0.0,9.5,0.0,5.0,1.0,24.0,,,,35.7,20.2,45.0,24.1,14.2
2017-04-30 00:00:00+00:00,24.8,0.0,15.6,23.2,16.1,32.8,31.0,3.0,9.0,29.2,27.97,47929.01,43714.39,15.5,0.0,0.0,7.02,0.0,39.0,7.3,39.0,,,,21.7,10.8,9.0,7.6,3.1
2017-05-01 00:00:00+00:00,25.1,0.0,17.7,23.1,21.2,30.5,29.2,3.0,288.0,33.8,21.19,48022.16,38563.92,18.6,0.0,0.0,6.42,0.0,66.0,7.8,34.0,,,,22.7,11.7,288.0,12.6,4.3
2017-05-02 00:00:00+00:00,23.2,0.0,20.2,22.4,17.1,28.6,27.1,3.0,310.0,40.0,27.73,48114.26,43719.63,17.0,0.0,0.0,6.44,0.0,20.0,11.1,50.0,,,,23.2,11.4,310.0,9.7,2.9
2017-05-03 00:00:00+00:00,23.1,0.0,16.4,22.8,17.2,29.2,29.6,3.0,9.0,32.4,27.06,48205.21,43721.26,17.6,0.0,0.0,6.11,0.0,19.0,12.2,54.0,,,,20.9,10.1,9.0,9.4,5.4
2017-05-04 00:00:00+00:00,23.8,0.0,20.9,22.9,16.6,31.1,30.5,2.0,358.0,37.4,27.64,48294.94,43612.66,17.2,0.0,0.0,6.71,0.0,5.0,10.1,49.0,,,,23.2,11.2,358.0,15.5,6.8
2017-05-05 00:00:00+00:00,23.9,0.0,15.1,23.4,16.9,30.0,30.2,2.0,357.0,35.3,27.54,48383.34,44057.83,17.5,0.0,0.0,6.38,0.0,12.0,11.0,50.0,,,,20.1,9.6,357.0,13.0,5.4
2017-05-06 00:00:00+00:00,24.3,0.0,16.9,23.8,17.3,31.0,31.0,0.0,349.0,36.0,28.07,48470.32,44177.25,17.7,0.0,0.0,6.75,0.0,2.0,10.9,48.0,,,,21.2,10.0,349.0,10.4,5.3
2017-05-07 00:00:00+00:00,25.5,0.0,17.9,24.5,17.7,32.9,31.2,0.0,332.0,36.4,28.21,48555.79,44184.25,18.4,0.0,0.0,7.32,0.0,0.0,9.4,43.0,,,,20.8,10.3,332.0,7.6,4.2
2017-05-08 00:00:00+00:00,28.9,0.0,20.2,26.2,19.7,37.2,34.1,0.0,56.0,37.4,28.41,48639.65,44307.7,18.6,0.0,0.0,9.29,0.0,0.0,5.3,29.0,,,,26.2,14.7,56.0,14.0,8.4
2017-05-09 00:00:00+00:00,31.3,0.0,20.7,28.5,23.0,39.2,38.5,0.0,53.0,33.1,28.86,48721.87,44433.81,19.4,0.0,0.0,9.15,0.0,0.0,2.7,19.0,,,,24.5,12.3,53.0,13.0,2.2
2017-05-10 00:00:00+00:00,31.6,0.0,20.6,28.8,22.6,40.4,37.8,0.0,273.0,36.0,28.66,48803.1,44562.49,20.2,0.0,0.0,9.9,0.0,0.0,4.3,21.0,,,,25.6,14.1,273.0,7.9,5.2
2017-05-11 00:00:00+00:00,24.7,0.0,23.2,23.4,18.6,32.3,30.9,2.0,357.0,38.9,28.18,48883.44,44084.18,19.0,0.0,0.0,7.5,0.0,7.0,11.1,49.0,,,,28.8,15.4,357.0,18.7,11.2
2017-05-12 00:00:00+00:00,24.3,0.0,26.9,22.9,17.3,32.4,30.8,1.0,22.0,45.7,28.49,48962.82,44707.83,17.9,0.0,0.0,7.7,0.0,3.0,11.1,50.0,,,,30.0,16.5,22.0,15.8,9.0
2017-05-13 00:00:00+00:00,26.6,0.0,28.8,24.3,18.0,35.7,32.2,0.0,36.0,49.3,28.74,49041.18,44837.84,18.1,0.0,0.0,9.06,0.0,0.0,10.2,44.0,,,,35.2,20.2,36.0,22.3,13.5
2017-05-14 00:00:00+00:00,29.8,0.0,20.1,27.5,19.9,39.2,36.5,0.0,28.0,38.2,28.36,49118.43,44848.0,18.7,0.0,0.0,9.52,0.0,0.0,8.5,32.0,,,,29.2,16.1,28.0,18.4,10.4
2017-05-15 00:00:00+00:00,30.0,0.0,21.6,28.0,21.9,38.7,37.0,0.0,2.0,37.8,28.26,49194.5,44857.58,20.7,0.0,0.0,9.25,0.0,0.0,7.8,28.0,,,,25.6,13.7,2.0,14.0,8.3
2017-05-16 00:00:00+00:00,27.4,0.0,20.6,26.5,19.8,35.3,34.0,0.0,356.0,34.6,28.73,49269.32,45191.15,20.3,0.0,0.0,8.03,0.0,0.0,10.5,40.0,,,,23.4,12.0,356.0,13.3,7.3
2017-05-17 00:00:00+00:00,27.1,0.0,21.1,26.2,19.4,34.2,33.8,3.0,34.0,34.2,26.99,49342.8,43697.89,20.9,0.0,0.0,7.92,0.0,34.0,12.1,45.0,,,,27.0,14.7,34.0,13.7,8.0
2017-05-18 00:00:00+00:00,27.6,0.0,33.7,25.0,21.1,35.5,35.3,3.0,51.0,58.3,25.64,49414.86,43125.78,18.3,0.0,0.0,9.05,0.0,21.0,9.7,36.0,,,,37.8,21.0,51.0,17.6,7.5
2017-05-19 00:00:00+00:00,24.7,0.0,21.6,23.9,19.5,29.8,29.0,1.0,319.0,41.4,26.58,49485.43,45342.43,20.5,0.0,0.0,6.84,0.0,13.0,12.1,49.0,,,,26.8,13.2,319.0,9.0,4.7
2017-05-20 00:00:00+00:00,23.4,0.0,23.6,21.7,18.4,29.2,27.3,2.0,295.0,42.8,27.74,49554.42,45530.89,18.4,0.0,0.0,7.08,0.0,9.0,9.1,45.0,,,,27.4,14.2,295.0,11.2,4.7
2017-05-21 00:00:00+00:00,24.1,0.0,14.9,22.8,18.2,30.1,28.1,0.0,295.0,32.0,29.3,49621.75,45556.88,17.8,0.0,0.0,6.89,0.0,0.0,7.6,39.0,,,,19.0,8.7,295.0,4.3,1.3
2017-05-22 00:00:00+00:00,27.3,0.0,25.2,25.0,20.6,35.6,31.9,3.0,216.0,44.6,28.32,49687.34,43622.5,19.2,0.0,0.0,9.01,0.0,32.0,8.6,37.0,,,,31.0,17.3,216.0,15.1,10.0
2017-05-23 00:00:00+00:00,23.8,0.0,20.1,22.8,18.4,29.4,28.4,1.0,314.0,34.2,27.82,49751.1,45698.88,18.3,0.0,0.0,6.78,0.0,10.0,10.8,46.0,,,,23.6,11.8,314.0,8.6,5.1
2017-05-24 00:00:00+00:00,23.9,0.0,20.4,23.5,17.2,30.4,30.2,0.0,8.0,38.5,29.19,49812.95,45819.45,18.0,0.0,0.0,6.71,0.0,0.0,10.7,49.0,,,,20.4,9.4,8.0,9.4,4.8
2017-05-25 00:00:00+00:00,24.9,0.0,21.9,23.7,18.3,31.7,31.1,3.0,19.0,40.0,28.72,49872.81,45841.71,18.5,0.0,0.0,7.38,0.0,20.0,9.7,44.0,,,,24.3,12.1,19.0,16.2,8.3
2017-05-26 00:00:00+00:00,27.0,0.0,13.9,25.7,18.3,34.3,33.4,0.0,9.0,28.1,29.16,49930.58,45862.43,18.1,0.0,0.0,7.14,0.0,0.0,6.8,34.0,,,,18.2,7.7,9.0,8.3,0.8
2017-05-27 00:00:00+00:00,30.5,0.0,23.6,27.1,24.7,37.1,34.7,0.0,216.0,43.6,29.16,49986.18,45984.72,20.6,0.0,0.0,10.66,0.0,0.0,4.7,21.0,,,,33.1,18.2,216.0,13.7,6.9
2017-05-28 00:00:00+00:00,28.1,0.0,24.2,26.8,20.5,34.9,34.5,0.0,24.0,43.2,29.16,50039.52,46003.75,20.0,0.0,0.0,7.93,0.0,0.0,8.6,33.0,,,,22.5,10.9,24.0,10.4,0.0
2017-05-29 00:00:00+00:00,26.7,0.0,23.9,26.4,19.8,34.0,34.9,3.0,15.0,43.6,28.38,50090.57,46021.16,20.3,0.0,0.0,7.45,0.0,19.0,13.7,50.0,,,,28.9,15.0,15.0,20.2,5.6
2017-05-30 00:00:00+00:00,27.9,0.1,25.6,26.0,21.0,35.0,33.7,51.0,54.0,45.7,27.61,50139.73,46144.3,20.6,1.0,0.1,8.89,0.0,29.0,11.8,42.0,,,,36.0,20.3,54.0,26.3,14.5
2017-05-31 00:00:00+00:00,28.8,0.0,29.0,26.1,22.7,35.9,34.4,3.0,51.0,47.2,28.77,50187.11,46159.57,19.6,0.0,0.0,10.04,0.0,15.0,10.1,34.0,,,,39.4,22.0,51.0,28.8,14.7
2017-06-01 00:00:00+00:00,25.7,0.0,21.3,24.4,19.1,32.2,31.0,0.0,10.0,36.0,29.43,50232.64,46283.3,19.7,0.0,0.0,8.02,0.0,0.0,10.7,45.0,,,,28.7,15.3,10.0,17.3,10.5
2017-06-02 00:00:00+00:00,26.2,0.0,18.5,25.6,18.7,33.3,32.8,0.0,6.0,31.3,29.08,50276.29,46296.42,19.8,0.0,0.0,7.52,0.0,0.0,11.3,45.0,,,,21.8,10.7,6.0,10.1,5.9
2017-06-03 00:00:00+00:00,27.8,0.0,18.9,27.5,19.9,35.0,34.6,0.0,11.0,39.6,29.02,50318.02,46307.84,21.1,0.0,0.0,7.87,0.0,0.0,12.8,44.0,,,,23.7,12.0,11.0,14.0,7.9
2017-06-04 00:00:00+00:00,29.1,0.0,19.1,28.5,21.6,35.7,35.6,1.0,17.0,37.1,28.86,50357.77,46431.64,22.9,0.0,0.0,8.29,0.0,3.0,11.9,39.0,,,,24.2,12.4,17.0,13.7,7.0
2017-06-05 00:00:00+00:00,30.0,0.0,20.2,29.1,21.4,37.6,36.8,0.0,18.0,33.8,28.97,50395.51,46441.01,22.2,0.0,0.0,8.54,0.0,0.0,10.9,35.0,,,,23.5,11.9,18.0,11.2,5.4
2017-06-06 00:00:00+00:00,32.6,0.0,27.7,30.9,25.3,39.2,39.2,0.0,51.0,43.6,29.03,50431.2,46448.76,23.3,0.0,0.0,8.99,0.0,0.0,7.5,22.0,,,,23.1,10.9,51.0,6.5,0.7
2017-06-07 00:00:00+00:00,33.2,0.0,23.3,31.2,25.3,39.9,39.0,2.0,45.0,37.1,28.83,50464.78,46572.53,23.7,0.0,0.0,9.99,0.0,8.0,7.7,22.0,,,,25.7,13.4,45.0,9.4,1.8
2017-06-08 00:00:00+00:00,33.8,0.0,24.8,30.6,25.2,41.6,39.8,0.0,62.0,39.6,29.04,50496.21,46578.3,21.2,0.0,0.0,11.27,0.0,0.0,5.3,19.0,,,,32.7,18.2,62.0,18.4,10.4
2017-06-09 00:00:00+00:00,30.0,0.0,25.0,29.8,23.8,36.3,36.8,1.0,329.0,42.1,28.89,50525.46,46702.26,25.2,0.0,0.0,8.81,0.0,2.0,14.6,42.0,,,,30.1,15.6,329.0,15.5,6.5
2017-06-10 00:00:00+00:00,27.9,0.0,22.3,27.6,21.2,35.0,34.5,0.0,358.0,38.9,29.28,50552.49,46706.06,23.3,0.0,0.0,8.33,0.0,0.0,14.0,49.0,,,,28.4,15.4,358.0,14.0,8.0
2017-06-11 00:00:00+00:00,27.4,0.0,21.0,27.3,20.2,35.2,34.6,0.0,356.0,35.3,29.33,50577.24,46708.41,22.1,0.0,0.0,8.01,0.0,0.0,14.1,49.0,,,,26.4,14.0,356.0,14.0,7.6
2017-06-12 00:00:00+00:00,27.5,0.0,21.1,27.4,20.1,35.0,34.6,0.0,355.0,33.8,29.38,50599.69,46831.82,22.0,0.0,0.0,7.91,0.0,0.0,13.2,48.0,,,,24.4,12.4,355.0,11.2,6.5
2017-06-13 00:00:00+00:00,30.1,0.0,23.0,29.7,21.7,37.2,37.6,0.0,36.0,39.6,28.72,50619.79,46708.94,22.9,0.0,0.0,7.92,0.0,0.0,11.4,36.0,,,,21.1,9.8,36.0,7.9,2.9
2017-06-14 00:00:00+00:00,28.4,0.0,21.7,27.7,22.6,34.0,34.3,1.0,7.0,38.2,28.74,50637.49,46831.3,23.0,0.0,0.0,8.44,0.0,5.0,14.1,45.0,,,,32.9,17.9,7.0,19.4,8.6
2017-06-15 00:00:00+00:00,27.9,0.0,20.5,28.4,21.4,35.0,35.2,0.0,13.0,36.4,28.89,50652.77,46829.03,23.2,0.0,0.0,7.7,0.0,1.0,15.0,50.0,,,,24.0,12.3,13.0,11.9,7.1
2017-06-16 00:00:00+00:00,29.1,0.0,20.4,28.8,21.2,36.4,35.9,0.0,21.0,33.8,29.19,50665.59,46950.96,22.9,0.0,0.0,8.52,0.0,0.0,13.5,44.0,,,,26.0,13.8,21.0,13.7,7.9
2017-06-17 00:00:00+00:00,30.3,0.0,17.8,30.1,22.6,37.8,37.9,0.0,3.0,30.6,28.97,50675.9,46946.82,23.4,0.0,0.0,8.58,0.0,0.0,13.1,39.0,,,,23.7,12.3,3.0,14.4,8.6
2017-06-18 00:00:00+00:00,30.8,0.0,20.5,30.5,22.5,38.5,38.0,0.0,359.0,35.6,29.19,50683.68,46941.47,23.7,0.0,0.0,8.33,0.0,0.0,11.7,36.0,,,,21.4,10.3,359.0,10.4,5.1
2017-06-19 00:00:00+00:00,32.2,0.0,20.2,31.5,24.8,38.9,38.8,0.0,12.0,33.1,28.64,50688.97,46934.54,24.1,0.0,0.0,8.91,0.0,0.0,11.6,31.0,,,,24.2,12.2,12.0,7.9,3.9
2017-06-20 00:00:00+00:00,29.1,0.0,21.1,29.7,24.0,35.0,36.5,3.0,4.0,36.0,27.59,50691.79,44997.68,25.0,0.0,0.0,7.95,0.0,10.0,16.3,50.0,,,,28.9,15.4,4.0,22.3,10.8
2017-06-21 00:00:00+00:00,27.4,0.0,20.8,27.5,22.5,33.5,33.6,2.0,336.0,35.3,28.01,50692.18,45837.07,23.3,0.0,0.0,7.6,0.0,9.0,14.0,47.0,,,,25.0,12.6,336.0,13.0,5.7
2017-06-22 00:00:00+00:00,27.3,0.0,21.8,27.7,21.4,33.9,33.9,1.0,346.0,37.4,28.42,50690.15,46826.91,23.7,0.0,0.0,7.4,0.0,8.0,14.3,50.0,,,,23.3,11.4,346.0,12.2,6.5
2017-06-23 00:00:00+00:00,28.0,0.0,23.7,28.0,21.3,34.9,34.5,1.0,4.0,40.7,28.32,50685.71,46262.34,23.8,0.0,0.0,7.92,0.0,6.0,14.0,48.0,,,,26.1,13.4,4.0,14.4,8.3
2017-06-24 00:00:00+00:00,28.8,0.0,22.4,28.5,21.3,36.1,34.9,3.0,2.0,37.1,28.49,50678.91,41960.84,23.5,0.0,0.0,8.43,0.0,11.0,13.6,46.0,,,,27.2,14.5,2.0,14.8,8.5
2017-06-25 00:00:00+00:00,29.5,0.0,21.7,29.8,21.8,37.4,36.5,0.0,1.0,36.7,29.13,50669.75,46988.61,24.3,0.0,0.0,8.47,0.0,0.0,14.7,47.0,,,,25.8,13.5,1.0,11.2,6.2
2017-06-26 00:00:00+00:00,30.1,0.0,18.8,30.3,22.2,37.4,37.4,0.0,354.0,36.4,29.24,50658.25,47101.04,24.3,0.0,0.0,8.28,0.0,0.0,13.9,43.0,,,,23.2,11.7,354.0,12.6,6.9
2017-06-27 00:00:00+00:00,30.4,0.0,19.5,30.5,22.6,37.7,38.0,0.0,1.0,38.9,29.13,50644.46,47082.68,24.5,0.0,0.0,8.42,0.0,0.0,13.9,42.0,,,,23.5,11.9,1.0,13.3,8.3
2017-06-28 00:00:00+00:00,30.5,0.0,18.1,30.6,23.1,37.7,37.3,0.0,355.0,32.0,29.11,50628.38,47063.09,25.6,0.0,0.0,8.42,0.0,0.0,13.9,42.0,,,,23.9,12.2,355.0,12.2,7.6
2017-06-29 00:00:00+00:00,30.7,0.0,21.6,31.0,22.8,38.6,38.5,0.0,354.0,37.1,28.99,50610.04,47042.32,24.4,0.0,0.0,8.78,0.0,0.0,14.9,43.0,,,,25.0,13.1,354.0,9.4,5.2
2017-06-30 00:00:00+00:00,31.8,0.0,24.6,32.4,23.3,40.4,40.3,0.0,348.0,41.4,28.67,50589.48,46923.15,26.4,0.0,0.0,8.89,0.0,0.0,15.7,44.0,,,,25.0,13.0,348.0,10.4,6.3
2017-07-01 00:00:00+00:00,32.9,0.0,19.2,34.1,23.8,41.5,41.7,0.0,343.0,32.4,28.72,50566.72,46780.17,27.4,0.0,0.0,8.41,0.0,0.0,15.9,43.0,,,,21.1,10.0,343.0,10.8,5.0
2017-07-02 00:00:00+00:00,33.9,0.0,21.6,35.1,26.0,41.2,42.0,0.0,352.0,35.6,28.94,50541.79,46772.82,29.5,0.0,0.0,8.3,0.0,0.0,14.8,39.0,,,,19.5,9.1,352.0,11.9,2.9
2017-07-03 00:00:00+00:00,33.8,0.0,18.8,34.1,25.8,41.0,42.0,0.0,339.0,31.3,29.04,50514.71,46895.0,27.1,0.0,0.0,8.33,0.0,0.0,12.7,32.0,,,,19.8,8.8,339.0,9.4,4.1
2017-07-04 00:00:00+00:00,32.0,0.0,20.1,33.8,24.8,39.9,41.3,0.0,328.0,35.3,28.72,50485.53,46622.91,28.7,0.0,0.0,8.37,0.0,0.0,18.2,49.0,,,,24.1,12.4,328.0,14.8,7.1
2017-07-05 00:00:00+00:00,29.9,0.0,22.1,31.2,24.2,36.8,37.6,1.0,343.0,36.0,28.33,50454.26,46217.43,27.2,0.0,0.0,7.87,0.0,5.0,17.4,53.0,,,,26.3,13.6,343.0,15.8,9.3
2017-07-06 00:00:00+00:00,28.6,0.0,18.5,29.7,22.9,34.9,35.6,1.0,329.0,33.5,28.0,50420.94,46473.71,25.8,0.0,0.0,7.51,0.0,5.0,16.8,53.0,,,,24.6,12.6,329.0,10.8,5.1
2017-07-07 00:00:00+00:00,28.7,0.0,19.0,30.4,22.7,34.9,36.9,1.0,320.0,35.3,27.3,50385.6,46335.43,25.7,0.0,0.0,7.23,0.0,6.0,18.2,57.0,,,,24.5,12.5,320.0,10.8,6.0
2017-07-08 00:00:00+00:00,30.1,0.0,19.1,31.9,22.8,37.7,39.0,2.0,340.0,31.7,28.2,50348.23,45938.1,26.3,0.0,0.0,7.75,0.0,7.0,17.5,53.0,,,,22.5,11.0,340.0,10.1,5.6
2017-07-09 00:00:00+00:00,30.1,0.0,22.6,31.9,23.6,37.4,38.6,3.0,346.0,36.4,27.32,50308.48,40651.86,27.2,0.0,0.0,7.19,0.0,18.0,16.8,53.0,,,,21.7,10.0,346.0,15.8,5.7
2017-07-10 00:00:00+00:00,31.6,0.0,23.5,32.0,24.4,38.4,38.4,0.0,19.0,37.4,28.25,50266.31,46050.17,27.5,0.0,0.0,8.77,0.0,1.0,15.4,44.0,,,,27.3,14.4,19.0,17.6,10.4
2017-07-11 00:00:00+00:00,32.0,0.0,20.6,31.6,25.0,39.0,38.4,0.0,9.0,37.1,28.33,50221.81,46041.56,26.3,0.0,0.0,9.11,0.0,0.0,13.5,37.0,,,,27.0,14.2,9.0,18.4,11.0
2017-07-12 00:00:00+00:00,31.1,0.0,20.0,32.3,23.8,38.9,39.2,3.0,347.0,33.8,28.41,50175.05,45027.94,27.4,0.0,0.0,8.32,0.0,11.0,17.0,49.0,,,,25.0,12.9,347.0,14.8,8.4
2017-07-13 00:00:00+00:00,31.1,0.0,18.0,32.4,23.6,38.9,39.1,0.0,330.0,29.2,29.06,50126.11,46145.87,27.0,0.0,0.0,8.0,0.0,0.0,16.2,47.0,,,,22.0,10.5,330.0,10.8,6.0
2017-07-14 00:00:00+00:00,31.9,0.0,16.6,33.0,23.7,39.7,39.5,0.0,334.0,30.6,29.23,50075.07,46133.52,26.9,0.0,0.0,8.21,0.0,0.0,14.9,42.0,,,,19.1,9.0,334.0,6.1,2.5
2017-07-15 00:00:00+00:00,34.1,0.0,23.3,34.1,26.6,41.0,41.4,0.0,11.0,37.8,29.06,50022.02,46120.37,27.8,0.0,0.0,8.45,0.0,0.0,11.8,30.0,,,,19.4,9.0,11.0,3.2,1.0
2017-07-16 00:00:00+00:00,33.8,0.0,21.6,33.7,26.6,40.5,41.3,0.0,9.0,37.8,28.96,49967.01,45985.62,27.1,0.0,0.0,9.24,0.0,0.0,13.8,33.0,,,,25.5,12.7,9.0,15.8,9.6
2017-07-17 00:00:00+00:00,32.4,0.0,16.3,33.3,25.2,39.2,39.1,0.0,14.0,29.2,29.24,49910.13,45729.36,28.2,0.0,0.0,8.53,0.0,0.0,15.4,42.0,,,,23.4,11.9,14.0,16.2,9.3
2017-07-18 00:00:00+00:00,33.5,0.0,24.6,32.8,26.3,39.9,39.8,0.0,46.0,39.6,28.88,49851.46,45717.14,27.0,0.0,0.0,10.06,0.0,0.0,13.4,34.0,,,,30.1,16.7,46.0,20.9,12.9
2017-07-19 00:00:00+00:00,30.9,0.0,24.9,32.3,24.9,37.1,39.0,2.0,3.0,41.8,28.14,49791.08,45227.81,26.9,0.0,0.0,8.28,0.0,6.0,18.6,52.0,,,,30.2,16.0,3.0,22.0,12.6
2017-07-20 00:00:00+00:00,28.8,0.0,18.0,29.9,23.7,34.3,35.9,0.0,348.0,33.1,28.59,49729.05,45339.02,26.0,0.0,0.0,7.45,0.0,1.0,16.5,51.0,,,,24.6,12.1,348.0,15.5,8.4
2017-07-21 00:00:00+00:00,29.3,0.0,21.1,30.9,23.9,34.9,36.7,0.0,328.0,35.6,28.35,49665.46,45208.99,26.2,0.0,0.0,7.16,0.0,1.0,16.9,49.0,,,,21.1,9.5,328.0,9.7,5.4
2017-07-22 00:00:00+00:00,29.7,0.0,20.5,31.5,24.1,36.0,37.6,2.0,344.0,33.8,27.71,49600.38,44517.2,27.4,0.0,0.0,7.51,0.0,10.0,18.2,54.0,,,,23.8,11.8,344.0,11.5,6.4
2017-07-23 00:00:00+00:00,29.7,0.0,17.9,31.8,24.5,35.8,37.6,3.0,352.0,34.6,26.61,49533.88,40800.86,27.6,0.0,0.0,7.27,0.0,25.0,19.3,57.0,,,,25.6,13.1,352.0,15.1,8.7
2017-07-24 00:00:00+00:00,30.5,0.0,18.2,32.2,24.9,37.2,37.8,3.0,346.0,31.7,27.83,49466.04,43776.65,27.4,0.0,0.0,7.52,0.0,22.0,17.8,52.0,,,,23.7,11.7,346.0,17.3,9.0
2017-07-25 00:00:00+00:00,31.5,0.0,20.6,33.2,24.2,38.6,39.9,0.0,350.0,33.8,28.22,49396.92,44717.54,27.7,0.0,0.0,7.96,0.0,0.0,17.7,49.0,,,,22.7,11.0,350.0,11.9,5.9
2017-07-26 00:00:00+00:00,32.0,0.0,17.6,33.1,24.6,39.2,40.0,0.0,2.0,32.4,28.03,49326.6,44603.0,27.8,0.0,0.0,8.33,0.0,0.0,16.4,45.0,,,,23.3,12.0,2.0,14.8,8.3
2017-07-27 00:00:00+00:00,32.4,0.0,24.5,32.9,25.1,40.5,40.3,0.0,3.0,41.4,28.08,49255.14,44484.61,27.1,0.0,0.0,9.08,0.0,0.0,16.2,41.0,,,,26.4,14.1,3.0,11.2,5.9
2017-07-28 00:00:00+00:00,31.1,0.0,19.5,32.8,24.6,38.0,39.9,0.0,7.0,32.8,27.7,49182.56,44264.88,27.7,0.0,0.0,8.14,0.0,0.0,18.6,51.0,,,,26.3,14.0,7.0,15.1,8.7
2017-07-29 00:00:00+00:00,29.7,0.0,20.2,30.8,24.3,35.5,35.9,1.0,4.0,32.8,27.96,49108.25,44158.96,26.8,0.0,0.0,7.74,0.0,4.0,17.0,51.0,,,,25.9,13.5,4.0,20.2,9.1
2017-07-30 00:00:00+00:00,29.2,0.0,22.8,30.5,24.5,34.9,36.2,3.0,4.0,37.1,26.76,49032.14,43834.61,26.7,0.0,0.0,7.09,0.0,15.0,16.7,50.0,,,,22.8,10.8,4.0,15.1,7.2
2017-07-31 00:00:00+00:00,30.2,0.0,21.6,31.3,24.0,36.7,37.3,0.0,14.0,34.9,28.18,48954.31,44047.87,26.5,0.0,0.0,7.65,0.0,0.0,16.4,48.0,,,,23.4,11.5,14.0,13.7,7.6
2017-08-01 00:00:00+00:00,31.0,0.0,23.1,32.7,24.3,37.8,38.8,0.0,352.0,37.4,28.04,48874.86,44045.36,27.9,0.0,0.0,7.66,0.0,0.0,17.3,50.0,,,,22.9,10.9,352.0,11.9,6.5
2017-08-02 00:00:00+00:00,31.3,0.0,20.8,33.1,24.5,37.9,39.0,0.0,1.0,33.8,28.08,48793.89,43941.45,28.3,0.0,0.0,7.76,0.0,0.0,17.5,49.0,,,,21.6,10.5,1.0,10.8,6.0
2017-08-03 00:00:00+00:00,31.6,0.0,17.8,32.7,25.5,37.2,39.2,0.0,9.0,29.9,27.53,48711.48,43747.04,27.6,0.0,0.0,7.95,0.0,1.0,16.7,44.0,,,,22.8,11.5,9.0,13.0,7.3
2017-08-04 00:00:00+00:00,31.0,0.0,22.7,32.3,24.8,36.8,38.5,0.0,352.0,40.3,27.71,48627.73,43748.24,27.7,0.0,0.0,7.71,0.0,0.0,16.6,46.0,,,,22.5,11.0,352.0,12.2,7.0
2017-08-05 00:00:00+00:00,30.7,0.0,16.9,32.7,24.3,36.3,36.8,0.0,330.0,35.6,27.7,48542.71,43654.78,27.7,0.0,0.0,7.31,0.0,1.0,17.8,50.0,,,,21.8,9.8,330.0,7.9,3.3
2017-08-06 00:00:00+00:00,31.5,0.0,19.5,33.2,25.5,37.3,38.6,0.0,331.0,33.8,27.4,48456.54,43476.82,28.1,0.0,0.0,7.82,0.0,0.0,17.9,47.0,,,,22.2,11.1,331.0,6.1,2.8
2017-08-07 00:00:00+00:00,30.7,0.0,20.3,32.5,25.1,36.2,38.9,0.0,18.0,37.4,27.14,48369.27,43482.57,28.0,0.0,0.0,7.52,0.0,1.0,18.3,50.0,,,,24.1,12.1,18.0,14.8,7.6
2017-08-08 00:00:00+00:00,30.9,0.0,19.5,33.2,25.1,37.2,38.9,0.0,12.0,40.3,27.18,48281.0,43402.74,28.9,0.0,0.0,7.43,0.0,1.0,19.0,53.0,,,,23.4,11.5,12.0,12.6,7.9
2017-08-09 00:00:00+00:00,31.3,0.0,24.7,33.7,25.9,37.1,39.6,0.0,7.0,40.3,27.04,48191.82,43325.56,29.4,0.0,0.0,7.44,0.0,0.0,19.3,52.0,,,,24.2,11.6,7.0,14.4,7.9
2017-08-10 00:00:00+00:00,31.8,0.0,15.3,34.3,25.7,37.9,40.4,0.0,1.0,31.0,26.91,48101.79,43266.47,29.3,0.0,0.0,7.54,0.0,0.0,19.5,51.0,,,,22.3,10.9,1.0,11.9,7.2
2017-08-11 00:00:00+00:00,31.9,0.0,18.5,34.6,25.4,37.9,40.3,1.0,347.0,34.9,26.69,48011.02,43200.0,29.3,0.0,0.0,7.5,0.0,2.0,19.9,53.0,,,,22.5,11.1,347.0,11.2,6.4
2017-08-12 00:00:00+00:00,31.8,0.0,20.5,35.0,26.1,38.5,41.6,1.0,342.0,33.1,25.82,47919.57,43200.0,30.2,0.0,0.0,7.31,0.0,7.0,21.0,56.0,,,,22.9,11.4,342.0,13.0,6.8
2017-08-13 00:00:00+00:00,31.8,0.0,13.8,34.3,25.5,38.2,40.1,3.0,335.0,30.6,26.38,47827.51,42493.76,29.9,0.0,0.0,7.16,0.0,9.0,18.8,52.0,,,,21.3,9.9,335.0,15.1,3.7
2017-08-14 00:00:00+00:00,30.9,0.0,17.4,33.0,25.2,37.1,38.3,2.0,327.0,32.4,26.42,47734.93,43200.0,29.2,0.0,0.0,7.44,0.0,9.0,18.8,53.0,,,,23.8,12.0,327.0,14.8,7.9
2017-08-15 00:00:00+00:00,29.8,0.0,20.8,31.3,24.9,35.4,36.7,0.0,334.0,34.6,26.76,47641.9,43200.0,27.7,0.0,0.0,7.33,0.0,1.0,17.5,50.0,,,,23.2,11.5,334.0,10.8,5.7
2017-08-16 00:00:00+00:00,29.4,0.0,17.6,31.2,24.2,35.0,36.3,1.0,317.0,34.6,25.82,47548.5,43200.0,27.7,0.0,0.0,6.8,0.0,7.0,17.6,52.0,,,,21.3,9.9,317.0,3.6,1.8
2017-08-17 00:00:00+00:00,29.5,0.0,18.4,31.2,24.3,34.7,35.6,1.0,303.0,32.4,25.5,47454.71,43200.0,27.6,0.0,0.0,6.56,0.0,6.0,17.3,51.0,,,,20.1,9.3,303.0,7.2,2.7
2017-08-18 00:00:00+00:00,31.2,0.0,19.6,32.5,26.0,36.3,37.8,0.0,353.0,36.7,26.42,47359.88,43200.0,28.9,0.0,0.0,7.12,0.0,0.0,15.7,43.0,,,,18.7,8.5,353.0,5.8,1.4
2017-08-19 00:00:00+00:00,31.4,0.0,24.3,33.0,25.7,37.7,40.2,0.0,31.0,48.2,25.97,47263.89,43200.0,28.6,0.0,0.0,7.65,0.0,1.0,18.3,50.0,,,,27.2,13.9,31.0,18.4,6.1
2017-08-20 00:00:00+00:00,31.0,0.0,18.0,32.5,25.9,36.7,37.8,0.0,3.0,36.0,25.97,47166.82,43200.0,29.4,0.0,0.0,7.49,0.0,1.0,17.6,50.0,,,,25.2,12.7,3.0,16.2,9.9
2017-08-21 00:00:00+00:00,31.1,0.0,19.1,32.0,25.3,36.8,37.0,0.0,9.0,33.5,26.22,47068.75,43200.0,28.0,0.0,0.0,7.72,0.0,0.0,15.9,44.0,,,,23.3,11.7,9.0,9.4,4.3
2017-08-22 00:00:00+00:00,30.5,0.0,17.8,31.4,24.3,36.1,36.5,1.0,12.0,32.8,26.23,46969.77,43200.0,27.3,0.0,0.0,7.66,0.0,3.0,16.3,47.0,,,,24.1,12.2,12.0,11.5,6.9
2017-08-23 00:00:00+00:00,30.2,0.0,20.4,30.8,24.0,36.8,36.7,2.0,11.0,35.3,25.97,46869.95,43200.0,26.5,0.0,0.0,7.9,0.0,8.0,15.9,47.0,,,,25.5,13.7,11.0,14.4,8.3
2017-08-24 00:00:00+00:00,29.7,0.0,19.8,30.4,23.8,36.2,36.8,1.0,10.0,33.8,25.54,46769.38,43200.0,26.6,0.0,0.0,7.65,0.0,4.0,16.7,50.0,,,,26.2,14.1,10.0,14.4,8.4
2017-08-25 00:00:00+00:00,29.3,0.0,17.4,30.2,23.5,36.0,36.4,3.0,7.0,32.0,25.84,46668.13,43200.0,25.6,0.0,0.0,7.28,0.0,12.0,16.4,50.0,,,,24.3,12.7,7.0,16.2,9.4
2017-08-26 00:00:00+00:00,30.2,0.0,17.9,31.1,23.1,37.6,37.7,0.0,14.0,29.2,25.77,46566.28,43200.0,25.9,0.0,0.0,7.5,0.0,0.0,16.2,48.0,,,,23.4,12.0,14.0,13.7,7.9
2017-08-27 00:00:00+00:00,30.3,0.0,24.9,31.7,24.2,37.3,38.5,3.0,357.0,41.4,24.62,46463.91,40901.55,27.8,0.0,0.0,7.23,0.0,10.0,17.5,52.0,,,,24.5,12.5,357.0,14.0,8.4
2017-08-28 00:00:00+00:00,29.0,0.0,19.8,29.9,23.0,34.9,34.7,0.0,339.0,32.8,26.22,46361.07,43110.97,26.2,0.0,0.0,7.0,0.0,0.0,15.1,49.0,,,,21.8,10.5,339.0,11.9,6.8
2017-08-29 00:00:00+00:00,28.9,0.0,17.0,29.7,23.3,34.3,35.3,0.0,346.0,29.2,25.76,46257.87,43042.7,25.3,0.0,0.0,6.83,0.0,0.0,15.1,46.0,,,,20.2,9.7,346.0,9.7,5.9
2017-08-30 00:00:00+00:00,28.8,0.0,20.0,29.8,23.6,34.4,34.5,0.0,344.0,32.0,25.66,46154.35,42973.98,25.8,0.0,0.0,6.72,0.0,0.0,15.5,48.0,,,,21.1,9.9,344.0,9.7,3.2
2017-08-31 00:00:00+00:00,28.9,0.0,21.9,30.4,23.7,34.9,36.6,1.0,349.0,38.2,23.19,46050.59,42904.89,26.5,0.0,0.0,6.63,0.0,7.0,17.8,53.0,,,,23.3,11.8,349.0,5.8,3.1
2017-09-01 00:00:00+00:00,28.4,0.0,21.9,29.7,23.0,34.1,35.1,2.0,356.0,36.7,23.44,45946.66,42835.52,26.1,0.0,0.0,6.57,0.0,11.0,17.6,56.0,,,,25.1,12.8,356.0,12.2,6.8
2017-09-02 00:00:00+00:00,28.8,0.0,20.3,29.5,22.8,35.4,35.6,1.0,16.0,36.4,24.56,45842.64,42765.92,25.4,0.0,0.0,7.32,0.0,5.0,16.7,53.0,,,,27.2,14.5,16.0,13.7,7.9
2017-09-03 00:00:00+00:00,28.5,0.0,21.0,29.5,21.9,35.4,35.7,0.0,357.0,34.9,24.93,45738.58,42696.18,24.8,0.0,0.0,6.63,0.0,1.0,16.1,53.0,,,,22.2,10.9,357.0,12.6,6.9
2017-09-04 00:00:00+00:00,28.8,0.0,19.9,29.8,22.6,35.5,37.1,1.0,335.0,32.4,24.86,45634.55,42626.38,24.8,0.0,0.0,6.68,0.0,3.0,15.5,48.0,,,,20.0,9.4,335.0,10.4,4.9
2017-09-05 00:00:00+00:00,29.3,0.0,20.4,30.4,22.4,37.1,37.3,1.0,353.0,34.6,24.43,45530.62,42556.59,25.4,0.0,0.0,7.1,0.0,5.0,16.9,52.0,,,,23.9,12.4,353.0,12.6,7.2
2017-09-06 00:00:00+00:00,28.2,0.0,23.1,29.1,21.9,35.1,35.4,1.0,344.0,37.1,24.38,45426.79,42486.61,24.8,0.0,0.0,6.75,0.0,4.0,15.8,52.0,,,,22.5,11.1,344.0,11.2,5.0
2017-09-07 00:00:00+00:00,27.9,0.0,19.3,28.3,22.3,34.2,33.8,0.0,359.0,32.4,24.53,45322.36,42415.7,24.5,0.0,0.0,6.72,0.0,1.0,14.5,49.0,,,,22.3,11.2,359.0,11.2,6.5
2017-09-08 00:00:00+00:00,27.7,0.0,21.7,28.5,22.1,34.1,34.1,1.0,22.0,37.1,23.81,45217.2,42343.88,23.9,0.0,0.0,6.5,0.0,6.0,16.2,53.0,,,,23.7,12.3,22.0,14.0,7.9
2017-09-09 00:00:00+00:00,28.4,0.0,22.7,29.3,22.8,34.8,36.0,1.0,25.0,37.8,23.7,45111.4,42271.24,24.9,0.0,0.0,6.73,0.0,7.0,17.2,55.0,,,,26.8,14.2,25.0,18.0,10.3
2017-09-10 00:00:00+00:00,27.8,0.0,20.6,27.8,21.0,35.3,34.9,0.0,25.0,38.5,24.74,45005.02,42197.86,22.3,0.0,0.0,7.12,0.0,0.0,14.9,50.0,,,,26.5,14.2,25.0,16.2,9.8
2017-09-11 00:00:00+00:00,29.0,0.0,21.3,28.5,21.2,37.5,35.8,0.0,33.0,39.2,24.3,44898.13,42101.34,22.8,0.0,0.0,7.9,0.0,0.0,14.4,49.0,,,,30.1,17.1,33.0,19.8,12.3
2017-09-12 00:00:00+00:00,30.0,0.0,22.6,29.3,21.6,38.9,36.5,0.0,33.0,40.0,24.13,44790.8,41995.35,23.8,0.0,0.0,8.42,0.0,0.0,14.1,46.0,,,,31.0,17.7,33.0,20.2,12.4
2017-09-13 00:00:00+00:00,29.8,0.0,23.8,30.3,22.7,38.0,37.1,0.0,22.0,41.0,23.88,44683.1,41888.86,24.9,0.0,0.0,7.67,0.0,0.0,17.2,53.0,,,,29.9,16.8,22.0,20.2,12.4
2017-09-14 00:00:00+00:00,28.0,0.0,19.9,29.3,23.1,34.6,35.3,3.0,352.0,31.7,22.55,44575.11,41781.92,26.0,0.0,0.0,6.27,0.0,24.0,18.1,59.0,,,,25.9,14.1,352.0,17.6,10.5
2017-09-15 00:00:00+00:00,27.8,0.0,16.2,29.1,22.3,34.5,35.4,2.0,335.0,27.7,22.4,44466.88,41674.62,25.6,0.0,0.0,6.08,0.0,9.0,16.8,56.0,,,,21.0,10.5,335.0,9.0,3.9
2017-09-16 00:00:00+00:00,27.6,0.0,15.0,28.8,22.3,33.5,34.1,1.0,335.0,32.8,23.3,44358.48,41547.99,25.3,0.0,0.0,5.87,0.0,2.0,15.6,52.0,,,,17.7,7.9,335.0,3.2,0.4
2017-09-17 00:00:00+00:00,27.5,0.0,15.1,28.8,22.1,32.7,34.3,1.0,331.0,33.1,22.73,44249.98,41242.7,24.4,0.0,0.0,5.67,0.0,5.0,16.3,53.0,,,,18.9,8.5,331.0,7.9,2.2
2017-09-18 00:00:00+00:00,28.2,0.0,14.7,29.9,23.3,33.6,34.8,2.0,317.0,29.2,21.98,44141.46,40688.7,26.6,0.0,0.0,5.71,0.0,11.0,17.8,56.0,,,,19.8,9.4,317.0,10.1,5.4
2017-09-19 00:00:00+00:00,28.6,0.0,16.5,30.5,23.1,34.4,36.4,1.0,321.0,31.3,22.6,44032.96,40655.71,25.8,0.0,0.0,5.66,0.0,2.0,17.1,53.0,,,,16.1,6.9,321.0,4.3,0.8
2017-09-20 00:00:00+00:00,29.7,0.0,15.7,31.3,23.5,36.2,37.3,0.0,355.0,28.8,22.48,43924.57,40492.79,26.1,0.0,0.0,6.22,0.0,0.0,17.1,50.0,,,,19.1,9.1,355.0,10.4,2.4
2017-09-21 00:00:00+00:00,29.8,0.0,21.6,30.8,22.8,37.6,36.7,0.0,355.0,35.3,22.65,43816.35,40333.32,26.0,0.0,0.0,6.96,0.0,0.0,16.6,51.0,,,,22.8,12.2,355.0,6.5,3.6
2017-09-22 00:00:00+00:00,28.6,0.0,21.7,29.7,24.1,34.9,36.1,3.0,6.0,35.3,21.36,43708.35,38339.32,26.3,0.0,0.0,6.45,0.0,24.0,18.4,57.0,,,,28.9,15.8,6.0,21.6,12.6
2017-09-23 00:00:00+00:00,26.4,0.0,22.0,26.1,22.2,31.4,31.3,1.0,0.0,40.7,21.46,43600.66,39915.91,22.6,0.0,0.0,6.25,0.0,11.0,14.7,52.0,,,,27.3,14.6,0.0,14.8,8.3
2017-09-24 00:00:00+00:00,25.8,0.0,18.4,25.2,21.4,31.6,31.0,1.0,0.0,32.0,21.56,43493.32,39770.88,21.8,0.0,0.0,6.17,0.0,12.0,13.2,48.0,,,,24.5,13.1,0.0,11.2,6.6
2017-09-25 00:00:00+00:00,25.7,0.0,19.9,25.7,20.4,31.8,31.7,3.0,13.0,34.9,21.09,43386.42,35631.08,21.2,0.0,0.0,5.81,0.0,51.0,14.2,51.0,,,,22.5,11.7,13.0,10.1,6.2
2017-09-26 00:00:00+00:00,26.8,0.0,21.4,27.1,21.3,33.2,33.4,3.0,27.0,37.1,21.18,43279.94,38688.56,22.8,0.0,0.0,6.18,0.0,41.0,15.7,53.0,,,,24.9,13.3,27.0,11.9,6.4
2017-09-27 00:00:00+00:00,26.4,0.0,23.8,26.9,21.2,31.9,32.4,1.0,25.0,40.3,21.16,43173.15,39265.49,22.9,0.0,0.0,5.83,0.0,4.0,16.0,55.0,,,,24.3,12.8,25.0,11.9,7.2
2017-09-28 00:00:00+00:00,25.7,0.0,20.5,25.5,20.8,31.4,30.6,2.0,8.0,33.1,20.74,43065.93,39101.57,21.9,0.0,0.0,5.82,0.0,9.0,14.3,53.0,,,,24.3,12.9,8.0,13.0,7.6
2017-09-29 00:00:00+00:00,25.9,0.0,14.9,26.4,20.3,31.8,31.6,1.0,360.0,28.8,20.56,42958.34,39115.77,22.3,0.0,0.0,5.4,0.0,6.0,15.0,54.0,,,,20.0,10.0,360.0,10.4,5.4
2017-09-30 00:00:00+00:00,27.3,0.0,22.4,27.0,21.4,33.0,32.9,0.0,39.0,40.3,21.05,42850.45,39001.28,22.7,0.0,0.0,6.26,0.0,1.0,13.8,47.0,,,,22.9,12.1,39.0,10.4,4.9
2017-10-01 00:00:00+00:00,30.3,0.0,22.4,28.0,24.5,37.0,35.4,0.0,108.0,40.3,21.09,42742.34,38915.86,22.3,0.0,0.0,7.56,0.0,0.0,7.3,26.0,,,,24.2,13.1,108.0,9.0,5.5
2017-10-02 00:00:00+00:00,28.2,0.0,26.3,27.4,23.1,34.3,34.2,0.0,316.0,43.6,20.94,42634.08,38880.25,21.0,0.0,0.0,6.57,0.0,1.0,12.2,39.0,,,,24.1,13.0,316.0,10.4,6.1
2017-10-03 00:00:00+00:00,25.6,0.0,19.1,25.9,21.1,31.4,31.2,1.0,360.0,32.8,20.37,42525.75,38844.34,22.8,0.0,0.0,5.57,0.0,6.0,15.8,59.0,,,,25.6,13.7,360.0,15.5,8.7
2017-10-04 00:00:00+00:00,24.9,0.0,21.8,24.7,20.4,30.6,30.4,2.0,360.0,35.6,19.91,42417.4,38808.12,21.2,0.0,0.0,5.48,0.0,12.0,14.6,56.0,,,,24.8,13.2,360.0,12.6,7.2
2017-10-05 00:00:00+00:00,24.6,0.0,19.5,24.0,20.3,30.4,29.0,1.0,339.0,37.1,20.09,42309.12,38771.59,21.3,0.0,0.0,5.65,0.0,8.0,13.2,52.0,,,,24.4,13.1,339.0,9.0,5.1
2017-10-06 00:00:00+00:00,24.6,0.0,14.4,24.5,19.5,30.2,29.5,1.0,338.0,27.4,20.33,42200.98,38734.69,20.8,0.0,0.0,5.07,0.0,9.0,13.0,53.0,,,,18.8,9.0,338.0,10.8,5.1
2017-10-07 00:00:00+00:00,27.2,0.0,18.3,26.2,20.0,34.7,32.3,1.0,208.0,33.1,19.52,42093.05,38697.43,20.6,0.0,0.0,6.18,0.0,3.0,11.6,42.0,,,,21.4,11.6,208.0,8.6,5.6
2017-10-08 00:00:00+00:00,27.5,0.0,18.7,27.5,22.1,32.8,31.9,1.0,286.0,35.3,19.35,41985.42,38659.77,23.2,0.0,0.0,5.37,0.0,2.0,13.2,43.0,,,,18.3,8.7,286.0,4.7,0.7
2017-10-09 00:00:00+00:00,24.7,0.0,18.2,24.6,21.3,28.6,27.1,1.0,313.0,34.6,19.03,41878.14,38621.71,21.5,0.0,0.0,5.04,0.0,12.0,14.2,56.0,,,,24.3,12.5,313.0,13.3,6.3
2017-10-10 00:00:00+00:00,23.8,0.0,22.0,22.9,18.9,29.3,27.8,1.0,3.0,37.8,19.79,41771.3,38583.22,18.7,0.0,0.0,5.29,0.0,4.0,11.9,50.0,,,,22.4,11.7,3.0,9.7,5.6
2017-10-11 00:00:00+00:00,23.0,0.0,19.9,21.8,17.9,28.4,27.1,0.0,6.0,34.9,19.47,41664.98,38544.28,17.7,0.0,0.0,5.28,0.0,2.0,11.4,50.0,,,,24.0,12.8,6.0,13.3,7.4
2017-10-12 00:00:00+00:00,22.9,0.0,16.6,22.1,18.2,28.3,27.2,1.0,351.0,30.6,19.22,41559.24,38253.8,18.2,0.0,0.0,4.94,0.0,7.0,11.4,51.0,,,,20.7,10.5,351.0,9.4,4.2
2017-10-13 00:00:00+00:00,23.4,0.0,19.0,22.9,18.1,28.6,27.7,3.0,357.0,34.6,17.58,41454.18,38109.71,18.9,0.0,0.0,4.47,0.0,19.0,12.6,54.0,,,,19.5,9.5,357.0,7.9,3.1
2017-10-14 00:00:00+00:00,23.7,0.0,19.1,23.4,19.4,28.0,26.7,3.0,343.0,32.4,15.8,41349.86,37967.09,20.5,0.0,0.0,4.25,0.0,32.0,13.1,54.0,,,,18.8,9.4,343.0,8.3,5.2
2017-10-15 00:00:00+00:00,23.0,0.0,21.1,22.5,18.1,28.1,26.6,1.0,333.0,36.0,18.85,41246.38,38374.68,18.9,0.0,0.0,4.64,0.0,14.0,12.4,54.0,,,,21.0,10.1,333.0,9.7,4.7
2017-10-16 00:00:00+00:00,23.3,0.0,26.0,22.3,17.7,29.9,28.1,3.0,358.0,48.2,18.22,41143.71,37649.46,18.4,0.0,0.0,5.22,0.0,10.0,11.6,52.0,,,,23.8,12.3,358.0,8.6,3.6
2017-10-17 00:00:00+00:00,23.5,0.0,18.3,23.3,17.2,29.9,28.8,0.0,16.0,29.2,18.49,41041.08,37986.59,18.8,0.0,0.0,4.72,0.0,1.0,13.1,57.0,,,,19.0,9.5,16.0,7.6,4.0
2017-10-18 00:00:00+00:00,24.6,0.0,23.4,24.1,18.8,31.5,29.9,0.0,38.0,37.8,18.36,40938.33,37915.04,20.1,0.0,0.0,5.48,0.0,1.0,14.8,59.0,,,,28.3,15.9,38.0,14.0,8.1
2017-10-19 00:00:00+00:00,24.6,0.0,19.5,24.4,19.5,31.5,30.5,3.0,13.0,34.2,17.22,40835.55,34773.54,20.4,0.0,0.0,4.98,0.0,18.0,14.8,59.0,,,,25.8,13.9,13.0,16.2,9.2
2017-10-20 00:00:00+00:00,23.6,0.0,19.9,23.6,18.5,29.8,29.0,2.0,358.0,37.8,17.6,40732.82,36720.43,19.9,0.0,0.0,4.4,0.0,9.0,14.0,60.0,,,,20.5,10.3,358.0,12.2,6.9
2017-10-21 00:00:00+00:00,22.9,0.0,15.6,22.9,18.0,28.3,27.7,0.0,1.0,32.4,18.04,40630.23,37308.23,19.0,0.0,0.0,4.2,0.0,1.0,13.5,59.0,,,,18.7,9.2,1.0,11.5,5.9
2017-10-22 00:00:00+00:00,22.7,0.0,15.0,22.7,17.7,27.8,27.6,0.0,5.0,29.9,17.73,40527.86,37239.37,18.3,0.0,0.0,4.16,0.0,3.0,13.4,58.0,,,,18.2,9.0,5.0,10.4,5.5
2017-10-23 00:00:00+00:00,22.3,0.0,11.8,22.2,17.6,27.3,27.2,1.0,340.0,20.5,17.15,40425.81,36661.39,18.5,0.0,0.0,3.82,0.0,6.0,12.4,56.0,,,,14.9,6.8,340.0,7.6,3.4
2017-10-24 00:00:00+00:00,23.2,0.0,12.4,22.3,18.4,28.2,26.6,2.0,208.0,27.7,17.38,40324.16,36598.14,18.8,0.0,0.0,4.41,0.0,12.0,10.8,49.0,,,,18.0,9.3,208.0,5.8,3.8
2017-10-25 00:00:00+00:00,24.8,0.0,12.6,23.1,19.3,30.9,29.3,0.0,177.0,24.5,17.54,40223.0,36783.69,17.4,0.0,0.0,5.03,0.0,0.0,7.6,36.0,,,,16.9,9.0,177.0,8.6,4.5
2017-10-26 00:00:00+00:00,26.4,0.0,16.9,24.0,20.0,33.1,31.6,0.0,90.0,29.9,17.5,40122.43,36717.71,18.0,0.0,0.0,5.77,0.0,0.0,5.5,28.0,,,,18.7,9.9,90.0,10.1,3.7
2017-10-27 00:00:00+00:00,23.6,0.0,14.7,23.0,18.2,29.3,28.7,0.0,306.0,29.2,17.1,40022.54,36530.75,19.1,0.0,0.0,4.62,0.0,0.0,12.5,53.0,,,,20.2,10.6,306.0,6.8,5.2
2017-10-28 00:00:00+00:00,22.0,0.0,20.5,20.3,17.1,26.9,23.6,0.0,236.0,37.8,17.27,39923.43,36466.77,16.0,0.0,0.0,4.55,0.0,0.0,9.1,47.0,,,,20.4,10.9,236.0,5.4,3.3
2017-10-29 00:00:00+00:00,22.0,0.0,18.5,19.9,16.9,27.2,24.0,0.0,224.0,35.3,17.23,39825.18,36285.34,14.9,0.0,0.0,4.88,0.0,0.0,8.2,43.0,,,,21.5,11.9,224.0,7.9,4.5
2017-10-30 00:00:00+00:00,21.9,0.0,13.3,20.4,17.7,26.3,24.4,1.0,251.0,28.4,16.71,39727.91,35759.91,16.2,0.0,0.0,4.26,0.0,6.0,8.9,45.0,,,,17.9,9.2,251.0,8.3,5.0
2017-10-31 00:00:00+00:00,22.1,0.0,16.2,21.8,18.1,26.7,25.3,3.0,339.0,31.3,14.29,39631.71,36048.56,18.7,0.0,0.0,3.45,0.0,15.0,12.5,57.0,,,,15.4,7.4,339.0,4.0,1.1
2017-11-01 00:00:00+00:00,22.0,0.0,17.9,21.8,17.2,26.9,25.6,3.0,354.0,31.0,13.19,39536.68,31235.29,18.0,0.0,0.0,3.46,0.0,31.0,13.7,62.0,,,,17.9,9.3,354.0,8.3,3.3
2017-11-02 00:00:00+00:00,21.2,0.0,17.7,19.9,16.9,26.0,23.9,1.0,347.0,29.5,16.53,39442.93,35711.33,16.9,0.0,0.0,4.32,0.0,8.0,10.9,55.0,,,,23.1,12.5,347.0,14.4,8.3
2017-11-03 00:00:00+00:00,20.1,0.0,21.2,18.6,15.8,25.3,22.5,2.0,333.0,38.5,13.55,39350.55,34672.41,15.7,0.0,0.0,3.69,0.0,23.0,10.2,55.0,,,,20.8,11.0,333.0,7.2,4.0
2017-11-04 00:00:00+00:00,19.3,0.0,9.8,18.2,14.4,24.5,23.5,0.0,350.0,19.1,16.65,39259.67,35605.54,13.7,0.0,0.0,3.36,0.0,0.0,8.4,53.0,,,,13.4,5.9,350.0,6.8,3.4
2017-11-05 00:00:00+00:00,20.4,0.0,17.1,18.9,15.4,25.5,22.9,3.0,269.0,33.1,15.44,39170.29,29232.78,14.5,0.0,0.0,3.93,0.0,40.0,9.5,52.0,,,,19.0,10.3,269.0,6.1,3.2
2017-11-06 00:00:00+00:00,20.0,0.0,19.2,18.6,15.0,24.4,22.6,2.0,23.0,31.0,15.49,39081.58,34695.62,14.5,0.0,0.0,3.66,0.0,18.0,9.1,53.0,,,,16.6,8.4,23.0,7.6,3.1
2017-11-07 00:00:00+00:00,20.3,0.0,22.3,18.4,15.7,25.4,22.6,1.0,16.0,37.4,15.77,38993.39,34867.76,14.8,0.0,0.0,4.16,0.0,9.0,9.0,51.0,,,,22.5,11.9,16.0,11.9,7.1
2017-11-08 00:00:00+00:00,20.2,0.0,20.5,18.8,15.2,27.2,23.9,3.0,7.0,38.9,13.69,38905.8,26129.6,15.2,0.0,0.0,3.87,0.0,28.0,10.2,55.0,,,,21.1,11.0,7.0,4.0,0.8
2017-11-09 00:00:00+00:00,20.2,0.0,19.2,18.7,15.1,26.6,23.9,1.0,22.0,34.6,15.62,38818.93,34783.07,15.2,0.0,0.0,4.06,0.0,7.0,10.5,59.0,,,,22.2,12.1,22.0,10.8,6.4
2017-11-10 00:00:00+00:00,20.0,0.0,16.3,19.1,14.3,26.4,24.4,1.0,21.0,31.3,14.82,38732.86,34838.93,14.3,0.0,0.0,3.53,0.0,11.0,11.9,64.0,,,,20.1,10.7,21.0,11.2,6.6
2017-11-11 00:00:00+00:00,19.8,0.0,18.6,18.8,14.6,25.0,23.0,3.0,39.0,30.2,14.88,38647.69,34801.22,14.8,0.0,0.0,3.43,0.0,23.0,11.6,63.0,,,,19.3,10.4,39.0,9.7,5.9
2017-11-12 00:00:00+00:00,20.8,0.0,24.6,19.3,15.8,27.0,24.4,3.0,55.0,43.2,14.53,38563.53,34135.86,14.8,0.0,0.0,3.96,0.0,88.0,13.1,64.0,,,,30.1,17.5,55.0,20.9,11.9
2017-11-13 00:00:00+00:00,20.7,0.0,22.0,17.6,16.4,26.4,21.9,3.0,190.0,39.2,15.0,38480.48,34727.22,13.2,0.0,0.0,4.89,0.0,30.0,6.5,43.0,,,,26.3,15.3,190.0,9.0,4.7
2017-11-14 00:00:00+00:00,20.3,0.0,15.1,17.7,14.9,26.4,24.0,3.0,201.0,23.8,15.25,38398.63,34451.51,12.2,0.0,0.0,3.98,0.0,58.0,3.5,34.0,,,,15.3,8.0,201.0,6.8,3.4
2017-11-15 00:00:00+00:00,20.8,0.0,19.8,18.4,13.5,27.1,24.3,3.0,55.0,33.8,15.6,38318.11,34579.01,10.5,0.0,0.0,4.41,0.0,23.0,6.8,42.0,,,,20.8,11.9,55.0,4.0,2.3
2017-11-16 00:00:00+00:00,20.8,0.0,24.5,19.5,16.5,27.2,24.5,3.0,50.0,42.5,15.19,38239.01,34386.65,15.8,0.0,0.0,3.84,0.0,39.0,14.3,70.0,,,,33.5,19.7,50.0,27.7,16.8
2017-11-17 00:00:00+00:00,20.8,0.0,20.6,20.4,16.5,27.5,26.0,3.0,45.0,35.6,13.44,38161.44,27156.5,16.6,0.0,0.0,3.23,0.0,43.0,15.3,75.0,,,,27.4,15.6,45.0,23.0,12.9
2017-11-18 00:00:00+00:00,20.7,0.0,12.8,21.3,17.6,25.3,25.7,3.0,352.0,22.3,10.83,38085.51,24071.7,18.7,0.0,0.0,2.36,0.0,80.0,15.8,76.0,,,,18.4,9.5,352.0,10.4,5.8
2017-11-19 00:00:00+00:00,19.3,0.0,12.6,19.1,14.9,24.7,23.9,3.0,330.0,23.8,13.58,38011.34,33340.53,14.2,0.0,0.0,2.91,0.0,26.0,12.3,67.0,,,,14.5,7.1,330.0,6.8,4.1
2017-11-20 00:00:00+00:00,18.7,0.0,17.2,16.6,13.7,23.9,20.5,3.0,262.0,31.7,14.82,37939.04,34275.79,12.0,0.0,0.0,3.45,0.0,15.0,6.2,45.0,,,,15.6,8.0,262.0,2.9,1.0
2017-11-21 00:00:00+00:00,17.2,0.3,22.1,15.0,14.5,21.7,18.6,51.0,282.0,38.5,8.94,37868.72,28800.0,12.1,1.0,0.3,2.74,0.0,44.0,8.7,58.0,,,,23.3,12.9,282.0,13.3,8.2
2017-11-22 00:00:00+00:00,16.8,0.0,19.8,14.5,13.8,21.6,17.4,3.0,324.0,38.2,9.83,37800.5,28800.0,12.5,0.0,0.0,2.82,0.0,58.0,7.0,54.0,,,,20.4,11.0,324.0,8.6,3.8
2017-11-23 00:00:00+00:00,16.4,0.0,14.7,14.7,12.8,21.1,18.0,3.0,316.0,27.7,10.37,37734.49,32847.31,11.5,0.0,0.0,2.41,0.0,39.0,7.9,59.0,,,,14.6,7.7,316.0,5.4,2.3
2017-11-24 00:00:00+00:00,16.7,0.0,10.4,15.2,12.1,21.6,19.4,3.0,69.0,21.6,13.86,37670.82,33338.82,10.9,0.0,0.0,2.69,0.0,36.0,7.1,55.0,,,,11.7,5.5,69.0,4.0,1.3
2017-11-25 00:00:00+00:00,17.2,0.8,12.8,15.7,13.3,22.6,20.6,53.0,35.0,26.6,12.32,37609.53,30074.09,11.9,2.0,0.8,2.72,0.0,42.0,8.5,58.0,,,,14.6,7.7,35.0,4.0,1.4
2017-11-26 00:00:00+00:00,17.1,0.0,14.8,16.2,12.7,21.6,19.2,3.0,283.0,27.0,11.71,37549.93,32480.74,12.0,0.0,0.0,2.36,0.0,21.0,10.0,65.0,,,,13.4,6.5,283.0,3.6,0.4
2017-11-27 00:00:00+00:00,17.3,0.0,12.2,16.3,12.7,22.5,20.9,1.0,243.0,24.8,12.91,37491.91,33338.26,11.9,0.0,0.0,2.63,0.0,9.0,10.1,66.0,,,,13.7,7.2,243.0,4.3,2.5
2017-11-28 00:00:00+00:00,18.0,0.0,11.9,15.8,12.4,23.9,21.1,3.0,206.0,21.6,14.01,37435.53,33338.37,10.4,0.0,0.0,3.26,0.0,19.0,5.3,46.0,,,,14.2,7.7,206.0,5.8,2.9
2017-11-29 00:00:00+00:00,18.2,0.0,13.9,16.1,12.8,22.6,19.8,3.0,301.0,24.8,13.81,37380.86,32400.0,10.8,0.0,0.0,3.15,0.0,30.0,5.6,45.0,,,,15.0,7.4,301.0,3.6,0.4
2017-11-30 00:00:00+00:00,17.8,0.0,18.4,16.1,12.6,23.0,20.1,3.0,33.0,31.7,12.45,37327.99,32400.0,12.2,0.0,0.0,3.15,0.0,36.0,10.1,63.0,,,,20.9,11.7,33.0,8.6,5.3
2017-12-01 00:00:00+00:00,18.2,0.0,25.0,15.9,13.2,24.0,20.7,0.0,52.0,43.6,13.64,37276.97,33819.73,11.6,0.0,0.0,3.58,0.0,0.0,10.2,62.0,,,,28.9,16.6,52.0,19.8,12.0
2017-12-02 00:00:00+00:00,18.8,0.0,14.3,17.4,12.9,26.2,24.3,0.0,48.0,25.9,13.68,37227.89,33820.39,12.3,0.0,0.0,3.31,0.0,0.0,10.8,64.0,,,,20.9,11.7,48.0,12.6,6.2
2017-12-03 00:00:00+00:00,19.3,0.0,13.8,17.3,12.6,27.0,25.1,1.0,49.0,20.9,13.91,37180.82,33902.22,10.7,0.0,0.0,3.63,0.0,6.0,7.5,49.0,,,,17.1,9.7,49.0,11.2,6.4
2017-12-04 00:00:00+00:00,18.6,0.0,9.2,17.4,11.7,26.1,25.1,2.0,11.0,19.8,13.78,37135.84,33734.2,10.1,0.0,0.0,2.87,0.0,17.0,9.0,57.0,,,,13.1,6.9,11.0,5.0,2.5
2017-12-05 00:00:00+00:00,17.8,0.5,16.5,17.8,14.2,22.1,21.2,51.0,324.0,27.0,8.95,37093.01,16398.87,14.8,3.0,0.5,1.9,0.0,95.0,13.7,79.0,,,,16.0,8.4,324.0,6.8,4.2
2017-12-06 00:00:00+00:00,16.2,0.1,22.9,13.9,12.8,19.8,16.7,51.0,308.0,38.9,9.49,37052.42,31843.06,10.2,1.0,0.1,2.62,0.0,66.0,8.9,63.0,,,,24.8,14.2,308.0,12.2,7.1
2017-12-07 00:00:00+00:00,14.7,0.0,17.3,11.7,10.4,19.4,15.5,2.0,1.0,32.8,13.45,37014.14,33597.19,8.4,0.0,0.0,3.17,0.0,20.0,4.3,51.0,,,,22.0,11.7,1.0,9.7,5.6
2017-12-08 00:00:00+00:00,14.2,0.0,19.2,11.5,9.4,19.6,15.6,1.0,55.0,34.2,13.5,36978.24,33554.22,7.5,0.0,0.0,2.89,0.0,3.0,5.9,59.0,,,,19.9,11.4,55.0,9.7,6.1
2017-12-09 00:00:00+00:00,14.9,0.0,20.1,12.0,10.1,20.2,16.5,3.0,55.0,36.4,12.93,36944.8,32074.51,7.8,0.0,0.0,2.99,0.0,52.0,7.2,62.0,,,,25.1,14.6,55.0,18.4,11.6
2017-12-10 00:00:00+00:00,16.2,0.0,13.3,14.3,11.8,21.2,19.2,3.0,41.0,25.9,11.56,36913.9,32030.37,10.0,0.0,0.0,2.64,0.0,97.0,8.6,62.0,,,,18.9,10.7,41.0,13.0,6.9
2017-12-11 00:00:00+00:00,16.9,0.0,26.3,13.6,13.2,22.5,18.0,3.0,56.0,44.3,10.84,36885.61,25987.19,10.8,0.0,0.0,3.5,0.0,74.0,7.6,58.0,,,,31.3,18.7,56.0,20.2,12.3
2017-12-12 00:00:00+00:00,16.7,0.0,11.9,15.3,11.1,25.2,22.9,3.0,285.0,21.6,13.02,36859.98,32658.68,9.8,0.0,0.0,2.64,0.0,49.0,7.1,56.0,,,,11.7,5.7,285.0,1.4,0.8
2017-12-13 00:00:00+00:00,16.9,0.0,16.8,16.0,13.8,21.4,18.9,3.0,351.0,29.2,9.53,36837.12,30313.16,12.9,0.0,0.0,2.14,0.0,56.0,12.1,76.0,,,,19.2,10.4,351.0,10.4,5.8
2017-12-14 00:00:00+00:00,17.1,0.0,16.6,15.8,13.3,21.3,19.8,3.0,347.0,29.5,9.96,36817.08,32465.41,12.1,0.0,0.0,2.25,0.0,63.0,10.5,67.0,,,,18.1,9.5,347.0,8.6,5.2
2017-12-15 00:00:00+00:00,17.5,0.0,9.4,16.6,14.4,21.3,19.4,3.0,355.0,20.5,8.41,36799.91,25308.2,13.9,0.0,0.0,1.94,0.0,68.0,9.6,61.0,,,,12.0,5.7,355.0,4.0,0.8
2017-12-16 00:00:00+00:00,17.0,0.0,15.6,15.2,12.1,22.1,19.5,3.0,61.0,30.2,13.02,36785.39,33523.43,10.4,0.0,0.0,2.96,0.0,12.0,8.5,60.0,,,,18.0,10.3,61.0,9.7,5.5
2017-12-17 00:00:00+00:00,17.9,0.0,15.3,16.2,12.3,24.1,21.6,3.0,174.0,25.9,12.62,36773.46,33115.45,11.1,0.0,0.0,3.0,0.0,40.0,8.6,57.0,,,,17.4,9.6,174.0,9.0,5.4
2017-12-18 00:00:00+00:00,19.7,0.2,12.4,18.3,15.3,24.9,22.9,51.0,140.0,25.6,10.82,36764.11,27923.82,14.5,2.0,0.2,2.9,0.0,93.0,9.3,53.0,,,,16.7,8.2,140.0,8.3,4.2
2017-12-19 00:00:00+00:00,19.0,0.0,20.7,17.5,15.1,24.0,21.6,3.0,44.0,36.0,8.91,36757.33,19941.88,13.3,0.0,0.0,2.65,0.0,100.0,12.0,65.0,,,,24.1,14.5,44.0,10.8,6.6
2017-12-20 00:00:00+00:00,18.6,0.0,15.4,18.4,15.2,23.3,23.1,3.0,42.0,27.0,7.72,36753.12,11090.09,15.0,0.0,0.0,1.88,0.0,99.0,14.3,77.0,,,,19.4,11.1,42.0,12.6,4.7
2017-12-21 00:00:00+00:00,19.8,0.0,14.9,20.2,16.4,25.6,26.2,3.0,47.0,24.5,8.26,36751.47,19086.52,16.5,0.0,0.0,1.86,0.0,99.0,15.6,79.0,,,,18.9,10.5,47.0,10.1,4.8
2017-12-22 00:00:00+00:00,21.5,0.0,16.2,20.5,18.2,26.6,25.4,3.0,178.0,28.8,7.16,36752.37,5990.54,17.0,0.0,0.0,2.95,0.0,99.0,12.8,59.0,,,,21.3,12.8,178.0,8.6,5.2
2017-12-23 00:00:00+00:00,18.6,0.0,16.0,16.8,15.2,21.6,19.0,3.0,219.0,26.3,9.68,36755.81,27290.9,12.9,0.0,0.0,2.87,0.0,96.0,9.0,55.0,,,,20.2,11.3,219.0,12.2,7.1
2017-12-24 00:00:00+00:00,15.2,0.0,25.7,12.1,12.9,19.2,15.0,3.0,250.0,46.1,10.83,36761.78,26349.46,9.8,0.0,0.0,2.93,0.0,61.0,7.3,60.0,,,,29.0,16.7,250.0,19.8,12.6
2017-12-25 00:00:00+00:00,13.9,0.0,14.7,11.0,10.6,18.2,14.8,3.0,297.0,28.4,10.86,36770.27,33629.98,8.1,0.0,0.0,2.56,0.0,33.0,4.7,55.0,,,,19.7,10.7,297.0,11.2,6.7
2017-12-26 00:00:00+00:00,14.3,0.0,28.0,11.2,9.3,20.2,15.6,2.0,47.0,47.2,13.1,36781.26,33452.96,6.7,0.0,0.0,2.97,0.0,14.0,7.3,64.0,,,,28.0,16.5,47.0,15.1,10.0
2017-12-27 00:00:00+00:00,14.9,0.0,13.8,13.8,10.3,20.5,19.1,3.0,213.0,23.8,11.86,36794.74,32883.12,9.5,0.0,0.0,2.14,0.0,63.0,9.7,74.0,,,,14.0,7.1,213.0,4.3,3.1
2017-12-28 00:00:00+00:00,15.4,0.0,6.9,15.0,12.7,19.1,18.3,3.0,358.0,16.6,8.2,36810.69,15158.4,12.6,0.0,0.0,1.49,0.0,98.0,10.5,74.0,,,,8.7,3.9,358.0,3.6,1.1
2017-12-29 00:00:00+00:00,15.3,0.0,9.4,14.4,12.1,20.3,19.4,3.0,311.0,18.4,8.74,36829.11,22342.27,11.1,0.0,0.0,1.73,0.0,66.0,9.8,71.0,,,,11.6,6.0,311.0,4.0,1.8
2017-12-30 00:00:00+00:00,14.3,0.0,17.5,11.2,9.8,19.7,15.4,1.0,211.0,32.8,13.38,36849.96,33718.39,6.5,0.0,0.0,2.98,0.0,2.0,3.6,51.0,,,,19.5,11.1,211.0,5.8,2.5
2017-12-31 00:00:00+00:00,12.9,0.2,25.5,9.0,8.7,17.1,12.0,51.0,217.0,43.6,11.2,36873.23,33744.07,5.0,1.0,0.2,2.89,0.0,20.0,4.5,58.0,,,,30.0,17.9,217.0,12.2,9.0
2018-01-01 00:00:00+00:00,14.0,0.8,24.3,10.8,10.1,18.7,14.8,53.0,270.0,41.8,9.0,36898.91,28978.54,7.8,2.0,0.8,2.6,0.0,41.0,5.9,59.0,,,,26.9,14.9,270.0,16.2,8.3
2018-01-02 00:00:00+00:00,14.1,0.0,16.9,11.4,9.6,19.6,16.7,2.0,202.0,29.9,11.54,36926.98,33803.24,6.5,0.0,0.0,2.61,0.0,24.0,5.7,58.0,,,,20.0,11.5,202.0,12.6,7.0
2018-01-03 00:00:00+00:00,14.4,0.0,19.1,11.1,10.1,19.6,15.7,3.0,193.0,35.3,12.37,36957.42,33329.56,7.0,0.0,0.0,3.05,0.0,44.0,5.5,57.0,,,,25.4,14.9,193.0,14.8,10.3
2018-01-04 00:00:00+00:00,14.3,1.6,27.6,10.2,10.1,18.1,13.8,55.0,220.0,45.7,12.24,36990.24,33872.9,6.7,2.0,1.6,3.34,0.0,31.0,5.6,57.0,,,,35.4,20.7,220.0,25.9,15.5
2018-01-05 00:00:00+00:00,16.1,0.7,34.9,11.9,13.9,18.4,14.4,51.0,250.0,58.3,7.32,37025.82,22734.73,9.3,3.0,0.7,3.35,0.0,58.0,7.3,57.0,,,,44.1,24.6,250.0,16.2,9.7
2018-01-06 00:00:00+00:00,14.8,0.0,11.8,12.8,11.4,18.8,16.2,3.0,292.0,24.1,8.57,37064.18,27179.79,9.7,0.0,0.0,2.03,0.0,51.0,7.2,62.0,,,,15.4,8.3,292.0,9.4,5.8
2018-01-07 00:00:00+00:00,14.9,0.0,21.0,12.4,9.4,20.4,17.1,3.0,53.0,37.1,13.31,37105.24,34000.18,7.1,0.0,0.0,2.93,0.0,16.0,7.5,63.0,,,,22.3,12.9,53.0,6.5,3.1
2018-01-08 00:00:00+00:00,15.2,0.0,25.7,12.3,10.4,21.1,16.7,0.0,50.0,44.3,13.68,37148.89,34048.37,8.4,0.0,0.0,3.1,0.0,0.0,8.3,68.0,,,,29.0,16.8,50.0,20.2,12.0
2018-01-09 00:00:00+00:00,15.1,0.0,21.6,12.6,10.9,20.9,17.6,1.0,49.0,38.2,13.3,37195.04,34099.26,8.7,0.0,0.0,2.78,0.0,6.0,9.2,70.0,,,,26.9,15.6,49.0,20.2,11.7
2018-01-10 00:00:00+00:00,15.1,0.0,20.5,12.4,10.6,22.0,18.5,3.0,65.0,36.4,12.45,37243.61,31610.33,8.4,0.0,0.0,2.88,0.0,73.0,7.5,65.0,,,,25.1,14.6,65.0,16.6,10.3
2018-01-11 00:00:00+00:00,16.1,0.0,23.3,12.0,11.6,23.6,18.5,0.0,192.0,40.7,14.05,37294.5,34208.7,7.3,0.0,0.0,4.32,0.0,0.0,3.0,43.0,,,,29.9,17.4,192.0,15.1,7.4
2018-01-12 00:00:00+00:00,15.8,0.0,13.2,13.9,10.5,21.2,19.6,0.0,80.0,20.5,13.47,37347.62,34267.04,8.3,0.0,0.0,2.75,0.0,2.0,6.0,53.0,,,,12.4,6.6,80.0,6.5,2.1
2018-01-13 00:00:00+00:00,15.1,0.0,14.6,13.2,10.8,20.7,19.4,1.0,16.0,25.6,13.89,37402.88,34327.66,8.9,0.0,0.0,2.69,0.0,5.0,8.5,68.0,,,,19.7,10.5,16.0,12.2,3.1
2018-01-14 00:00:00+00:00,14.0,0.0,21.7,10.3,9.5,18.8,14.4,0.0,242.0,39.2,14.03,37460.17,34390.44,5.7,0.0,0.0,3.42,0.0,1.0,3.0,49.0,,,,25.2,14.4,242.0,15.5,8.8
2018-01-15 00:00:00+00:00,14.7,0.0,13.0,12.3,10.2,20.0,17.3,3.0,308.0,25.2,11.11,37519.42,26923.55,7.6,0.0,0.0,2.68,0.0,30.0,6.2,58.0,,,,18.0,9.9,308.0,11.2,4.6
2018-01-16 00:00:00+00:00,13.9,0.0,12.1,11.8,8.7,19.4,16.6,3.0,18.0,25.6,14.09,37580.53,34522.09,6.9,0.0,0.0,2.65,0.0,26.0,6.6,65.0,,,,16.1,8.4,18.0,7.9,5.2
2018-01-17 00:00:00+00:00,14.7,0.0,15.6,12.3,9.7,19.7,16.5,3.0,252.0,30.2,11.97,37643.41,27797.14,7.3,0.0,0.0,2.76,0.0,45.0,6.0,58.0,,,,18.1,9.9,252.0,6.8,4.3
2018-01-18 00:00:00+00:00,15.4,0.0,30.9,11.0,9.5,21.3,15.3,2.0,225.0,51.5,14.26,37707.98,34661.16,5.9,0.0,0.0,4.39,0.0,9.0,3.7,48.0,,,,34.3,20.6,225.0,14.4,9.4
2018-01-19 00:00:00+00:00,14.5,0.2,27.0,10.6,11.8,16.9,12.2,51.0,298.0,48.2,7.21,37774.14,15892.09,8.0,1.0,0.2,2.96,0.0,70.0,3.8,49.0,,,,30.4,16.3,298.0,10.1,6.4
2018-01-20 00:00:00+00:00,13.6,0.0,12.5,11.4,8.0,18.6,16.9,3.0,121.0,18.4,14.57,37841.82,34806.83,5.7,0.0,0.0,2.71,0.0,34.0,4.3,56.0,,,,12.0,6.0,121.0,6.5,1.0
2018-01-21 00:00:00+00:00,15.0,0.0,23.8,11.3,8.8,21.4,16.7,3.0,181.0,38.9,14.06,37910.92,33697.48,5.8,0.0,0.0,3.97,0.0,86.0,2.4,45.0,,,,24.4,14.3,181.0,8.6,5.4
2018-01-22 00:00:00+00:00,15.7,0.0,26.3,11.1,10.2,20.6,15.6,3.0,210.0,45.4,14.56,37981.35,34958.32,5.3,0.0,0.0,4.56,0.0,23.0,3.6,45.0,,,,36.6,21.5,210.0,29.5,18.4
2018-01-23 00:00:00+00:00,16.6,0.0,22.2,13.3,14.2,18.6,14.7,3.0,248.0,37.1,10.3,38053.04,27274.88,11.4,0.0,0.0,3.45,0.0,71.0,5.4,48.0,,,,28.0,15.5,248.0,13.7,7.8
2018-01-24 00:00:00+00:00,15.0,0.2,16.0,12.5,11.3,18.4,14.7,51.0,259.0,29.5,10.75,38125.98,24346.88,8.7,1.0,0.2,2.64,0.0,53.0,5.5,54.0,,,,18.1,9.7,259.0,4.0,1.9
2018-01-25 00:00:00+00:00,12.4,4.3,29.8,9.6,10.3,15.4,12.8,53.0,278.0,49.0,8.63,38200.93,26764.68,6.9,11.0,4.3,1.92,0.0,64.0,7.5,73.0,,,,28.1,15.3,278.0,3.6,1.8
2018-01-26 00:00:00+00:00,11.0,1.5,27.2,7.0,8.6,13.4,8.7,53.0,258.0,55.1,9.38,38278.01,32309.81,4.8,8.0,1.5,2.2,0.0,57.0,4.8,66.0,,,,33.5,18.9,258.0,20.9,12.1
2018-01-27 00:00:00+00:00,12.4,0.3,18.3,10.0,9.8,16.1,12.4,51.0,258.0,32.4,8.32,38357.09,20557.79,7.3,3.0,0.3,1.83,0.0,68.0,7.0,71.0,,,,19.9,11.1,258.0,7.9,2.6
2018-01-28 00:00:00+00:00,13.0,0.0,19.2,11.2,8.4,19.2,15.7,3.0,25.0,31.3,15.04,38438.05,35256.08,7.0,0.0,0.0,2.72,0.0,17.0,6.7,68.0,,,,14.3,7.5,25.0,4.3,1.3
2018-01-29 00:00:00+00:00,13.7,0.0,14.4,12.0,10.1,18.6,15.8,3.0,347.0,25.9,9.3,38520.78,28457.11,8.9,0.0,0.0,2.02,0.0,50.0,7.4,68.0,,,,14.2,7.2,347.0,3.2,0.4
2018-01-30 00:00:00+00:00,13.3,0.0,11.5,11.6,9.0,19.3,16.6,1.0,11.0,22.7,15.4,38605.16,35325.82,7.9,0.0,0.0,2.69,0.0,3.0,7.1,69.0,,,,13.9,7.1,11.0,5.4,2.6
2018-01-31 00:00:00+00:00,13.2,0.0,12.9,11.2,8.2,19.2,16.6,2.0,26.0,24.8,14.23,38691.08,35363.03,6.3,0.0,0.0,2.58,0.0,12.0,7.1,69.0,,,,16.1,8.6,26.0,6.8,3.1
2018-02-01 00:00:00+00:00,13.7,0.0,15.0,11.4,8.2,19.8,16.9,0.0,47.0,28.4,15.4,38778.41,35401.7,6.5,0.0,0.0,3.0,0.0,4.0,6.2,64.0,,,,18.1,9.8,47.0,8.3,4.6
2018-02-02 00:00:00+00:00,15.0,0.0,19.6,12.8,8.8,22.1,19.3,0.0,51.0,35.6,15.74,38867.06,35441.78,6.8,0.0,0.0,3.15,0.0,1.0,8.8,69.0,,,,24.1,13.8,51.0,14.0,8.2
2018-02-03 00:00:00+00:00,16.2,0.0,15.7,14.7,9.9,23.7,22.1,3.0,62.0,26.3,15.65,38956.91,35345.26,8.6,0.0,0.0,3.11,0.0,22.0,8.7,65.0,,,,17.6,9.1,62.0,7.6,2.8
2018-02-04 00:00:00+00:00,19.1,0.0,13.3,16.3,11.9,27.7,23.9,3.0,178.0,23.8,15.69,39047.86,35525.87,8.4,0.0,0.0,4.04,0.0,43.0,2.2,36.0,,,,15.9,8.7,178.0,4.7,1.1
2018-02-05 00:00:00+00:00,20.2,0.0,13.8,16.5,14.8,27.3,23.5,3.0,182.0,25.9,14.98,39139.8,33385.85,10.3,0.0,0.0,4.78,0.0,83.0,-0.7,26.0,,,,17.7,10.5,182.0,9.0,6.0
2018-02-06 00:00:00+00:00,20.1,0.0,13.8,16.8,14.4,26.7,23.2,3.0,78.0,24.1,12.16,39232.62,32732.59,11.5,0.0,0.0,4.13,0.0,75.0,1.4,30.0,,,,16.4,9.2,78.0,10.1,3.3
2018-02-07 00:00:00+00:00,21.0,0.0,22.9,16.7,14.7,29.0,23.9,3.0,54.0,40.0,12.24,39326.23,28871.55,11.4,0.0,0.0,5.71,0.0,87.0,2.3,33.0,,,,30.5,18.1,54.0,21.6,12.7
2018-02-08 00:00:00+00:00,22.2,0.0,14.5,19.2,17.0,29.1,26.0,3.0,48.0,29.9,11.86,39420.52,30152.14,14.3,0.0,0.0,4.34,0.0,83.0,2.4,28.0,,,,17.8,9.1,48.0,7.9,2.3
2018-02-09 00:00:00+00:00,19.6,0.1,17.7,18.0,15.6,25.1,23.3,51.0,17.0,28.1,13.68,39515.4,35756.17,14.0,1.0,0.1,3.45,0.0,86.0,9.2,52.0,,,,17.5,9.4,17.0,4.3,1.9
2018-02-10 00:00:00+00:00,21.9,0.0,17.4,19.8,14.3,30.3,27.5,3.0,156.0,31.7,13.17,39610.76,27480.39,14.3,0.0,0.0,4.2,0.0,96.0,7.5,46.0,,,,19.2,10.4,156.0,6.8,2.3
2018-02-11 00:00:00+00:00,20.8,0.0,18.0,18.7,17.2,24.6,22.9,3.0,332.0,29.5,14.43,39706.51,32356.89,15.6,0.0,0.0,4.39,0.0,91.0,8.6,47.0,,,,24.1,13.0,332.0,13.3,6.7
2018-02-12 00:00:00+00:00,17.2,2.9,14.6,15.9,14.3,20.9,18.7,61.0,356.0,27.7,12.41,39802.57,27569.27,13.7,3.0,2.9,2.8,0.0,99.0,10.7,67.0,,,,21.2,10.9,356.0,11.2,1.8
2018-02-13 00:00:00+00:00,15.1,0.7,18.8,13.3,11.3,18.8,15.8,53.0,283.0,34.2,12.44,39898.91,27098.19,9.7,2.0,0.7,2.48,0.0,49.0,9.0,69.0,,,,20.8,11.0,283.0,10.1,5.1
2018-02-14 00:00:00+00:00,14.5,0.0,13.6,12.8,9.7,19.0,17.3,3.0,44.0,24.1,16.35,39996.41,34096.32,7.8,0.0,0.0,3.01,0.0,65.0,6.7,61.0,,,,14.3,7.4,44.0,4.3,2.4
2018-02-15 00:00:00+00:00,15.5,0.0,14.2,13.5,11.5,21.2,18.3,3.0,22.0,27.7,13.83,40095.21,27379.24,10.0,0.0,0.0,2.88,0.0,67.0,7.8,63.0,,,,19.2,10.0,22.0,10.1,5.6
2018-02-16 00:00:00+00:00,15.1,0.4,19.6,12.9,10.4,20.3,16.8,51.0,227.0,31.7,15.3,40195.22,32198.19,9.1,2.0,0.4,3.33,0.0,43.0,5.7,59.0,,,,18.3,9.2,227.0,3.6,1.1
2018-02-17 00:00:00+00:00,13.7,0.5,19.6,10.7,9.9,18.0,13.8,51.0,250.0,33.8,12.52,40296.33,30947.44,6.9,4.0,0.5,2.97,0.0,49.0,4.4,55.0,,,,21.8,12.0,250.0,8.3,4.2
2018-02-18 00:00:00+00:00,16.0,0.0,19.0,13.9,11.7,21.6,17.8,3.0,273.0,35.6,15.04,40398.43,35775.75,10.3,0.0,0.0,3.26,0.0,33.0,8.1,63.0,,,,21.6,11.6,273.0,9.0,4.5
2018-02-19 00:00:00+00:00,16.5,0.0,8.3,15.2,12.7,21.2,19.5,3.0,307.0,20.9,14.27,40501.45,34229.36,11.5,0.0,0.0,2.75,0.0,82.0,7.3,57.0,,,,10.4,4.6,307.0,4.0,1.4
2018-02-20 00:00:00+00:00,18.0,0.0,11.6,16.1,12.6,23.5,22.1,2.0,341.0,20.5,16.51,40605.27,36112.98,10.6,0.0,0.0,3.59,0.0,22.0,5.2,45.0,,,,12.9,5.9,341.0,5.0,0.8
2018-02-21 00:00:00+00:00,18.7,2.9,22.2,15.3,12.9,25.5,20.8,61.0,200.0,39.6,8.12,40709.81,10800.0,10.1,3.0,2.9,3.97,0.0,62.0,3.7,39.0,,,,23.9,13.3,200.0,9.0,6.6
2018-02-22 00:00:00+00:00,18.6,0.1,15.6,16.7,13.0,24.1,22.6,51.0,210.0,28.8,18.21,40814.97,36000.0,12.1,1.0,0.1,4.17,0.0,36.0,6.8,50.0,,,,18.4,8.9,210.0,7.6,4.4
2018-02-23 00:00:00+00:00,18.7,2.4,18.8,17.6,14.5,23.8,24.4,61.0,16.0,29.9,17.04,40920.67,36000.0,13.5,6.0,2.4,3.8,0.0,33.0,9.3,56.0,,,,16.4,7.9,16.0,8.6,0.5
2018-02-24 00:00:00+00:00,17.7,0.0,13.8,16.0,11.5,23.8,22.3,0.0,42.0,24.8,18.99,41026.8,36411.21,10.6,0.0,0.0,3.73,0.0,0.0,6.4,54.0,,,,15.7,7.3,42.0,5.0,2.9
2018-02-25 00:00:00+00:00,18.8,0.0,21.4,16.0,14.0,24.1,21.8,3.0,216.0,35.3,15.48,41133.29,27533.28,10.6,0.0,0.0,4.45,0.0,48.0,5.1,42.0,,,,22.9,12.0,216.0,11.2,4.7
2018-02-26 00:00:00+00:00,20.2,0.1,23.9,17.3,15.4,25.8,21.7,51.0,223.0,43.9,18.8,41240.05,36291.46,12.7,1.0,0.1,5.21,0.0,39.0,6.1,43.0,,,,26.6,14.6,223.0,11.2,6.5
2018-02-27 00:00:00+00:00,18.1,0.2,14.7,16.3,14.1,22.0,19.9,51.0,304.0,29.5,18.62,41346.98,36630.28,12.7,1.0,0.2,3.89,0.0,15.0,5.7,47.0,,,,17.2,7.0,304.0,5.8,2.1
2018-02-28 00:00:00+00:00,17.8,0.0,14.2,15.3,12.1,23.1,21.5,3.0,65.0,25.2,19.56,41454.0,36629.15,10.0,0.0,0.0,4.38,0.0,8.0,4.4,46.0,,,,19.2,10.0,65.0,11.9,5.0
2018-03-01 00:00:00+00:00,20.0,0.0,16.2,17.0,14.4,26.4,24.2,2.0,219.0,27.4,19.49,41561.04,36745.56,11.1,0.0,0.0,5.22,0.0,3.0,3.4,36.0,,,,20.6,11.2,219.0,11.2,7.2
2018-03-02 00:00:00+00:00,19.2,0.0,11.4,18.2,13.4,25.9,24.4,3.0,28.0,25.6,19.28,41668.0,34235.82,13.3,0.0,0.0,3.88,0.0,48.0,9.3,60.0,,,,16.6,8.0,28.0,10.1,2.2
2018-03-03 00:00:00+00:00,22.1,0.0,16.3,19.6,15.7,28.7,25.6,3.0,189.0,31.0,18.8,41774.8,36380.96,13.1,0.0,0.0,5.38,0.0,61.0,5.8,37.0,,,,20.5,11.6,189.0,9.4,5.1
2018-03-04 00:00:00+00:00,24.4,0.0,25.2,20.3,18.2,32.5,28.0,3.0,192.0,44.3,19.86,41881.36,36987.47,14.0,0.0,0.0,7.49,0.0,8.0,2.8,27.0,,,,30.4,17.8,192.0,14.4,9.2
2018-03-05 00:00:00+00:00,22.5,0.0,19.1,20.6,15.9,30.1,27.4,0.0,195.0,31.3,20.34,41987.68,36988.39,15.3,0.0,0.0,5.53,0.0,1.0,6.5,40.0,,,,18.1,9.7,195.0,4.0,1.5
2018-03-06 00:00:00+00:00,23.6,0.0,27.2,21.0,18.6,28.8,27.3,0.0,234.0,43.9,20.3,42094.57,37141.4,15.5,0.0,0.0,6.28,0.0,0.0,5.2,31.0,,,,24.0,12.2,234.0,9.7,5.1
2018-03-07 00:00:00+00:00,23.7,0.0,15.9,21.6,15.8,32.7,30.1,0.0,125.0,24.1,20.74,42202.19,37355.3,14.2,0.0,0.0,5.38,0.0,0.0,5.1,38.0,,,,17.8,9.1,125.0,10.8,1.8
2018-03-08 00:00:00+00:00,26.0,0.0,23.9,22.0,20.1,31.7,29.4,1.0,217.0,38.9,20.77,42310.45,37576.55,16.4,0.0,0.0,8.16,0.0,5.0,2.4,23.0,,,,31.3,17.4,217.0,14.4,8.0
2018-03-09 00:00:00+00:00,19.9,0.0,15.7,18.0,15.8,25.4,23.4,3.0,332.0,29.5,20.43,42419.28,37571.77,14.6,0.0,0.0,4.78,0.0,34.0,6.5,44.0,,,,18.2,8.9,332.0,6.1,1.9
2018-03-10 00:00:00+00:00,18.0,0.0,22.5,16.3,12.8,23.7,22.2,3.0,342.0,37.1,20.23,42528.6,36295.65,11.6,0.0,0.0,4.42,0.0,12.0,7.3,52.0,,,,19.0,8.9,342.0,7.2,3.3
2018-03-11 00:00:00+00:00,18.1,0.0,20.6,16.2,12.7,25.6,23.2,3.0,10.0,37.4,19.69,42638.34,37798.81,11.7,0.0,0.0,4.48,0.0,14.0,7.4,52.0,,,,20.5,10.4,10.0,7.2,3.3
2018-03-12 00:00:00+00:00,18.5,0.0,15.1,16.9,12.5,24.8,23.4,0.0,28.0,24.8,21.36,42748.42,38283.8,11.5,0.0,0.0,4.49,0.0,1.0,8.1,54.0,,,,18.8,9.4,28.0,10.4,5.8
2018-03-13 00:00:00+00:00,20.8,0.0,13.7,19.4,13.0,28.5,26.8,3.0,0.0,24.8,21.53,42858.76,38266.61,11.7,0.0,0.0,4.78,0.0,25.0,7.4,47.0,,,,16.2,7.6,0.0,4.3,2.5
2018-03-14 00:00:00+00:00,21.2,0.0,17.7,19.3,14.2,28.0,27.4,0.0,357.0,29.2,21.4,42969.29,38654.7,12.4,0.0,0.0,5.23,0.0,0.0,7.0,42.0,,,,18.8,9.5,357.0,8.3,3.3
2018-03-15 00:00:00+00:00,18.9,0.0,13.9,17.0,14.3,23.9,22.0,3.0,32.0,38.9,11.08,43079.94,19369.41,13.0,0.0,0.0,3.15,0.0,70.0,8.3,53.0,,,,20.2,10.2,32.0,13.3,4.8
2018-03-16 00:00:00+00:00,18.3,0.0,21.4,16.8,12.8,24.1,22.7,3.0,25.0,38.2,21.5,43190.63,38810.94,12.1,0.0,0.0,4.42,0.0,7.0,9.4,61.0,,,,21.8,11.3,25.0,15.5,9.2
2018-03-17 00:00:00+00:00,19.0,0.0,20.5,16.3,12.9,25.9,22.4,1.0,49.0,35.3,22.29,43301.29,39313.48,11.7,0.0,0.0,5.54,0.0,1.0,6.6,51.0,,,,27.3,15.2,49.0,15.1,9.4
2018-03-18 00:00:00+00:00,21.5,0.0,17.1,19.1,13.8,30.4,27.4,3.0,152.0,28.8,20.82,43411.83,37877.9,11.6,0.0,0.0,5.49,0.0,42.0,4.8,39.0,,,,20.2,10.5,152.0,7.2,2.4
2018-03-19 00:00:00+00:00,24.9,0.0,23.8,21.2,20.0,31.8,28.5,0.0,202.0,41.0,22.6,43522.2,39858.16,14.9,0.0,0.0,7.93,0.0,0.0,3.0,26.0,,,,29.7,16.9,202.0,12.6,7.3
2018-03-20 00:00:00+00:00,21.9,0.0,15.1,20.6,14.4,28.9,27.8,0.0,7.0,24.1,22.75,43632.31,40143.45,13.7,0.0,0.0,5.18,0.0,0.0,6.8,43.0,,,,14.7,7.1,7.0,7.9,1.3
2018-03-21 00:00:00+00:00,24.5,0.0,22.1,20.1,15.8,31.9,27.5,0.0,64.0,39.2,23.42,43742.09,40528.48,12.3,0.0,0.0,8.25,0.0,0.0,-2.9,20.0,,,,27.7,16.1,64.0,12.2,7.8
2018-03-22 00:00:00+00:00,26.9,0.0,21.7,23.1,17.8,35.5,32.3,3.0,127.0,34.9,22.58,43851.46,38745.65,14.6,0.0,0.0,7.04,0.0,81.0,-3.7,16.0,,,,20.6,10.6,127.0,5.4,3.1
2018-03-23 00:00:00+00:00,28.2,0.0,27.4,23.7,20.0,37.5,32.4,3.0,195.0,49.0,21.29,43960.36,37369.01,16.2,0.0,0.0,9.31,0.0,94.0,-2.0,17.0,,,,30.8,17.7,195.0,20.2,13.0
2018-03-24 00:00:00+00:00,18.8,0.0,21.1,15.9,15.5,22.4,18.3,3.0,306.0,39.2,21.13,44068.7,38725.86,12.6,0.0,0.0,5.16,0.0,54.0,3.9,45.0,,,,27.8,14.7,306.0,15.1,5.5
2018-03-25 00:00:00+00:00,18.9,0.0,24.7,15.2,13.0,24.8,21.7,3.0,63.0,39.6,23.74,44176.48,41401.8,9.9,0.0,0.0,6.32,0.0,22.0,0.4,33.0,,,,25.5,14.2,63.0,12.6,7.9
2018-03-26 00:00:00+00:00,20.5,0.0,26.2,17.7,12.3,29.0,27.0,3.0,56.0,45.4,23.39,44284.46,39459.16,9.6,0.0,0.0,6.12,0.0,59.0,8.0,48.0,,,,32.2,18.0,56.0,19.1,11.5
2018-03-27 00:00:00+00:00,23.0,0.0,21.9,20.6,15.2,31.2,28.1,3.0,50.0,35.3,22.85,44392.78,34957.71,13.7,0.0,0.0,6.68,0.0,93.0,7.8,43.0,,,,27.0,15.1,50.0,15.5,9.5
2018-03-28 00:00:00+00:00,26.2,0.5,27.5,24.4,18.6,31.8,29.2,51.0,191.0,54.7,9.21,44501.36,5753.21,16.5,3.0,0.5,4.88,0.0,93.0,10.2,38.0,,,,29.9,12.9,191.0,10.8,1.5
2018-03-29 00:00:00+00:00,18.0,0.0,29.8,14.6,13.9,22.6,17.4,2.0,271.0,52.2,22.44,44610.16,41626.71,11.9,0.0,0.0,5.45,0.0,17.0,6.2,51.0,,,,36.1,19.9,271.0,19.1,8.7
2018-03-30 00:00:00+00:00,17.8,0.0,16.8,15.9,12.6,23.4,22.0,2.0,300.0,27.0,22.22,44719.08,40071.16,10.9,0.0,0.0,4.71,0.0,23.0,6.7,52.0,,,,19.2,9.5,300.0,10.8,6.7
2018-03-31 00:00:00+00:00,18.6,0.0,21.8,16.1,12.6,25.2,22.4,0.0,29.0,34.9,23.61,44828.08,42047.04,10.8,0.0,0.0,5.52,0.0,2.0,6.9,49.0,,,,25.8,14.1,29.0,12.2,7.8
2018-04-01 00:00:00+00:00,19.9,0.0,19.7,17.5,13.4,27.9,25.0,3.0,34.0,37.8,23.63,44937.07,41590.57,11.8,0.0,0.0,5.86,0.0,27.0,8.7,54.0,,,,29.6,16.7,34.0,20.9,12.1
2018-04-02 00:00:00+00:00,21.3,0.0,19.0,19.4,14.2,29.9,27.4,3.0,24.0,30.6,23.34,45045.99,35158.1,13.8,0.0,0.0,5.97,0.0,45.0,8.1,53.0,,,,25.8,13.8,24.0,18.0,10.7
2018-04-03 00:00:00+00:00,20.1,0.8,19.8,17.9,16.1,25.1,23.8,53.0,14.0,34.2,20.88,45154.77,34960.38,14.6,2.0,0.8,5.34,0.0,35.0,9.3,54.0,,,,28.7,16.0,14.0,19.4,11.9
2018-04-04 00:00:00+00:00,20.2,0.0,27.5,17.1,14.3,27.6,24.0,3.0,25.0,46.8,22.95,45263.33,38797.61,13.1,0.0,0.0,6.27,0.0,59.0,8.4,54.0,,,,36.4,21.2,25.0,24.1,14.4
2018-04-05 00:00:00+00:00,21.0,0.0,23.6,17.6,14.4,28.9,25.4,3.0,13.0,41.0,23.95,45371.61,42581.18,12.2,0.0,0.0,6.94,0.0,46.0,6.1,42.0,,,,33.0,18.8,13.0,23.0,13.8
2018-04-06 00:00:00+00:00,21.4,0.0,14.1,19.8,13.8,29.6,28.2,3.0,360.0,25.6,23.81,45479.54,42265.07,13.7,0.0,0.0,5.66,0.0,8.0,8.3,50.0,,,,20.8,10.6,360.0,13.7,7.6
2018-04-07 00:00:00+00:00,22.8,0.0,19.8,20.4,17.3,29.9,28.2,0.0,340.0,34.2,24.79,45587.03,42791.84,15.1,0.0,0.0,6.62,0.0,0.0,5.5,37.0,,,,23.1,11.9,340.0,5.4,2.3
2018-04-08 00:00:00+00:00,20.7,0.0,21.8,19.0,15.2,25.7,24.0,1.0,325.0,35.6,24.59,45694.02,42859.88,14.2,0.0,0.0,5.65,0.0,3.0,7.4,45.0,,,,21.1,10.0,325.0,5.8,2.2
2018-04-09 00:00:00+00:00,20.4,0.0,18.7,18.6,14.9,26.4,23.4,0.0,306.0,34.6,24.24,45800.43,42894.92,14.3,0.0,0.0,5.65,0.0,1.0,7.8,48.0,,,,21.9,10.8,306.0,4.7,2.2
2018-04-10 00:00:00+00:00,20.7,0.0,18.8,19.7,14.9,26.6,25.4,0.0,352.0,31.7,24.35,45906.18,42930.0,14.6,0.0,0.0,5.22,0.0,1.0,9.1,51.0,,,,17.8,7.9,352.0,4.7,2.5
2018-04-11 00:00:00+00:00,22.4,0.0,22.5,20.1,15.5,28.4,26.8,3.0,60.0,36.4,24.84,46011.2,42965.13,13.8,0.0,0.0,6.53,0.0,12.0,6.0,38.0,,,,23.0,11.8,60.0,7.2,2.5
2018-04-12 00:00:00+00:00,25.1,0.0,17.8,22.2,17.7,31.8,29.6,3.0,69.0,34.9,24.08,46115.4,42518.69,15.4,0.0,0.0,7.23,0.0,38.0,3.8,28.0,,,,23.2,12.1,69.0,11.5,3.3
2018-04-13 00:00:00+00:00,27.3,0.0,18.4,24.7,19.4,34.7,31.9,3.0,59.0,33.1,24.36,46218.72,43035.64,16.7,0.0,0.0,7.66,0.0,26.0,4.5,26.0,,,,22.5,11.7,59.0,9.7,2.6
2018-04-14 00:00:00+00:00,26.2,0.0,17.3,23.7,18.5,33.4,31.0,0.0,45.0,33.8,25.14,46321.13,43071.05,16.6,0.0,0.0,7.85,0.0,0.0,6.7,31.0,,,,25.6,14.0,45.0,16.6,9.2
2018-04-15 00:00:00+00:00,26.1,0.0,16.1,23.3,18.5,33.4,31.3,0.0,30.0,30.2,25.28,46423.36,43106.52,16.2,0.0,0.0,7.74,0.0,0.0,4.0,26.0,,,,22.8,12.3,30.0,15.1,9.0
2018-04-16 00:00:00+00:00,27.0,0.0,27.5,24.2,19.5,33.9,32.2,0.0,49.0,43.9,25.2,46525.54,43142.04,17.2,0.0,0.0,8.06,0.0,0.0,4.1,25.0,,,,24.7,12.8,49.0,5.8,1.9
2018-04-17 00:00:00+00:00,27.9,0.0,20.7,24.6,21.6,35.3,32.9,3.0,52.0,33.5,24.73,46627.6,43177.62,18.1,0.0,0.0,8.24,0.0,10.0,0.9,20.0,,,,24.8,12.7,52.0,12.6,5.4
2018-04-18 00:00:00+00:00,26.2,0.0,20.4,24.5,17.7,34.7,33.7,0.0,358.0,37.1,25.39,46729.47,43200.0,17.0,0.0,0.0,7.2,0.0,0.0,8.0,36.0,,,,22.2,11.3,358.0,11.2,7.4
2018-04-19 00:00:00+00:00,23.9,0.0,20.8,22.5,16.7,31.6,29.7,3.0,3.0,34.2,25.57,46831.07,41074.28,16.6,0.0,0.0,6.79,0.0,7.0,9.6,46.0,,,,24.5,12.6,3.0,15.5,9.0
2018-04-20 00:00:00+00:00,24.7,0.0,15.6,23.5,17.7,31.9,30.7,3.0,8.0,29.5,20.7,46932.33,33763.82,16.9,0.0,0.0,5.73,0.0,38.0,9.6,41.0,,,,19.7,9.7,8.0,7.9,5.1
2018-04-21 00:00:00+00:00,23.5,0.5,21.6,21.6,19.0,29.1,27.6,51.0,329.0,47.9,19.39,47033.18,34788.33,17.0,2.0,0.5,5.83,0.0,56.0,9.6,43.0,,,,28.8,13.2,329.0,7.9,5.1
2018-04-22 00:00:00+00:00,21.0,0.0,23.3,18.2,17.0,26.7,23.1,3.0,340.0,41.4,22.27,47133.54,43182.74,15.5,0.0,0.0,6.21,0.0,38.0,7.2,45.0,,,,30.2,16.2,340.0,19.1,10.3
2018-04-23 00:00:00+00:00,21.1,0.0,24.2,19.2,14.8,27.1,25.7,0.0,24.0,40.0,25.89,47233.33,43200.0,13.3,0.0,0.0,5.9,0.0,1.0,6.4,41.0,,,,20.2,9.5,24.0,8.6,3.3
2018-04-24 00:00:00+00:00,21.3,0.0,17.7,19.5,15.7,27.1,26.6,2.0,347.0,34.9,25.64,47332.46,43200.0,14.9,0.0,0.0,6.26,0.0,9.0,8.1,47.0,,,,24.6,12.5,347.0,15.8,6.4
2018-04-25 00:00:00+00:00,19.5,0.5,21.1,18.1,16.2,25.0,23.7,51.0,337.0,35.6,21.55,47430.88,37112.89,15.0,2.0,0.5,4.7,0.0,47.0,8.7,51.0,,,,20.9,9.2,337.0,6.5,2.8
2018-04-26 00:00:00+00:00,23.1,0.0,27.7,22.0,17.1,30.9,28.2,3.0,324.0,52.9,22.43,47528.47,37396.4,18.0,0.0,0.0,6.24,0.0,45.0,10.8,54.0,,,,25.5,12.6,324.0,6.8,1.8
2018-04-27 00:00:00+00:00,23.1,0.0,16.9,22.0,16.5,30.7,28.8,2.0,294.0,35.3,24.95,47625.17,43200.0,16.5,0.0,0.0,6.06,0.0,14.0,9.5,48.0,,,,20.7,10.1,294.0,9.7,5.3
2018-04-28 00:00:00+00:00,25.0,0.0,18.7,23.9,17.9,32.4,31.7,3.0,325.0,30.6,26.42,47720.89,43200.0,18.1,0.0,0.0,6.52,0.0,13.0,7.4,39.0,,,,15.7,7.3,325.0,3.2,1.1
2018-04-29 00:00:00+00:00,28.3,0.0,18.9,26.3,20.4,34.9,34.4,3.0,75.0,30.2,25.55,47815.54,42948.43,19.2,0.0,0.0,7.44,0.0,60.0,5.2,27.0,,,,19.3,9.4,75.0,6.1,0.5
2018-04-30 00:00:00+00:00,32.0,0.0,27.7,27.6,26.0,38.6,34.6,3.0,158.0,46.1,26.49,47909.04,43200.0,21.9,0.0,0.0,11.83,0.0,23.0,3.0,18.0,,,,38.5,22.2,158.0,27.0,17.0
2018-05-01 00:00:00+00:00,31.0,0.0,24.5,27.6,25.7,36.7,34.7,1.0,196.0,43.2,26.66,48001.28,43200.0,21.8,0.0,0.0,9.98,0.0,3.0,4.5,20.0,,,,31.5,16.8,196.0,16.6,9.4
2018-05-02 00:00:00+00:00,28.3,0.0,20.9,27.8,20.3,36.6,36.0,3.0,316.0,34.9,26.5,48092.19,43200.0,21.7,0.0,0.0,7.32,0.0,13.0,10.8,41.0,,,,20.1,9.4,316.0,10.1,2.9
2018-05-03 00:00:00+00:00,31.0,0.0,14.2,29.6,22.1,38.6,37.7,3.0,2.0,22.7,25.03,48181.67,38427.23,21.0,0.0,0.0,6.99,0.0,70.0,6.8,26.0,,,,16.5,7.3,2.0,5.4,1.9
2018-05-04 00:00:00+00:00,32.2,0.0,21.9,30.1,24.3,40.4,37.9,3.0,244.0,65.5,18.46,48269.69,26988.53,23.8,0.0,0.0,7.67,0.0,74.0,7.3,24.0,,,,26.6,12.0,244.0,9.4,4.2
2018-05-05 00:00:00+00:00,23.4,0.0,11.2,23.3,18.6,28.2,27.3,3.0,328.0,27.7,12.79,48356.92,6910.86,19.3,0.0,0.0,3.53,0.0,89.0,13.2,56.0,,,,17.8,7.9,328.0,13.7,2.3
2018-05-06 00:00:00+00:00,24.7,0.1,24.2,23.9,19.7,30.8,29.6,51.0,34.0,40.0,12.5,48443.48,16795.62,19.2,1.0,0.1,4.8,0.0,81.0,15.2,57.0,,,,32.3,18.0,34.0,20.9,13.4
2018-05-07 00:00:00+00:00,23.2,0.0,26.6,21.9,18.6,28.8,27.3,3.0,314.0,45.7,26.29,48529.3,43200.0,18.8,0.0,0.0,6.59,0.0,22.0,11.0,52.0,,,,29.8,15.4,314.0,12.2,1.1
2018-05-08 00:00:00+00:00,23.4,0.0,26.7,20.9,18.0,29.0,25.8,1.0,263.0,48.2,25.26,48614.31,43372.55,15.1,0.0,0.0,7.19,0.0,6.0,7.4,38.0,,,,28.4,15.8,263.0,9.0,6.3
2018-05-09 00:00:00+00:00,24.9,0.0,11.9,24.5,17.8,31.2,30.2,3.0,286.0,27.7,24.74,48698.42,42366.54,18.8,0.0,0.0,5.61,0.0,43.0,9.5,44.0,,,,13.9,5.4,286.0,4.7,0.7
2018-05-10 00:00:00+00:00,33.0,0.0,29.1,29.1,26.2,40.7,37.1,3.0,215.0,49.3,22.96,48781.56,29798.34,23.8,0.0,0.0,10.07,0.0,67.0,0.5,14.0,,,,30.3,16.0,215.0,9.4,1.6
2018-05-11 00:00:00+00:00,26.0,0.0,23.6,24.9,19.9,32.7,31.1,1.0,324.0,41.4,27.28,48863.64,43476.11,20.7,0.0,0.0,7.66,0.0,6.0,11.7,46.0,,,,27.5,14.8,324.0,15.5,9.7
2018-05-12 00:00:00+00:00,23.4,0.0,20.4,22.5,18.9,29.4,27.4,3.0,303.0,41.0,22.87,48944.59,36580.02,19.1,0.0,0.0,5.98,0.0,47.0,12.2,53.0,,,,25.9,13.3,303.0,13.0,6.0
2018-05-13 00:00:00+00:00,23.9,0.0,18.0,23.2,18.2,29.3,27.7,3.0,294.0,35.6,25.88,49024.33,43591.38,19.0,0.0,0.0,6.36,0.0,14.0,11.6,50.0,,,,21.7,10.9,294.0,6.1,2.9
2018-05-14 00:00:00+00:00,23.7,0.0,24.2,22.7,17.8,29.9,28.9,0.0,351.0,39.2,27.29,49102.76,43713.9,17.6,0.0,0.0,6.8,0.0,2.0,10.8,48.0,,,,23.6,11.9,351.0,11.9,6.2
2018-05-15 00:00:00+00:00,24.6,0.0,23.7,23.2,19.4,31.5,29.9,2.0,33.0,39.6,27.4,49179.81,43203.69,19.2,0.0,0.0,7.53,0.0,10.0,12.0,50.0,,,,31.1,17.4,33.0,18.7,10.9
2018-05-16 00:00:00+00:00,25.3,0.0,27.7,23.2,18.8,33.5,29.8,3.0,42.0,49.0,26.6,49255.38,40988.23,18.4,0.0,0.0,8.03,0.0,39.0,11.9,51.0,,,,38.1,22.1,42.0,25.9,15.6
2018-05-17 00:00:00+00:00,27.1,0.0,23.6,25.6,18.9,36.2,33.8,2.0,33.0,42.8,27.82,49329.39,43707.77,19.4,0.0,0.0,8.43,0.0,4.0,12.5,49.0,,,,34.6,19.7,33.0,25.9,16.0
2018-05-18 00:00:00+00:00,29.0,0.0,24.6,27.5,19.6,39.1,37.2,0.0,11.0,41.4,27.84,49401.77,43966.95,20.6,0.0,0.0,9.17,0.0,0.0,11.1,42.0,,,,30.3,16.8,11.0,17.3,10.1
2018-05-19 00:00:00+00:00,30.0,0.0,24.0,28.4,20.9,39.9,38.7,0.0,14.0,41.8,27.86,49472.39,44098.74,20.1,0.0,0.0,8.95,0.0,0.0,9.1,32.0,,,,24.7,13.0,14.0,13.0,7.8
2018-05-20 00:00:00+00:00,30.8,0.0,23.1,28.5,22.0,39.5,37.3,3.0,33.0,39.2,27.94,49541.2,44099.69,21.6,0.0,0.0,9.8,0.0,5.0,7.8,29.0,,,,28.4,15.6,33.0,17.3,10.1
2018-05-21 00:00:00+00:00,32.6,0.0,19.3,29.6,23.6,40.9,37.8,2.0,56.0,36.7,27.92,49608.08,44234.28,21.6,0.0,0.0,10.58,0.0,9.0,5.5,21.0,,,,29.2,16.5,56.0,23.0,13.7
2018-05-22 00:00:00+00:00,36.9,0.0,22.4,33.5,28.3,44.1,42.3,3.0,86.0,36.7,26.16,49672.95,44101.21,25.0,0.0,0.0,10.35,0.0,54.0,1.7,12.0,,,,26.1,13.4,86.0,7.9,3.6
2018-05-23 00:00:00+00:00,32.7,0.0,20.6,30.6,25.2,40.5,39.5,3.0,9.0,38.5,25.87,49735.71,38235.85,22.6,0.0,0.0,9.62,0.0,39.0,8.2,23.0,,,,27.0,14.2,9.0,15.5,9.6
2018-05-24 00:00:00+00:00,32.0,0.0,24.5,30.2,23.8,39.1,37.8,3.0,12.0,38.9,26.67,49796.32,42260.66,23.8,0.0,0.0,8.75,0.0,56.0,7.8,26.0,,,,23.7,11.8,12.0,16.6,7.1
2018-05-25 00:00:00+00:00,31.1,1.8,20.4,30.0,26.3,36.0,36.7,53.0,1.0,33.1,24.26,49855.29,41839.18,24.9,3.0,1.8,7.47,0.0,44.0,9.5,27.0,,,,21.6,9.5,1.0,11.2,3.2
2018-05-26 00:00:00+00:00,27.8,0.0,25.2,27.7,21.9,35.1,36.1,0.0,15.0,43.6,28.02,49912.7,44379.08,22.7,0.0,0.0,7.73,0.0,0.0,14.3,48.0,,,,28.0,14.5,15.0,21.6,6.3
2018-05-27 00:00:00+00:00,27.1,0.0,26.5,27.0,21.5,33.5,34.4,1.0,17.0,43.2,27.88,49968.5,44380.84,22.9,0.0,0.0,7.39,0.0,3.0,14.3,50.0,,,,27.9,14.1,17.0,19.8,4.6
2018-05-28 00:00:00+00:00,27.3,0.0,20.0,27.1,21.6,33.4,33.7,3.0,12.0,32.8,26.57,50022.62,44521.68,22.7,0.0,0.0,7.29,0.0,13.0,13.7,47.0,,,,25.1,12.6,12.0,15.8,6.1
2018-05-29 00:00:00+00:00,26.5,0.0,20.6,26.7,22.4,31.2,31.0,3.0,330.0,36.7,22.12,50075.04,43198.59,24.1,0.0,0.0,6.09,0.0,27.0,14.7,50.0,,,,23.6,11.3,330.0,9.4,5.5
2018-05-30 00:00:00+00:00,26.8,0.0,17.8,27.1,21.2,32.5,31.4,1.0,315.0,36.0,27.05,50125.66,44670.45,23.7,0.0,0.0,6.99,0.0,8.0,14.2,51.0,,,,22.1,10.8,315.0,9.0,3.2
2018-05-31 00:00:00+00:00,27.4,0.0,22.0,27.4,21.3,33.4,32.1,0.0,330.0,36.0,28.11,50174.45,44916.67,22.9,0.0,0.0,7.28,0.0,1.0,12.9,45.0,,,,22.3,10.5,330.0,9.0,2.9
2018-06-01 00:00:00+00:00,27.1,0.0,20.4,26.8,22.1,32.6,32.2,0.0,326.0,36.0,28.43,50221.34,44915.13,22.8,0.0,0.0,7.68,0.0,0.0,12.8,45.0,,,,24.5,12.5,326.0,9.0,5.8
2018-06-02 00:00:00+00:00,26.0,0.0,17.8,25.9,21.1,31.7,31.7,3.0,315.0,36.7,25.59,50266.3,42247.84,22.1,0.0,0.0,6.6,0.0,25.0,12.8,48.0,,,,22.7,10.4,315.0,9.4,4.8
2018-06-03 00:00:00+00:00,26.8,0.0,20.9,27.2,20.8,32.7,32.9,2.0,331.0,35.3,24.26,50309.24,43364.43,22.8,0.0,0.0,6.62,0.0,18.0,14.9,52.0,,,,23.1,11.1,331.0,10.4,5.2
2018-06-04 00:00:00+00:00,27.4,0.0,23.2,27.2,21.1,34.2,32.6,3.0,334.0,37.8,24.78,50350.12,43146.85,23.6,0.0,0.0,7.23,0.0,21.0,13.1,47.0,,,,24.8,12.4,334.0,13.7,7.2
2018-06-05 00:00:00+00:00,27.4,0.0,20.1,27.2,21.3,33.1,32.9,0.0,323.0,33.5,28.87,50388.88,45449.36,22.0,0.0,0.0,7.41,0.0,2.0,11.7,40.0,,,,20.1,9.2,323.0,4.3,2.2
2018-06-06 00:00:00+00:00,28.5,0.0,25.0,27.9,21.4,35.3,34.9,0.0,12.0,41.0,28.94,50425.47,45538.55,22.3,0.0,0.0,8.09,0.0,0.0,11.6,41.0,,,,24.1,12.1,12.0,13.0,8.2
2018-06-07 00:00:00+00:00,29.3,0.0,24.3,28.2,20.8,37.8,35.6,0.0,26.0,41.0,29.25,50459.83,45799.98,22.5,0.0,0.0,9.34,0.0,0.0,12.2,44.0,,,,31.6,17.7,26.0,18.4,10.9
2018-06-08 00:00:00+00:00,30.5,0.0,25.6,29.5,21.7,39.8,37.9,0.0,21.0,43.2,29.1,50491.9,45801.86,23.2,0.0,0.0,9.68,0.0,0.0,12.5,41.0,,,,31.4,17.2,21.0,19.4,10.7
2018-06-09 00:00:00+00:00,30.8,0.0,25.0,30.2,21.8,40.0,38.6,0.0,356.0,42.8,28.97,50521.62,45946.55,22.2,0.0,0.0,9.35,0.0,0.0,13.2,38.0,,,,27.5,14.7,356.0,14.4,8.3
2018-06-10 00:00:00+00:00,31.7,0.0,17.6,31.4,23.0,39.5,38.9,0.0,322.0,34.2,28.85,50548.96,46068.19,24.8,0.0,0.0,8.56,0.0,0.0,11.8,35.0,,,,21.2,10.3,322.0,7.2,1.6
2018-06-11 00:00:00+00:00,29.3,0.0,22.0,29.2,23.0,35.3,34.4,0.0,299.0,41.4,28.76,50573.84,46069.82,25.1,0.0,0.0,8.3,0.0,0.0,13.7,42.0,,,,25.1,12.7,299.0,7.6,4.3
2018-06-12 00:00:00+00:00,28.0,0.3,21.5,28.3,22.9,33.2,32.1,51.0,300.0,41.4,24.65,50596.21,45088.38,25.0,2.0,0.3,6.89,0.0,18.0,15.4,49.0,,,,25.1,12.7,300.0,10.8,3.5
2018-06-13 00:00:00+00:00,29.2,0.0,16.5,30.0,22.5,35.0,35.8,1.0,310.0,29.5,26.24,50616.05,45068.04,25.4,0.0,0.0,7.01,0.0,9.0,15.1,48.0,,,,20.2,9.6,310.0,11.5,6.2
2018-06-14 00:00:00+00:00,31.2,0.0,24.0,30.1,23.0,37.7,37.6,0.0,2.0,41.0,29.28,50633.5,46462.75,23.1,0.0,0.0,8.51,0.0,0.0,8.5,28.0,,,,21.1,10.0,2.0,8.6,3.2
2018-06-15 00:00:00+00:00,33.9,0.0,18.6,32.3,25.3,40.5,40.7,0.0,71.0,31.0,29.35,50648.61,46463.8,23.7,0.0,0.0,8.46,0.0,0.0,5.6,19.0,,,,18.2,8.1,71.0,10.8,0.5
2018-06-16 00:00:00+00:00,35.1,0.0,28.8,32.1,31.9,39.4,38.9,3.0,266.0,49.3,26.31,50661.37,43368.0,27.3,0.0,0.0,11.22,0.0,27.0,7.0,18.0,,,,32.9,18.1,266.0,12.6,7.0
2018-06-17 00:00:00+00:00,31.0,0.0,26.7,30.5,24.9,37.0,38.3,1.0,13.0,43.6,28.81,50671.79,46446.92,25.5,0.0,0.0,8.86,0.0,6.0,12.6,35.0,,,,26.8,13.6,13.0,17.6,5.9
2018-06-18 00:00:00+00:00,30.0,0.0,21.9,29.9,23.8,35.5,36.0,0.0,12.0,36.7,28.92,50679.88,46446.93,25.5,0.0,0.0,8.38,0.0,0.0,13.9,41.0,,,,26.1,13.1,12.0,13.7,7.8
2018-06-19 00:00:00+00:00,30.6,0.0,33.5,30.0,24.4,37.7,37.5,0.0,36.0,55.4,28.99,50685.62,46319.41,24.7,0.0,0.0,9.0,0.0,1.0,13.0,38.0,,,,30.5,15.6,36.0,18.4,4.1
2018-06-20 00:00:00+00:00,30.1,0.0,28.0,30.5,23.6,36.8,37.7,0.0,23.0,47.5,28.79,50689.04,46445.26,25.6,0.0,0.0,8.33,0.0,0.0,15.1,45.0,,,,26.6,13.4,23.0,16.6,8.7
2018-06-21 00:00:00+00:00,31.1,0.0,23.9,30.9,24.0,37.7,37.8,0.0,51.0,38.5,28.47,50690.14,46443.56,25.5,0.0,0.0,9.0,0.0,0.0,14.3,40.0,,,,27.4,14.6,51.0,15.5,9.7
2018-06-22 00:00:00+00:00,33.4,0.0,29.8,31.3,27.2,40.0,39.1,0.0,54.0,49.3,28.72,50688.91,46569.73,24.9,0.0,0.0,11.15,0.0,0.0,10.7,26.0,,,,34.2,19.3,54.0,20.2,12.7
2018-06-23 00:00:00+00:00,30.6,0.0,21.7,30.7,24.0,36.8,37.6,0.0,358.0,36.0,28.5,50685.38,46426.64,26.3,0.0,0.0,8.68,0.0,0.0,15.0,44.0,,,,28.3,14.9,358.0,19.4,11.4
2018-06-24 00:00:00+00:00,29.7,0.0,17.3,29.9,23.3,36.0,35.7,0.0,353.0,33.1,29.06,50679.54,46693.52,24.6,0.0,0.0,8.24,0.0,0.0,14.2,42.0,,,,24.0,12.1,353.0,13.0,6.9
2018-06-25 00:00:00+00:00,29.3,0.0,20.1,30.0,22.7,35.7,36.5,0.0,17.0,38.2,29.31,50671.4,46819.77,24.8,0.0,0.0,7.86,0.0,0.0,15.2,47.0,,,,23.7,11.8,17.0,14.4,8.8
2018-06-26 00:00:00+00:00,30.0,0.0,24.1,30.5,23.1,36.9,36.9,1.0,42.0,42.1,29.13,50660.98,45573.64,25.5,0.0,0.0,8.26,0.0,5.0,15.7,48.0,,,,27.4,14.2,42.0,18.0,10.5
2018-06-27 00:00:00+00:00,33.8,0.0,22.1,32.6,25.0,42.3,41.7,0.0,9.0,36.7,29.3,50648.29,46950.24,22.8,0.0,0.0,8.85,0.0,0.0,8.1,26.0,,,,23.5,10.9,9.0,7.6,1.8
2018-06-28 00:00:00+00:00,29.8,0.0,24.1,29.9,24.7,35.7,35.7,1.0,345.0,40.0,28.95,50633.32,46393.17,26.2,0.0,0.0,8.57,0.0,5.0,15.6,47.0,,,,31.5,16.8,345.0,22.3,13.0
2018-06-29 00:00:00+00:00,28.0,0.0,23.1,28.0,22.3,33.8,33.9,1.0,359.0,37.8,28.53,50616.11,46670.77,23.7,0.0,0.0,7.89,0.0,4.0,14.7,47.0,,,,26.6,13.8,359.0,13.3,7.0
2018-06-30 00:00:00+00:00,28.0,0.0,19.4,28.3,22.3,33.7,34.2,0.0,339.0,33.5,29.15,50596.66,46658.23,24.2,0.0,0.0,7.68,0.0,2.0,14.2,45.0,,,,23.1,11.1,339.0,5.0,0.8
2018-07-01 00:00:00+00:00,28.8,0.0,25.4,29.0,22.8,35.0,35.9,0.0,25.0,42.5,28.98,50574.99,46521.61,23.8,0.0,0.0,8.1,0.0,1.0,14.9,45.0,,,,26.4,13.5,25.0,13.7,7.7
2018-07-02 00:00:00+00:00,29.1,0.0,20.9,29.4,22.5,35.6,36.2,0.0,25.0,37.1,29.18,50551.11,46775.33,24.3,0.0,0.0,8.26,0.0,0.0,15.7,48.0,,,,28.0,14.8,25.0,16.6,9.8
2018-07-03 00:00:00+00:00,29.1,0.0,17.7,30.0,21.9,35.6,36.6,0.0,350.0,33.1,29.26,50525.0,46633.39,23.8,0.0,0.0,7.56,0.0,0.0,15.4,48.0,,,,23.0,10.9,350.0,13.7,7.6
2018-07-04 00:00:00+00:00,30.9,0.0,23.0,32.6,23.8,38.2,39.9,0.0,327.0,37.8,28.38,50496.4,45705.19,27.6,0.0,0.0,8.21,0.0,5.0,18.4,53.0,,,,25.9,13.2,327.0,13.3,6.9
2018-07-05 00:00:00+00:00,31.1,0.0,21.7,32.4,23.8,38.8,38.8,0.0,310.0,36.7,28.96,50465.31,46354.96,27.0,0.0,0.0,8.38,0.0,1.0,17.0,49.0,,,,24.1,12.2,310.0,10.1,5.5
2018-07-06 00:00:00+00:00,30.9,0.0,22.0,32.7,23.8,38.6,39.0,0.0,313.0,36.7,29.15,50431.79,46476.47,27.9,0.0,0.0,8.25,0.0,0.0,18.0,52.0,,,,24.2,12.4,313.0,9.4,5.5
2018-07-07 00:00:00+00:00,30.8,0.0,16.8,32.4,23.7,37.8,38.2,0.0,321.0,28.8,29.31,50395.9,46596.66,27.7,0.0,0.0,7.93,0.0,0.0,16.5,49.0,,,,20.8,10.0,321.0,7.2,4.1
2018-07-08 00:00:00+00:00,31.0,0.0,20.1,32.2,23.2,37.9,39.3,0.0,334.0,35.6,29.46,50357.72,46716.48,26.1,0.0,0.0,7.68,0.0,0.0,15.0,45.0,,,,18.9,8.7,334.0,10.4,3.4
2018-07-09 00:00:00+00:00,31.7,0.0,16.6,32.3,24.9,37.6,38.6,0.0,353.0,38.5,29.28,50317.3,46575.57,27.4,0.0,0.0,8.37,0.0,0.0,14.7,41.0,,,,23.4,11.3,353.0,13.7,7.4
2018-07-10 00:00:00+00:00,30.7,0.0,18.8,31.8,24.5,36.6,37.6,0.0,352.0,39.2,28.89,50274.72,46180.03,26.7,0.0,0.0,8.04,0.0,0.0,16.4,46.0,,,,23.8,11.8,352.0,15.1,6.1
2018-07-11 00:00:00+00:00,29.3,0.2,18.4,30.4,23.7,35.0,35.7,51.0,351.0,33.8,25.25,50230.04,38919.79,26.3,2.0,0.2,7.15,0.0,27.0,17.2,52.0,,,,25.8,13.2,351.0,19.8,9.4
2018-07-12 00:00:00+00:00,28.9,0.0,21.1,29.7,22.8,35.2,36.2,3.0,343.0,35.6,27.66,50183.33,45782.32,25.1,0.0,0.0,7.74,0.0,12.0,16.5,50.0,,,,26.2,13.6,343.0,15.1,8.3
2018-07-13 00:00:00+00:00,29.7,0.0,20.8,31.1,24.0,36.2,37.2,1.0,313.0,35.3,28.43,50134.66,45395.26,26.9,0.0,0.0,7.76,0.0,10.0,17.8,53.0,,,,25.3,13.0,313.0,12.2,6.9
2018-07-14 00:00:00+00:00,30.1,0.0,21.5,31.4,24.0,37.0,37.8,0.0,290.0,38.9,28.61,50084.09,46012.46,27.1,0.0,0.0,8.07,0.0,0.0,17.6,52.0,,,,26.0,13.5,290.0,11.9,6.1
2018-07-15 00:00:00+00:00,30.5,0.0,21.3,32.5,24.1,36.9,38.9,2.0,274.0,37.4,27.83,50031.7,45256.38,26.8,0.0,0.0,7.59,0.0,12.0,18.8,53.0,,,,24.1,12.3,274.0,14.0,8.4
2018-07-16 00:00:00+00:00,30.8,0.0,21.4,32.8,25.4,37.9,39.5,3.0,302.0,36.0,27.11,49977.54,41001.59,29.0,0.0,0.0,7.78,0.0,23.0,18.7,55.0,,,,25.6,13.0,302.0,11.5,6.3
2018-07-17 00:00:00+00:00,29.9,0.0,23.3,31.8,23.8,36.8,38.6,1.0,308.0,38.9,28.44,49921.69,45492.63,27.2,0.0,0.0,7.61,0.0,6.0,18.0,54.0,,,,22.6,10.9,308.0,8.3,3.3
2018-07-18 00:00:00+00:00,30.9,0.0,18.1,32.7,23.6,38.7,39.3,0.0,339.0,29.2,28.82,49864.21,45601.65,27.4,0.0,0.0,7.9,0.0,0.0,17.2,51.0,,,,21.9,10.7,339.0,10.1,5.3
2018-07-19 00:00:00+00:00,29.7,0.0,21.1,31.7,24.0,36.0,37.8,3.0,329.0,37.1,28.09,49805.17,44462.73,27.4,0.0,0.0,7.43,0.0,17.0,18.4,55.0,,,,23.9,11.7,329.0,15.1,7.4
2018-07-20 00:00:00+00:00,30.0,0.0,18.2,30.7,23.4,36.3,36.9,0.0,358.0,31.0,28.86,49744.63,45457.51,26.3,0.0,0.0,8.06,0.0,0.0,15.1,46.0,,,,22.5,11.3,358.0,10.4,5.1
2018-07-21 00:00:00+00:00,30.4,0.0,20.9,30.4,24.4,35.7,36.5,0.0,341.0,34.2,28.32,49682.65,45206.47,25.1,0.0,0.0,8.25,0.0,1.0,13.8,38.0,,,,23.4,11.7,341.0,7.9,2.9
2018-07-22 00:00:00+00:00,30.7,0.3,22.0,32.7,25.1,37.4,39.3,51.0,334.0,35.3,26.46,49619.3,43175.18,27.5,3.0,0.3,7.63,0.0,24.0,18.9,53.0,,,,24.5,12.8,334.0,12.2,7.1
2018-07-23 00:00:00+00:00,31.2,0.0,18.9,33.4,24.4,38.5,39.8,0.0,318.0,32.0,28.38,49554.59,44961.99,28.5,0.0,0.0,7.78,0.0,0.0,18.7,53.0,,,,22.6,11.0,318.0,10.8,5.8
2018-07-24 00:00:00+00:00,33.2,0.0,11.5,34.8,24.4,41.2,41.9,0.0,323.0,25.6,28.38,49487.95,44953.02,27.8,0.0,0.0,7.27,0.0,0.0,15.0,41.0,,,,14.7,6.1,323.0,4.7,1.1
2018-07-25 00:00:00+00:00,33.7,0.0,18.7,33.8,27.2,39.9,41.2,0.0,300.0,33.8,28.24,49419.33,44828.62,26.6,0.0,0.0,9.17,0.0,0.0,14.2,32.0,,,,24.0,12.6,300.0,7.9,6.2
2018-07-26 00:00:00+00:00,31.5,0.0,20.9,32.5,25.3,37.3,38.5,0.0,352.0,35.6,28.31,49348.81,44712.17,27.7,0.0,0.0,8.13,0.0,0.0,16.0,43.0,,,,23.6,11.6,352.0,12.6,5.0
2018-07-27 00:00:00+00:00,31.3,0.0,20.9,32.1,25.4,37.0,37.9,0.0,4.0,37.1,28.14,49276.49,44486.24,28.0,0.0,0.0,8.37,0.0,0.0,16.4,45.0,,,,26.3,13.4,4.0,16.6,8.9
2018-07-28 00:00:00+00:00,29.8,0.0,19.2,31.2,24.1,35.6,36.7,0.0,347.0,32.0,27.76,49202.45,44259.71,26.5,0.0,0.0,7.66,0.0,3.0,17.2,50.0,,,,24.0,12.0,347.0,12.6,6.5
2018-07-29 00:00:00+00:00,29.4,0.0,15.8,31.1,23.8,35.0,36.0,0.0,320.0,29.9,27.59,49126.8,44262.02,27.6,0.0,0.0,7.17,0.0,4.0,17.3,53.0,,,,22.1,10.2,320.0,8.3,3.4
2018-07-30 00:00:00+00:00,30.2,0.0,24.5,31.5,23.9,36.2,37.0,0.0,328.0,41.4,28.16,49049.62,44257.66,26.5,0.0,0.0,7.34,0.0,0.0,15.7,47.0,,,,20.5,9.2,328.0,11.5,2.2
2018-07-31 00:00:00+00:00,31.7,0.0,21.7,32.7,25.7,37.8,37.8,0.0,341.0,35.3,28.03,48971.0,43943.25,29.0,0.0,0.0,8.23,0.0,1.0,15.9,43.0,,,,23.4,11.3,341.0,2.9,2.1
2018-08-01 00:00:00+00:00,32.1,0.0,20.4,33.2,26.4,37.6,38.2,0.0,325.0,38.5,27.6,48891.03,44045.85,29.1,0.0,0.0,8.27,0.0,0.0,16.5,42.0,,,,23.9,11.9,325.0,5.0,3.4
2018-08-02 00:00:00+00:00,30.8,0.0,22.8,32.6,25.0,37.4,38.7,1.0,346.0,37.8,27.22,48809.79,43845.72,28.4,0.0,0.0,7.85,0.0,3.0,18.4,51.0,,,,24.7,12.4,346.0,11.2,5.8
2018-08-03 00:00:00+00:00,31.1,0.0,20.4,33.1,25.0,37.9,38.9,0.0,330.0,34.2,27.62,48727.38,43845.65,29.2,0.0,0.0,7.89,0.0,0.0,18.5,52.0,,,,23.7,11.9,330.0,9.4,4.6
2018-08-04 00:00:00+00:00,31.0,0.0,22.1,33.3,24.8,37.1,38.8,0.0,331.0,35.6,27.71,48643.88,43748.07,29.0,0.0,0.0,7.24,0.0,0.0,18.0,51.0,,,,19.5,8.6,331.0,7.2,2.5
2018-08-05 00:00:00+00:00,31.5,0.0,21.0,33.5,25.1,37.5,39.0,0.0,12.0,34.2,27.52,48559.35,43563.54,29.2,0.0,0.0,7.42,0.0,1.0,17.9,50.0,,,,21.7,10.4,12.0,15.5,6.9
2018-08-06 00:00:00+00:00,31.4,0.0,22.3,33.2,25.7,37.5,38.7,1.0,357.0,41.0,27.43,48473.9,43567.59,29.2,0.0,0.0,7.92,0.0,1.0,18.1,49.0,,,,24.3,12.0,357.0,11.5,6.0
2018-08-07 00:00:00+00:00,30.3,0.0,21.0,32.0,24.9,35.5,37.7,1.0,2.0,35.6,26.37,48387.59,43394.32,28.4,0.0,0.0,7.49,0.0,4.0,18.7,53.0,,,,25.3,13.1,2.0,13.3,7.6
2018-08-08 00:00:00+00:00,30.5,0.0,20.7,31.6,24.6,37.1,37.6,0.0,342.0,36.0,27.21,48300.52,43401.34,28.2,0.0,0.0,8.03,0.0,0.0,17.0,49.0,,,,25.3,13.2,342.0,10.1,5.8
2018-08-09 00:00:00+00:00,30.6,0.0,17.3,32.2,23.8,37.6,38.5,1.0,356.0,30.2,27.26,48212.75,43323.46,27.5,0.0,0.0,7.68,0.0,3.0,17.4,51.0,,,,22.5,11.4,356.0,10.4,5.4
2018-08-10 00:00:00+00:00,31.2,0.0,18.4,32.8,23.9,38.2,39.4,1.0,11.0,39.6,27.19,48124.36,43331.83,27.7,0.0,0.0,7.57,0.0,3.0,17.2,50.0,,,,22.8,11.3,11.0,15.1,9.1
2018-08-11 00:00:00+00:00,30.8,0.0,17.1,32.8,24.3,37.4,39.1,1.0,346.0,29.5,26.83,48035.42,43200.0,28.1,0.0,0.0,7.39,0.0,8.0,18.4,53.0,,,,23.1,11.5,346.0,17.6,7.5
2018-08-12 00:00:00+00:00,30.6,0.0,19.8,32.8,24.4,37.3,38.4,2.0,335.0,32.0,26.44,47945.94,43200.0,28.9,0.0,0.0,7.38,0.0,6.0,18.8,54.0,,,,22.4,11.3,335.0,10.1,5.7
2018-08-13 00:00:00+00:00,30.4,0.0,20.5,31.9,24.0,36.9,37.3,0.0,342.0,35.6,27.27,47855.26,43200.0,28.2,0.0,0.0,7.69,0.0,0.0,17.0,50.0,,,,22.5,11.3,342.0,9.0,5.2
2018-08-14 00:00:00+00:00,29.8,0.0,20.5,30.7,24.2,35.2,36.2,0.0,337.0,32.8,27.01,47763.27,43202.83,26.4,0.0,0.0,7.5,0.0,0.0,16.0,46.0,,,,22.7,11.4,337.0,12.6,7.6
2018-08-15 00:00:00+00:00,29.4,0.0,23.1,30.7,23.0,35.9,37.3,1.0,359.0,37.1,26.7,47670.04,43200.0,25.3,0.0,0.0,7.16,0.0,2.0,16.9,50.0,,,,22.5,10.8,359.0,11.5,5.5
2018-08-16 00:00:00+00:00,29.7,0.0,19.6,30.7,23.4,36.6,37.3,2.0,353.0,33.8,26.64,47575.68,43200.0,26.1,0.0,0.0,7.64,0.0,4.0,16.7,50.0,,,,24.6,12.8,353.0,13.0,7.6
2018-08-17 00:00:00+00:00,29.9,0.0,19.8,30.8,23.5,36.9,37.4,1.0,7.0,34.6,26.67,47480.27,43200.0,26.6,0.0,0.0,7.84,0.0,2.0,16.6,50.0,,,,25.2,13.4,7.0,12.2,7.4
2018-08-18 00:00:00+00:00,29.6,0.0,21.4,31.5,24.8,35.9,38.0,3.0,350.0,34.6,25.64,47383.89,43200.0,27.3,0.0,0.0,7.12,0.0,19.0,18.6,55.0,,,,24.2,12.4,350.0,16.2,8.4
2018-08-19 00:00:00+00:00,29.5,0.0,17.5,31.4,23.9,35.2,37.3,1.0,345.0,34.2,25.79,47286.62,43200.0,26.8,0.0,0.0,6.76,0.0,6.0,17.8,53.0,,,,20.5,9.7,345.0,10.8,5.8
2018-08-20 00:00:00+00:00,30.2,0.0,22.1,32.3,24.7,35.9,37.9,0.0,326.0,36.4,26.05,47188.54,43200.0,28.5,0.0,0.0,6.83,0.0,2.0,17.7,51.0,,,,19.9,8.8,326.0,5.4,1.4
2018-08-21 00:00:00+00:00,31.1,0.0,22.3,32.7,25.4,36.5,37.5,0.0,337.0,36.7,25.93,47089.73,43200.0,28.9,0.0,0.0,7.27,0.0,2.0,17.3,48.0,,,,21.9,10.3,337.0,5.4,3.6
2018-08-22 00:00:00+00:00,30.1,0.0,21.8,31.9,25.2,35.9,37.4,3.0,342.0,37.8,24.75,46990.27,43200.0,28.8,0.0,0.0,7.13,0.0,18.0,18.6,54.0,,,,25.0,13.0,342.0,15.8,8.9
2018-08-23 00:00:00+00:00,30.1,0.0,22.8,31.8,24.0,36.5,37.9,1.0,3.0,37.4,25.64,46890.23,43200.0,27.4,0.0,0.0,7.32,0.0,6.0,18.4,55.0,,,,25.9,13.2,3.0,13.7,7.6
2018-08-24 00:00:00+00:00,30.1,0.0,19.0,31.4,23.5,37.1,38.1,3.0,10.0,38.2,25.6,46789.7,41804.67,26.7,0.0,0.0,7.43,0.0,9.0,17.5,53.0,,,,26.2,13.9,10.0,18.0,10.8
2018-08-25 00:00:00+00:00,30.4,0.0,22.1,31.6,23.4,37.4,38.5,2.0,27.0,37.1,25.76,46688.75,43200.0,26.8,0.0,0.0,7.78,0.0,4.0,17.6,51.0,,,,26.1,13.8,27.0,12.6,6.6
2018-08-26 00:00:00+00:00,29.7,0.0,22.9,31.0,24.5,35.5,35.6,0.0,340.0,37.4,25.05,46587.44,43200.0,27.5,0.0,0.0,7.29,0.0,4.0,17.9,52.0,,,,26.6,13.7,340.0,12.2,6.8
2018-08-27 00:00:00+00:00,29.4,0.1,20.3,31.5,24.5,34.5,36.3,51.0,324.0,35.6,20.1,46485.84,43192.71,28.6,1.0,0.1,5.89,0.0,22.0,19.0,57.0,,,,21.9,10.6,324.0,5.8,2.9
2018-08-28 00:00:00+00:00,29.3,0.0,20.6,30.8,23.9,34.6,36.2,2.0,347.0,33.5,24.57,46384.04,43126.22,26.9,0.0,0.0,6.63,0.0,9.0,17.1,50.0,,,,20.0,9.5,347.0,6.1,1.6
2018-08-29 00:00:00+00:00,29.4,0.0,18.6,30.9,24.2,34.6,37.1,0.0,16.0,39.6,25.38,46282.1,43059.45,27.0,0.0,0.0,6.82,0.0,0.0,17.2,50.0,,,,21.1,10.2,16.0,5.4,2.9
2018-08-30 00:00:00+00:00,29.5,0.0,22.5,31.0,24.0,35.2,37.2,0.0,30.0,38.9,25.05,46180.09,42992.44,26.6,0.0,0.0,6.94,0.0,0.0,18.0,53.0,,,,23.9,12.3,30.0,13.0,7.9
2018-08-31 00:00:00+00:00,29.6,0.0,23.7,31.3,24.0,35.6,37.6,0.0,15.0,37.8,24.83,46078.07,42925.29,26.8,0.0,0.0,6.77,0.0,0.0,18.2,54.0,,,,24.2,12.0,15.0,15.5,8.3
2018-09-01 00:00:00+00:00,29.9,0.0,20.6,31.5,24.4,36.4,37.4,1.0,360.0,37.8,24.62,45976.04,42857.8,27.2,0.0,0.0,7.09,0.0,5.0,18.3,53.0,,,,25.2,13.0,360.0,13.7,7.9
2018-09-02 00:00:00+00:00,30.0,0.1,19.9,32.1,24.4,36.7,38.9,51.0,357.0,31.7,23.59,45873.32,42789.26,27.7,1.0,0.1,6.86,0.0,20.0,19.8,59.0,,,,26.4,14.3,357.0,17.3,10.2
2018-09-03 00:00:00+00:00,30.6,0.0,18.8,32.6,24.8,37.8,38.7,3.0,10.0,32.0,24.0,45769.77,42719.69,28.1,0.0,0.0,7.14,0.0,18.0,19.6,57.0,,,,27.2,14.8,10.0,17.3,10.1
2018-09-04 00:00:00+00:00,30.7,0.0,18.6,32.6,24.4,37.8,38.7,3.0,12.0,31.3,23.81,45665.49,39049.18,28.2,0.0,0.0,6.91,0.0,13.0,18.8,55.0,,,,24.5,13.0,12.0,17.6,10.4
2018-09-05 00:00:00+00:00,30.4,0.0,18.7,32.1,24.4,36.9,38.1,0.0,339.0,33.5,24.42,45560.53,42577.82,28.1,0.0,0.0,6.78,0.0,1.0,17.5,51.0,,,,21.4,10.5,339.0,12.2,7.3
2018-09-06 00:00:00+00:00,29.6,0.0,20.0,31.0,24.2,35.8,36.0,1.0,310.0,35.3,24.28,45454.98,42505.7,27.7,0.0,0.0,6.91,0.0,1.0,17.4,52.0,,,,22.8,11.6,310.0,9.7,5.5
2018-09-07 00:00:00+00:00,29.0,0.0,15.8,30.3,24.7,34.1,34.3,3.0,306.0,32.8,22.04,45348.89,36989.86,27.7,0.0,0.0,6.1,0.0,29.0,16.7,51.0,,,,19.9,9.6,306.0,6.8,3.2
2018-09-08 00:00:00+00:00,29.1,0.0,17.2,30.2,23.6,34.5,34.4,0.0,328.0,35.6,24.11,45242.36,42359.53,26.6,0.0,0.0,6.68,0.0,3.0,16.3,50.0,,,,22.0,10.5,328.0,7.2,3.0
2018-09-09 00:00:00+00:00,28.9,0.0,22.1,30.3,24.3,34.1,35.4,3.0,315.0,36.0,21.89,45135.44,39677.75,27.1,0.0,0.0,6.36,0.0,30.0,17.4,53.0,,,,22.3,11.1,315.0,9.7,5.4
2018-09-10 00:00:00+00:00,28.8,0.0,21.9,30.1,24.2,34.6,34.8,3.0,325.0,36.0,22.22,45028.21,40836.61,27.3,0.0,0.0,6.39,0.0,21.0,17.2,53.0,,,,22.5,11.3,325.0,7.9,2.8
2018-09-11 00:00:00+00:00,28.6,0.0,19.8,29.8,23.3,34.1,35.2,1.0,8.0,34.6,23.36,44920.72,42123.45,26.6,0.0,0.0,6.35,0.0,9.0,16.4,52.0,,,,20.7,10.3,8.0,8.3,4.4
2018-09-12 00:00:00+00:00,28.6,0.0,21.4,29.7,22.9,34.4,35.6,0.0,355.0,38.9,23.46,44813.06,42017.26,25.6,0.0,0.0,6.24,0.0,2.0,16.1,51.0,,,,20.9,10.1,355.0,12.6,6.2
2018-09-13 00:00:00+00:00,28.4,0.0,20.7,28.8,23.3,33.8,34.1,0.0,346.0,34.6,23.63,44705.29,41910.83,25.0,0.0,0.0,6.57,0.0,0.0,14.2,46.0,,,,21.3,10.4,346.0,12.2,6.5
2018-09-14 00:00:00+00:00,28.6,0.0,21.0,28.4,23.2,34.0,34.3,2.0,15.0,39.2,23.07,44597.46,41794.96,23.7,0.0,0.0,6.99,0.0,10.0,13.9,42.0,,,,24.4,12.6,15.0,11.9,6.6
2018-09-15 00:00:00+00:00,27.5,0.0,25.6,27.9,21.8,33.8,33.4,0.0,21.0,43.2,23.07,44489.66,41481.58,23.6,0.0,0.0,6.58,0.0,2.0,15.9,52.0,,,,25.9,13.6,21.0,13.0,7.6
2018-09-16 00:00:00+00:00,27.8,0.0,21.7,28.2,22.4,33.6,33.8,1.0,4.0,34.9,22.75,44381.95,41303.88,24.2,0.0,0.0,6.6,0.0,4.0,15.6,50.0,,,,25.1,13.0,4.0,12.6,7.2
2018-09-17 00:00:00+00:00,27.5,0.0,19.1,28.4,22.6,32.9,33.9,1.0,8.0,37.1,22.27,44274.38,41255.18,24.5,0.0,0.0,5.81,0.0,8.0,15.3,50.0,,,,19.8,9.3,8.0,9.0,4.7
2018-09-18 00:00:00+00:00,28.7,0.0,23.5,29.6,22.8,34.7,35.4,0.0,4.0,40.3,22.92,44167.03,40957.0,25.3,0.0,0.0,6.36,0.0,2.0,15.9,50.0,,,,21.8,10.5,4.0,8.3,4.9
2018-09-19 00:00:00+00:00,28.8,0.0,20.4,29.9,22.5,34.8,35.4,2.0,1.0,36.7,22.56,44059.96,40788.04,25.7,0.0,0.0,6.06,0.0,7.0,15.6,50.0,,,,19.7,9.5,1.0,12.2,6.1
2018-09-20 00:00:00+00:00,28.2,0.0,18.8,29.2,22.7,34.0,34.7,1.0,354.0,38.2,22.57,43953.24,40622.23,26.0,0.0,0.0,6.16,0.0,4.0,15.9,53.0,,,,22.5,11.2,354.0,14.4,8.3
2018-09-21 00:00:00+00:00,27.4,0.0,19.2,28.3,21.9,33.2,33.8,1.0,6.0,34.6,22.26,43846.85,40343.59,24.2,0.0,0.0,6.02,0.0,3.0,16.3,54.0,,,,22.2,11.3,6.0,10.4,6.3
2018-09-22 00:00:00+00:00,27.4,0.0,21.1,28.2,21.7,33.4,34.0,1.0,21.0,33.8,22.01,43740.09,40073.86,23.7,0.0,0.0,6.15,0.0,7.0,16.8,56.0,,,,24.3,13.0,21.0,14.0,8.6
2018-09-23 00:00:00+00:00,27.3,0.0,17.6,27.8,21.3,33.3,33.8,0.0,19.0,32.0,22.32,43632.83,40034.71,23.5,0.0,0.0,6.32,0.0,2.0,16.1,55.0,,,,25.4,13.8,19.0,16.2,9.4
2018-09-24 00:00:00+00:00,27.3,0.0,16.8,27.9,21.1,34.0,34.1,2.0,21.0,31.0,21.75,43525.12,39462.83,23.3,0.0,0.0,5.92,0.0,11.0,15.9,55.0,,,,23.1,12.0,21.0,15.1,8.9
2018-09-25 00:00:00+00:00,27.7,0.0,21.4,28.9,22.2,34.0,34.5,2.0,7.0,34.6,21.6,43417.05,38631.22,25.0,0.0,0.0,5.67,0.0,12.0,16.7,56.0,,,,21.7,10.7,7.0,13.3,7.6
2018-09-26 00:00:00+00:00,27.2,0.0,20.8,28.7,22.1,32.6,34.6,3.0,337.0,33.5,20.81,43308.69,35994.62,24.9,0.0,0.0,5.3,0.0,15.0,17.1,58.0,,,,19.4,9.2,337.0,11.5,3.6
2018-09-27 00:00:00+00:00,27.4,0.0,17.7,28.6,22.0,32.7,33.9,0.0,25.0,32.0,21.49,43200.1,39369.91,24.4,0.0,0.0,5.53,0.0,1.0,16.6,55.0,,,,19.5,9.6,25.0,9.7,5.8
2018-09-28 00:00:00+00:00,29.7,0.0,22.6,29.9,23.1,36.4,35.8,0.0,49.0,36.7,21.05,43091.35,39243.83,25.0,0.0,0.0,7.06,0.0,2.0,16.6,50.0,,,,29.1,16.4,49.0,21.2,12.8
2018-09-29 00:00:00+00:00,30.6,0.0,19.7,29.7,24.1,38.7,36.6,3.0,54.0,35.3,20.72,42982.52,39123.38,24.1,0.0,0.0,7.9,0.0,12.0,13.9,42.0,,,,30.8,17.8,54.0,25.6,15.6
2018-09-30 00:00:00+00:00,28.9,0.2,20.7,31.1,23.0,36.0,37.2,51.0,18.0,35.3,18.3,42873.67,31072.92,26.6,1.0,0.2,5.47,0.0,83.0,20.1,63.0,,,,24.3,13.1,18.0,15.8,9.0
2018-10-01 00:00:00+00:00,28.1,1.3,20.7,30.3,24.7,33.5,33.4,55.0,39.0,42.5,14.63,42764.87,28376.06,27.9,2.0,1.3,4.41,0.0,90.0,20.5,65.0,,,,23.8,13.0,39.0,15.5,9.3
2018-10-02 00:00:00+00:00,28.1,0.0,25.1,29.1,23.1,34.5,34.1,0.0,50.0,41.4,20.68,42656.2,38890.25,25.9,0.0,0.0,6.3,0.0,0.0,18.6,61.0,,,,30.8,17.7,50.0,18.4,11.5
2018-10-03 00:00:00+00:00,27.9,0.0,24.2,28.7,22.7,34.3,34.5,3.0,38.0,41.0,19.57,42547.73,37388.62,24.7,0.0,0.0,5.92,0.0,58.0,18.3,60.0,,,,30.7,17.0,38.0,22.7,13.2
2018-10-04 00:00:00+00:00,27.1,0.0,21.5,27.0,21.9,33.4,32.3,3.0,23.0,35.3,20.48,42439.52,38818.5,23.5,0.0,0.0,6.31,0.0,16.0,15.8,55.0,,,,29.5,16.7,23.0,20.5,12.4
2018-10-05 00:00:00+00:00,27.3,0.0,17.8,28.2,21.8,33.9,34.6,3.0,9.0,32.0,17.31,42331.65,34433.4,24.1,0.0,0.0,5.28,0.0,64.0,17.2,57.0,,,,22.7,11.9,9.0,10.4,5.2
2018-10-06 00:00:00+00:00,26.8,0.0,18.4,27.9,21.8,32.5,32.6,3.0,348.0,30.6,19.34,42224.19,36231.7,25.0,0.0,0.0,5.33,0.0,51.0,17.1,60.0,,,,22.5,11.7,348.0,11.2,6.5
2018-10-07 00:00:00+00:00,26.2,0.0,16.7,26.7,22.9,30.7,30.7,3.0,337.0,27.0,16.81,42117.21,36000.0,23.8,0.0,0.0,4.91,0.0,49.0,15.5,54.0,,,,21.4,11.1,337.0,13.7,8.0
2018-10-08 00:00:00+00:00,25.2,0.0,18.4,25.4,19.7,30.9,31.0,2.0,354.0,32.0,19.74,42010.8,38670.23,20.9,0.0,0.0,5.08,0.0,14.0,14.0,53.0,,,,18.8,9.1,354.0,6.5,4.1
2018-10-09 00:00:00+00:00,25.1,0.0,16.6,25.0,19.6,30.5,29.7,3.0,7.0,29.2,17.13,41905.01,37818.73,20.7,0.0,0.0,4.84,0.0,44.0,14.1,53.0,,,,20.5,10.6,7.0,9.0,4.9
2018-10-10 00:00:00+00:00,24.7,0.0,19.8,24.8,20.1,30.1,29.0,1.0,353.0,32.4,19.0,41799.92,38593.37,21.8,0.0,0.0,4.96,0.0,4.0,13.6,53.0,,,,19.0,9.2,353.0,5.0,1.8
2018-10-11 00:00:00+00:00,24.3,0.0,21.4,24.5,20.1,29.7,29.1,2.0,335.0,36.4,16.97,41695.54,37088.93,21.8,0.0,0.0,4.58,0.0,20.0,14.0,55.0,,,,19.1,9.0,335.0,4.0,1.9
2018-10-12 00:00:00+00:00,24.3,0.0,16.4,24.5,19.9,29.2,28.3,1.0,339.0,27.0,16.29,41591.08,38114.24,21.5,0.0,0.0,4.28,0.0,22.0,13.9,55.0,,,,17.1,8.1,339.0,4.0,1.6
2018-10-13 00:00:00+00:00,24.2,0.0,17.8,24.1,18.3,30.0,29.5,0.0,1.0,37.4,19.24,41486.4,38474.5,19.5,0.0,0.0,4.78,0.0,1.0,12.6,53.0,,,,18.1,8.6,1.0,7.9,4.7
2018-10-14 00:00:00+00:00,24.3,0.0,19.4,24.0,18.7,29.9,29.4,0.0,12.0,33.5,18.89,41381.59,38434.01,19.0,0.0,0.0,4.92,0.0,0.0,12.9,52.0,,,,19.3,9.8,12.0,7.9,5.2
2018-10-15 00:00:00+00:00,24.4,0.0,20.9,24.2,19.0,30.6,30.0,2.0,2.0,39.6,18.35,41276.71,38376.12,19.8,0.0,0.0,4.93,0.0,7.0,13.5,54.0,,,,21.1,10.4,2.0,8.3,4.8
2018-10-16 00:00:00+00:00,24.1,0.0,20.0,24.2,19.1,30.3,29.4,2.0,355.0,37.8,16.02,41171.87,35751.86,20.2,0.0,0.0,4.45,0.0,13.0,14.8,58.0,,,,21.7,11.1,355.0,9.4,4.7
2018-10-17 00:00:00+00:00,24.2,0.0,18.8,24.2,19.4,29.5,29.0,3.0,349.0,34.6,16.56,41067.12,36475.87,20.8,0.0,0.0,4.5,0.0,25.0,14.1,56.0,,,,20.3,10.3,349.0,7.6,4.6
2018-10-18 00:00:00+00:00,24.0,0.0,17.8,24.1,18.8,29.3,29.4,0.0,10.0,34.6,18.54,40962.56,37931.82,19.7,0.0,0.0,4.49,0.0,0.0,12.9,53.0,,,,16.6,7.7,10.0,6.1,2.4
2018-10-19 00:00:00+00:00,24.4,0.0,14.9,25.0,18.8,29.6,30.7,3.0,24.0,25.6,18.19,40858.28,37725.57,20.1,0.0,0.0,4.16,0.0,14.0,14.4,57.0,,,,15.1,6.9,24.0,6.5,4.0
2018-10-20 00:00:00+00:00,25.4,0.0,18.7,26.3,20.0,31.1,31.3,0.0,33.0,29.9,17.85,40754.36,37521.73,21.6,0.0,0.0,4.4,0.0,0.0,15.7,59.0,,,,18.0,8.9,33.0,10.4,5.2
2018-10-21 00:00:00+00:00,27.0,0.0,16.4,26.3,20.8,33.3,32.0,2.0,72.0,28.1,15.72,40650.88,37450.78,22.2,0.0,0.0,5.18,0.0,22.0,12.0,45.0,,,,19.1,10.1,72.0,5.0,2.5
2018-10-22 00:00:00+00:00,27.7,0.0,19.1,25.8,23.2,33.3,31.6,2.0,199.0,31.7,17.44,40547.93,37379.94,19.7,0.0,0.0,6.13,0.0,13.0,8.7,31.0,,,,22.2,11.9,199.0,7.9,3.2
2018-10-23 00:00:00+00:00,26.6,0.0,20.5,25.0,22.2,32.5,29.5,3.0,202.0,37.1,12.3,40445.61,22385.11,21.0,0.0,0.0,5.0,0.0,53.0,10.0,37.0,,,,20.1,11.3,202.0,7.6,1.6
2018-10-24 00:00:00+00:00,26.8,0.0,15.5,25.2,21.4,33.0,31.3,3.0,193.0,31.7,15.87,40343.99,34389.98,19.4,0.0,0.0,5.74,0.0,53.0,9.8,35.0,,,,21.1,12.0,193.0,14.4,8.8
2018-10-25 00:00:00+00:00,25.1,0.0,31.6,22.9,22.1,28.2,24.2,3.0,251.0,54.4,17.48,40243.18,36669.54,21.3,0.0,0.0,5.95,0.0,23.0,10.7,42.0,,,,31.1,17.3,251.0,9.7,5.0
2018-10-26 00:00:00+00:00,21.7,0.4,17.0,20.2,18.2,25.5,23.2,51.0,325.0,34.6,17.85,40143.26,36482.43,16.2,2.0,0.4,4.62,0.0,14.0,9.6,50.0,,,,24.4,12.2,325.0,14.0,6.3
2018-10-27 00:00:00+00:00,20.7,0.0,19.7,19.0,15.2,26.1,24.4,0.0,39.0,32.0,17.6,40044.34,36663.91,14.1,0.0,0.0,4.47,0.0,1.0,8.5,47.0,,,,19.4,10.2,39.0,7.9,4.2
2018-10-28 00:00:00+00:00,21.9,0.0,23.8,19.4,15.8,28.5,25.0,0.0,46.0,42.5,17.58,39946.5,36479.55,15.0,0.0,0.0,5.47,0.0,0.0,8.6,48.0,,,,28.7,16.2,46.0,14.8,9.2
2018-10-29 00:00:00+00:00,22.1,0.0,24.2,19.0,14.9,30.2,25.9,0.0,44.0,42.1,17.81,39849.84,36535.78,13.4,0.0,0.0,6.0,0.0,0.0,6.0,41.0,,,,27.5,15.9,44.0,14.4,8.9
2018-10-30 00:00:00+00:00,23.2,0.0,22.4,20.8,16.4,31.3,26.9,0.0,44.0,40.0,17.55,39754.47,36239.56,16.1,0.0,0.0,5.89,0.0,0.0,8.7,47.0,,,,28.2,16.4,44.0,17.6,10.2
2018-10-31 00:00:00+00:00,23.1,0.0,21.1,21.4,16.6,31.1,27.7,0.0,44.0,37.4,17.28,39660.4,36065.86,16.6,0.0,0.0,5.48,0.0,0.0,10.7,54.0,,,,27.4,15.8,44.0,17.3,8.7
2018-11-01 00:00:00+00:00,23.4,0.0,20.2,21.6,16.7,31.7,28.5,2.0,44.0,35.3,17.15,39566.78,35895.84,16.9,0.0,0.0,5.42,0.0,8.0,9.5,51.0,,,,25.0,14.2,44.0,14.8,8.4
2018-11-02 00:00:00+00:00,23.2,0.0,19.6,20.4,17.2,31.2,27.0,0.0,45.0,36.0,17.28,39473.47,35951.38,15.3,0.0,0.0,5.85,0.0,0.0,5.8,39.0,,,,25.7,14.8,45.0,18.7,11.1
2018-11-03 00:00:00+00:00,22.8,0.0,19.6,20.3,15.9,30.2,26.4,0.0,48.0,34.2,16.91,39380.56,35785.19,15.1,0.0,0.0,5.52,0.0,0.0,7.1,42.0,,,,24.5,13.8,48.0,13.3,7.9
2018-11-04 00:00:00+00:00,22.1,0.0,19.9,21.3,15.9,28.8,27.3,2.0,10.0,34.2,16.07,39288.14,35623.18,16.6,0.0,0.0,4.23,0.0,8.0,11.0,55.0,,,,18.7,9.3,10.0,6.8,3.8
2018-11-05 00:00:00+00:00,21.3,0.2,17.3,20.6,16.3,26.7,24.3,51.0,1.0,29.5,12.4,39196.31,28538.84,17.3,2.0,0.2,3.46,0.0,23.0,11.9,59.0,,,,18.0,9.1,1.0,7.9,2.9
2018-11-06 00:00:00+00:00,21.3,0.0,13.0,20.8,16.1,25.6,24.5,3.0,307.0,26.3,13.4,39105.17,33713.47,15.5,0.0,0.0,3.15,0.0,27.0,11.5,54.0,,,,13.9,6.8,307.0,2.9,0.7
2018-11-07 00:00:00+00:00,21.6,0.0,16.9,21.6,18.0,26.4,25.4,2.0,346.0,28.4,14.89,39014.82,34451.75,18.5,0.0,0.0,3.27,0.0,11.0,12.4,58.0,,,,13.8,6.3,346.0,4.7,2.3
2018-11-08 00:00:00+00:00,20.8,0.2,11.3,20.7,15.8,25.2,24.5,51.0,16.0,21.2,13.03,38925.36,33659.88,16.4,2.0,0.2,3.02,0.0,43.0,13.4,65.0,,,,16.3,8.3,16.0,8.3,3.7
2018-11-09 00:00:00+00:00,20.5,0.1,15.2,20.6,16.1,25.4,24.6,51.0,6.0,35.3,12.55,38836.89,34526.59,17.0,1.0,0.1,2.77,0.0,47.0,13.7,68.0,,,,15.5,7.4,6.0,7.9,4.7
2018-11-10 00:00:00+00:00,20.1,0.0,10.6,20.2,15.8,24.7,23.6,1.0,299.0,21.6,14.11,38749.52,33437.28,16.9,0.0,0.0,2.93,0.0,11.0,12.7,66.0,,,,12.6,5.6,299.0,5.0,1.0
2018-11-11 00:00:00+00:00,21.3,0.0,11.2,20.2,16.4,26.0,24.1,2.0,229.0,22.7,15.14,38663.36,34786.71,15.9,0.0,0.0,3.39,0.0,19.0,8.7,46.0,,,,12.1,5.7,229.0,1.8,0.8
2018-11-12 00:00:00+00:00,20.9,0.0,21.4,20.0,16.0,25.9,23.9,1.0,48.0,34.6,14.19,38578.51,34769.06,16.3,0.0,0.0,3.77,0.0,9.0,12.4,62.0,,,,22.1,12.2,48.0,7.9,5.0
2018-11-13 00:00:00+00:00,20.2,0.0,16.4,18.8,15.7,25.1,22.7,3.0,15.0,30.6,13.3,38495.08,33941.62,15.2,0.0,0.0,3.59,0.0,29.0,10.5,56.0,,,,21.1,11.3,15.0,13.0,6.8
2018-11-14 00:00:00+00:00,18.6,0.3,18.2,17.8,14.8,22.6,20.6,51.0,297.0,29.9,12.28,38413.19,32552.34,15.2,2.0,0.3,2.77,0.0,43.0,11.6,66.0,,,,17.5,8.8,297.0,6.8,4.0
2018-11-15 00:00:00+00:00,19.4,0.0,15.1,18.5,15.0,23.9,21.9,3.0,293.0,29.5,12.54,38332.94,34428.12,15.7,0.0,0.0,3.04,0.0,27.0,11.1,62.0,,,,17.2,8.6,293.0,6.8,2.4
2018-11-16 00:00:00+00:00,19.0,0.0,13.6,18.1,15.6,23.1,21.2,3.0,248.0,27.0,10.14,38254.46,32572.8,15.0,0.0,0.0,2.51,0.0,47.0,11.4,62.0,,,,16.4,8.9,248.0,7.9,3.8
2018-11-17 00:00:00+00:00,20.1,0.0,17.7,18.7,15.7,24.8,23.7,2.0,70.0,27.4,14.61,38177.85,34378.32,14.6,0.0,0.0,3.63,0.0,10.0,9.9,54.0,,,,18.5,10.2,70.0,14.8,6.7
2018-11-18 00:00:00+00:00,21.1,0.0,17.3,19.8,15.7,26.3,25.6,3.0,72.0,27.7,14.4,38103.25,33618.88,13.9,0.0,0.0,3.66,0.0,38.0,11.2,56.0,,,,21.8,11.8,72.0,7.6,3.6
2018-11-19 00:00:00+00:00,20.5,0.0,9.5,20.9,15.7,26.2,25.9,2.0,18.0,20.2,14.71,38030.75,34333.02,16.3,0.0,0.0,2.86,0.0,8.0,13.3,66.0,,,,11.5,5.1,18.0,4.0,1.5
2018-11-20 00:00:00+00:00,21.0,0.0,15.3,20.0,15.8,26.7,25.0,3.0,64.0,28.1,14.35,37960.42,34279.7,15.0,0.0,0.0,3.71,0.0,37.0,12.1,60.0,,,,20.2,11.7,64.0,12.2,8.5
2018-11-21 00:00:00+00:00,21.5,0.0,13.7,20.3,15.9,27.0,25.3,3.0,60.0,27.4,13.78,37891.49,32400.0,14.9,0.0,0.0,3.77,0.0,54.0,10.4,52.0,,,,17.9,9.9,60.0,10.1,5.9
2018-11-22 00:00:00+00:00,22.4,0.0,16.9,20.8,17.8,28.5,25.8,3.0,245.0,27.7,13.6,37823.83,33958.68,17.4,0.0,0.0,3.82,0.0,32.0,8.1,44.0,,,,16.2,8.5,245.0,3.6,1.4
2018-11-23 00:00:00+00:00,18.7,0.4,21.6,17.9,16.1,22.4,19.7,51.0,292.0,38.9,11.79,37757.52,33216.07,15.3,3.0,0.4,2.72,0.0,34.0,13.1,71.0,,,,23.7,12.7,292.0,7.2,3.7
2018-11-24 00:00:00+00:00,18.7,1.0,18.8,17.5,15.8,23.1,20.6,51.0,321.0,33.5,11.24,37692.64,33216.41,14.9,7.0,1.0,2.74,0.0,40.0,12.3,69.0,,,,24.3,13.3,321.0,14.4,7.8
2018-11-25 00:00:00+00:00,18.9,0.3,14.4,18.8,14.8,23.5,22.9,51.0,317.0,22.3,11.84,37629.28,32850.69,15.4,2.0,0.3,2.43,0.0,33.0,12.2,68.0,,,,11.6,5.3,317.0,3.6,0.5
2018-11-26 00:00:00+00:00,19.6,0.0,12.6,18.7,14.9,24.2,23.2,3.0,66.0,23.0,13.04,37567.52,32400.0,14.5,0.0,0.0,2.94,0.0,50.0,11.4,62.0,,,,17.1,8.9,66.0,13.0,3.6
2018-11-27 00:00:00+00:00,20.6,0.2,13.8,19.1,16.9,26.1,24.6,51.0,74.0,24.8,11.3,37507.45,23788.1,15.1,2.0,0.2,3.22,0.0,51.0,8.9,49.0,,,,15.9,8.7,74.0,5.4,2.2
2018-11-28 00:00:00+00:00,19.7,0.0,13.3,18.2,14.1,26.0,24.1,3.0,193.0,25.6,13.53,37449.17,32232.03,11.8,0.0,0.0,3.28,0.0,56.0,9.2,53.0,,,,16.4,9.1,193.0,7.9,4.5
2018-11-29 00:00:00+00:00,19.5,0.0,13.8,18.2,15.6,25.1,23.4,3.0,289.0,24.5,12.83,37392.75,31114.93,15.0,0.0,0.0,3.08,0.0,46.0,8.8,52.0,,,,13.8,7.0,289.0,6.1,3.7
2018-11-30 00:00:00+00:00,18.2,0.0,25.2,15.2,15.1,22.5,17.6,3.0,216.0,44.3,12.9,37338.29,30959.11,12.9,0.0,0.0,3.92,0.0,23.0,5.3,44.0,,,,22.9,13.1,216.0,9.0,5.2
2018-12-01 00:00:00+00:00,17.0,0.1,14.5,15.2,12.7,21.7,19.5,51.0,242.0,28.4,11.92,37285.88,33219.75,11.2,1.0,0.1,2.7,0.0,27.0,9.0,61.0,,,,18.9,10.2,242.0,10.1,6.5
2018-12-02 00:00:00+00:00,17.6,0.0,11.2,16.5,12.5,22.1,20.5,3.0,30.0,22.0,10.53,37235.61,26360.04,11.9,0.0,0.0,2.31,0.0,77.0,9.7,63.0,,,,13.7,7.1,30.0,7.6,4.5
2018-12-03 00:00:00+00:00,17.4,0.0,19.4,16.3,13.9,21.8,20.0,3.0,282.0,34.9,10.54,37187.56,31906.42,12.9,0.0,0.0,2.54,0.0,46.0,10.6,67.0,,,,18.1,9.4,282.0,6.5,3.6
2018-12-04 00:00:00+00:00,16.4,0.0,27.7,12.5,11.7,21.4,16.3,3.0,201.0,47.5,11.82,37141.84,32420.78,7.5,0.0,0.0,3.86,0.0,22.0,4.0,45.0,,,,28.4,16.6,201.0,12.2,8.6
2018-12-05 00:00:00+00:00,14.7,5.2,28.8,11.4,12.4,20.2,15.4,61.0,192.0,49.3,9.03,37098.52,18102.81,8.7,9.0,5.2,2.62,0.0,72.0,8.0,66.0,,,,33.9,19.8,192.0,18.0,11.5
2018-12-06 00:00:00+00:00,15.2,1.1,25.6,12.8,11.8,19.5,15.7,51.0,235.0,43.9,11.19,37057.7,32807.22,9.7,7.0,1.1,2.35,0.0,26.0,10.7,76.0,,,,30.6,17.9,235.0,22.0,13.4
2018-12-07 00:00:00+00:00,15.0,0.0,21.4,12.4,12.2,18.6,14.7,3.0,259.0,37.4,8.72,37019.48,28576.94,9.7,0.0,0.0,2.38,0.0,45.0,8.4,65.0,,,,27.1,15.5,259.0,14.0,8.9
2018-12-08 00:00:00+00:00,15.2,0.0,14.8,13.3,12.1,18.9,16.5,3.0,240.0,27.4,9.37,36983.94,28070.44,9.8,0.0,0.0,2.14,0.0,62.0,8.0,63.0,,,,16.7,9.3,240.0,4.3,1.8
2018-12-09 00:00:00+00:00,14.3,0.0,10.8,12.5,11.3,18.9,16.2,3.0,223.0,22.7,9.94,36951.17,23129.01,9.9,0.0,0.0,2.03,0.0,48.0,6.6,62.0,,,,11.8,6.6,223.0,5.4,3.2
2018-12-10 00:00:00+00:00,15.4,0.0,18.9,12.6,10.3,21.5,18.3,2.0,203.0,36.0,12.33,36921.22,33243.03,7.2,0.0,0.0,3.02,0.0,10.0,7.4,61.0,,,,25.7,15.1,203.0,16.6,10.4
2018-12-11 00:00:00+00:00,17.3,0.0,20.4,14.5,13.7,21.9,18.4,3.0,209.0,36.4,10.57,36893.75,33571.91,11.4,0.0,0.0,3.22,0.0,31.0,7.9,55.0,,,,25.7,14.9,209.0,16.6,10.2
2018-12-12 00:00:00+00:00,17.0,0.0,21.2,14.2,13.2,21.6,17.9,3.0,228.0,37.4,10.29,36868.63,33536.78,10.2,0.0,0.0,3.16,0.0,35.0,6.4,51.0,,,,23.1,13.0,228.0,10.1,4.0
2018-12-13 00:00:00+00:00,16.8,0.0,12.1,15.8,13.3,20.7,19.1,3.0,77.0,21.2,10.11,36845.91,25708.6,13.0,0.0,0.0,2.22,0.0,27.0,9.0,63.0,,,,10.9,5.3,77.0,4.0,0.5
2018-12-14 00:00:00+00:00,16.7,0.0,18.8,13.8,10.7,22.0,18.3,0.0,67.0,33.8,13.25,36825.6,33594.17,8.5,0.0,0.0,3.52,0.0,0.0,5.0,48.0,,,,20.7,11.7,67.0,4.3,2.3
2018-12-15 00:00:00+00:00,17.3,0.0,15.9,14.8,12.5,23.7,22.3,3.0,75.0,27.4,13.27,36807.72,33669.08,10.0,0.0,0.0,3.18,0.0,40.0,6.5,53.0,,,,21.1,11.6,75.0,7.9,0.4
2018-12-16 00:00:00+00:00,16.5,0.0,17.5,12.8,12.8,21.5,17.6,3.0,187.0,32.0,10.99,36792.28,30410.03,9.3,0.0,0.0,3.71,0.0,68.0,3.3,43.0,,,,24.6,14.4,187.0,19.8,12.1
2018-12-17 00:00:00+00:00,15.2,0.0,22.3,12.1,10.5,20.3,17.2,3.0,207.0,40.7,11.72,36779.31,28170.67,6.5,0.0,0.0,3.16,0.0,21.0,6.1,55.0,,,,26.0,15.1,207.0,14.8,7.3
2018-12-18 00:00:00+00:00,15.5,0.0,15.2,12.8,11.3,20.8,17.6,1.0,197.0,28.8,12.06,36768.81,33478.46,8.6,0.0,0.0,2.93,0.0,12.0,6.3,56.0,,,,21.1,12.2,197.0,11.9,7.8
2018-12-19 00:00:00+00:00,15.4,0.0,24.0,11.6,11.1,20.6,15.8,1.0,213.0,42.5,12.64,36760.8,33582.07,7.4,0.0,0.0,3.67,0.0,9.0,4.9,51.0,,,,29.5,17.5,213.0,19.1,12.6
2018-12-20 00:00:00+00:00,15.3,0.0,18.4,12.9,11.0,19.5,16.4,3.0,272.0,33.8,9.19,36755.3,28916.5,9.1,0.0,0.0,2.38,0.0,40.0,7.6,62.0,,,,22.4,12.3,272.0,12.2,6.4
2018-12-21 00:00:00+00:00,16.2,0.0,16.2,14.4,12.4,20.2,17.4,3.0,345.0,28.1,9.99,36752.31,25661.6,11.6,0.0,0.0,2.49,0.0,61.0,7.8,60.0,,,,16.8,8.5,345.0,4.3,1.3
2018-12-22 00:00:00+00:00,15.4,0.0,16.6,13.4,10.3,20.7,17.6,3.0,17.0,29.2,12.92,36751.86,33608.94,8.8,0.0,0.0,2.7,0.0,30.0,7.3,62.0,,,,17.4,9.2,17.0,7.2,3.3
2018-12-23 00:00:00+00:00,15.5,0.0,13.3,13.6,10.4,20.6,17.9,1.0,20.0,23.8,13.04,36753.94,33611.35,9.2,0.0,0.0,2.64,0.0,11.0,7.4,61.0,,,,16.5,8.6,20.0,8.6,4.1
2018-12-24 00:00:00+00:00,16.5,0.0,14.6,15.4,11.8,21.0,19.1,3.0,1.0,28.4,9.48,36758.57,28102.68,10.6,0.0,0.0,2.11,0.0,44.0,9.7,65.0,,,,14.5,7.3,1.0,3.6,0.0
2018-12-25 00:00:00+00:00,16.8,0.0,10.5,15.6,13.1,20.7,18.4,3.0,331.0,21.2,11.39,36765.77,32683.46,12.9,0.0,0.0,2.37,0.0,33.0,9.1,64.0,,,,14.5,7.4,331.0,8.6,4.3
2018-12-26 00:00:00+00:00,16.3,0.0,17.9,13.5,11.7,21.2,17.5,3.0,213.0,33.8,10.1,36775.52,28971.47,8.9,0.0,0.0,3.02,0.0,45.0,6.6,54.0,,,,22.8,13.3,213.0,9.0,5.6
2018-12-27 00:00:00+00:00,14.1,0.8,29.2,10.7,11.9,16.4,12.3,51.0,277.0,50.0,9.71,36787.84,27441.82,9.8,3.0,0.8,2.65,0.0,60.0,6.4,62.0,,,,31.4,17.1,277.0,15.1,7.7
2018-12-28 00:00:00+00:00,13.7,0.2,16.1,11.3,11.3,16.7,13.4,51.0,263.0,30.2,7.19,36802.74,20883.91,8.9,2.0,0.2,1.89,0.0,80.0,7.0,64.0,,,,20.2,11.2,263.0,10.8,6.1
2018-12-29 00:00:00+00:00,14.7,0.1,15.5,12.7,12.3,18.2,14.9,51.0,253.0,31.0,8.6,36820.23,24329.21,10.7,1.0,0.1,2.08,0.0,79.0,7.3,63.0,,,,17.8,9.6,253.0,9.4,4.5
2018-12-30 00:00:00+00:00,14.4,0.0,13.2,12.7,10.1,18.8,16.2,3.0,281.0,25.9,10.18,36840.32,29554.47,8.6,0.0,0.0,2.08,0.0,40.0,7.7,68.0,,,,14.7,7.6,281.0,6.1,3.5
2018-12-31 00:00:00+00:00,14.7,0.0,9.8,12.6,9.5,19.8,17.8,3.0,147.0,19.8,12.18,36863.25,33732.58,7.2,0.0,0.0,2.33,0.0,25.0,5.1,55.0,,,,12.5,6.6,147.0,5.0,2.3
2019-01-01 00:00:00+00:00,14.4,0.0,14.7,11.2,9.4,19.3,15.5,3.0,200.0,30.6,11.8,36889.01,31802.3,6.0,0.0,0.0,2.96,0.0,31.0,2.2,45.0,,,,18.4,10.3,200.0,7.2,5.3
2019-01-02 00:00:00+00:00,13.7,0.0,30.6,8.9,8.8,17.3,11.8,2.0,207.0,51.8,11.22,36917.53,31930.67,4.8,0.0,0.0,3.82,0.0,24.0,1.5,45.0,,,,33.8,19.9,207.0,19.8,12.3
2019-01-03 00:00:00+00:00,13.6,0.0,23.5,9.6,9.5,18.0,13.2,3.0,208.0,41.0,13.11,36948.73,33827.67,6.1,0.0,0.0,3.36,0.0,10.0,4.0,54.0,,,,31.4,18.2,208.0,22.3,14.1
2019-01-04 00:00:00+00:00,13.3,0.0,16.7,9.8,9.1,18.7,15.3,2.0,186.0,29.2,13.54,36982.55,33865.16,5.2,0.0,0.0,3.01,0.0,9.0,2.1,49.0,,,,21.3,12.0,186.0,7.9,5.7
2019-01-05 00:00:00+00:00,13.2,0.0,15.5,10.0,8.9,18.3,14.3,3.0,241.0,29.2,13.26,37018.91,33905.39,6.0,0.0,0.0,2.86,0.0,30.0,0.5,43.0,,,,15.0,8.1,241.0,4.3,2.1
2019-01-06 00:00:00+00:00,11.6,0.0,31.8,6.4,9.3,14.6,7.9,2.0,243.0,54.7,13.55,37057.72,33948.28,4.7,0.0,0.0,3.47,0.0,7.0,0.5,48.0,,,,36.7,21.5,243.0,20.9,13.2
2019-01-07 00:00:00+00:00,10.9,0.0,25.2,6.2,6.3,16.6,11.5,2.0,208.0,44.6,12.6,37098.92,33993.75,1.2,0.0,0.0,3.12,0.0,8.0,0.8,50.0,,,,31.9,18.7,208.0,18.0,10.9
2019-01-08 00:00:00+00:00,11.7,0.0,28.8,7.0,7.2,17.0,10.8,1.0,227.0,50.0,12.82,37142.43,33990.02,2.7,0.0,0.0,3.32,0.0,11.0,1.6,52.0,,,,32.8,19.3,227.0,22.0,14.1
2019-01-09 00:00:00+00:00,10.6,0.0,15.3,7.3,5.7,15.0,11.5,3.0,217.0,26.3,11.71,37188.17,30207.89,2.7,0.0,0.0,2.29,0.0,48.0,1.6,56.0,,,,18.7,10.0,217.0,8.3,6.1
2019-01-10 00:00:00+00:00,11.6,0.0,13.3,8.2,5.2,17.4,13.6,3.0,76.0,25.9,13.93,37236.07,34144.71,2.0,0.0,0.0,2.89,0.0,27.0,-0.3,47.0,,,,15.7,8.8,76.0,6.5,1.9
2019-01-11 00:00:00+00:00,12.7,0.0,14.3,9.6,6.0,18.7,15.3,3.0,63.0,25.2,13.91,37286.04,31339.22,3.5,0.0,0.0,2.9,0.0,30.0,2.4,53.0,,,,17.4,9.5,63.0,8.6,4.9
2019-01-12 00:00:00+00:00,14.5,0.0,24.1,11.2,9.5,20.7,17.2,1.0,174.0,38.2,14.09,37338.03,34256.59,6.8,0.0,0.0,3.23,0.0,2.0,-0.2,39.0,,,,15.0,7.8,174.0,3.2,0.5
2019-01-13 00:00:00+00:00,13.3,0.0,32.4,7.8,10.0,17.4,10.4,3.0,224.0,56.9,13.52,37391.94,32454.75,5.4,0.0,0.0,4.19,0.0,19.0,0.9,44.0,,,,41.8,24.4,224.0,32.0,19.5
2019-01-14 00:00:00+00:00,13.4,0.5,22.7,9.2,10.4,18.1,13.1,51.0,220.0,38.2,11.33,37447.71,33690.43,6.4,2.0,0.5,3.39,0.0,26.0,2.2,49.0,,,,29.9,17.1,220.0,22.0,11.8
2019-01-15 00:00:00+00:00,12.0,0.0,33.4,6.1,7.0,17.0,9.7,0.0,199.0,56.9,14.37,37505.26,34439.55,2.0,0.0,0.0,4.46,0.0,0.0,-2.5,39.0,,,,40.3,24.1,199.0,26.6,16.8
2019-01-16 00:00:00+00:00,11.7,0.0,41.6,5.5,9.0,15.5,8.5,3.0,240.0,69.5,12.84,37564.51,32985.05,3.4,0.0,0.0,4.18,0.0,18.0,-1.4,42.0,,,,46.6,26.9,240.0,31.3,16.7
2019-01-17 00:00:00+00:00,11.1,0.0,18.4,7.9,6.5,16.0,13.3,3.0,216.0,32.0,8.17,37625.39,17840.07,2.6,0.0,0.0,2.06,0.0,68.0,3.2,59.0,,,,21.8,11.9,216.0,9.0,4.1
2019-01-18 00:00:00+00:00,13.6,0.0,11.6,11.2,9.6,18.3,15.0,2.0,42.0,22.3,14.25,37687.84,34638.57,7.6,0.0,0.0,2.68,0.0,15.0,4.2,56.0,,,,13.6,7.2,42.0,4.7,2.2
2019-01-19 00:00:00+00:00,13.3,0.0,19.5,10.3,7.8,18.5,14.6,3.0,61.0,35.6,14.03,37751.84,34708.31,5.4,0.0,0.0,2.91,0.0,29.0,5.9,64.0,,,,23.6,13.5,61.0,14.4,8.0
2019-01-20 00:00:00+00:00,13.8,0.0,18.6,11.2,9.7,17.9,15.2,3.0,68.0,31.7,8.78,37818.11,17098.46,7.4,0.0,0.0,2.12,0.0,89.0,6.9,65.0,,,,21.7,12.2,68.0,9.0,5.3
2019-01-21 00:00:00+00:00,16.3,0.0,10.0,14.2,10.3,23.7,21.0,3.0,164.0,16.9,14.07,37886.71,33598.11,8.3,0.0,0.0,2.96,0.0,48.0,4.3,49.0,,,,12.6,6.2,164.0,7.2,1.8
2019-01-22 00:00:00+00:00,13.9,0.0,14.5,12.3,7.8,19.8,18.3,0.0,357.0,22.3,13.82,37957.54,34411.51,5.8,0.0,0.0,2.36,0.0,2.0,6.5,63.0,,,,11.9,5.8,357.0,4.0,1.1
2019-01-23 00:00:00+00:00,15.3,0.0,18.6,12.7,9.9,21.2,18.3,3.0,130.0,29.2,11.4,38030.46,31842.15,7.4,0.0,0.0,2.87,0.0,66.0,4.7,54.0,,,,17.7,9.8,130.0,10.1,1.8
2019-01-24 00:00:00+00:00,15.4,0.0,23.1,10.4,11.3,20.5,15.5,3.0,202.0,40.0,14.73,38105.39,35092.99,6.3,0.0,0.0,4.92,0.0,27.0,-1.8,31.0,,,,32.2,18.4,202.0,11.5,6.9
2019-01-25 00:00:00+00:00,15.2,0.0,13.2,11.7,9.6,22.0,18.2,3.0,167.0,25.6,15.1,38182.18,35160.14,6.3,0.0,0.0,3.76,0.0,19.0,-0.9,36.0,,,,16.2,9.2,167.0,8.6,4.0
2019-01-26 00:00:00+00:00,16.4,0.0,23.7,11.6,11.2,23.7,18.6,0.0,187.0,41.0,15.25,38260.72,35189.21,6.0,0.0,0.0,5.07,0.0,0.0,-1.7,30.0,,,,28.3,16.9,187.0,16.9,11.0
2019-01-27 00:00:00+00:00,12.9,0.0,22.2,8.5,8.7,16.9,11.6,0.0,230.0,40.7,15.44,38340.91,35219.83,4.6,0.0,0.0,3.85,0.0,0.0,-1.8,37.0,,,,24.8,14.2,230.0,11.5,6.8
2019-01-28 00:00:00+00:00,13.0,0.0,19.1,9.1,8.1,18.6,14.4,1.0,224.0,36.0,15.19,38422.62,35251.95,4.3,0.0,0.0,3.57,0.0,5.0,0.6,44.0,,,,23.2,13.0,224.0,10.8,7.1
2019-01-29 00:00:00+00:00,14.3,0.0,15.9,10.3,9.0,20.2,16.3,3.0,166.0,29.5,15.18,38505.77,33106.32,5.0,0.0,0.0,3.89,0.0,38.0,-0.5,39.0,,,,21.9,12.6,166.0,13.7,8.4
2019-01-30 00:00:00+00:00,14.0,0.0,23.9,9.4,9.1,19.6,14.5,1.0,209.0,41.4,15.78,38590.21,35320.47,4.2,0.0,0.0,4.3,0.0,1.0,-2.0,35.0,,,,27.3,15.5,209.0,15.1,8.4
2019-01-31 00:00:00+00:00,14.0,0.0,19.0,9.4,8.5,20.0,15.1,2.0,191.0,35.6,15.6,38675.88,35356.77,3.8,0.0,0.0,4.29,0.0,7.0,-3.2,32.0,,,,24.0,14.0,191.0,14.0,9.0
2019-02-01 00:00:00+00:00,15.6,0.0,15.2,11.6,10.0,22.3,19.1,0.0,187.0,27.0,15.79,38762.64,35394.38,5.5,0.0,0.0,4.29,0.0,0.0,-2.9,29.0,,,,19.3,10.8,187.0,14.4,4.9
2019-02-02 00:00:00+00:00,15.2,0.0,17.8,11.7,9.1,20.7,17.7,3.0,53.0,31.0,15.51,38850.39,35433.23,5.9,0.0,0.0,4.01,0.0,40.0,1.6,41.0,,,,21.9,12.4,53.0,9.7,6.4
2019-02-03 00:00:00+00:00,15.1,0.0,23.3,11.5,9.5,22.5,17.8,3.0,52.0,40.7,16.08,38939.05,35473.3,6.6,0.0,0.0,3.89,0.0,37.0,6.0,61.0,,,,31.3,18.4,52.0,23.0,14.3
2019-02-04 00:00:00+00:00,18.1,0.0,14.9,15.9,11.4,26.7,25.1,0.0,145.0,27.0,16.17,39028.5,35514.53,9.2,0.0,0.0,3.72,0.0,0.0,4.8,45.0,,,,15.2,7.7,145.0,4.3,1.8
2019-02-05 00:00:00+00:00,21.6,0.0,22.2,18.6,14.4,30.6,26.7,3.0,181.0,52.9,14.21,39118.64,35556.88,11.8,0.0,0.0,5.27,0.0,25.0,6.4,40.0,,,,28.7,14.5,181.0,15.1,6.5
2019-02-06 00:00:00+00:00,13.3,5.4,10.7,11.1,10.1,16.8,14.4,55.0,321.0,32.0,9.67,39209.38,28800.0,8.0,12.0,5.4,2.11,0.0,56.0,5.0,59.0,,,,19.2,7.3,321.0,5.0,2.5
2019-02-07 00:00:00+00:00,12.7,0.0,22.6,9.5,8.3,18.1,14.4,0.0,189.0,38.9,16.48,39300.64,35644.78,4.7,0.0,0.0,3.09,0.0,0.0,6.0,67.0,,,,26.3,15.6,189.0,13.3,8.9
2019-02-08 00:00:00+00:00,13.6,0.0,21.5,10.4,9.3,19.2,15.2,1.0,211.0,37.8,16.16,39392.39,35690.27,5.9,0.0,0.0,3.29,0.0,6.0,5.7,62.0,,,,25.9,15.0,211.0,12.2,5.8
2019-02-09 00:00:00+00:00,13.7,0.0,12.1,12.1,8.9,18.4,15.7,2.0,285.0,24.5,13.2,39485.5,35737.33,7.6,0.0,0.0,2.39,0.0,23.0,7.6,69.0,,,,13.3,6.7,285.0,4.7,2.5
2019-02-10 00:00:00+00:00,13.9,0.0,17.4,11.8,9.3,18.4,14.6,3.0,312.0,33.8,12.36,39580.11,30305.04,7.3,0.0,0.0,2.55,0.0,43.0,6.6,64.0,,,,17.4,8.6,312.0,3.2,0.5
2019-02-11 00:00:00+00:00,13.6,0.0,8.4,12.1,9.2,18.4,16.2,3.0,295.0,19.8,12.28,39676.1,29360.3,7.9,0.0,0.0,2.18,0.0,34.0,6.8,66.0,,,,11.0,4.8,295.0,4.3,1.1
2019-02-12 00:00:00+00:00,14.6,0.0,17.7,11.6,9.7,19.9,17.2,3.0,76.0,27.7,16.78,39773.39,35888.36,6.9,0.0,0.0,3.64,0.0,25.0,4.3,53.0,,,,20.4,11.8,76.0,10.8,8.3
2019-02-13 00:00:00+00:00,14.8,0.0,16.9,12.0,9.4,20.6,17.2,2.0,203.0,31.7,17.17,39871.85,35941.67,7.6,0.0,0.0,3.66,0.0,17.0,4.2,53.0,,,,20.6,10.7,203.0,3.6,1.4
2019-02-14 00:00:00+00:00,12.9,0.7,31.7,8.3,9.8,16.4,10.7,51.0,226.0,52.9,15.96,39971.39,32396.3,6.3,4.0,0.7,3.85,0.0,34.0,1.8,49.0,,,,34.2,19.6,226.0,9.4,6.5
2019-02-15 00:00:00+00:00,12.2,1.6,25.3,8.3,9.3,16.0,11.4,51.0,215.0,43.6,9.42,40071.91,26560.81,4.8,8.0,1.6,2.62,0.0,48.0,4.7,61.0,,,,32.0,18.3,215.0,16.9,7.1
2019-02-16 00:00:00+00:00,12.8,0.0,20.7,9.8,8.2,18.1,13.5,3.0,227.0,40.0,15.46,40173.29,27992.36,5.6,0.0,0.0,3.11,0.0,29.0,4.7,63.0,,,,23.2,13.3,227.0,13.0,8.2
2019-02-17 00:00:00+00:00,13.4,0.1,17.8,9.8,9.2,18.9,14.2,51.0,217.0,37.8,14.17,40275.46,36000.0,5.8,1.0,0.1,3.42,0.0,34.0,2.1,50.0,,,,23.1,13.0,217.0,10.8,6.6
2019-02-18 00:00:00+00:00,12.6,0.1,14.1,9.5,7.5,16.8,13.3,51.0,302.0,28.4,13.09,40378.3,33334.14,4.7,1.0,0.1,2.92,0.0,34.0,2.5,52.0,,,,18.8,10.1,302.0,8.6,3.5
2019-02-19 00:00:00+00:00,14.0,0.0,10.3,12.2,8.9,20.0,17.4,2.0,337.0,18.7,15.31,40481.73,35060.77,7.4,0.0,0.0,2.88,0.0,23.0,5.3,59.0,,,,11.9,5.1,337.0,3.2,0.4
2019-02-20 00:00:00+00:00,14.8,0.1,20.2,12.6,10.3,19.6,17.0,51.0,8.0,33.5,14.16,40585.66,36000.0,8.4,1.0,0.1,2.98,0.0,32.0,5.4,57.0,,,,16.5,8.2,8.0,10.4,3.6
2019-02-21 00:00:00+00:00,14.7,0.1,16.1,12.2,8.9,19.4,17.2,51.0,353.0,29.9,13.79,40689.97,28961.38,7.1,1.0,0.1,3.13,0.0,31.0,4.7,53.0,,,,17.9,8.9,353.0,5.0,2.7
2019-02-22 00:00:00+00:00,14.7,0.0,16.1,12.7,9.6,19.8,16.7,3.0,309.0,27.7,14.39,40794.59,30709.81,8.3,0.0,0.0,3.05,0.0,39.0,5.8,58.0,,,,15.8,7.6,309.0,3.2,1.5
2019-02-23 00:00:00+00:00,15.3,0.0,10.0,13.2,9.8,20.0,16.9,3.0,236.0,24.1,16.06,40899.43,36306.87,8.0,0.0,0.0,3.11,0.0,19.0,4.2,51.0,,,,12.9,6.0,236.0,2.9,0.5
2019-02-24 00:00:00+00:00,16.4,0.0,18.7,13.2,8.9,23.6,20.5,2.0,83.0,31.0,18.87,41004.4,36411.76,5.6,0.0,0.0,4.64,0.0,5.0,1.4,39.0,,,,18.5,10.1,83.0,7.2,1.8
2019-02-25 00:00:00+00:00,20.8,0.0,20.3,17.0,13.0,30.6,25.6,0.0,191.0,42.1,19.13,41109.41,36408.8,10.4,0.0,0.0,6.02,0.0,0.0,-0.3,28.0,,,,24.1,12.8,191.0,8.6,4.4
2019-02-26 00:00:00+00:00,16.5,0.0,25.8,12.3,10.9,21.1,16.3,3.0,254.0,44.6,18.68,41214.38,35575.91,6.8,0.0,0.0,5.13,0.0,59.0,1.1,37.0,,,,30.6,17.3,254.0,19.4,10.8
2019-02-27 00:00:00+00:00,15.4,0.0,26.8,12.3,11.1,20.4,15.5,3.0,263.0,46.8,16.28,41319.21,36000.0,9.4,0.0,0.0,3.71,0.0,36.0,6.8,61.0,,,,29.7,16.6,263.0,15.5,8.9
2019-02-28 00:00:00+00:00,14.1,0.7,32.0,9.8,11.4,17.5,11.5,51.0,276.0,54.7,15.33,41423.91,35686.61,8.4,4.0,0.7,3.75,0.0,31.0,4.6,54.0,,,,35.7,20.5,276.0,19.4,11.7
2019-03-01 00:00:00+00:00,14.0,0.4,20.8,10.6,10.9,17.0,13.5,51.0,281.0,38.2,9.45,41529.3,16989.77,7.7,4.0,0.4,2.81,0.0,77.0,3.1,48.0,,,,22.8,12.2,281.0,7.9,2.6
2019-03-02 00:00:00+00:00,15.0,0.0,20.7,11.6,10.4,20.1,15.6,3.0,229.0,40.0,18.72,41635.54,36864.54,7.7,0.0,0.0,4.11,0.0,28.0,1.3,44.0,,,,20.6,11.2,229.0,4.3,2.0
2019-03-03 00:00:00+00:00,15.5,0.0,28.0,10.9,9.4,22.2,16.5,2.0,217.0,47.9,19.97,41742.56,36623.65,5.1,0.0,0.0,5.3,0.0,9.0,0.1,38.0,,,,31.5,18.1,217.0,13.0,7.8
2019-03-04 00:00:00+00:00,15.8,0.1,14.2,13.8,10.2,21.0,18.4,51.0,263.0,28.4,14.77,41850.26,35431.07,8.6,1.0,0.1,3.21,0.0,35.0,7.1,60.0,,,,17.9,9.4,263.0,10.8,6.9
2019-03-05 00:00:00+00:00,14.2,2.9,19.6,12.6,11.4,19.2,17.5,55.0,1.0,34.6,15.36,41958.56,35857.93,9.5,7.0,2.9,2.66,0.0,47.0,9.1,72.0,,,,22.2,10.1,1.0,13.0,5.2
2019-03-06 00:00:00+00:00,13.9,0.0,14.4,12.2,8.6,19.6,16.9,3.0,46.0,27.7,15.74,42067.39,34096.43,7.0,0.0,0.0,2.85,0.0,19.0,8.1,71.0,,,,16.8,8.9,46.0,9.0,3.9
2019-03-07 00:00:00+00:00,15.3,0.0,16.9,13.4,9.0,21.8,19.4,0.0,24.0,29.5,20.58,42176.66,37230.77,7.6,0.0,0.0,3.94,0.0,2.0,7.9,66.0,,,,21.1,11.2,24.0,9.0,6.2
2019-03-08 00:00:00+00:00,16.0,0.0,21.1,13.6,10.6,22.4,19.1,1.0,51.0,37.4,19.93,42286.29,37370.81,9.2,0.0,0.0,4.22,0.0,9.0,7.6,62.0,,,,25.0,14.0,51.0,13.7,7.2
2019-03-09 00:00:00+00:00,16.4,0.0,27.7,12.8,10.2,23.6,18.8,0.0,54.0,48.2,21.47,42396.2,37804.87,7.6,0.0,0.0,4.94,0.0,0.0,6.4,58.0,,,,35.4,20.4,54.0,24.8,15.3
2019-03-10 00:00:00+00:00,17.2,0.0,17.8,14.6,11.6,25.4,22.3,3.0,22.0,29.9,20.57,42506.33,34531.21,9.4,0.0,0.0,4.64,0.0,26.0,6.6,58.0,,,,26.9,14.6,22.0,19.8,9.2
2019-03-11 00:00:00+00:00,17.3,0.0,15.0,15.6,9.8,24.7,22.7,0.0,48.0,28.1,21.36,42616.59,38039.85,8.5,0.0,0.0,4.52,0.0,0.0,7.2,57.0,,,,17.6,9.0,48.0,7.9,4.2
2019-03-12 00:00:00+00:00,18.8,0.0,18.9,16.0,12.2,25.6,22.4,3.0,55.0,36.0,19.4,42726.89,33567.68,10.2,0.0,0.0,4.74,0.0,53.0,3.5,42.0,,,,20.8,10.8,55.0,6.5,3.9
2019-03-13 00:00:00+00:00,17.1,0.0,30.4,12.5,12.8,22.7,18.7,2.0,228.0,52.9,21.49,42837.18,38072.54,8.6,0.0,0.0,6.0,0.0,14.0,0.5,34.0,,,,33.2,19.3,228.0,9.4,6.7
2019-03-14 00:00:00+00:00,16.0,0.4,21.8,13.0,11.6,20.1,17.0,51.0,264.0,38.9,13.23,42947.37,23850.72,8.6,2.0,0.4,3.52,0.0,48.0,6.5,55.0,,,,28.2,15.2,264.0,4.3,1.3
2019-03-15 00:00:00+00:00,17.1,0.0,26.7,14.0,11.2,23.4,18.8,1.0,240.0,47.2,22.03,43057.38,38673.0,9.0,0.0,0.0,5.21,0.0,4.0,4.0,49.0,,,,26.3,14.5,240.0,4.3,1.0
2019-03-16 00:00:00+00:00,15.2,0.6,30.3,11.6,12.0,19.1,13.7,51.0,282.0,53.3,16.82,43167.13,36505.04,9.6,5.0,0.6,3.96,0.0,30.0,5.4,53.0,,,,31.7,17.5,282.0,8.3,4.7
2019-03-17 00:00:00+00:00,16.3,0.0,14.7,14.0,11.1,21.7,19.7,3.0,287.0,31.7,20.94,43276.57,38936.48,9.2,0.0,0.0,4.21,0.0,20.0,5.2,51.0,,,,18.5,9.3,287.0,9.4,4.7
2019-03-18 00:00:00+00:00,18.0,0.0,18.8,15.6,10.9,25.0,22.4,0.0,60.0,29.9,22.38,43385.59,39585.84,9.4,0.0,0.0,5.1,0.0,0.0,5.9,50.0,,,,21.8,11.8,60.0,11.2,5.6
2019-03-19 00:00:00+00:00,18.2,0.0,24.2,15.8,11.6,26.0,23.3,3.0,47.0,38.5,20.81,43494.14,32348.76,10.1,0.0,0.0,4.97,0.0,19.0,8.5,59.0,,,,29.1,16.2,47.0,20.2,12.1
2019-03-20 00:00:00+00:00,18.4,0.0,21.6,16.2,13.2,25.4,23.0,3.0,44.0,34.6,20.92,43602.21,36815.42,12.0,0.0,0.0,4.72,0.0,59.0,9.7,62.0,,,,29.4,16.5,44.0,21.2,13.2
2019-03-21 00:00:00+00:00,19.3,0.0,19.5,17.4,13.9,25.9,23.9,3.0,47.0,31.7,21.72,43710.57,38370.02,12.4,0.0,0.0,4.97,0.0,33.0,9.8,60.0,,,,27.6,15.1,47.0,18.7,11.1
2019-03-22 00:00:00+00:00,19.6,0.0,18.4,17.0,12.6,26.4,22.9,3.0,54.0,36.4,22.65,43819.35,39074.75,11.3,0.0,0.0,5.63,0.0,31.0,6.5,50.0,,,,26.8,14.8,54.0,19.4,12.0
2019-03-23 00:00:00+00:00,20.8,0.0,30.1,16.7,15.9,26.6,22.3,3.0,60.0,49.7,18.33,43928.5,33494.62,12.7,0.0,0.0,6.48,0.0,58.0,5.4,38.0,,,,36.4,21.3,60.0,11.5,5.2
2019-03-24 00:00:00+00:00,18.4,0.0,26.3,15.4,14.4,23.4,19.6,2.0,327.0,45.7,18.32,44037.94,38783.0,12.6,0.0,0.0,4.81,0.0,20.0,8.7,58.0,,,,34.5,19.2,327.0,22.3,11.2
2019-03-25 00:00:00+00:00,16.2,1.2,20.9,12.9,11.7,21.0,16.3,53.0,294.0,42.8,14.94,44147.61,31749.02,9.2,3.0,1.2,4.0,0.0,43.0,4.8,50.0,,,,28.1,14.9,294.0,16.9,8.7
2019-03-26 00:00:00+00:00,16.5,0.0,19.1,13.8,10.8,22.6,19.1,3.0,253.0,35.6,19.77,44257.43,39918.65,8.5,0.0,0.0,4.43,0.0,21.0,4.9,50.0,,,,21.4,11.3,253.0,9.4,5.4
2019-03-27 00:00:00+00:00,18.5,0.0,16.1,16.4,11.7,24.1,21.7,2.0,292.0,33.1,23.19,44367.34,41507.75,10.7,0.0,0.0,5.04,0.0,10.0,5.0,45.0,,,,18.0,8.5,292.0,4.7,1.3
2019-03-28 00:00:00+00:00,19.9,0.0,11.8,17.9,12.5,26.6,24.2,3.0,225.0,26.3,22.82,44477.27,38890.65,11.4,0.0,0.0,4.97,0.0,49.0,3.5,40.0,,,,14.2,6.3,225.0,3.2,0.8
2019-03-29 00:00:00+00:00,22.6,0.3,24.8,18.2,18.2,29.0,25.0,51.0,215.0,47.5,18.87,44587.15,36471.27,13.9,2.0,0.3,7.19,0.0,54.0,0.6,25.0,,,,31.8,17.6,215.0,6.8,6.1
2019-03-30 00:00:00+00:00,16.3,2.6,33.0,12.8,13.5,19.2,14.4,53.0,256.0,58.0,15.46,44696.9,28007.59,11.2,11.0,2.6,3.95,0.0,45.0,7.6,57.0,,,,37.5,20.6,256.0,17.3,10.5
2019-03-31 00:00:00+00:00,14.5,0.6,24.1,11.0,10.9,18.8,14.4,51.0,264.0,45.0,16.48,44806.45,32904.23,7.7,3.0,0.6,3.77,0.0,56.0,5.3,57.0,,,,31.2,17.0,264.0,18.0,8.0
2019-04-01 00:00:00+00:00,15.7,0.0,25.4,12.5,11.3,19.4,14.9,3.0,252.0,42.8,14.01,44915.74,25227.41,8.4,0.0,0.0,3.65,0.0,53.0,5.7,53.0,,,,26.3,14.6,252.0,6.5,1.8
2019-04-02 00:00:00+00:00,16.8,0.0,16.4,14.4,11.1,22.1,19.9,3.0,224.0,33.1,22.75,45024.69,40073.96,8.3,0.0,0.0,4.71,0.0,26.0,4.7,48.0,,,,19.0,9.9,224.0,7.2,3.3
2019-04-03 00:00:00+00:00,19.0,0.1,22.8,16.9,11.7,25.8,25.1,51.0,57.0,36.4,22.22,45133.23,41386.13,10.2,1.0,0.1,5.05,0.0,15.0,5.1,46.0,,,,18.7,8.7,57.0,6.5,0.4
2019-04-04 00:00:00+00:00,18.2,0.0,21.5,16.6,12.6,24.8,23.3,3.0,6.0,37.1,20.69,45241.28,37307.3,12.2,0.0,0.0,4.63,0.0,36.0,9.2,61.0,,,,24.0,12.1,6.0,14.8,7.6
2019-04-05 00:00:00+00:00,18.6,0.0,14.5,17.0,12.3,23.9,22.5,3.0,54.0,28.8,23.51,45348.77,41067.87,11.3,0.0,0.0,4.81,0.0,59.0,8.0,55.0,,,,19.7,9.9,54.0,11.2,5.8
2019-04-06 00:00:00+00:00,21.9,0.2,28.9,18.4,17.0,26.5,22.6,51.0,154.0,46.4,12.22,45455.62,16314.05,14.5,1.0,0.2,5.6,0.0,77.0,5.6,37.0,,,,28.9,16.6,154.0,18.7,10.1
2019-04-07 00:00:00+00:00,24.9,0.0,21.0,22.4,18.5,32.1,29.7,0.0,213.0,36.7,24.17,45561.75,42767.56,15.9,0.0,0.0,7.33,0.0,0.0,7.8,37.0,,,,28.9,15.5,213.0,14.8,8.8
2019-04-08 00:00:00+00:00,23.0,0.0,19.2,21.4,16.3,29.9,28.5,3.0,351.0,33.8,23.39,45667.1,39253.39,15.2,0.0,0.0,6.01,0.0,20.0,7.5,41.0,,,,19.1,9.4,351.0,10.1,1.1
2019-04-09 00:00:00+00:00,21.2,0.0,18.2,18.7,17.0,26.3,24.4,0.0,293.0,36.7,24.34,45771.65,42888.82,15.0,0.0,0.0,6.3,0.0,0.0,7.1,43.0,,,,27.5,14.7,293.0,16.9,9.7
2019-04-10 00:00:00+00:00,19.9,0.0,24.3,17.7,13.9,25.5,23.8,0.0,335.0,39.2,24.66,45876.13,42924.23,12.0,0.0,0.0,5.69,0.0,0.0,4.2,38.0,,,,18.9,9.0,335.0,5.4,1.8
2019-04-11 00:00:00+00:00,20.5,0.0,23.8,17.5,14.8,27.0,24.2,2.0,52.0,38.5,24.94,45980.67,42959.62,12.4,0.0,0.0,6.64,0.0,3.0,4.1,37.0,,,,26.4,14.2,52.0,11.9,4.7
2019-04-12 00:00:00+00:00,19.8,0.0,26.9,16.3,13.4,27.2,23.4,0.0,59.0,46.8,25.27,46085.21,42995.0,10.6,0.0,0.0,6.48,0.0,0.0,7.5,51.0,,,,37.5,21.8,59.0,30.2,16.3
2019-04-13 00:00:00+00:00,24.6,0.0,21.8,20.8,14.6,34.4,29.8,3.0,167.0,37.1,22.99,46189.67,43001.59,12.4,0.0,0.0,7.66,0.0,42.0,-0.2,33.0,,,,28.6,15.5,167.0,10.1,5.5
2019-04-14 00:00:00+00:00,23.2,0.0,19.9,20.4,18.7,27.2,25.1,3.0,269.0,37.4,22.79,46293.98,39441.73,16.3,0.0,0.0,6.75,0.0,87.0,6.0,35.0,,,,27.9,15.1,269.0,15.1,8.8
2019-04-15 00:00:00+00:00,17.4,8.0,17.3,16.1,15.8,19.4,17.9,61.0,39.0,28.4,6.27,46398.09,0.0,14.4,13.0,8.0,2.14,0.0,95.0,11.7,70.0,,,,23.5,12.7,39.0,16.2,5.0
2019-04-16 00:00:00+00:00,18.6,0.0,24.4,17.2,12.7,26.0,22.7,3.0,285.0,45.4,24.22,46501.89,43136.49,12.9,0.0,0.0,5.35,0.0,7.0,9.9,64.0,,,,23.0,12.2,285.0,7.2,2.4
2019-04-17 00:00:00+00:00,17.7,0.0,18.9,15.9,13.2,22.7,19.8,3.0,308.0,33.8,17.76,46605.34,39765.03,12.8,0.0,0.0,4.19,0.0,38.0,8.6,60.0,,,,20.9,10.8,308.0,7.6,4.0
2019-04-18 00:00:00+00:00,17.6,0.0,17.6,15.8,11.8,23.2,21.3,1.0,311.0,33.8,24.38,46708.34,43200.0,10.8,0.0,0.0,5.16,0.0,9.0,5.8,51.0,,,,18.0,8.2,311.0,5.0,0.4
2019-04-19 00:00:00+00:00,18.5,0.0,23.6,16.2,12.9,25.4,21.7,2.0,319.0,42.8,23.78,46810.83,43200.0,11.9,0.0,0.0,5.55,0.0,12.0,5.7,48.0,,,,22.3,11.3,319.0,6.1,3.4
2019-04-20 00:00:00+00:00,17.4,0.0,20.4,14.9,12.6,22.9,19.3,3.0,305.0,38.5,23.13,46912.73,43200.0,11.9,0.0,0.0,5.22,0.0,16.0,5.7,50.0,,,,24.6,12.8,305.0,5.8,1.1
2019-04-21 00:00:00+00:00,17.0,0.0,23.9,13.6,12.9,21.9,18.7,2.0,317.0,42.1,24.36,47013.95,42131.43,10.5,0.0,0.0,5.63,0.0,13.0,4.0,45.0,,,,29.6,16.3,317.0,17.6,10.3
2019-04-22 00:00:00+00:00,17.5,0.0,16.8,15.2,12.4,23.5,21.6,2.0,328.0,29.9,25.89,47114.42,43200.0,10.3,0.0,0.0,5.49,0.0,11.0,4.3,44.0,,,,20.4,9.9,328.0,4.7,1.8
2019-04-23 00:00:00+00:00,18.9,0.0,23.9,15.4,12.6,25.7,21.9,0.0,51.0,40.3,25.98,47214.05,43200.0,10.0,0.0,0.0,6.57,0.0,0.0,4.4,42.0,,,,30.0,17.0,51.0,13.7,8.4
2019-04-24 00:00:00+00:00,20.5,0.0,33.6,16.3,14.1,28.6,23.7,3.0,48.0,56.9,24.72,47312.77,41928.17,10.5,0.0,0.0,7.24,0.0,36.0,6.9,48.0,,,,44.5,26.1,48.0,34.2,20.7
2019-04-25 00:00:00+00:00,22.8,0.0,30.3,18.5,15.5,31.7,26.1,3.0,44.0,54.4,25.44,47410.48,42978.9,12.6,0.0,0.0,8.44,0.0,21.0,5.4,40.0,,,,42.3,24.7,44.0,29.2,17.4
2019-04-26 00:00:00+00:00,23.6,0.0,24.7,20.5,15.5,32.1,29.0,1.0,42.0,41.8,25.86,47507.11,43200.0,13.5,0.0,0.0,8.03,0.0,4.0,7.1,39.0,,,,33.3,18.9,42.0,22.7,13.8
2019-04-27 00:00:00+00:00,25.1,0.0,19.9,22.5,17.0,33.1,31.4,0.0,18.0,33.8,26.24,47602.55,43200.0,15.3,0.0,0.0,7.92,0.0,0.0,5.6,33.0,,,,25.9,13.9,18.0,18.0,9.9
2019-04-28 00:00:00+00:00,26.6,0.0,20.4,24.6,16.8,35.0,33.8,0.0,111.0,32.4,26.43,47696.73,43200.0,14.7,0.0,0.0,6.89,0.0,0.0,2.7,25.0,,,,16.0,7.0,111.0,7.2,0.8
2019-04-29 00:00:00+00:00,26.9,0.0,19.8,25.5,19.7,33.4,31.6,3.0,272.0,38.2,26.54,47789.61,43181.35,19.9,0.0,0.0,7.73,0.0,38.0,9.5,37.0,,,,25.2,12.7,272.0,10.1,2.2
2019-04-30 00:00:00+00:00,26.3,0.0,22.9,24.5,19.8,34.0,32.4,3.0,43.0,37.4,22.06,47881.9,30158.96,19.0,0.0,0.0,7.39,0.0,44.0,10.1,41.0,,,,28.3,15.5,43.0,11.2,6.6
2019-05-01 00:00:00+00:00,30.4,0.0,28.1,27.7,21.9,39.7,36.9,1.0,344.0,50.4,25.9,47973.72,43200.0,19.2,0.0,0.0,9.09,0.0,4.0,5.5,23.0,,,,26.7,13.7,344.0,8.3,3.2
2019-05-02 00:00:00+00:00,28.0,0.0,21.4,26.2,22.1,35.0,33.9,3.0,24.0,40.0,17.61,48064.98,19465.5,21.3,0.0,0.0,6.96,0.0,85.0,9.5,34.0,,,,27.1,13.6,24.0,9.4,5.9
2019-05-03 00:00:00+00:00,24.0,0.0,20.4,21.8,18.7,30.2,28.2,1.0,347.0,38.9,26.8,48155.62,43200.0,16.8,0.0,0.0,7.49,0.0,4.0,8.5,41.0,,,,29.4,15.7,347.0,18.0,10.4
2019-05-04 00:00:00+00:00,21.9,0.0,22.1,19.6,14.8,29.1,26.4,3.0,49.0,37.8,26.73,48245.56,42376.82,14.0,0.0,0.0,6.75,0.0,63.0,6.5,44.0,,,,25.3,13.4,49.0,11.9,6.9
2019-05-05 00:00:00+00:00,26.2,0.0,19.0,23.0,16.5,36.0,32.6,3.0,65.0,34.9,23.72,48334.71,38360.7,13.9,0.0,0.0,7.63,0.0,54.0,3.1,33.0,,,,27.6,15.0,65.0,19.1,9.7
2019-05-06 00:00:00+00:00,28.1,0.0,21.3,24.6,21.3,33.3,32.2,3.0,267.0,40.7,23.53,48423.01,39659.11,19.3,0.0,0.0,8.99,0.0,52.0,3.2,22.0,,,,30.8,16.9,267.0,21.2,8.7
2019-05-07 00:00:00+00:00,22.7,0.0,17.6,20.9,17.0,28.7,27.4,3.0,350.0,35.6,27.16,48510.36,43200.0,16.6,0.0,0.0,6.83,0.0,20.0,8.8,47.0,,,,27.1,14.2,350.0,15.1,8.0
2019-05-08 00:00:00+00:00,21.7,0.0,21.3,20.0,16.3,26.9,25.9,1.0,340.0,35.6,26.79,48596.68,43374.2,15.7,0.0,0.0,6.55,0.0,4.0,8.3,46.0,,,,24.9,12.8,340.0,15.1,7.7
2019-05-09 00:00:00+00:00,20.4,0.0,20.7,18.6,14.8,26.2,24.5,3.0,342.0,37.8,24.09,48681.89,43368.23,13.9,0.0,0.0,5.7,0.0,16.0,7.6,47.0,,,,23.2,11.1,342.0,10.8,5.2
2019-05-10 00:00:00+00:00,21.6,0.0,21.7,20.0,14.9,27.6,26.4,0.0,46.0,36.7,27.41,48765.9,43481.67,13.6,0.0,0.0,6.1,0.0,0.0,6.7,42.0,,,,20.1,9.1,46.0,10.8,1.9
2019-05-11 00:00:00+00:00,25.3,0.0,19.9,23.2,17.2,32.4,30.7,0.0,67.0,32.4,27.14,48848.63,43477.16,15.6,0.0,0.0,7.33,0.0,0.0,5.2,32.0,,,,21.4,10.3,67.0,9.0,1.1
2019-05-12 00:00:00+00:00,29.6,0.0,26.9,26.8,22.3,36.5,36.4,0.0,87.0,43.2,27.58,48929.98,43595.21,18.5,0.0,0.0,8.57,0.0,0.0,1.8,18.0,,,,22.4,11.1,87.0,6.1,2.8
2019-05-13 00:00:00+00:00,29.7,0.0,29.3,26.5,22.2,37.0,35.4,0.0,66.0,49.3,27.78,49009.88,43716.12,19.2,0.0,0.0,9.39,0.0,0.0,2.9,20.0,,,,26.7,14.1,66.0,6.5,1.8
2019-05-14 00:00:00+00:00,30.6,0.0,28.2,25.5,24.8,37.5,34.1,0.0,66.0,46.4,27.98,49088.21,43714.27,19.4,0.0,0.0,12.19,0.0,1.0,0.6,16.0,,,,40.9,23.7,66.0,35.6,19.4
2019-05-15 00:00:00+00:00,30.9,0.0,26.5,26.7,22.8,39.4,36.4,0.0,55.0,42.1,28.14,49164.9,43839.12,18.5,0.0,0.0,11.09,0.0,0.0,0.4,16.0,,,,33.2,18.6,55.0,23.8,13.9
2019-05-16 00:00:00+00:00,32.6,0.0,27.6,29.4,22.9,40.9,39.8,3.0,67.0,44.6,27.94,49239.85,43838.34,19.6,0.0,0.0,9.4,0.0,8.0,1.0,16.0,,,,26.5,12.3,67.0,15.8,2.9
2019-05-17 00:00:00+00:00,26.7,0.0,19.3,25.0,20.0,32.3,30.5,0.0,282.0,36.7,27.94,49312.95,43837.44,20.6,0.0,0.0,8.05,0.0,0.0,8.6,37.0,,,,26.0,13.5,282.0,14.0,7.6
2019-05-18 00:00:00+00:00,28.2,0.0,23.2,25.0,20.2,35.9,32.8,0.0,318.0,39.2,28.14,49384.13,43966.88,17.5,0.0,0.0,9.12,0.0,0.0,2.4,21.0,,,,25.8,13.9,318.0,6.5,4.5
2019-05-19 00:00:00+00:00,25.4,0.0,23.6,23.8,17.8,33.4,31.1,2.0,39.0,38.5,27.99,49453.33,44098.43,18.0,0.0,0.0,7.84,0.0,4.0,10.0,44.0,,,,28.2,15.5,39.0,16.9,10.5
2019-05-20 00:00:00+00:00,27.4,0.0,23.2,24.8,18.7,35.5,32.3,2.0,52.0,42.8,28.13,49521.12,44099.41,17.6,0.0,0.0,9.23,0.0,4.0,8.5,36.0,,,,32.4,18.3,52.0,21.6,13.3
2019-05-21 00:00:00+00:00,30.5,0.0,26.7,27.3,22.0,39.6,36.1,1.0,59.0,46.4,28.08,49587.61,44233.75,20.6,0.0,0.0,10.97,0.0,4.0,7.6,28.0,,,,36.3,21.0,59.0,22.3,12.0
2019-05-22 00:00:00+00:00,34.7,0.0,25.9,30.8,25.0,43.2,40.8,2.0,77.0,43.9,28.26,49652.71,44235.43,21.1,0.0,0.0,11.54,0.0,14.0,1.5,14.0,,,,31.1,17.2,77.0,23.8,11.4
2019-05-23 00:00:00+00:00,37.4,0.0,23.5,33.6,28.6,44.8,41.6,3.0,197.0,40.3,28.3,49716.38,44372.24,25.3,0.0,0.0,11.19,0.0,29.0,-0.7,10.0,,,,26.4,14.0,197.0,9.7,5.6
2019-05-24 00:00:00+00:00,33.4,0.0,21.3,31.2,26.3,39.9,39.7,3.0,297.0,35.6,27.65,49778.55,43200.0,24.5,0.0,0.0,10.11,0.0,51.0,7.2,21.0,,,,27.4,14.7,297.0,13.7,6.5
2019-05-25 00:00:00+00:00,27.6,0.0,23.6,26.4,21.1,35.6,34.7,2.0,13.0,46.8,27.76,49839.15,44376.58,21.1,0.0,0.0,8.21,0.0,24.0,11.1,40.0,,,,28.2,14.9,13.0,19.1,10.8
2019-05-26 00:00:00+00:00,26.2,0.0,26.0,24.7,19.0,34.1,32.1,3.0,37.0,42.1,28.8,49898.11,44653.72,18.7,0.0,0.0,8.11,0.0,16.0,11.3,45.0,,,,31.4,17.2,37.0,23.0,12.9
2019-05-27 00:00:00+00:00,26.9,0.0,20.1,25.4,19.0,34.7,32.9,3.0,46.0,37.1,28.15,49955.37,44380.36,19.0,0.0,0.0,8.15,0.0,68.0,11.2,45.0,,,,30.5,17.0,46.0,25.2,14.1
2019-05-28 00:00:00+00:00,27.9,0.0,22.4,26.4,19.0,36.8,34.6,1.0,44.0,38.5,28.51,50010.86,44675.48,19.4,0.0,0.0,8.81,0.0,8.0,11.9,45.0,,,,32.0,18.2,44.0,22.3,13.9
2019-05-29 00:00:00+00:00,29.6,0.0,26.7,27.7,20.7,39.2,36.9,0.0,32.0,45.7,28.92,50064.5,44917.96,21.4,0.0,0.0,10.06,0.0,0.0,10.6,38.0,,,,33.5,19.0,32.0,20.2,11.6
2019-05-30 00:00:00+00:00,30.1,0.0,28.2,27.8,20.9,40.1,38.5,1.0,22.0,47.9,28.5,50116.24,44917.16,19.8,0.0,0.0,10.4,0.0,2.0,10.0,33.0,,,,34.0,19.2,22.0,21.2,12.5
2019-05-31 00:00:00+00:00,30.5,0.0,23.9,28.6,21.7,39.7,37.6,3.0,8.0,41.8,27.44,50166.0,44916.04,21.6,0.0,0.0,9.65,0.0,25.0,10.4,34.0,,,,30.0,16.5,8.0,16.2,9.0
2019-06-01 00:00:00+00:00,30.0,0.0,26.1,28.7,21.9,38.8,37.0,3.0,19.0,42.8,28.36,50213.73,44914.65,22.7,0.0,0.0,9.42,0.0,25.0,11.4,38.0,,,,29.7,16.3,19.0,16.9,10.3
2019-06-02 00:00:00+00:00,30.2,0.0,27.6,28.5,22.1,38.9,37.2,0.0,37.0,46.1,28.38,50259.33,45165.73,22.3,0.0,0.0,9.87,0.0,0.0,11.5,36.0,,,,32.2,18.1,37.0,18.7,11.3
2019-06-03 00:00:00+00:00,30.4,0.0,28.0,28.9,22.5,38.5,36.7,3.0,47.0,47.2,28.0,50302.76,45023.75,23.2,0.0,0.0,10.1,0.0,22.0,14.0,42.0,,,,38.6,22.3,47.0,25.6,15.8
2019-06-04 00:00:00+00:00,29.4,0.0,34.9,27.3,24.0,34.9,32.2,3.0,35.0,55.1,20.77,50343.93,40827.84,24.0,0.0,0.0,8.97,0.0,72.0,14.1,41.0,,,,42.2,24.5,35.0,27.0,16.3
2019-06-05 00:00:00+00:00,29.5,0.0,27.0,28.3,24.7,35.7,34.5,3.0,39.0,43.9,14.74,50382.78,17899.77,24.1,0.0,0.0,6.94,0.0,88.0,14.4,41.0,,,,33.0,18.3,39.0,20.9,10.7
2019-06-06 00:00:00+00:00,29.4,0.0,28.6,28.5,22.9,37.1,36.8,3.0,41.0,46.8,28.46,50419.24,45253.01,23.3,0.0,0.0,9.38,0.0,27.0,14.3,45.0,,,,35.4,20.0,41.0,20.9,12.8
2019-06-07 00:00:00+00:00,27.9,0.0,27.9,26.9,20.9,36.1,35.8,1.0,19.0,49.3,28.64,50453.24,45682.66,20.7,0.0,0.0,8.64,0.0,2.0,12.8,43.0,,,,30.8,16.6,19.0,19.4,11.9
2019-06-08 00:00:00+00:00,27.1,0.0,19.5,27.1,20.0,33.8,33.9,2.0,331.0,32.8,28.43,50484.75,44015.86,21.5,0.0,0.0,7.55,0.0,18.0,14.2,49.0,,,,25.1,12.9,331.0,13.7,7.6
2019-06-09 00:00:00+00:00,27.8,0.0,16.9,28.1,20.7,33.8,33.5,0.0,280.0,34.9,28.9,50514.02,45803.53,22.8,0.0,0.0,7.27,0.0,0.0,13.4,47.0,,,,20.6,9.8,280.0,7.9,5.1
2019-06-10 00:00:00+00:00,29.7,0.0,20.2,29.6,22.2,35.7,34.5,1.0,271.0,39.2,28.28,50541.1,45804.63,24.8,0.0,0.0,7.62,0.0,4.0,12.2,40.0,,,,20.9,9.9,271.0,7.6,1.3
2019-06-11 00:00:00+00:00,31.2,0.0,25.2,30.8,24.0,38.5,37.4,1.0,289.0,44.6,28.63,50565.98,46047.34,26.1,0.0,0.0,8.86,0.0,4.0,13.1,38.0,,,,27.5,13.7,289.0,4.3,2.9
2019-06-12 00:00:00+00:00,28.8,0.0,19.2,29.4,22.4,34.6,34.8,0.0,315.0,35.3,28.76,50588.66,46336.16,24.6,0.0,0.0,7.78,0.0,0.0,15.2,48.0,,,,23.2,11.4,315.0,11.2,4.6
2019-06-13 00:00:00+00:00,28.6,0.0,22.3,28.8,22.8,34.2,34.1,3.0,329.0,40.7,25.76,50609.09,43034.66,24.5,0.0,0.0,7.43,0.0,12.0,14.3,44.0,,,,23.4,11.7,329.0,6.1,3.7
2019-06-14 00:00:00+00:00,28.1,0.6,24.4,29.3,22.7,33.2,34.6,51.0,323.0,41.0,24.52,50627.29,45107.86,25.2,5.0,0.6,6.43,0.0,23.0,16.5,52.0,,,,22.0,10.2,323.0,10.1,6.1
2019-06-15 00:00:00+00:00,29.2,0.0,18.8,30.2,22.7,34.8,35.4,2.0,310.0,31.7,27.23,50643.23,46214.14,25.1,0.0,0.0,7.33,0.0,7.0,15.9,48.0,,,,21.8,10.3,310.0,9.4,5.4
2019-06-16 00:00:00+00:00,29.2,0.0,23.9,29.4,22.8,35.7,34.0,1.0,278.0,43.9,28.46,50656.89,46338.16,25.8,0.0,0.0,8.21,0.0,4.0,14.8,46.0,,,,26.2,13.2,278.0,4.7,2.3
2019-06-17 00:00:00+00:00,29.3,0.0,24.4,30.2,23.0,34.8,35.1,2.0,307.0,39.6,28.43,50668.27,45834.1,25.5,0.0,0.0,7.65,0.0,6.0,15.6,47.0,,,,22.8,11.0,307.0,9.0,5.1
2019-06-18 00:00:00+00:00,31.1,0.0,21.6,31.7,23.8,37.4,37.3,0.0,346.0,39.6,28.73,50677.36,46687.98,26.3,0.0,0.0,8.09,0.0,0.0,14.5,41.0,,,,21.7,10.2,346.0,6.1,2.7
2019-06-19 00:00:00+00:00,32.8,0.0,17.9,32.2,25.7,39.0,38.5,0.0,1.0,34.6,28.68,50684.14,46715.09,26.5,0.0,0.0,9.06,0.0,0.0,11.9,31.0,,,,23.6,11.9,1.0,9.4,5.3
2019-06-20 00:00:00+00:00,31.7,0.0,27.9,30.5,24.9,38.7,38.0,0.0,41.0,45.0,28.72,50688.61,46714.32,24.6,0.0,0.0,9.95,0.0,0.0,12.9,34.0,,,,32.0,17.7,41.0,22.0,13.8
2019-06-21 00:00:00+00:00,29.9,0.0,21.9,29.6,22.9,36.9,37.1,0.0,4.0,36.7,29.15,50690.75,46913.93,24.4,0.0,0.0,8.86,0.0,0.0,14.0,44.0,,,,30.3,16.3,4.0,24.1,13.2
2019-06-22 00:00:00+00:00,29.8,0.0,21.1,30.2,23.2,36.4,37.0,0.0,336.0,35.6,28.84,50690.56,46839.52,25.6,0.0,0.0,8.42,0.0,0.0,15.4,45.0,,,,25.8,13.5,336.0,10.8,5.6
2019-06-23 00:00:00+00:00,30.1,0.0,23.9,31.3,23.3,37.3,37.7,1.0,7.0,42.5,28.68,50688.04,46555.99,26.3,0.0,0.0,8.05,0.0,4.0,16.7,50.0,,,,24.7,12.4,7.0,10.8,6.5
2019-06-24 00:00:00+00:00,30.8,0.0,22.8,31.1,23.2,38.2,37.9,0.0,26.0,37.4,29.18,50683.16,46963.78,25.4,0.0,0.0,9.0,0.0,0.0,15.7,46.0,,,,28.6,15.5,26.0,15.8,9.4
2019-06-25 00:00:00+00:00,32.4,0.0,21.6,32.6,23.7,40.4,40.1,0.0,27.0,34.6,29.27,50675.94,47120.8,25.6,0.0,0.0,9.01,0.0,0.0,14.3,39.0,,,,25.5,13.1,27.0,14.8,8.4
2019-06-26 00:00:00+00:00,33.0,0.0,29.3,33.1,24.7,41.2,40.9,0.0,24.0,50.0,29.52,50666.36,47105.68,25.9,0.0,0.0,9.13,0.0,0.0,13.8,36.0,,,,25.8,13.1,24.0,15.5,8.3
2019-06-27 00:00:00+00:00,33.8,0.0,22.8,33.7,25.5,41.1,41.6,0.0,20.0,42.8,29.26,50654.43,47089.58,26.9,0.0,0.0,9.22,0.0,0.0,13.2,33.0,,,,24.4,12.1,20.0,9.7,5.6
2019-06-28 00:00:00+00:00,31.5,0.0,21.4,32.3,24.8,37.3,38.2,0.0,339.0,36.7,28.79,50640.12,46548.54,26.8,0.0,0.0,8.73,0.0,1.0,16.5,43.0,,,,27.3,14.0,339.0,18.0,9.4
2019-06-29 00:00:00+00:00,30.8,0.0,19.9,32.1,24.2,36.5,37.2,1.0,309.0,34.9,28.91,50623.28,47054.19,27.9,0.0,0.0,8.01,0.0,4.0,16.6,47.0,,,,22.8,11.2,309.0,8.3,5.1
2019-06-30 00:00:00+00:00,30.8,0.0,21.9,32.0,24.0,36.8,37.6,2.0,305.0,36.4,29.01,50603.89,46927.55,26.5,0.0,0.0,8.01,0.0,5.0,16.4,46.0,,,,22.4,10.9,305.0,9.0,3.8
2019-07-01 00:00:00+00:00,30.9,0.0,23.3,32.9,24.8,37.0,39.4,3.0,340.0,38.2,26.74,50582.04,44227.3,28.9,0.0,0.0,7.47,0.0,26.0,18.0,51.0,,,,22.8,10.5,340.0,13.3,2.5
2019-07-02 00:00:00+00:00,31.6,0.0,19.6,32.2,24.4,38.3,38.8,0.0,21.0,40.3,29.08,50557.75,47043.14,26.9,0.0,0.0,8.36,0.0,1.0,14.5,41.0,,,,24.0,11.5,21.0,14.0,3.4
2019-07-03 00:00:00+00:00,31.6,0.0,22.3,31.2,24.1,38.5,37.8,0.0,18.0,40.0,29.57,50531.08,47164.61,26.5,0.0,0.0,9.07,0.0,0.0,12.5,38.0,,,,26.1,13.4,18.0,16.6,9.4
2019-07-04 00:00:00+00:00,30.7,0.0,21.4,30.2,23.1,38.2,37.1,0.0,21.0,36.4,29.53,50502.09,47155.01,25.0,0.0,0.0,9.16,0.0,0.0,12.7,39.0,,,,27.6,14.8,21.0,16.2,10.2
2019-07-05 00:00:00+00:00,30.1,0.0,18.4,30.1,22.7,37.3,37.1,2.0,358.0,30.6,29.16,50470.83,46479.99,24.2,0.0,0.0,8.37,0.0,6.0,13.6,41.0,,,,23.8,12.1,358.0,11.5,6.6
2019-07-06 00:00:00+00:00,31.2,0.0,27.1,32.4,23.0,39.8,39.8,3.0,321.0,45.7,27.94,50437.35,42416.72,26.6,0.0,0.0,8.47,0.0,14.0,16.8,48.0,,,,26.2,13.0,321.0,11.5,4.3
2019-07-07 00:00:00+00:00,30.9,0.0,23.2,31.3,23.8,38.2,37.8,0.0,314.0,41.4,29.19,50401.71,46989.7,27.1,0.0,0.0,8.77,0.0,0.0,14.6,43.0,,,,25.8,13.1,314.0,9.4,4.1
2019-07-08 00:00:00+00:00,30.6,0.0,20.2,31.0,22.9,38.2,38.1,0.0,305.0,34.2,28.96,50363.96,46847.37,25.0,0.0,0.0,8.43,0.0,0.0,14.6,42.0,,,,22.9,11.6,305.0,9.0,4.0
2019-07-09 00:00:00+00:00,31.4,0.0,19.8,31.9,23.4,38.8,38.6,0.0,331.0,32.4,29.21,50324.16,46835.22,25.6,0.0,0.0,8.28,0.0,0.0,13.8,39.0,,,,20.4,9.5,331.0,5.8,1.5
2019-07-10 00:00:00+00:00,32.0,0.0,24.9,33.1,24.6,40.2,41.1,0.0,335.0,41.4,28.81,50282.36,46694.21,28.1,0.0,0.0,8.68,0.0,1.0,16.0,43.0,,,,23.4,11.6,335.0,9.0,4.1
2019-07-11 00:00:00+00:00,32.8,0.0,20.0,34.2,24.2,41.3,41.8,0.0,344.0,36.4,28.73,50238.61,46553.69,27.6,0.0,0.0,8.57,0.0,0.0,16.7,44.0,,,,22.4,11.0,344.0,12.2,5.5
2019-07-12 00:00:00+00:00,33.7,0.0,24.3,34.1,26.0,41.1,40.8,2.0,311.0,41.8,27.59,50192.99,46540.54,27.9,0.0,0.0,8.93,0.0,4.0,14.9,35.0,,,,23.7,11.7,311.0,4.0,0.8
2019-07-13 00:00:00+00:00,30.6,0.0,20.9,31.3,24.5,36.4,37.3,0.0,350.0,34.9,29.06,50145.53,46401.94,27.3,0.0,0.0,8.14,0.0,0.0,15.3,44.0,,,,23.7,11.7,350.0,15.5,6.9
2019-07-14 00:00:00+00:00,30.3,0.0,18.7,30.5,23.1,37.1,37.7,0.0,4.0,38.5,29.12,50096.29,46388.33,24.0,0.0,0.0,8.06,0.0,0.0,13.5,39.0,,,,22.3,10.7,4.0,11.2,6.8
2019-07-15 00:00:00+00:00,31.0,0.0,25.3,32.1,24.2,37.3,38.0,2.0,353.0,42.1,28.57,50045.33,45499.68,26.1,0.0,0.0,8.12,0.0,5.0,16.2,44.0,,,,23.9,11.4,353.0,11.9,5.4
2019-07-16 00:00:00+00:00,33.1,0.0,14.4,34.1,25.5,40.2,40.9,0.0,30.0,24.8,28.72,49992.71,46237.54,28.2,0.0,0.0,7.48,0.0,0.0,13.5,37.0,,,,17.0,7.0,30.0,8.6,1.1
2019-07-17 00:00:00+00:00,36.2,0.0,22.7,35.2,30.6,42.2,42.4,2.0,246.0,40.7,27.59,49938.48,45735.3,29.2,0.0,0.0,11.03,0.0,10.0,12.9,25.0,,,,31.4,17.0,246.0,22.0,11.4
2019-07-18 00:00:00+00:00,32.0,0.0,18.8,32.8,27.0,37.4,37.7,0.0,329.0,40.3,28.71,49882.62,45846.64,29.2,0.0,0.0,8.49,0.0,0.0,15.9,41.0,,,,24.9,12.2,329.0,9.7,4.5
2019-07-19 00:00:00+00:00,30.9,0.0,26.7,31.7,24.7,37.5,38.1,0.0,31.0,43.6,28.5,49824.67,45711.43,26.5,0.0,0.0,8.22,0.0,0.0,16.3,45.0,,,,26.0,13.2,31.0,17.3,10.1
2019-07-20 00:00:00+00:00,30.1,0.0,21.1,30.4,24.3,36.2,36.9,0.0,6.0,34.6,28.43,49764.56,45582.05,26.6,0.0,0.0,8.38,0.0,0.0,15.3,45.0,,,,27.6,14.3,6.0,16.6,9.7
2019-07-21 00:00:00+00:00,29.3,0.0,21.5,30.2,23.1,36.2,37.0,1.0,339.0,35.6,27.83,49702.37,45104.87,25.6,0.0,0.0,7.8,0.0,7.0,16.4,49.0,,,,24.4,12.4,339.0,9.7,4.6
2019-07-22 00:00:00+00:00,30.5,0.0,19.9,32.1,24.2,37.1,38.9,1.0,349.0,39.2,27.96,49638.2,44756.02,27.3,0.0,0.0,7.29,0.0,9.0,16.0,48.0,,,,20.3,9.1,349.0,10.4,5.5
2019-07-23 00:00:00+00:00,31.3,0.0,18.6,32.3,23.7,38.6,39.7,2.0,328.0,34.2,28.23,49572.14,45311.28,27.6,0.0,0.0,8.21,0.0,5.0,15.9,47.0,,,,24.2,12.3,328.0,14.4,6.5
2019-07-24 00:00:00+00:00,31.0,0.0,21.7,32.1,23.9,37.5,38.4,0.0,345.0,38.2,28.95,49504.29,45182.08,27.0,0.0,0.0,7.88,0.0,0.0,15.3,45.0,,,,21.0,9.8,345.0,12.6,5.1
2019-07-25 00:00:00+00:00,31.3,0.0,24.7,32.2,24.1,37.9,38.8,1.0,342.0,41.4,28.99,49434.71,45169.55,26.4,0.0,0.0,7.96,0.0,1.0,14.9,42.0,,,,21.1,9.5,342.0,8.6,3.4
2019-07-26 00:00:00+00:00,30.8,0.0,24.7,32.1,24.0,37.9,38.4,2.0,334.0,40.7,28.3,49363.52,44498.52,27.5,0.0,0.0,8.06,0.0,7.0,16.8,49.0,,,,25.6,12.7,334.0,14.8,7.6
2019-07-27 00:00:00+00:00,30.2,0.0,20.5,31.3,23.8,36.4,36.5,1.0,321.0,34.9,27.99,49290.79,44599.34,27.2,0.0,0.0,7.93,0.0,5.0,16.6,49.0,,,,24.5,12.1,321.0,11.5,5.7
2019-07-28 00:00:00+00:00,29.7,0.0,23.2,30.6,23.2,35.3,35.8,0.0,311.0,38.5,28.48,49216.61,44696.33,25.9,0.0,0.0,7.59,0.0,0.0,15.0,45.0,,,,21.5,9.9,311.0,10.1,5.1
2019-07-29 00:00:00+00:00,31.2,0.0,23.8,31.9,23.3,38.4,39.0,0.0,6.0,38.5,28.49,49141.05,44577.49,25.0,0.0,0.0,7.88,0.0,1.0,14.2,39.0,,,,19.8,8.9,6.0,7.6,3.7
2019-07-30 00:00:00+00:00,32.9,0.0,20.3,33.2,24.7,39.8,39.2,0.0,14.0,33.1,28.72,49064.21,44574.18,27.8,0.0,0.0,8.45,0.0,0.0,13.0,37.0,,,,21.6,10.6,14.0,10.4,5.1
2019-07-31 00:00:00+00:00,31.8,0.0,22.3,33.2,25.4,38.4,40.3,0.0,351.0,37.1,27.97,48986.17,44253.67,28.3,0.0,0.0,8.13,0.0,0.0,17.4,47.0,,,,25.2,12.5,351.0,16.2,6.4
2019-08-01 00:00:00+00:00,31.5,0.0,20.8,33.2,25.1,38.4,39.6,0.0,354.0,33.5,27.99,48907.01,44046.5,27.4,0.0,0.0,7.82,0.0,0.0,17.6,48.0,,,,23.3,11.4,354.0,15.8,5.2
2019-08-02 00:00:00+00:00,31.8,0.0,18.9,33.0,25.1,38.0,38.1,0.0,327.0,36.4,27.97,48826.8,44043.62,28.9,0.0,0.0,8.14,0.0,0.0,16.2,45.0,,,,22.9,11.1,327.0,10.1,5.0
2019-08-03 00:00:00+00:00,32.2,0.0,19.5,33.2,25.7,38.1,38.3,3.0,308.0,39.2,26.23,48745.64,43741.41,27.5,0.0,0.0,8.08,0.0,12.0,16.5,41.0,,,,23.3,11.7,308.0,7.2,1.1
2019-08-04 00:00:00+00:00,32.5,0.0,19.3,34.1,25.1,40.1,40.3,1.0,312.0,34.9,27.57,48663.59,43747.88,28.9,0.0,0.0,8.27,0.0,2.0,17.5,46.0,,,,23.0,11.4,312.0,9.0,3.1
2019-08-05 00:00:00+00:00,31.5,0.0,21.8,33.3,25.4,38.4,39.3,3.0,316.0,36.0,27.37,48580.73,43657.66,29.8,0.0,0.0,8.02,0.0,8.0,17.7,49.0,,,,23.1,11.7,316.0,10.4,5.1
2019-08-06 00:00:00+00:00,30.1,0.0,20.9,31.0,23.8,36.5,36.4,0.0,307.0,35.6,27.8,48497.13,43748.74,28.0,0.0,0.0,8.02,0.0,0.0,16.2,48.0,,,,23.9,12.2,307.0,5.8,1.8
2019-08-07 00:00:00+00:00,29.4,0.0,21.2,30.5,23.3,35.1,36.1,1.0,298.0,40.0,27.03,48412.8,43482.66,25.5,0.0,0.0,7.16,0.0,6.0,15.8,47.0,,,,20.9,9.7,298.0,7.2,4.3
2019-08-08 00:00:00+00:00,30.9,0.0,21.6,32.5,24.8,36.8,38.7,1.0,24.0,37.4,26.73,48327.1,43399.39,27.8,0.0,0.0,7.49,0.0,4.0,17.1,48.0,,,,21.5,10.1,24.0,11.2,5.9
2019-08-09 00:00:00+00:00,31.5,0.0,20.4,32.3,24.6,37.9,38.4,0.0,338.0,33.1,27.44,48239.91,43405.88,28.3,0.0,0.0,8.07,0.0,0.0,15.1,43.0,,,,22.8,11.2,338.0,11.2,6.3
2019-08-10 00:00:00+00:00,32.0,0.0,21.3,30.9,25.4,37.7,35.8,0.0,307.0,36.4,27.92,48151.33,43493.58,25.8,0.0,0.0,8.21,0.0,0.0,9.0,28.0,,,,20.2,9.7,307.0,6.1,2.2
2019-08-11 00:00:00+00:00,31.9,0.0,14.4,31.0,24.1,38.4,37.9,0.0,346.0,29.9,28.23,48061.46,43496.6,24.3,0.0,0.0,8.09,0.0,0.0,8.4,28.0,,,,19.3,9.2,346.0,11.5,3.1
2019-08-12 00:00:00+00:00,32.2,0.0,16.7,31.8,25.5,38.7,37.4,0.0,307.0,34.2,27.75,47970.38,43344.58,26.6,0.0,0.0,8.14,0.0,0.0,10.6,31.0,,,,19.6,9.3,307.0,3.2,1.6
2019-08-13 00:00:00+00:00,31.7,0.0,17.4,32.5,24.8,38.1,40.4,0.0,342.0,37.4,27.13,47878.17,43204.8,27.2,0.0,0.0,7.74,0.0,0.0,14.4,41.0,,,,20.8,9.8,342.0,11.9,1.5
2019-08-14 00:00:00+00:00,32.6,0.0,17.9,32.8,24.7,39.5,38.9,0.0,2.0,35.3,27.39,47784.93,43287.23,27.4,0.0,0.0,8.14,0.0,0.0,12.7,36.0,,,,20.6,9.9,2.0,5.4,0.8
2019-08-15 00:00:00+00:00,35.3,0.0,21.1,33.4,28.8,42.0,40.3,0.0,191.0,37.8,27.19,47690.73,43205.8,27.4,0.0,0.0,10.1,0.0,0.0,8.9,23.0,,,,28.3,14.6,191.0,10.8,3.7
2019-08-16 00:00:00+00:00,32.8,0.0,17.7,34.2,25.7,40.2,42.5,0.0,360.0,37.4,26.13,47595.66,43200.0,28.6,0.0,0.0,8.0,0.0,1.0,17.1,45.0,,,,23.9,11.9,360.0,14.0,5.8
2019-08-17 00:00:00+00:00,31.3,0.0,22.6,32.4,24.4,38.3,39.2,2.0,336.0,38.2,26.54,47499.8,43200.0,27.6,0.0,0.0,8.04,0.0,3.0,16.8,47.0,,,,24.3,12.5,336.0,14.0,6.5
2019-08-18 00:00:00+00:00,30.1,0.0,22.1,31.5,24.9,36.3,36.8,1.0,314.0,37.1,24.98,47403.23,43200.0,27.6,0.0,0.0,7.37,0.0,10.0,17.5,51.0,,,,24.0,12.0,314.0,7.6,3.3
2019-08-19 00:00:00+00:00,28.7,0.0,19.1,29.4,23.0,34.1,33.9,1.0,293.0,36.7,26.27,47306.03,43200.0,25.8,0.0,0.0,7.21,0.0,2.0,15.5,49.0,,,,22.3,11.1,293.0,6.5,4.0
2019-08-20 00:00:00+00:00,30.0,0.0,20.5,31.5,23.8,36.4,38.3,2.0,1.0,37.1,26.19,47208.27,43200.0,26.5,0.0,0.0,6.94,0.0,7.0,16.4,47.0,,,,18.3,8.2,1.0,3.6,1.3
2019-08-21 00:00:00+00:00,30.5,0.0,24.9,31.8,24.5,36.3,37.3,1.0,32.0,43.2,26.26,47110.04,43200.0,27.4,0.0,0.0,7.17,0.0,6.0,16.5,48.0,,,,22.7,10.8,32.0,14.4,3.5
2019-08-22 00:00:00+00:00,30.4,0.0,21.5,30.7,24.2,37.1,36.7,0.0,27.0,34.6,26.26,47011.39,43200.0,26.9,0.0,0.0,8.2,0.0,0.0,15.4,46.0,,,,28.2,15.2,27.0,18.4,10.6
2019-08-23 00:00:00+00:00,30.3,0.0,18.9,31.0,23.2,37.1,37.4,3.0,16.0,30.6,25.96,46912.41,43200.0,26.3,0.0,0.0,7.51,0.0,8.0,15.4,46.0,,,,23.2,11.8,16.0,13.0,7.9
2019-08-24 00:00:00+00:00,31.0,0.0,17.6,32.1,24.1,37.4,39.4,0.0,345.0,38.5,26.11,46813.18,43200.0,26.9,0.0,0.0,7.34,0.0,0.0,15.7,44.0,,,,20.7,9.6,345.0,11.2,5.1
2019-08-25 00:00:00+00:00,31.7,0.0,14.6,33.1,25.2,37.7,38.8,0.0,329.0,31.7,25.95,46713.75,43200.0,28.1,0.0,0.0,7.34,0.0,0.0,16.5,44.0,,,,20.3,9.5,329.0,9.4,4.8
2019-08-26 00:00:00+00:00,31.5,0.0,20.5,32.9,24.5,38.0,39.0,1.0,11.0,41.8,25.87,46614.2,43200.0,28.1,0.0,0.0,7.49,0.0,1.0,16.5,47.0,,,,21.8,10.6,11.0,13.3,6.6
2019-08-27 00:00:00+00:00,31.2,0.0,24.1,32.7,24.7,37.4,39.0,0.0,4.0,40.3,25.19,46514.54,43200.0,28.1,0.0,0.0,7.29,0.0,3.0,17.1,47.0,,,,22.3,10.8,4.0,13.0,7.5
2019-08-28 00:00:00+00:00,31.3,0.0,22.1,32.9,25.3,37.7,37.2,3.0,351.0,38.2,25.3,46414.06,43148.82,29.8,0.0,0.0,7.52,0.0,9.0,17.4,50.0,,,,24.3,12.2,351.0,10.4,5.8
2019-08-29 00:00:00+00:00,31.0,0.0,23.1,32.5,24.8,38.0,38.7,2.0,351.0,38.5,24.31,46312.66,43082.16,29.1,0.0,0.0,7.5,0.0,11.0,17.7,52.0,,,,25.1,12.9,351.0,12.6,7.2
2019-08-30 00:00:00+00:00,30.7,0.0,21.3,31.8,23.6,37.6,38.0,0.0,2.0,41.8,25.4,46210.41,43014.46,27.2,0.0,0.0,7.29,0.0,1.0,16.2,48.0,,,,22.6,11.3,2.0,13.3,8.0
2019-08-31 00:00:00+00:00,30.1,0.0,24.2,31.7,23.9,36.4,38.1,2.0,353.0,39.6,25.12,46107.39,42945.79,27.3,0.0,0.0,6.42,0.0,5.0,16.3,49.0,,,,19.7,8.7,353.0,12.2,2.6
2019-09-01 00:00:00+00:00,30.7,0.0,21.1,31.9,24.3,36.9,38.2,1.0,17.0,39.2,25.07,46003.68,42876.25,27.6,0.0,0.0,7.18,0.0,2.0,16.5,49.0,,,,23.1,11.6,17.0,15.1,8.2
2019-09-02 00:00:00+00:00,29.8,0.0,23.3,31.1,23.5,36.0,38.0,0.0,11.0,37.8,25.02,45899.34,42805.91,26.3,0.0,0.0,7.0,0.0,0.0,17.4,51.0,,,,24.1,12.0,11.0,14.8,7.4
2019-09-03 00:00:00+00:00,29.2,0.0,23.1,30.1,23.2,35.0,36.2,0.0,5.0,37.4,25.15,45794.46,42734.86,25.5,0.0,0.0,6.86,0.0,0.0,15.9,48.0,,,,22.2,10.8,5.0,12.6,7.2
2019-09-04 00:00:00+00:00,29.6,0.0,18.4,30.5,23.5,35.9,36.5,1.0,339.0,30.6,24.56,45689.1,42663.2,26.3,0.0,0.0,7.0,0.0,3.0,15.7,48.0,,,,21.8,10.6,339.0,10.8,4.7
2019-09-05 00:00:00+00:00,30.2,0.0,20.2,30.5,23.6,36.8,36.6,0.0,345.0,37.4,24.71,45583.32,42591.0,24.7,0.0,0.0,7.26,0.0,1.0,14.4,41.0,,,,21.4,10.5,345.0,9.0,2.5
2019-09-06 00:00:00+00:00,31.7,0.0,24.9,32.9,26.1,38.3,40.6,1.0,35.0,48.2,24.08,45477.22,42518.35,28.4,0.0,0.0,7.01,0.0,3.0,16.0,42.0,,,,21.9,10.0,35.0,2.2,0.4
2019-09-07 00:00:00+00:00,29.8,0.0,21.4,30.9,24.2,35.8,36.2,0.0,344.0,34.9,24.26,45370.85,42445.34,27.2,0.0,0.0,7.23,0.0,1.0,17.1,50.0,,,,25.4,12.9,344.0,13.3,7.3
2019-09-08 00:00:00+00:00,29.2,0.0,24.5,30.4,24.5,35.2,36.6,1.0,338.0,40.3,23.58,45264.27,42372.05,26.6,0.0,0.0,6.93,0.0,11.0,17.1,52.0,,,,24.3,12.4,338.0,7.9,4.3
2019-09-09 00:00:00+00:00,28.8,0.0,20.5,29.7,23.9,35.1,36.0,1.0,334.0,34.9,23.88,45157.57,42298.57,26.2,0.0,0.0,6.84,0.0,6.0,16.1,50.0,,,,23.3,11.9,334.0,12.2,6.6
2019-09-10 00:00:00+00:00,28.9,0.0,18.8,29.9,23.8,35.1,35.8,1.0,343.0,30.2,23.67,45050.79,42224.97,27.0,0.0,0.0,6.71,0.0,9.0,16.4,52.0,,,,22.6,11.6,343.0,9.0,5.0
2019-09-11 00:00:00+00:00,28.4,0.0,20.6,29.3,22.8,35.0,35.9,1.0,10.0,33.5,23.58,44944.02,42146.75,25.0,0.0,0.0,6.64,0.0,5.0,16.2,51.0,,,,22.5,11.5,10.0,10.4,6.3
2019-09-12 00:00:00+00:00,28.6,0.0,23.8,29.3,22.9,35.8,35.8,3.0,358.0,39.6,22.89,44837.32,41715.88,25.1,0.0,0.0,6.91,0.0,13.0,16.7,52.0,,,,26.1,13.8,358.0,11.2,6.8
2019-09-13 00:00:00+00:00,28.3,0.0,21.4,29.7,23.7,34.3,36.0,3.0,345.0,35.6,22.3,44730.74,38404.38,26.5,0.0,0.0,6.27,0.0,23.0,17.7,56.0,,,,23.4,12.0,345.0,10.8,4.7
2019-09-14 00:00:00+00:00,27.7,0.0,15.9,28.4,22.9,32.0,31.9,3.0,300.0,33.1,22.22,44624.36,41831.44,25.2,0.0,0.0,5.86,0.0,22.0,15.3,50.0,,,,20.1,9.6,300.0,8.3,3.4
2019-09-15 00:00:00+00:00,28.4,0.1,19.1,29.2,23.4,33.4,33.5,51.0,310.0,36.4,19.62,44518.24,36402.86,25.9,1.0,0.1,5.82,0.0,23.0,16.0,49.0,,,,20.9,10.6,310.0,7.6,4.0
2019-09-16 00:00:00+00:00,28.6,0.0,23.2,30.2,22.8,34.1,35.9,1.0,3.0,39.6,22.23,44412.38,40928.3,26.4,0.0,0.0,5.88,0.0,8.0,16.5,53.0,,,,18.0,8.0,3.0,6.8,1.9
2019-09-17 00:00:00+00:00,28.9,0.0,25.1,29.4,23.2,35.1,35.2,0.0,32.0,40.3,23.07,44306.05,41394.93,25.9,0.0,0.0,7.1,0.0,1.0,16.6,52.0,,,,27.6,15.1,32.0,15.5,8.9
2019-09-18 00:00:00+00:00,28.0,0.0,24.2,28.0,21.1,35.6,34.2,0.0,26.0,38.9,23.33,44199.16,41342.52,23.0,0.0,0.0,7.0,0.0,0.0,15.2,52.0,,,,28.7,15.6,26.0,18.4,10.2
2019-09-19 00:00:00+00:00,28.2,0.0,21.1,29.4,22.3,35.2,35.8,2.0,22.0,34.2,21.72,44091.75,40921.64,24.9,0.0,0.0,6.28,0.0,10.0,18.3,59.0,,,,27.7,15.1,22.0,18.7,10.9
2019-09-20 00:00:00+00:00,28.1,0.0,20.9,28.5,23.0,34.4,34.4,3.0,4.0,38.9,22.37,43983.9,40753.03,24.4,0.0,0.0,6.54,0.0,15.0,16.0,53.0,,,,27.2,14.6,4.0,21.2,11.5
2019-09-21 00:00:00+00:00,27.6,0.0,23.2,27.8,22.1,35.0,34.3,1.0,4.0,38.2,21.96,43875.69,40470.78,23.7,0.0,0.0,6.67,0.0,10.0,16.0,53.0,,,,27.6,15.0,4.0,14.8,7.9
2019-09-22 00:00:00+00:00,27.8,0.0,20.2,28.8,23.4,33.3,34.1,3.0,356.0,32.8,21.05,43767.17,38922.13,25.5,0.0,0.0,6.05,0.0,28.0,17.3,56.0,,,,25.1,13.4,356.0,14.4,8.0
2019-09-23 00:00:00+00:00,27.5,0.0,22.3,28.3,21.8,33.9,34.4,1.0,25.0,36.0,20.7,43658.42,40045.0,24.2,0.0,0.0,6.12,0.0,13.0,17.3,57.0,,,,25.9,14.1,25.0,11.9,7.2
2019-09-24 00:00:00+00:00,27.0,0.0,19.8,27.3,21.9,33.4,33.0,2.0,18.0,34.2,21.43,43549.51,37098.14,24.0,0.0,0.0,6.12,0.0,14.0,15.6,55.0,,,,25.9,13.9,18.0,16.6,9.8
2019-09-25 00:00:00+00:00,26.9,0.0,12.6,27.1,19.4,34.3,33.9,0.0,17.0,24.1,22.38,43440.5,39752.3,21.0,0.0,0.0,5.57,0.0,0.0,13.2,49.0,,,,17.6,8.4,17.0,9.0,5.2
2019-09-26 00:00:00+00:00,29.7,0.0,22.6,29.5,24.2,36.8,37.5,0.0,8.0,40.3,21.78,43331.47,39612.65,24.2,0.0,0.0,6.59,0.0,0.0,13.2,39.0,,,,21.8,10.5,8.0,3.6,2.3
2019-09-27 00:00:00+00:00,28.3,0.0,21.9,29.9,22.5,34.2,36.4,1.0,23.0,36.4,21.39,43222.48,39477.75,25.4,0.0,0.0,5.63,0.0,2.0,18.0,58.0,,,,22.4,11.1,23.0,15.1,7.3
2019-09-28 00:00:00+00:00,27.8,0.0,22.6,29.2,23.5,33.2,35.1,2.0,19.0,37.8,20.2,43113.6,38892.1,25.8,0.0,0.0,5.6,0.0,12.0,17.8,58.0,,,,24.0,12.3,19.0,16.2,8.7
2019-09-29 00:00:00+00:00,27.8,0.0,18.8,28.1,23.0,34.7,34.4,3.0,8.0,32.0,20.4,43004.91,36228.2,24.4,0.0,0.0,6.28,0.0,23.0,16.0,53.0,,,,26.1,14.1,8.0,17.3,10.2
2019-09-30 00:00:00+00:00,26.6,0.0,17.9,27.1,21.3,32.8,33.0,2.0,358.0,30.2,20.85,42896.46,39016.29,23.2,0.0,0.0,5.72,0.0,12.0,15.4,54.0,,,,22.5,11.6,358.0,11.2,6.8
2019-10-01 00:00:00+00:00,26.0,0.0,21.5,26.8,20.8,31.9,32.9,2.0,342.0,34.2,20.66,42788.33,38991.95,22.8,0.0,0.0,5.18,0.0,10.0,15.5,56.0,,,,19.7,9.2,342.0,9.0,4.8
2019-10-02 00:00:00+00:00,26.7,0.0,17.0,27.5,20.6,32.9,32.4,0.0,326.0,30.6,21.15,42680.59,38900.43,23.0,0.0,0.0,5.43,0.0,0.0,14.8,53.0,,,,17.4,8.1,326.0,5.8,1.4
2019-10-03 00:00:00+00:00,28.9,0.0,20.5,29.3,22.8,34.8,35.9,0.0,77.0,34.6,20.9,42573.31,38864.58,23.7,0.0,0.0,5.08,0.0,0.0,12.7,40.0,,,,14.9,6.1,77.0,5.0,0.7
2019-10-04 00:00:00+00:00,29.6,0.0,23.1,28.2,23.5,35.3,34.2,0.0,66.0,37.1,20.91,42466.55,38828.31,22.7,0.0,0.0,7.2,0.0,0.0,10.8,34.0,,,,25.3,13.5,66.0,9.0,2.9
2019-10-05 00:00:00+00:00,29.0,0.0,20.9,27.5,22.6,35.8,34.0,0.0,45.0,34.9,20.76,42360.4,38791.59,22.1,0.0,0.0,6.99,0.0,0.0,9.9,35.0,,,,24.0,12.7,45.0,15.8,9.2
2019-10-06 00:00:00+00:00,27.4,0.0,19.9,27.8,20.7,34.5,35.7,0.0,9.0,36.4,19.92,42254.83,38754.42,22.0,0.0,0.0,5.75,0.0,1.0,15.5,51.0,,,,22.0,11.3,9.0,11.9,6.9
2019-10-07 00:00:00+00:00,26.3,0.0,12.3,26.6,20.8,31.9,31.6,2.0,339.0,27.4,20.44,42149.11,38716.87,22.4,0.0,0.0,5.18,0.0,8.0,13.6,50.0,,,,17.5,8.2,339.0,10.1,3.5
2019-10-08 00:00:00+00:00,27.7,0.0,26.9,27.8,21.1,34.1,34.2,3.0,39.0,44.3,19.57,42043.08,38678.97,22.3,0.0,0.0,5.73,0.0,69.0,14.5,49.0,,,,21.6,11.3,39.0,11.9,3.7
2019-10-09 00:00:00+00:00,27.4,0.0,22.2,26.9,22.2,33.3,33.2,1.0,54.0,38.9,20.04,41936.82,38640.72,22.3,0.0,0.0,6.47,0.0,4.0,15.7,53.0,,,,31.8,18.3,54.0,26.6,16.0
2019-10-10 00:00:00+00:00,26.3,0.0,22.7,26.2,21.2,32.6,31.6,3.0,37.0,39.6,17.72,41830.41,35776.84,22.6,0.0,0.0,5.72,0.0,84.0,16.2,57.0,,,,29.8,17.1,37.0,19.1,11.4
2019-10-11 00:00:00+00:00,27.0,0.0,21.4,27.0,22.3,33.9,32.4,3.0,33.0,34.9,19.3,41723.92,37126.54,23.7,0.0,0.0,5.92,0.0,32.0,15.8,56.0,,,,28.5,15.7,33.0,20.2,11.9
2019-10-12 00:00:00+00:00,27.2,0.0,18.6,27.3,20.1,35.2,33.3,0.0,42.0,34.6,19.01,41617.44,37552.17,22.1,0.0,0.0,5.99,0.0,1.0,15.7,57.0,,,,26.5,14.8,42.0,17.3,10.4
2019-10-13 00:00:00+00:00,27.7,0.0,18.2,28.2,21.4,34.9,34.2,2.0,28.0,34.2,18.12,41511.04,36853.87,24.1,0.0,0.0,5.81,0.0,18.0,16.4,56.0,,,,26.1,14.4,28.0,16.2,9.7
2019-10-14 00:00:00+00:00,27.3,0.0,18.9,28.7,21.3,34.3,35.0,3.0,5.0,31.7,17.55,41404.8,33073.05,24.5,0.0,0.0,4.72,0.0,26.0,16.9,59.0,,,,18.8,9.2,5.0,11.5,6.1
2019-10-15 00:00:00+00:00,27.4,0.0,16.7,29.1,21.3,34.0,34.9,2.0,311.0,30.2,18.69,41298.81,38403.19,24.9,0.0,0.0,4.97,0.0,5.0,17.9,60.0,,,,18.7,9.1,311.0,7.6,3.3
2019-10-16 00:00:00+00:00,27.3,0.0,18.7,28.7,22.5,33.5,33.9,2.0,345.0,30.2,17.68,41193.13,35612.7,25.6,0.0,0.0,4.99,0.0,16.0,17.2,60.0,,,,20.6,10.4,345.0,11.5,6.6
2019-10-17 00:00:00+00:00,26.2,0.0,22.1,26.8,20.0,32.7,32.8,1.0,18.0,36.7,18.48,41087.87,38246.58,21.4,0.0,0.0,4.9,0.0,2.0,15.6,56.0,,,,20.6,10.5,18.0,10.4,6.9
2019-10-18 00:00:00+00:00,25.8,0.0,21.9,25.9,20.1,32.1,31.0,3.0,37.0,35.3,17.22,40983.09,36331.64,22.0,0.0,0.0,5.25,0.0,42.0,16.2,60.0,,,,26.7,15.1,37.0,14.8,9.1
2019-10-19 00:00:00+00:00,27.1,0.0,22.4,26.5,21.3,33.4,31.8,1.0,56.0,38.2,17.99,40878.88,38003.76,22.3,0.0,0.0,6.2,0.0,4.0,15.3,53.0,,,,30.6,17.5,56.0,21.2,13.1
2019-10-20 00:00:00+00:00,28.3,0.0,24.9,26.7,21.7,34.6,32.4,2.0,70.0,40.7,17.74,40775.32,37797.49,20.5,0.0,0.0,6.36,0.0,13.0,10.3,36.0,,,,24.4,13.4,70.0,9.7,3.3
2019-10-21 00:00:00+00:00,27.8,0.0,21.5,27.3,22.3,33.6,33.2,1.0,75.0,35.6,17.49,40672.51,37463.32,22.5,0.0,0.0,5.37,0.0,12.0,12.4,41.0,,,,21.0,10.1,75.0,5.0,0.5
2019-10-22 00:00:00+00:00,24.8,0.5,19.1,25.5,22.1,29.2,28.4,51.0,18.0,34.9,14.13,40570.54,35507.08,23.6,2.0,0.5,3.89,0.0,41.0,17.3,65.0,,,,24.9,13.2,18.0,10.8,6.5
2019-10-23 00:00:00+00:00,20.6,10.0,17.0,22.2,18.1,24.9,26.6,63.0,338.0,27.7,11.98,40469.48,26450.3,19.1,6.0,10.0,2.26,0.0,41.0,17.4,83.0,,,,16.9,7.5,338.0,4.3,1.6
2019-10-24 00:00:00+00:00,21.0,0.2,20.5,21.7,17.8,25.5,24.9,51.0,236.0,36.0,15.09,40369.43,37002.16,18.2,2.0,0.2,3.08,0.0,15.0,16.5,77.0,,,,19.9,11.1,236.0,6.8,3.9
2019-10-25 00:00:00+00:00,21.1,1.3,28.2,21.1,18.8,25.6,23.4,51.0,227.0,51.1,12.05,40270.48,33040.73,19.0,7.0,1.3,2.73,0.0,55.0,17.3,80.0,,,,31.3,17.9,227.0,14.0,8.9
2019-10-26 00:00:00+00:00,22.0,3.1,22.5,22.7,19.5,26.5,26.4,51.0,309.0,38.5,13.58,40172.65,35635.48,20.5,17.0,3.1,2.99,0.0,41.0,18.0,79.0,,,,27.6,15.2,309.0,15.8,6.8
2019-10-27 00:00:00+00:00,21.7,0.6,15.2,23.3,18.5,27.3,27.6,51.0,305.0,25.6,14.99,40075.1,36196.66,20.6,4.0,0.6,3.14,0.0,12.0,17.4,79.0,,,,14.6,7.4,305.0,3.2,0.4
2019-10-28 00:00:00+00:00,21.3,0.0,14.9,22.0,17.2,26.2,26.0,2.0,260.0,28.1,15.6,39977.68,36500.92,18.1,0.0,0.0,3.31,0.0,16.0,15.5,72.0,,,,15.6,8.5,260.0,4.7,1.1
2019-10-29 00:00:00+00:00,21.7,0.0,12.5,22.3,16.5,27.1,27.0,2.0,295.0,20.5,14.25,39880.47,35391.36,16.8,0.0,0.0,3.15,0.0,35.0,15.0,68.0,,,,14.0,7.5,295.0,5.8,2.9
2019-10-30 00:00:00+00:00,21.8,0.0,13.0,22.6,16.9,27.0,26.9,2.0,39.0,21.2,15.95,39783.58,36259.27,17.8,0.0,0.0,3.41,0.0,18.0,15.8,71.0,,,,15.5,8.4,39.0,9.0,4.6
2019-10-31 00:00:00+00:00,21.9,0.0,16.0,22.2,18.0,27.5,27.1,1.0,13.0,26.6,16.59,39687.1,35622.67,19.0,0.0,0.0,3.8,0.0,9.0,14.5,67.0,,,,18.5,9.7,13.0,11.5,6.7
2019-11-01 00:00:00+00:00,21.5,0.0,11.4,21.3,15.4,27.5,27.2,3.0,48.0,23.8,16.73,39591.12,36024.47,15.3,0.0,0.0,3.76,0.0,14.0,12.9,61.0,,,,16.0,8.6,48.0,10.4,6.5
2019-11-02 00:00:00+00:00,24.5,0.0,22.7,22.2,18.7,30.6,28.1,3.0,82.0,36.4,16.83,39495.73,35965.59,16.1,0.0,0.0,5.53,0.0,22.0,8.1,39.0,,,,23.1,13.2,82.0,14.8,8.0
2019-11-03 00:00:00+00:00,24.5,0.0,22.0,23.1,18.5,30.7,30.1,0.0,84.0,36.4,16.57,39401.04,35797.52,17.5,0.0,0.0,4.67,0.0,0.0,9.9,43.0,,,,21.1,10.5,84.0,10.8,1.5
2019-11-04 00:00:00+00:00,24.3,0.0,17.7,22.6,18.3,30.9,27.9,0.0,64.0,31.0,16.68,39307.15,35740.88,16.9,0.0,0.0,5.22,0.0,0.0,10.0,47.0,,,,23.6,13.4,64.0,15.1,10.0
2019-11-05 00:00:00+00:00,23.1,0.0,20.6,22.8,18.0,29.8,28.3,0.0,34.0,33.5,16.3,39214.15,35474.61,18.4,0.0,0.0,4.24,0.0,1.0,14.4,64.0,,,,25.0,13.6,34.0,18.4,9.2
2019-11-06 00:00:00+00:00,23.5,0.0,18.7,24.1,19.1,29.4,28.6,1.0,11.0,29.9,14.91,39122.16,34807.36,20.8,0.0,0.0,3.83,0.0,15.0,16.3,68.0,,,,21.5,11.6,11.0,11.5,6.8
2019-11-07 00:00:00+00:00,24.2,0.0,9.5,25.5,19.2,30.4,30.7,3.0,33.0,19.4,14.39,39031.27,29604.12,21.8,0.0,0.0,3.32,0.0,30.0,16.2,66.0,,,,15.0,7.3,33.0,9.0,5.8
2019-11-08 00:00:00+00:00,24.0,0.0,15.3,24.4,18.9,30.2,30.6,3.0,1.0,29.9,14.84,38941.59,33219.02,19.7,0.0,0.0,3.72,0.0,30.0,13.7,56.0,,,,14.2,6.6,1.0,5.0,0.8
2019-11-09 00:00:00+00:00,24.0,0.0,18.4,23.7,19.2,30.4,28.1,3.0,19.0,33.5,14.94,38853.23,31612.82,21.2,0.0,0.0,4.37,0.0,27.0,14.2,62.0,,,,23.5,13.2,19.0,13.0,8.4
2019-11-10 00:00:00+00:00,23.6,0.0,17.8,23.8,18.3,29.9,28.2,3.0,19.0,31.7,14.28,38766.29,29867.79,19.6,0.0,0.0,3.84,0.0,60.0,15.3,65.0,,,,21.6,11.5,19.0,11.9,7.6
2019-11-11 00:00:00+00:00,24.1,0.0,17.6,24.5,18.8,31.1,30.0,3.0,35.0,32.0,14.43,38680.9,29011.81,20.8,0.0,0.0,4.17,0.0,20.0,16.2,67.0,,,,22.9,13.0,35.0,13.0,7.4
2019-11-12 00:00:00+00:00,25.9,0.0,22.9,23.5,20.2,32.4,28.8,2.0,61.0,41.0,15.62,38597.16,34860.75,18.6,0.0,0.0,6.23,0.0,13.0,9.2,38.0,,,,28.8,16.5,61.0,16.2,10.2
2019-11-13 00:00:00+00:00,25.2,0.0,14.5,23.9,18.1,32.6,30.5,2.0,74.0,25.6,15.61,38515.2,34821.19,17.2,0.0,0.0,4.4,0.0,8.0,9.1,41.0,,,,16.6,8.6,74.0,7.9,4.8
2019-11-14 00:00:00+00:00,25.9,0.0,24.4,23.2,21.0,32.0,28.8,0.0,200.0,43.2,15.27,38435.12,34701.45,18.2,0.0,0.0,6.13,0.0,0.0,7.9,33.0,,,,26.0,14.9,200.0,14.4,8.6
2019-11-15 00:00:00+00:00,22.1,0.0,15.5,22.2,18.0,26.8,25.5,1.0,324.0,26.3,14.04,38356.95,34510.73,19.5,0.0,0.0,3.55,0.0,10.0,13.7,63.0,,,,17.6,8.9,324.0,6.5,1.3
2019-11-16 00:00:00+00:00,21.3,0.0,18.2,20.6,16.5,26.9,24.5,2.0,350.0,32.4,12.7,38279.91,33296.48,17.2,0.0,0.0,3.6,0.0,18.0,12.4,60.0,,,,20.2,10.8,350.0,7.9,4.1
2019-11-17 00:00:00+00:00,21.4,0.0,20.8,20.6,16.4,26.7,23.8,3.0,43.0,38.2,14.48,38203.84,34384.87,17.1,0.0,0.0,3.86,0.0,57.0,12.7,62.0,,,,22.1,12.3,43.0,9.4,5.2
2019-11-18 00:00:00+00:00,22.2,0.0,22.5,20.0,16.9,28.3,27.4,3.0,55.0,36.7,14.85,38128.83,34430.27,14.2,0.0,0.0,4.77,0.0,20.0,6.4,40.0,,,,19.9,10.6,55.0,6.1,1.4
2019-11-19 00:00:00+00:00,19.4,0.0,22.2,14.7,13.3,26.1,20.6,0.0,48.0,37.8,15.7,38054.98,34404.91,8.8,0.0,0.0,5.79,0.0,0.0,-2.5,24.0,,,,27.7,16.0,48.0,18.0,11.5
2019-11-20 00:00:00+00:00,18.1,0.0,21.4,14.1,11.8,25.1,19.6,0.0,49.0,37.4,15.71,37982.38,34380.2,8.5,0.0,0.0,4.91,0.0,0.0,0.7,36.0,,,,25.2,14.5,49.0,15.5,8.9
2019-11-21 00:00:00+00:00,18.5,0.0,12.9,15.2,13.1,25.1,21.8,3.0,61.0,26.6,13.73,37911.11,34264.94,10.1,0.0,0.0,3.91,0.0,82.0,1.4,36.0,,,,18.5,10.1,61.0,11.5,5.4
2019-11-22 00:00:00+00:00,19.8,0.1,15.9,17.3,13.8,25.5,22.8,51.0,358.0,25.2,14.97,37841.29,34243.16,10.9,1.0,0.1,3.57,0.0,18.0,2.4,33.0,,,,14.3,6.8,358.0,2.5,1.1
2019-11-23 00:00:00+00:00,19.4,0.0,11.4,18.0,14.0,24.7,22.5,0.0,72.0,23.4,14.44,37773.01,34079.91,13.2,0.0,0.0,3.37,0.0,1.0,8.9,53.0,,,,16.0,8.3,72.0,6.1,2.1
2019-11-24 00:00:00+00:00,19.9,0.0,15.1,18.2,14.1,25.2,23.4,3.0,80.0,23.0,14.22,37706.36,34198.55,12.9,0.0,0.0,3.67,0.0,9.0,8.5,50.0,,,,17.0,9.6,80.0,8.3,5.1
2019-11-25 00:00:00+00:00,22.4,0.0,27.6,19.0,16.0,29.6,24.9,3.0,172.0,47.5,14.39,37641.44,34187.4,14.2,0.0,0.0,5.55,0.0,17.0,5.7,39.0,,,,28.3,16.6,172.0,16.9,11.2
2019-11-26 00:00:00+00:00,22.0,0.0,19.8,18.3,17.2,27.7,23.9,0.0,204.0,34.9,14.2,37578.35,34068.66,13.2,0.0,0.0,5.58,0.0,0.0,4.2,32.0,,,,28.3,16.4,204.0,14.8,8.8
2019-11-27 00:00:00+00:00,18.9,0.0,20.9,15.0,13.8,24.0,18.8,0.0,241.0,37.8,14.46,37517.2,34158.37,10.0,0.0,0.0,4.66,0.0,0.0,0.3,30.0,,,,22.9,12.9,241.0,10.8,7.2
2019-11-28 00:00:00+00:00,19.1,0.0,13.8,17.4,14.0,24.5,24.0,3.0,225.0,22.3,12.46,37458.09,29324.38,11.5,0.0,0.0,3.31,0.0,22.0,8.7,51.0,,,,17.4,9.7,225.0,10.8,6.0
2019-11-29 00:00:00+00:00,20.0,0.0,12.6,19.2,14.8,25.0,22.9,3.0,38.0,24.1,13.3,37401.11,33699.99,15.0,0.0,0.0,3.19,0.0,23.0,11.6,62.0,,,,18.1,9.8,38.0,11.2,6.4
2019-11-30 00:00:00+00:00,19.3,0.0,16.7,18.5,14.1,24.9,22.7,3.0,27.0,30.2,12.81,37346.39,33819.56,14.1,0.0,0.0,3.04,0.0,27.0,12.1,66.0,,,,19.1,10.4,27.0,10.1,6.6
2019-12-01 00:00:00+00:00,19.3,0.1,13.4,19.2,14.8,23.2,22.3,51.0,327.0,25.6,9.66,37294.0,29018.0,15.4,1.0,0.1,2.26,0.0,34.0,12.8,67.0,,,,13.9,6.7,327.0,3.6,1.4
2019-12-02 00:00:00+00:00,19.1,0.0,12.6,18.0,15.8,24.0,21.1,3.0,342.0,26.3,13.34,37244.07,32740.64,13.9,0.0,0.0,3.15,0.0,25.0,9.7,59.0,,,,16.0,8.0,342.0,5.8,1.5
2019-12-03 00:00:00+00:00,17.6,0.0,15.7,16.0,13.7,22.2,19.6,2.0,12.0,25.2,12.59,37196.7,33921.29,12.6,0.0,0.0,2.83,0.0,15.0,8.0,55.0,,,,15.4,7.6,12.0,4.3,2.4
2019-12-04 00:00:00+00:00,18.1,0.0,13.8,16.6,12.3,23.8,21.2,0.0,33.0,27.0,13.51,37151.98,33874.95,11.6,0.0,0.0,2.98,0.0,3.0,8.8,57.0,,,,15.3,7.8,33.0,6.1,1.9
2019-12-05 00:00:00+00:00,18.7,0.0,13.4,17.4,13.2,24.3,23.1,2.0,29.0,26.3,13.43,37109.99,33710.52,11.7,0.0,0.0,3.03,0.0,6.0,10.0,58.0,,,,17.5,9.2,29.0,7.2,2.3
2019-12-06 00:00:00+00:00,18.4,0.0,21.2,17.3,15.3,22.2,19.5,3.0,332.0,36.4,8.36,37070.2,29086.13,15.6,0.0,0.0,2.47,0.0,54.0,11.7,68.0,,,,20.8,11.4,332.0,7.6,3.7
2019-12-07 00:00:00+00:00,18.4,0.0,13.1,16.9,14.5,22.4,19.8,3.0,317.0,26.3,12.82,37032.53,32782.06,13.8,0.0,0.0,2.94,0.0,42.0,8.3,54.0,,,,16.1,7.9,317.0,7.9,2.9
2019-12-08 00:00:00+00:00,17.7,0.2,19.7,16.0,14.4,21.2,18.8,51.0,244.0,34.9,8.25,36997.02,25503.32,12.9,2.0,0.2,2.41,0.0,59.0,9.4,59.0,,,,19.0,10.6,244.0,5.8,2.0
2019-12-09 00:00:00+00:00,18.2,0.4,18.2,16.9,14.2,22.4,19.5,51.0,240.0,31.7,9.75,36963.7,32107.04,12.7,3.0,0.4,2.47,0.0,58.0,11.3,66.0,,,,20.3,11.3,240.0,8.6,4.1
2019-12-10 00:00:00+00:00,19.0,0.0,19.1,17.2,14.6,24.4,21.0,3.0,177.0,34.9,12.63,36932.61,33744.0,13.9,0.0,0.0,3.39,0.0,22.0,9.0,55.0,,,,19.5,11.2,177.0,4.3,2.4
2019-12-11 00:00:00+00:00,17.0,0.0,16.0,14.4,13.0,20.9,18.6,3.0,182.0,29.5,9.32,36903.79,27271.98,10.2,0.0,0.0,2.91,0.0,78.0,7.2,54.0,,,,22.3,13.0,182.0,13.3,8.5
2019-12-12 00:00:00+00:00,15.4,4.2,29.2,12.3,12.4,19.5,15.0,63.0,219.0,49.3,9.74,36877.3,29196.0,9.3,4.0,4.2,2.83,0.0,33.0,7.2,59.0,,,,30.1,16.6,219.0,16.9,10.9
2019-12-13 00:00:00+00:00,15.0,0.0,23.2,11.7,10.8,20.3,16.6,3.0,202.0,39.2,12.8,36853.15,32893.21,7.0,0.0,0.0,3.15,0.0,28.0,7.2,61.0,,,,30.5,17.8,202.0,19.1,11.6
2019-12-14 00:00:00+00:00,14.5,0.0,26.5,10.1,8.9,20.2,14.4,0.0,197.0,45.4,13.39,36831.4,33695.09,5.0,0.0,0.0,3.96,0.0,1.0,2.3,47.0,,,,31.2,18.4,197.0,18.0,10.9
2019-12-15 00:00:00+00:00,15.0,1.4,26.1,11.0,11.3,18.4,15.1,55.0,195.0,43.2,8.73,36812.09,22155.95,6.4,2.0,1.4,3.41,0.0,46.0,3.5,48.0,,,,32.0,18.0,195.0,13.7,8.3
2019-12-16 00:00:00+00:00,15.1,0.0,19.4,12.9,9.8,20.7,17.3,3.0,50.0,34.9,12.02,36795.23,31466.69,7.9,0.0,0.0,2.68,0.0,13.0,8.4,67.0,,,,21.4,12.3,50.0,7.9,2.9
2019-12-17 00:00:00+00:00,15.8,0.0,19.7,14.0,10.9,21.5,18.7,1.0,53.0,35.6,11.61,36780.89,33635.05,9.8,0.0,0.0,2.62,0.0,13.0,9.8,70.0,,,,20.5,11.7,53.0,9.4,5.8
2019-12-18 00:00:00+00:00,16.5,0.0,22.0,14.1,12.2,21.9,18.4,1.0,58.0,38.9,13.04,36769.08,33626.97,10.6,0.0,0.0,3.08,0.0,3.0,9.6,66.0,,,,27.3,15.9,58.0,17.3,10.0
2019-12-19 00:00:00+00:00,16.5,0.0,20.6,13.8,12.0,23.1,18.5,0.0,49.0,36.4,13.4,36759.85,33616.89,10.3,0.0,0.0,3.31,0.0,0.0,8.2,65.0,,,,27.5,16.1,49.0,22.0,13.8
2019-12-20 00:00:00+00:00,14.9,0.0,14.2,12.3,8.7,22.2,19.2,0.0,48.0,23.8,12.83,36753.23,33498.98,6.9,0.0,0.0,2.91,0.0,0.0,5.6,59.0,,,,19.1,10.6,48.0,13.0,6.6
2019-12-21 00:00:00+00:00,14.7,0.0,16.4,12.7,8.7,21.6,18.4,3.0,39.0,27.0,12.47,36749.24,32852.28,7.0,0.0,0.0,2.62,0.0,13.0,7.3,65.0,,,,17.7,9.4,39.0,9.0,5.6
2019-12-22 00:00:00+00:00,15.7,0.0,17.3,13.9,10.7,21.5,18.9,1.0,57.0,32.4,12.48,36747.93,33603.93,9.5,0.0,0.0,2.71,0.0,11.0,9.0,67.0,,,,19.7,11.1,57.0,11.5,6.8
2019-12-23 00:00:00+00:00,14.7,0.0,21.0,11.8,9.4,20.5,16.5,0.0,188.0,37.8,13.27,36749.33,33605.48,6.7,0.0,0.0,3.13,0.0,0.0,6.9,63.0,,,,25.4,14.9,188.0,9.7,5.5
2019-12-24 00:00:00+00:00,15.4,0.0,28.0,10.6,10.5,20.4,14.7,1.0,206.0,47.9,13.15,36753.46,33610.04,5.9,0.0,0.0,4.22,0.0,5.0,4.0,49.0,,,,39.0,23.1,206.0,31.7,18.3
2019-12-25 00:00:00+00:00,15.3,0.0,28.6,10.8,11.5,19.3,14.2,1.0,230.0,48.2,11.13,36760.35,33606.38,7.1,0.0,0.0,3.87,0.0,16.0,4.2,48.0,,,,36.6,21.7,230.0,25.2,15.5
2019-12-26 00:00:00+00:00,16.4,0.3,30.2,11.9,13.6,20.2,14.9,51.0,237.0,51.8,11.38,36770.08,33183.96,8.9,2.0,0.3,4.04,0.0,34.0,5.8,50.0,,,,40.4,23.3,237.0,21.2,10.3
2019-12-27 00:00:00+00:00,15.0,0.1,22.8,11.5,11.4,19.1,14.4,51.0,268.0,40.3,11.15,36782.62,32616.8,8.4,1.0,0.1,3.15,0.0,23.0,4.9,53.0,,,,26.9,15.2,268.0,11.2,6.2
2019-12-28 00:00:00+00:00,13.8,0.0,16.6,10.6,8.9,18.5,14.7,3.0,202.0,30.2,9.29,36797.92,27229.58,5.6,0.0,0.0,2.6,0.0,35.0,4.4,56.0,,,,21.3,12.7,202.0,10.4,6.8
2019-12-29 00:00:00+00:00,14.7,0.0,23.9,10.6,9.9,19.4,14.9,1.0,188.0,41.8,10.77,36815.94,33680.55,5.7,0.0,0.0,3.51,0.0,20.0,3.4,47.0,,,,29.2,17.3,188.0,16.6,10.5
2019-12-30 00:00:00+00:00,14.3,0.0,26.4,9.9,10.8,17.6,12.0,1.0,225.0,46.1,13.45,36836.61,33703.63,7.3,0.0,0.0,3.73,0.0,10.0,2.2,46.0,,,,31.7,18.1,225.0,16.2,10.2
2019-12-31 00:00:00+00:00,12.8,0.0,13.4,9.8,7.1,18.7,16.2,2.0,214.0,22.7,12.68,36859.88,33729.55,3.8,0.0,0.0,2.69,0.0,20.0,3.8,56.0,,,,19.1,10.7,214.0,14.4,7.0
2020-01-01 00:00:00+00:00,14.0,0.0,11.5,12.5,10.4,18.5,16.4,3.0,305.0,20.2,10.57,36885.71,25214.31,9.9,0.0,0.0,2.07,0.0,90.0,7.2,66.0,,,,12.0,5.4,305.0,2.9,0.5
2020-01-02 00:00:00+00:00,12.5,0.0,21.9,9.1,7.7,17.1,11.9,3.0,226.0,39.6,12.42,36914.02,32523.04,4.2,0.0,0.0,2.8,0.0,27.0,2.1,51.0,,,,20.5,11.5,226.0,6.5,3.9
2020-01-03 00:00:00+00:00,11.8,0.0,28.2,7.2,7.4,16.0,9.5,3.0,214.0,49.0,13.01,36944.78,33823.71,4.0,0.0,0.0,3.13,0.0,17.0,3.1,58.0,,,,35.4,20.9,214.0,23.4,14.5
2020-01-04 00:00:00+00:00,12.6,0.1,23.8,8.9,9.5,16.7,12.8,51.0,238.0,39.6,8.91,36977.91,33350.6,6.4,1.0,0.1,2.49,0.0,33.0,5.0,61.0,,,,30.2,17.2,238.0,18.0,11.2
2020-01-05 00:00:00+00:00,12.1,0.0,20.4,8.1,7.0,17.4,13.0,2.0,192.0,37.1,13.04,37013.38,33899.49,3.0,0.0,0.0,3.04,0.0,8.0,2.7,54.0,,,,26.9,16.0,192.0,16.9,10.8
2020-01-06 00:00:00+00:00,13.2,0.0,34.4,8.2,8.4,18.3,11.9,0.0,196.0,57.6,12.48,37051.11,33941.09,3.7,0.0,0.0,3.73,0.0,4.0,2.9,51.0,,,,38.8,23.2,196.0,25.6,15.8
2020-01-07 00:00:00+00:00,13.0,0.1,33.4,8.1,10.6,16.4,10.0,51.0,225.0,56.2,11.93,37091.05,33184.75,6.4,1.0,0.1,3.56,0.0,33.0,2.5,50.0,,,,38.1,22.1,225.0,26.6,15.9
2020-01-08 00:00:00+00:00,12.1,0.0,26.6,7.8,7.2,17.0,11.7,1.0,235.0,47.2,12.1,37133.15,34031.37,3.1,0.0,0.0,3.03,0.0,16.0,3.4,56.0,,,,33.1,19.1,235.0,19.4,11.4
2020-01-09 00:00:00+00:00,12.0,3.5,23.9,8.6,8.8,15.8,11.1,55.0,247.0,43.2,9.53,37177.34,24121.94,5.5,7.0,3.5,2.26,0.0,49.0,5.4,65.0,,,,28.6,15.8,247.0,18.7,10.8
2020-01-10 00:00:00+00:00,12.3,1.3,18.2,9.8,8.3,17.5,13.8,53.0,303.0,32.8,11.06,37223.58,33875.81,6.1,5.0,1.3,2.12,0.0,35.0,6.7,71.0,,,,21.3,11.4,303.0,8.6,4.4
2020-01-11 00:00:00+00:00,13.0,0.0,9.7,11.6,7.0,18.0,16.5,3.0,195.0,17.6,12.46,37271.8,33089.83,5.1,0.0,0.0,1.99,0.0,32.0,7.0,70.0,,,,9.9,4.7,195.0,2.2,0.5
2020-01-12 00:00:00+00:00,13.7,0.1,11.5,11.5,11.0,18.0,15.9,51.0,191.0,23.0,7.86,37321.94,20114.79,8.1,1.0,0.1,1.87,0.0,78.0,5.9,60.0,,,,14.1,7.9,191.0,7.2,4.1
2020-01-13 00:00:00+00:00,13.9,0.0,10.1,12.0,9.1,19.4,16.9,3.0,65.0,20.2,13.75,37373.94,34295.18,7.0,0.0,0.0,2.48,0.0,46.0,5.9,60.0,,,,12.5,6.5,65.0,4.0,2.3
2020-01-14 00:00:00+00:00,15.2,0.1,21.6,12.5,10.8,19.6,15.5,51.0,62.0,37.8,9.43,37427.82,18000.0,8.2,1.0,0.1,2.67,0.0,91.0,7.7,63.0,,,,24.8,14.7,62.0,9.7,6.6
2020-01-15 00:00:00+00:00,17.1,0.0,24.3,14.0,12.7,23.2,18.6,1.0,66.0,42.1,13.14,37484.17,34415.98,10.4,0.0,0.0,3.74,0.0,19.0,8.4,62.0,,,,33.2,19.5,66.0,25.2,15.7
2020-01-16 00:00:00+00:00,16.0,0.0,30.9,12.3,12.5,18.5,14.5,2.0,200.0,51.8,13.76,37543.06,34480.51,8.8,0.0,0.0,3.78,0.0,22.0,5.6,51.0,,,,33.2,18.3,200.0,18.7,12.6
2020-01-17 00:00:00+00:00,14.4,3.8,26.3,11.4,11.1,18.5,14.7,55.0,243.0,45.0,9.7,37604.38,32922.29,7.6,8.0,3.8,2.52,0.0,45.0,8.6,69.0,,,,32.0,18.6,243.0,20.9,12.6
2020-01-18 00:00:00+00:00,13.7,1.6,18.1,11.7,11.2,18.0,14.7,51.0,249.0,33.8,9.42,37668.0,29899.59,9.5,9.0,1.6,1.95,0.0,44.0,9.0,75.0,,,,21.8,12.2,249.0,15.1,8.9
2020-01-19 00:00:00+00:00,13.0,0.3,16.5,10.8,9.3,17.1,13.8,51.0,235.0,29.5,6.42,37733.82,16485.78,6.8,3.0,0.3,1.61,0.0,57.0,7.4,70.0,,,,19.5,11.1,235.0,7.9,4.3
2020-01-20 00:00:00+00:00,13.6,0.1,20.4,10.9,9.8,18.1,14.5,51.0,274.0,34.2,9.25,37801.73,32932.79,7.3,1.0,0.1,2.35,0.0,46.0,6.8,65.0,,,,21.8,12.7,274.0,11.2,7.7
2020-01-21 00:00:00+00:00,13.7,0.0,26.5,10.1,10.9,17.5,11.9,3.0,333.0,44.6,10.97,37871.61,30695.85,8.6,0.0,0.0,3.03,0.0,57.0,3.5,52.0,,,,26.1,14.2,333.0,11.5,5.5
2020-01-22 00:00:00+00:00,12.8,0.1,16.6,10.1,8.3,17.5,13.2,51.0,325.0,29.2,9.35,37943.35,22566.73,6.5,1.0,0.1,2.21,0.0,48.0,3.6,57.0,,,,16.5,8.3,325.0,5.0,2.3
2020-01-23 00:00:00+00:00,13.3,0.1,15.6,10.2,8.3,18.0,14.7,51.0,229.0,28.4,8.79,38016.85,23629.66,4.6,1.0,0.1,2.39,0.0,54.0,4.0,54.0,,,,18.8,10.9,229.0,3.6,1.8
2020-01-24 00:00:00+00:00,14.1,0.0,22.1,10.6,10.2,18.3,13.6,3.0,312.0,38.9,10.07,38092.0,30843.93,6.8,0.0,0.0,3.01,0.0,44.0,4.6,54.0,,,,27.1,15.3,312.0,20.5,10.2
2020-01-25 00:00:00+00:00,11.9,0.0,15.9,8.7,6.5,17.2,13.6,0.0,55.0,28.1,15.05,38168.69,35156.77,3.5,0.0,0.0,2.95,0.0,1.0,1.4,51.0,,,,17.4,9.1,55.0,7.6,2.9
2020-01-26 00:00:00+00:00,13.0,0.0,20.0,9.4,7.0,18.3,14.1,3.0,64.0,36.0,15.15,38246.81,35184.78,4.3,0.0,0.0,3.44,0.0,18.0,2.8,52.0,,,,24.5,13.9,64.0,11.2,6.4
2020-01-27 00:00:00+00:00,13.7,0.0,19.1,10.0,8.5,19.8,15.5,3.0,61.0,33.5,13.7,38326.28,34403.16,5.4,0.0,0.0,3.4,0.0,70.0,3.2,53.0,,,,25.9,14.8,61.0,19.1,12.0
2020-01-28 00:00:00+00:00,13.9,0.0,14.7,11.6,8.4,19.5,17.2,3.0,340.0,28.4,15.04,38406.97,35245.11,6.7,0.0,0.0,2.97,0.0,29.0,5.6,60.0,,,,17.4,8.9,340.0,7.9,4.0
2020-01-29 00:00:00+00:00,14.7,0.0,11.3,13.0,9.8,20.1,17.6,2.0,269.0,25.6,11.87,38488.79,34086.76,8.6,0.0,0.0,2.41,0.0,29.0,7.3,64.0,,,,13.9,6.9,269.0,6.8,3.2
2020-01-30 00:00:00+00:00,15.1,0.0,13.8,12.7,9.7,20.1,17.3,1.0,243.0,27.7,15.31,38571.65,35310.96,8.0,0.0,0.0,3.19,0.0,7.0,5.0,55.0,,,,16.5,8.9,243.0,7.2,4.7
2020-01-31 00:00:00+00:00,14.4,0.2,17.1,11.3,10.0,21.0,18.0,51.0,298.0,31.3,11.38,38655.44,35025.04,6.6,1.0,0.2,3.11,0.0,22.0,3.6,49.0,,,,19.9,11.1,298.0,11.9,6.4
2020-02-01 00:00:00+00:00,14.3,0.0,17.4,11.9,8.3,20.4,17.2,3.0,312.0,31.7,14.32,38740.07,34428.32,6.1,0.0,0.0,2.92,0.0,18.0,5.1,56.0,,,,16.2,8.2,312.0,5.8,2.8
2020-02-02 00:00:00+00:00,14.4,0.0,9.7,12.6,9.2,20.0,17.7,2.0,45.0,20.9,14.38,38825.45,34547.85,7.3,0.0,0.0,2.69,0.0,15.0,5.9,60.0,,,,13.0,6.4,45.0,6.1,1.5
2020-02-03 00:00:00+00:00,14.9,0.0,14.4,12.9,9.2,20.9,18.1,2.0,20.0,28.1,14.68,38911.57,33906.21,7.8,0.0,0.0,3.01,0.0,20.0,7.2,64.0,,,,17.9,9.4,20.0,9.7,6.1
2020-02-04 00:00:00+00:00,15.9,0.0,14.3,14.4,11.2,21.4,18.8,3.0,299.0,28.4,12.62,38999.27,27886.4,10.2,0.0,0.0,2.7,0.0,29.0,8.3,63.0,,,,15.1,7.7,299.0,4.3,2.5
2020-02-05 00:00:00+00:00,16.4,0.0,22.4,13.2,10.8,22.0,17.8,0.0,192.0,41.0,16.06,39088.68,35541.21,7.9,0.0,0.0,4.08,0.0,0.0,6.1,53.0,,,,26.7,15.8,192.0,8.6,7.3
2020-02-06 00:00:00+00:00,17.8,0.0,26.3,13.7,13.7,23.8,19.8,0.0,208.0,45.0,16.06,39179.7,35585.21,9.1,0.0,0.0,4.99,0.0,1.0,3.5,40.0,,,,33.0,18.6,208.0,11.5,4.7
2020-02-07 00:00:00+00:00,15.6,0.1,27.2,11.5,13.3,18.2,14.0,51.0,247.0,47.2,15.23,39272.2,28988.93,10.0,1.0,0.1,4.08,0.0,44.0,0.8,37.0,,,,26.7,14.9,247.0,5.4,0.4
2020-02-08 00:00:00+00:00,12.9,0.0,23.1,9.5,9.2,17.3,12.9,3.0,287.0,41.0,10.72,39366.08,32047.82,6.5,0.0,0.0,2.68,0.0,35.0,4.9,60.0,,,,26.9,14.9,287.0,14.0,6.8
2020-02-09 00:00:00+00:00,12.3,0.0,21.4,9.0,9.1,16.1,10.9,3.0,314.0,40.3,10.49,39461.23,28719.09,7.1,0.0,0.0,2.7,0.0,68.0,3.0,56.0,,,,21.9,12.1,314.0,7.9,4.3
2020-02-10 00:00:00+00:00,12.8,0.0,17.7,9.3,10.3,15.6,11.3,3.0,325.0,33.5,8.71,39557.54,13257.26,7.4,0.0,0.0,2.59,0.0,79.0,2.6,50.0,,,,22.1,11.9,325.0,10.8,5.9
2020-02-11 00:00:00+00:00,13.7,0.1,19.1,10.8,9.6,18.4,14.6,51.0,224.0,33.1,7.35,39654.9,16747.17,6.4,1.0,0.1,2.29,0.0,65.0,4.7,55.0,,,,19.7,11.1,224.0,5.0,1.3
2020-02-12 00:00:00+00:00,15.0,0.0,18.7,11.6,9.2,20.9,18.0,0.0,190.0,34.2,16.73,39753.2,35880.13,5.2,0.0,0.0,3.94,0.0,1.0,4.5,51.0,,,,25.4,14.8,190.0,14.8,9.8
2020-02-13 00:00:00+00:00,17.7,0.0,18.3,15.1,11.6,24.6,22.7,2.0,182.0,28.8,17.0,39852.36,35933.63,8.1,0.0,0.0,4.01,0.0,5.0,5.0,45.0,,,,20.4,11.0,182.0,4.7,0.8
2020-02-14 00:00:00+00:00,16.8,0.0,18.7,14.4,12.3,22.1,18.9,3.0,49.0,32.0,10.31,39952.27,21531.21,10.0,0.0,0.0,2.95,0.0,65.0,9.3,64.0,,,,26.3,15.3,49.0,19.4,12.0
2020-02-15 00:00:00+00:00,16.1,0.0,13.8,15.2,10.3,23.1,22.1,3.0,298.0,27.7,16.38,40052.82,34064.04,9.7,0.0,0.0,3.17,0.0,18.0,9.9,71.0,,,,15.2,7.1,298.0,4.7,1.1
2020-02-16 00:00:00+00:00,16.5,0.2,17.2,14.5,12.3,20.4,17.5,51.0,324.0,32.4,12.43,40153.92,28190.58,11.6,2.0,0.2,2.96,0.0,41.0,8.9,64.0,,,,22.1,11.5,324.0,6.8,2.6
2020-02-17 00:00:00+00:00,16.1,0.0,17.4,14.1,12.3,20.9,17.8,3.0,23.0,31.0,12.13,40255.48,34393.81,11.6,0.0,0.0,2.93,0.0,54.0,9.0,67.0,,,,22.1,12.1,23.0,12.2,7.0
2020-02-18 00:00:00+00:00,14.5,0.3,20.3,13.0,10.8,19.3,17.4,51.0,6.0,36.7,12.46,40357.39,32516.23,9.6,3.0,0.3,2.4,0.0,45.0,9.0,72.0,,,,18.6,8.7,6.0,10.8,4.0
2020-02-19 00:00:00+00:00,14.2,0.7,20.6,12.1,10.3,18.8,14.7,51.0,306.0,38.2,13.82,40459.57,33542.47,9.0,6.0,0.7,2.72,0.0,33.0,8.4,71.0,,,,21.0,11.3,306.0,7.6,4.3
2020-02-20 00:00:00+00:00,14.7,0.0,15.3,12.8,9.7,20.1,17.3,1.0,231.0,31.0,17.76,40561.93,36216.65,7.9,0.0,0.0,3.27,0.0,5.0,7.3,65.0,,,,18.0,9.9,231.0,6.1,4.1
2020-02-21 00:00:00+00:00,15.4,0.0,29.1,11.5,10.2,21.3,16.1,3.0,229.0,51.8,15.16,40664.37,35085.14,6.5,0.0,0.0,4.15,0.0,32.0,4.5,51.0,,,,30.7,17.6,229.0,16.2,9.5
2020-02-22 00:00:00+00:00,14.6,0.0,15.1,12.4,9.7,19.0,15.7,3.0,268.0,28.4,12.72,40766.8,30849.11,7.7,0.0,0.0,2.78,0.0,47.0,6.5,61.0,,,,18.2,9.6,268.0,9.7,4.4
2020-02-23 00:00:00+00:00,14.9,0.3,16.6,12.9,12.5,19.0,16.2,51.0,304.0,30.2,9.35,40869.23,15395.33,10.9,1.0,0.3,2.33,0.0,80.0,5.8,56.0,,,,14.6,6.8,304.0,2.9,2.3
2020-02-24 00:00:00+00:00,12.4,4.4,12.1,10.9,9.2,15.7,13.7,61.0,360.0,26.3,12.94,40972.5,32596.38,7.5,9.0,4.4,2.03,0.0,51.0,8.2,76.0,,,,16.8,7.5,360.0,7.2,0.4
2020-02-25 00:00:00+00:00,13.6,3.2,19.5,12.0,9.7,19.5,16.0,55.0,282.0,35.3,13.74,41076.76,32698.98,8.4,8.0,3.2,2.45,0.0,41.0,9.2,78.0,,,,19.8,9.9,282.0,7.2,4.1
2020-02-26 00:00:00+00:00,15.3,0.0,15.0,13.6,9.9,21.8,20.8,0.0,182.0,27.4,18.89,41181.93,36518.71,6.8,0.0,0.0,3.42,0.0,0.0,9.0,68.0,,,,19.6,11.2,182.0,8.3,5.5
2020-02-27 00:00:00+00:00,18.0,0.0,13.0,16.2,11.9,24.5,22.9,3.0,177.0,24.8,16.69,41287.9,34141.17,9.5,0.0,0.0,3.7,0.0,59.0,8.0,55.0,,,,17.9,10.1,177.0,6.1,1.4
2020-02-28 00:00:00+00:00,19.3,0.0,16.5,17.1,13.4,26.3,24.0,3.0,227.0,29.5,19.37,41394.6,36745.57,11.0,0.0,0.0,4.74,0.0,6.0,7.0,50.0,,,,21.1,12.0,227.0,12.2,7.6
2020-02-29 00:00:00+00:00,16.0,0.0,22.4,13.8,10.7,20.6,16.6,3.0,283.0,39.6,16.0,41501.95,36276.49,9.7,0.0,0.0,3.51,0.0,34.0,8.4,65.0,,,,24.4,13.1,283.0,7.6,3.3
2020-03-01 00:00:00+00:00,15.9,0.0,14.9,13.6,10.5,21.3,19.2,1.0,305.0,26.3,19.41,41609.85,36864.27,8.4,0.0,0.0,3.94,0.0,10.0,6.1,55.0,,,,20.1,10.3,305.0,11.5,6.2
2020-03-02 00:00:00+00:00,15.9,0.0,21.0,13.9,10.3,22.1,20.1,1.0,36.0,34.2,19.7,41718.23,36985.28,8.6,0.0,0.0,3.93,0.0,2.0,5.9,54.0,,,,16.7,8.4,36.0,6.8,3.9
2020-03-03 00:00:00+00:00,17.3,0.0,21.4,14.0,10.8,24.8,20.7,3.0,53.0,38.5,19.87,41827.0,36056.22,8.3,0.0,0.0,4.97,0.0,47.0,6.3,53.0,,,,30.0,17.3,53.0,19.8,12.1
2020-03-04 00:00:00+00:00,18.4,0.0,17.1,16.4,9.3,26.7,24.3,0.0,187.0,29.9,20.5,41936.08,37234.31,7.8,0.0,0.0,4.41,0.0,1.0,5.9,52.0,,,,17.2,8.3,187.0,6.1,1.1
2020-03-05 00:00:00+00:00,21.4,0.0,20.9,17.5,16.4,27.6,24.8,2.0,200.0,37.4,20.12,42045.39,37363.16,11.1,0.0,0.0,6.36,0.0,13.0,1.4,28.0,,,,26.9,15.0,200.0,6.1,4.6
2020-03-06 00:00:00+00:00,17.9,0.2,23.0,14.6,14.5,20.7,17.6,51.0,273.0,47.5,14.73,42154.85,23711.96,11.5,1.0,0.2,4.31,0.0,45.0,5.1,44.0,,,,29.1,15.4,273.0,12.2,6.3
2020-03-07 00:00:00+00:00,17.6,0.0,14.0,16.2,13.2,23.0,21.3,3.0,37.0,26.3,19.0,42264.37,35936.38,12.8,0.0,0.0,3.99,0.0,33.0,8.8,60.0,,,,18.6,9.6,37.0,10.8,6.3
2020-03-08 00:00:00+00:00,19.1,0.0,22.9,16.4,11.7,26.9,23.0,3.0,61.0,41.8,21.15,42373.88,37932.95,10.0,0.0,0.0,5.3,0.0,17.0,8.1,55.0,,,,30.4,17.3,61.0,20.5,12.2
2020-03-09 00:00:00+00:00,21.6,0.0,26.8,18.1,13.9,31.7,26.4,3.0,219.0,46.8,21.05,42483.31,37634.71,10.8,0.0,0.0,6.79,0.0,41.0,3.2,35.0,,,,28.9,16.0,219.0,7.6,3.5
2020-03-10 00:00:00+00:00,17.8,0.0,24.2,15.3,11.8,23.7,21.1,3.0,38.0,42.8,21.08,42592.57,37908.88,10.6,0.0,0.0,4.77,0.0,32.0,7.3,55.0,,,,24.9,13.7,38.0,11.5,7.7
2020-03-11 00:00:00+00:00,18.0,0.2,29.0,14.9,12.9,25.7,22.5,51.0,45.0,49.7,17.95,42701.59,36327.53,10.4,2.0,0.2,4.52,0.0,37.0,10.6,64.0,,,,39.7,23.4,45.0,29.2,17.3
2020-03-12 00:00:00+00:00,16.6,43.1,31.8,14.6,13.1,20.8,19.2,65.0,59.0,53.6,7.99,42810.29,13181.2,8.6,20.0,43.1,1.85,0.0,79.0,13.6,83.0,,,,38.1,21.4,59.0,23.4,14.0
2020-03-13 00:00:00+00:00,15.2,9.9,36.7,12.8,12.2,19.2,16.8,61.0,234.0,60.1,11.86,42918.57,20164.19,8.3,16.0,9.9,2.13,0.0,67.0,12.3,84.0,,,,40.6,22.5,234.0,20.9,11.7
2020-03-14 00:00:00+00:00,17.9,1.8,18.0,17.5,14.6,22.3,21.9,51.0,302.0,29.9,14.73,43026.47,33783.43,13.9,10.0,1.8,2.72,0.0,62.0,14.1,79.0,,,,21.9,12.1,302.0,9.0,5.8
2020-03-15 00:00:00+00:00,19.0,0.0,13.5,19.7,15.0,24.5,24.9,3.0,256.0,23.8,20.04,43134.75,38022.34,15.6,0.0,0.0,3.67,0.0,31.0,13.9,74.0,,,,12.5,6.0,256.0,4.3,0.4
2020-03-16 00:00:00+00:00,19.2,0.0,13.8,19.2,14.1,25.3,25.6,1.0,249.0,24.5,21.46,43243.55,39446.28,13.7,0.0,0.0,4.12,0.0,5.0,13.2,70.0,,,,15.9,8.8,249.0,6.8,4.0
2020-03-17 00:00:00+00:00,15.4,0.4,30.5,13.0,12.6,18.7,14.8,51.0,301.0,50.8,15.73,43352.82,32531.79,9.1,2.0,0.4,3.16,0.0,63.0,9.7,71.0,,,,30.1,16.9,301.0,11.2,2.9
2020-03-18 00:00:00+00:00,14.6,0.0,22.6,11.6,10.8,19.8,16.6,3.0,278.0,38.5,18.18,43462.47,37143.58,8.4,0.0,0.0,3.73,0.0,36.0,6.4,59.0,,,,26.9,15.0,278.0,11.9,5.5
2020-03-19 00:00:00+00:00,14.1,0.0,25.0,11.4,9.7,20.0,16.1,1.0,269.0,43.9,19.8,43572.44,39303.84,7.5,0.0,0.0,3.72,0.0,20.0,6.8,65.0,,,,25.1,14.2,269.0,13.7,8.4
2020-03-20 00:00:00+00:00,12.6,0.4,27.0,9.2,8.4,17.1,12.3,51.0,267.0,46.4,16.1,43682.66,39452.95,5.8,4.0,0.4,3.18,0.0,34.0,5.4,63.0,,,,27.3,15.6,267.0,12.2,6.4
2020-03-21 00:00:00+00:00,13.7,0.0,21.1,10.8,9.3,19.3,15.1,3.0,346.0,39.2,17.68,43793.05,39754.49,7.7,0.0,0.0,3.57,0.0,38.0,5.2,60.0,,,,22.4,12.3,346.0,9.4,5.0
2020-03-22 00:00:00+00:00,14.9,0.0,14.3,12.4,7.4,21.8,19.7,1.0,107.0,25.6,23.5,43903.54,41004.01,4.9,0.0,0.0,4.61,0.0,1.0,3.5,52.0,,,,18.6,9.6,107.0,10.1,3.8
2020-03-23 00:00:00+00:00,22.3,0.0,34.7,17.5,13.4,30.1,24.6,3.0,199.0,58.3,20.93,44014.07,39623.86,10.8,0.0,0.0,7.91,0.0,72.0,0.8,26.0,,,,36.0,20.9,199.0,13.0,7.6
2020-03-24 00:00:00+00:00,20.5,0.0,19.4,18.4,14.6,27.1,25.3,2.0,294.0,35.3,23.04,44124.56,41349.43,12.0,0.0,0.0,5.57,0.0,8.0,6.9,43.0,,,,21.8,11.0,294.0,9.7,5.2
2020-03-25 00:00:00+00:00,18.4,0.0,20.1,16.4,12.4,24.7,22.8,3.0,40.0,32.8,21.91,44234.94,34000.32,11.5,0.0,0.0,4.93,0.0,43.0,8.6,58.0,,,,25.3,13.9,40.0,15.1,9.5
2020-03-26 00:00:00+00:00,20.9,0.1,26.3,18.2,15.4,29.5,28.0,51.0,58.0,42.5,15.29,44345.13,22933.94,12.9,1.0,0.1,5.14,0.0,68.0,7.4,46.0,,,,29.2,15.2,58.0,16.6,3.1
2020-03-27 00:00:00+00:00,21.7,0.0,28.3,18.7,16.3,27.9,26.4,2.0,22.0,45.4,22.41,44455.07,41665.58,13.7,0.0,0.0,6.69,0.0,13.0,8.9,46.0,,,,36.5,20.5,22.0,27.0,13.0
2020-03-28 00:00:00+00:00,18.5,0.1,17.4,16.7,15.0,23.6,21.4,51.0,323.0,30.2,22.5,44564.68,38890.09,13.6,1.0,0.1,4.91,0.0,26.0,8.1,56.0,,,,23.7,12.0,323.0,14.0,8.2
2020-03-29 00:00:00+00:00,19.5,0.0,15.5,17.1,12.0,26.8,23.7,3.0,222.0,32.0,23.72,44673.89,41894.84,10.5,0.0,0.0,5.53,0.0,13.0,3.7,42.0,,,,18.3,9.6,222.0,6.5,3.7
2020-03-30 00:00:00+00:00,23.5,0.0,21.6,19.5,16.3,31.2,26.7,3.0,183.0,39.6,22.71,44782.63,37952.12,12.6,0.0,0.0,7.65,0.0,36.0,0.4,24.0,,,,27.6,15.7,183.0,17.3,9.4
2020-03-31 00:00:00+00:00,24.8,0.0,32.9,19.8,18.0,31.1,27.2,2.0,219.0,55.8,23.67,44890.81,41265.59,15.8,0.0,0.0,9.56,0.0,19.0,0.4,22.0,,,,42.1,23.2,219.0,25.9,10.5
2020-04-01 00:00:00+00:00,19.7,0.0,19.2,18.0,14.9,25.1,22.9,3.0,275.0,30.6,18.74,44998.38,38247.91,13.7,0.0,0.0,4.45,0.0,35.0,8.2,50.0,,,,19.6,9.4,275.0,13.0,4.4
2020-04-02 00:00:00+00:00,20.0,0.0,20.6,18.7,14.9,25.7,24.5,1.0,3.0,33.5,23.76,45105.23,42320.45,14.9,0.0,0.0,5.29,0.0,3.0,8.2,52.0,,,,20.0,9.3,3.0,4.0,2.1
2020-04-03 00:00:00+00:00,22.2,0.0,20.5,19.7,14.3,29.1,27.5,3.0,76.0,32.8,23.93,45211.39,42424.75,12.8,0.0,0.0,6.52,0.0,17.0,4.9,37.0,,,,21.8,11.6,76.0,7.6,2.5
2020-04-04 00:00:00+00:00,27.0,0.0,29.2,22.5,19.3,35.4,31.5,3.0,123.0,50.4,24.52,45317.57,42528.78,15.2,0.0,0.0,9.48,0.0,15.0,0.7,21.0,,,,35.1,19.9,123.0,18.7,10.8
2020-04-05 00:00:00+00:00,25.6,0.0,28.2,22.0,19.8,29.2,27.1,1.0,244.0,45.7,24.12,45423.91,42632.82,17.9,0.0,0.0,8.69,0.0,6.0,4.1,27.0,,,,34.0,18.7,244.0,19.4,10.9
2020-04-06 00:00:00+00:00,20.7,0.0,21.6,19.0,15.1,26.6,25.6,3.0,3.0,38.2,23.29,45530.36,40403.63,14.4,0.0,0.0,5.62,0.0,28.0,9.1,51.0,,,,24.1,12.7,3.0,14.8,9.0
2020-04-07 00:00:00+00:00,19.2,0.0,21.7,16.7,14.0,24.7,22.5,3.0,354.0,35.3,24.59,45636.84,42840.71,12.2,0.0,0.0,5.78,0.0,28.0,6.1,46.0,,,,25.3,13.1,354.0,16.2,9.7
2020-04-08 00:00:00+00:00,18.6,0.0,20.4,16.8,13.3,24.0,22.2,3.0,329.0,36.0,19.87,45743.29,32082.49,12.8,0.0,0.0,4.66,0.0,34.0,7.4,52.0,,,,19.8,9.5,329.0,6.1,3.6
2020-04-09 00:00:00+00:00,18.6,0.0,23.8,16.4,14.0,22.9,19.6,3.0,307.0,42.8,17.82,45849.62,34906.71,13.8,0.0,0.0,4.52,0.0,37.0,7.8,53.0,,,,23.3,12.0,307.0,4.3,1.4
2020-04-10 00:00:00+00:00,17.7,0.3,22.1,15.5,13.1,22.6,19.2,51.0,283.0,37.8,21.4,45955.77,40717.89,12.2,2.0,0.3,4.69,0.0,27.0,7.4,55.0,,,,24.6,12.7,283.0,8.6,4.8
2020-04-11 00:00:00+00:00,18.3,0.0,20.1,16.5,12.4,24.5,22.4,3.0,321.0,36.0,20.6,46061.68,42354.39,11.3,0.0,0.0,4.65,0.0,25.0,6.7,51.0,,,,18.7,8.9,321.0,7.9,4.5
2020-04-12 00:00:00+00:00,19.6,0.0,20.6,17.9,13.2,26.1,24.3,0.0,29.0,33.5,24.74,46167.26,43022.18,12.8,0.0,0.0,5.58,0.0,1.0,7.4,52.0,,,,21.4,10.6,29.0,10.4,5.4
2020-04-13 00:00:00+00:00,19.9,0.0,22.7,17.6,14.0,26.2,23.6,3.0,32.0,38.9,25.25,46272.44,42692.67,13.2,0.0,0.0,6.0,0.0,10.0,5.7,49.0,,,,25.6,13.3,32.0,15.5,9.4
2020-04-14 00:00:00+00:00,20.0,0.0,22.3,17.6,13.2,27.6,24.5,2.0,27.0,36.4,25.09,46377.15,43092.5,12.7,0.0,0.0,6.26,0.0,5.0,7.2,51.0,,,,27.3,14.9,27.0,14.4,7.6
2020-04-15 00:00:00+00:00,22.1,0.0,14.5,20.6,14.9,29.2,27.0,3.0,49.0,28.4,21.66,46481.31,41074.96,13.8,0.0,0.0,5.05,0.0,34.0,8.6,48.0,,,,20.4,9.7,49.0,8.6,1.4
2020-04-16 00:00:00+00:00,22.3,0.0,25.3,19.7,17.0,28.1,26.3,1.0,279.0,45.4,24.97,46584.84,43162.9,15.1,0.0,0.0,6.65,0.0,3.0,7.0,39.0,,,,27.1,15.1,279.0,5.4,3.7
2020-04-17 00:00:00+00:00,21.0,0.0,24.9,18.4,15.5,28.1,24.1,3.0,350.0,42.8,19.18,46687.68,38106.66,14.6,0.0,0.0,5.66,0.0,27.0,9.2,52.0,,,,30.8,17.0,350.0,15.1,8.5
2020-04-18 00:00:00+00:00,21.6,0.0,24.8,20.0,14.7,29.1,27.4,2.0,28.0,40.0,24.75,46789.72,43200.0,14.6,0.0,0.0,6.34,0.0,9.0,10.2,54.0,,,,26.2,14.3,28.0,13.0,7.0
2020-04-19 00:00:00+00:00,22.2,0.0,22.6,19.9,15.3,29.5,27.1,0.0,29.0,40.0,24.94,46890.89,43200.0,14.8,0.0,0.0,6.86,0.0,1.0,9.7,51.0,,,,32.4,18.2,29.0,20.9,12.0
2020-04-20 00:00:00+00:00,22.5,0.0,22.6,20.4,14.8,30.9,28.8,3.0,35.0,37.1,25.41,46991.11,43200.0,14.1,0.0,0.0,6.78,0.0,12.0,8.9,48.0,,,,27.9,14.9,35.0,16.6,9.1
2020-04-21 00:00:00+00:00,25.5,0.0,15.0,23.3,17.3,33.7,32.6,3.0,54.0,29.2,25.57,47090.3,43200.0,15.8,0.0,0.0,6.98,0.0,38.0,4.6,31.0,,,,20.8,10.2,54.0,14.8,1.4
2020-04-22 00:00:00+00:00,27.1,0.0,28.6,23.3,19.6,34.6,31.1,1.0,230.0,49.0,26.21,47188.38,43200.0,17.8,0.0,0.0,9.47,0.0,1.0,3.6,26.0,,,,33.4,19.1,230.0,16.6,11.1
2020-04-23 00:00:00+00:00,23.0,0.0,24.5,22.6,16.4,30.4,29.8,3.0,304.0,39.2,25.83,47285.31,43200.0,17.4,0.0,0.0,5.98,0.0,10.0,10.8,54.0,,,,19.5,8.7,304.0,7.9,2.6
2020-04-24 00:00:00+00:00,25.1,0.0,37.2,21.9,19.1,35.0,28.7,1.0,262.0,65.5,24.91,47381.8,43200.0,16.6,0.0,0.0,8.58,0.0,12.0,8.0,40.0,,,,39.7,22.2,262.0,11.5,5.3
2020-04-25 00:00:00+00:00,20.3,0.0,25.8,18.1,16.1,25.9,21.9,3.0,303.0,47.9,18.74,47477.99,36239.51,15.6,0.0,0.0,5.07,0.0,49.0,9.7,54.0,,,,29.4,15.7,303.0,14.4,8.7
2020-04-26 00:00:00+00:00,20.6,0.0,16.3,19.3,14.5,26.3,24.5,2.0,299.0,31.7,25.75,47573.8,43200.0,14.9,0.0,0.0,5.74,0.0,7.0,8.5,53.0,,,,20.5,9.7,299.0,8.6,1.1
2020-04-27 00:00:00+00:00,23.2,0.0,16.9,21.6,16.0,28.9,27.7,2.0,79.0,36.4,20.25,47669.15,43200.0,15.0,0.0,0.0,5.33,0.0,23.0,8.4,41.0,,,,21.9,9.0,79.0,6.8,1.0
2020-04-28 00:00:00+00:00,24.4,0.0,24.5,22.1,18.9,31.0,30.4,1.0,26.0,43.9,26.16,47763.97,43200.0,16.7,0.0,0.0,7.67,0.0,3.0,8.4,39.0,,,,29.6,16.2,26.0,17.3,11.2
2020-04-29 00:00:00+00:00,21.6,0.0,22.3,19.8,16.2,28.1,26.6,3.0,360.0,40.3,26.1,47858.18,42357.02,15.2,0.0,0.0,6.32,0.0,20.0,7.7,46.0,,,,24.5,12.1,360.0,18.7,9.4
2020-04-30 00:00:00+00:00,22.6,0.0,28.4,20.8,14.8,30.3,27.5,3.0,26.0,45.7,26.87,47951.71,43200.0,14.4,0.0,0.0,6.58,0.0,11.0,6.8,43.0,,,,22.6,10.8,26.0,9.7,5.2
2020-05-01 00:00:00+00:00,25.7,0.0,17.6,24.4,18.1,32.5,32.3,1.0,300.0,36.4,26.16,48044.46,43200.0,17.0,0.0,0.0,6.7,0.0,2.0,7.9,35.0,,,,19.0,8.3,300.0,5.8,2.8
2020-05-02 00:00:00+00:00,24.6,0.0,21.3,23.1,17.9,31.8,30.3,0.0,348.0,34.6,26.69,48136.36,43200.0,17.1,0.0,0.0,6.86,0.0,0.0,8.1,40.0,,,,22.6,10.9,348.0,11.5,4.6
2020-05-03 00:00:00+00:00,24.6,0.0,17.6,23.0,16.9,32.0,29.7,3.0,351.0,34.6,26.19,48227.33,43200.0,17.0,0.0,0.0,6.98,0.0,15.0,7.9,42.0,,,,23.0,11.4,351.0,10.1,3.6
2020-05-04 00:00:00+00:00,26.2,0.0,27.7,24.4,19.2,32.9,31.4,0.0,17.0,44.6,26.73,48317.29,43282.29,17.4,0.0,0.0,7.43,0.0,1.0,7.6,34.0,,,,23.9,11.6,17.0,12.2,3.8
2020-05-05 00:00:00+00:00,22.3,0.0,31.3,20.1,18.4,28.3,24.2,1.0,310.0,58.3,25.03,48406.13,43274.75,16.4,0.0,0.0,6.61,0.0,7.0,9.3,46.0,,,,31.5,16.8,310.0,10.8,5.5
2020-05-06 00:00:00+00:00,22.0,0.0,19.1,20.9,15.8,28.4,27.3,2.0,303.0,30.2,26.65,48493.78,43011.96,15.8,0.0,0.0,6.19,0.0,9.0,9.4,49.0,,,,21.1,10.1,303.0,8.3,4.4
2020-05-07 00:00:00+00:00,24.6,0.0,19.3,23.4,16.1,32.5,31.2,0.0,18.0,32.8,27.34,48580.15,43490.96,15.7,0.0,0.0,6.44,0.0,0.0,6.7,39.0,,,,16.3,7.2,18.0,9.0,1.6
2020-05-08 00:00:00+00:00,27.4,0.0,25.5,24.9,20.0,35.9,34.3,1.0,331.0,44.6,27.13,48665.15,43486.72,17.7,0.0,0.0,8.49,0.0,4.0,6.0,31.0,,,,27.9,14.4,331.0,18.0,3.1
2020-05-09 00:00:00+00:00,23.5,0.0,22.2,22.3,18.0,30.4,29.1,3.0,316.0,36.7,24.25,48748.68,43200.0,17.9,0.0,0.0,6.46,0.0,27.0,11.4,52.0,,,,28.5,14.6,316.0,14.4,7.9
2020-05-10 00:00:00+00:00,23.3,0.0,21.0,22.2,16.5,31.0,29.1,2.0,1.0,42.5,27.56,48830.66,43236.18,17.1,0.0,0.0,6.72,0.0,9.0,9.0,48.0,,,,22.3,10.8,1.0,10.4,5.9
2020-05-11 00:00:00+00:00,24.4,0.0,26.4,21.9,16.4,32.6,28.8,3.0,48.0,43.6,28.01,48910.98,43718.04,15.9,0.0,0.0,8.19,0.0,5.0,8.3,44.0,,,,33.1,18.7,48.0,19.1,11.8
2020-05-12 00:00:00+00:00,26.1,0.0,26.8,22.8,17.3,35.9,31.5,3.0,49.0,47.2,27.72,48989.54,43716.39,16.0,0.0,0.0,9.39,0.0,9.0,8.2,40.0,,,,39.6,23.2,49.0,30.6,18.4
2020-05-13 00:00:00+00:00,27.6,0.0,27.8,23.7,19.5,37.2,33.0,3.0,46.0,46.8,23.83,49066.33,40078.0,17.5,0.0,0.0,9.73,0.0,92.0,5.5,31.0,,,,37.9,22.0,46.0,29.5,17.9
2020-05-14 00:00:00+00:00,27.8,0.0,23.2,24.7,19.1,37.1,34.4,3.0,41.0,39.6,25.14,49141.93,34640.27,17.5,0.0,0.0,9.21,0.0,47.0,6.9,32.0,,,,33.0,18.9,41.0,22.3,13.2
2020-05-15 00:00:00+00:00,28.2,0.0,31.1,26.0,21.1,36.7,33.4,3.0,38.0,51.8,23.76,49216.48,39823.64,20.7,0.0,0.0,8.91,0.0,55.0,11.7,40.0,,,,37.1,21.1,38.0,23.8,12.4
2020-05-16 00:00:00+00:00,30.7,0.0,22.4,29.0,22.1,39.8,38.2,3.0,44.0,40.7,25.38,49289.88,43200.0,21.4,0.0,0.0,9.14,0.0,61.0,11.3,35.0,,,,31.2,17.3,44.0,23.0,13.7
2020-05-17 00:00:00+00:00,33.0,0.0,23.2,30.5,24.6,41.6,39.3,3.0,48.0,39.6,27.11,49362.08,43966.84,22.3,0.0,0.0,10.88,0.0,48.0,9.1,25.0,,,,32.5,18.5,48.0,23.8,14.1
2020-05-18 00:00:00+00:00,33.4,0.0,23.2,31.2,25.9,42.1,41.1,0.0,46.0,41.4,27.01,49433.0,44098.12,23.4,0.0,0.0,10.93,0.0,1.0,10.6,27.0,,,,33.8,19.2,46.0,28.1,17.1
2020-05-19 00:00:00+00:00,34.1,0.0,24.0,32.0,25.0,42.8,40.8,0.0,50.0,38.5,27.63,49502.57,44099.17,24.3,0.0,0.0,10.69,0.0,0.0,9.0,26.0,,,,29.9,16.8,50.0,23.0,14.0
2020-05-20 00:00:00+00:00,36.9,0.0,24.7,33.0,31.0,43.2,41.3,0.0,63.0,43.9,28.1,49570.71,44233.28,26.5,0.0,0.0,12.56,0.0,2.0,2.8,13.0,,,,34.0,19.0,63.0,25.9,12.5
2020-05-21 00:00:00+00:00,36.9,0.0,25.8,34.0,28.8,43.4,43.2,2.0,60.0,58.0,26.4,49637.36,44369.16,25.8,0.0,0.0,9.44,0.0,13.0,2.1,12.0,,,,24.5,10.9,60.0,6.8,0.5
2020-05-22 00:00:00+00:00,29.4,0.0,22.8,28.4,22.9,37.1,36.2,3.0,348.0,38.2,27.7,49702.42,44236.61,23.9,0.0,0.0,8.73,0.0,5.0,12.3,41.0,,,,30.4,16.4,348.0,23.0,13.1
2020-05-23 00:00:00+00:00,25.7,0.0,25.1,24.7,20.9,32.4,31.7,1.0,332.0,42.8,26.7,49765.83,44238.1,18.6,0.0,0.0,7.56,0.0,7.0,12.2,47.0,,,,28.7,15.2,332.0,13.7,7.1
2020-05-24 00:00:00+00:00,23.7,0.0,23.0,20.9,18.9,29.8,26.8,2.0,338.0,42.1,27.07,49827.51,43966.12,18.0,0.0,0.0,7.78,0.0,13.0,7.3,40.0,,,,32.3,17.7,338.0,17.3,10.2
2020-05-25 00:00:00+00:00,23.9,0.0,21.9,22.8,16.0,31.1,30.0,0.0,327.0,37.1,28.74,49887.39,44679.88,15.9,0.0,0.0,6.74,0.0,0.0,8.0,42.0,,,,19.6,8.2,327.0,6.8,2.3
2020-05-26 00:00:00+00:00,26.0,0.0,23.6,24.6,18.6,33.4,32.9,0.0,6.0,47.2,28.33,49945.38,44678.03,17.6,0.0,0.0,7.53,0.0,0.0,9.0,38.0,,,,24.0,11.6,6.0,16.6,4.3
2020-05-27 00:00:00+00:00,25.9,0.0,22.6,24.8,18.9,32.9,32.7,1.0,349.0,38.9,28.27,50001.4,44675.88,18.3,0.0,0.0,7.76,0.0,2.0,10.9,42.0,,,,26.0,13.4,349.0,15.5,9.4
2020-05-28 00:00:00+00:00,24.6,0.0,21.9,23.1,18.7,30.8,29.5,1.0,350.0,38.5,27.86,50055.38,44394.66,18.7,0.0,0.0,7.45,0.0,11.0,10.0,46.0,,,,28.2,14.6,350.0,18.0,9.0
2020-05-29 00:00:00+00:00,23.5,0.0,26.0,22.0,17.9,29.1,28.4,0.0,28.0,42.8,28.66,50107.23,45057.61,17.5,0.0,0.0,7.09,0.0,2.0,9.2,44.0,,,,25.6,13.0,28.0,13.7,8.1
2020-05-30 00:00:00+00:00,23.3,0.0,26.2,21.1,16.7,29.9,27.8,0.0,39.0,45.4,28.96,50156.88,45165.45,15.8,0.0,0.0,7.55,0.0,0.0,8.5,43.0,,,,30.2,16.1,39.0,19.1,11.2
2020-05-31 00:00:00+00:00,24.5,0.0,20.4,22.1,17.0,32.2,29.3,0.0,37.0,34.6,28.91,50204.25,45307.15,16.0,0.0,0.0,8.07,0.0,0.0,7.7,40.0,,,,30.0,16.4,37.0,20.9,12.5
2020-06-01 00:00:00+00:00,29.1,0.0,17.9,27.3,19.2,37.5,37.2,1.0,68.0,33.8,27.61,50249.25,45308.02,17.8,0.0,0.0,8.0,0.0,5.0,6.6,29.0,,,,22.9,11.0,68.0,11.2,1.8
2020-06-02 00:00:00+00:00,26.6,0.0,24.0,24.8,20.6,31.7,29.9,0.0,306.0,44.6,28.94,50291.84,45308.5,20.9,0.0,0.0,8.33,0.0,2.0,9.6,38.0,,,,30.1,15.5,306.0,15.1,7.0
2020-06-03 00:00:00+00:00,26.6,0.0,23.7,25.5,19.6,32.7,32.3,0.0,352.0,38.5,28.7,50332.38,45421.82,19.3,0.0,0.0,7.32,0.0,0.0,8.8,36.0,,,,20.5,9.4,352.0,8.3,0.4
2020-06-04 00:00:00+00:00,27.1,0.0,24.2,25.5,20.7,34.3,34.5,1.0,38.0,50.8,28.12,50370.93,44567.61,19.3,0.0,0.0,8.35,0.0,7.0,11.0,40.0,,,,32.5,16.8,38.0,22.7,6.3
2020-06-05 00:00:00+00:00,25.8,0.0,23.3,24.8,19.3,33.0,32.1,2.0,40.0,38.2,28.78,50407.47,44824.86,19.4,0.0,0.0,7.79,0.0,6.0,12.6,49.0,,,,30.9,16.8,40.0,22.7,13.8
2020-06-06 00:00:00+00:00,27.2,0.0,19.2,26.1,17.8,36.2,34.3,0.0,53.0,34.6,29.32,50441.97,45539.78,17.7,0.0,0.0,7.77,0.0,1.0,10.9,45.0,,,,27.2,14.5,53.0,13.7,8.1
2020-06-07 00:00:00+00:00,32.8,0.0,19.7,30.9,24.3,40.9,40.1,1.0,347.0,36.0,27.72,50474.39,45540.5,21.9,0.0,0.0,8.63,0.0,11.0,5.7,21.0,,,,20.7,9.8,347.0,7.9,2.1
2020-06-08 00:00:00+00:00,28.6,0.0,28.6,28.2,21.0,36.3,36.8,2.0,358.0,47.9,28.72,50504.7,45373.22,22.2,0.0,0.0,8.05,0.0,12.0,12.7,43.0,,,,27.2,13.4,358.0,20.2,6.3
2020-06-09 00:00:00+00:00,28.2,0.0,19.0,27.5,19.8,36.3,35.6,2.0,16.0,31.0,29.22,50532.86,46344.74,20.5,0.0,0.0,8.17,0.0,10.0,11.9,43.0,,,,25.8,13.4,16.0,16.6,10.2
2020-06-10 00:00:00+00:00,30.6,0.0,27.3,29.5,21.4,39.2,38.6,0.0,26.0,56.9,28.8,50558.86,46212.2,21.4,0.0,0.0,8.91,0.0,0.0,10.5,34.0,,,,26.0,13.0,26.0,18.0,7.6
2020-06-11 00:00:00+00:00,30.3,0.0,22.7,28.5,23.4,37.0,35.7,3.0,342.0,37.8,29.04,50582.65,46335.09,22.9,0.0,0.0,9.37,0.0,11.0,8.8,30.0,,,,26.8,14.1,342.0,16.9,9.1
2020-06-12 00:00:00+00:00,30.4,0.0,18.9,28.6,21.8,36.9,36.2,2.0,50.0,31.0,28.82,50604.22,46463.58,20.7,0.0,0.0,8.64,0.0,6.0,7.7,27.0,,,,23.0,11.7,50.0,11.2,3.9
2020-06-13 00:00:00+00:00,32.1,0.0,19.0,29.6,26.8,37.8,35.8,2.0,293.0,45.4,25.08,50623.53,46337.54,24.2,0.0,0.0,9.39,0.0,13.0,7.4,22.0,,,,28.9,14.7,293.0,12.6,8.9
2020-06-14 00:00:00+00:00,27.6,0.0,25.8,26.8,20.9,34.7,34.0,1.0,13.0,46.1,29.29,50640.55,46704.72,22.3,0.0,0.0,8.25,0.0,2.0,11.6,42.0,,,,28.0,14.3,13.0,17.3,9.5
2020-06-15 00:00:00+00:00,27.9,0.0,25.6,26.9,20.6,35.0,33.9,0.0,31.0,41.8,29.15,50655.25,46700.59,21.4,0.0,0.0,8.44,0.0,0.0,11.6,41.0,,,,27.3,14.2,31.0,14.8,8.4
2020-06-16 00:00:00+00:00,29.4,0.0,20.5,27.8,21.3,36.4,34.7,0.0,60.0,37.1,29.23,50667.62,46820.95,21.1,0.0,0.0,9.27,0.0,0.0,10.7,35.0,,,,29.1,16.1,60.0,18.0,11.0
2020-06-17 00:00:00+00:00,33.4,0.0,26.3,31.3,24.8,42.4,41.4,0.0,345.0,49.3,29.38,50677.62,46814.97,22.1,0.0,0.0,10.14,0.0,0.0,7.2,24.0,,,,28.3,14.9,345.0,17.6,7.6
2020-06-18 00:00:00+00:00,27.3,0.0,22.4,27.3,21.9,33.4,33.1,3.0,308.0,36.7,28.42,50685.23,45292.93,23.0,0.0,0.0,7.72,0.0,15.0,15.0,51.0,,,,29.3,15.2,308.0,20.2,10.7
2020-06-19 00:00:00+00:00,27.4,0.0,19.8,27.7,20.9,33.5,33.5,1.0,298.0,36.0,29.0,50690.43,46842.53,23.4,0.0,0.0,7.66,0.0,3.0,14.3,50.0,,,,24.3,12.1,298.0,9.7,5.8
2020-06-20 00:00:00+00:00,28.5,0.0,22.7,28.3,20.7,36.2,35.2,0.0,323.0,40.3,29.14,50693.2,46841.92,23.5,0.0,0.0,8.4,0.0,0.0,13.4,47.0,,,,26.0,13.4,323.0,8.6,4.4
2020-06-21 00:00:00+00:00,32.4,0.0,19.6,30.9,22.2,41.7,39.1,0.0,232.0,34.6,29.26,50693.5,46908.05,22.4,0.0,0.0,9.52,0.0,0.0,8.7,29.0,,,,23.5,12.1,232.0,7.6,3.4
2020-06-22 00:00:00+00:00,30.5,0.0,16.4,30.1,23.2,37.4,37.0,0.0,325.0,34.6,29.01,50691.32,47025.8,24.9,0.0,0.0,8.56,0.0,0.0,12.1,37.0,,,,23.2,11.5,325.0,9.4,4.4
2020-06-23 00:00:00+00:00,30.6,0.0,27.8,29.3,23.0,37.9,37.5,0.0,40.0,47.5,29.3,50686.6,47013.68,22.8,0.0,0.0,9.14,0.0,0.0,10.4,33.0,,,,27.8,14.6,40.0,20.5,7.7
2020-06-24 00:00:00+00:00,28.9,0.0,25.8,28.5,21.8,36.4,36.8,2.0,33.0,42.8,29.07,50679.38,46962.29,23.0,0.0,0.0,8.66,0.0,5.0,14.4,47.0,,,,32.0,17.3,33.0,25.6,11.7
2020-06-25 00:00:00+00:00,27.6,0.0,24.5,27.4,22.1,34.3,34.4,3.0,23.0,40.0,28.21,50669.66,42222.52,22.4,0.0,0.0,7.92,0.0,20.0,14.9,49.0,,,,30.3,16.2,23.0,23.8,12.3
2020-06-26 00:00:00+00:00,29.1,0.0,22.4,28.8,22.5,36.8,36.2,3.0,25.0,37.4,28.68,50657.51,43860.24,23.0,0.0,0.0,8.53,0.0,22.0,14.8,47.0,,,,30.3,16.5,25.0,21.6,13.3
2020-06-27 00:00:00+00:00,30.0,0.0,24.3,30.3,21.9,37.9,37.7,3.0,8.0,45.7,28.74,50642.94,44408.2,24.2,0.0,0.0,8.0,0.0,11.0,14.1,46.0,,,,25.4,12.5,8.0,18.7,8.9
2020-06-28 00:00:00+00:00,30.0,0.0,25.3,30.5,21.8,38.2,37.8,2.0,354.0,45.7,29.22,50626.0,45695.6,24.4,0.0,0.0,8.01,0.0,7.0,14.2,47.0,,,,24.9,12.2,354.0,17.3,6.6
2020-06-29 00:00:00+00:00,30.0,0.0,18.3,30.4,22.3,36.9,37.8,0.0,343.0,40.0,29.36,50606.73,47058.89,24.9,0.0,0.0,8.01,0.0,0.0,14.2,45.0,,,,24.1,11.6,343.0,15.1,7.9
2020-06-30 00:00:00+00:00,29.2,0.0,18.9,29.0,21.7,35.8,35.5,0.0,326.0,33.5,29.62,50585.15,47147.05,23.5,0.0,0.0,8.24,0.0,0.0,12.2,40.0,,,,22.8,11.2,326.0,12.2,5.8
2020-07-01 00:00:00+00:00,29.9,0.0,17.1,30.3,21.5,37.2,37.4,0.0,337.0,32.4,29.53,50561.32,47123.73,23.3,0.0,0.0,7.46,0.0,0.0,12.8,40.0,,,,18.0,7.6,337.0,5.8,1.5
2020-07-02 00:00:00+00:00,32.1,0.0,23.1,31.8,23.5,39.6,39.6,0.0,14.0,42.8,29.38,50535.27,47166.07,25.2,0.0,0.0,8.67,0.0,0.0,11.9,35.0,,,,23.5,11.1,14.0,12.2,6.5
2020-07-03 00:00:00+00:00,32.2,0.0,26.9,31.8,23.4,39.2,39.3,0.0,12.0,44.6,29.43,50507.03,47156.67,24.5,0.0,0.0,8.74,0.0,0.0,11.8,34.0,,,,23.9,11.6,12.0,16.2,8.4
2020-07-04 00:00:00+00:00,31.7,0.0,21.2,32.0,23.9,38.4,39.2,0.0,336.0,40.0,29.44,50476.66,47016.51,24.8,0.0,0.0,8.32,0.0,0.0,13.1,36.0,,,,21.0,9.6,336.0,10.8,4.2
2020-07-05 00:00:00+00:00,31.6,0.0,24.7,31.8,23.6,39.7,38.7,0.0,336.0,41.0,29.21,50444.19,47003.21,26.4,0.0,0.0,9.07,0.0,0.0,14.3,41.0,,,,25.5,13.1,336.0,10.8,5.4
2020-07-06 00:00:00+00:00,31.4,0.0,15.8,31.1,23.8,38.0,36.8,0.0,321.0,32.8,29.73,50409.66,46992.17,25.6,0.0,0.0,8.68,0.0,0.0,11.0,35.0,,,,21.4,10.5,321.0,9.0,3.3
2020-07-07 00:00:00+00:00,32.6,0.0,31.8,31.9,25.9,39.4,39.7,0.0,32.0,51.1,29.34,50373.12,46980.29,25.1,0.0,0.0,8.82,0.0,0.0,11.2,30.0,,,,24.6,11.8,32.0,9.7,1.5
2020-07-08 00:00:00+00:00,31.0,0.0,22.7,31.2,24.9,36.9,37.5,3.0,352.0,39.6,24.09,50334.6,42465.07,26.9,0.0,0.0,7.97,0.0,20.0,15.6,43.0,,,,27.4,14.1,352.0,14.4,7.6
2020-07-09 00:00:00+00:00,29.2,0.0,18.8,30.6,23.5,35.1,36.4,3.0,341.0,35.6,24.31,50294.15,44309.54,25.8,0.0,0.0,6.8,0.0,22.0,17.5,52.0,,,,23.6,11.6,341.0,13.7,7.3
2020-07-10 00:00:00+00:00,31.1,0.0,25.9,32.4,25.3,37.6,38.5,3.0,5.0,45.7,27.73,50251.82,44901.14,28.4,0.0,0.0,8.22,0.0,19.0,17.3,48.0,,,,25.8,13.0,5.0,14.4,7.7
2020-07-11 00:00:00+00:00,31.4,0.0,23.8,32.2,23.5,38.9,39.6,1.0,349.0,40.3,28.53,50207.65,46166.29,26.9,0.0,0.0,8.46,0.0,5.0,16.0,47.0,,,,25.9,13.1,349.0,16.6,8.2
2020-07-12 00:00:00+00:00,30.1,0.0,22.3,31.0,23.0,36.6,38.3,1.0,334.0,39.2,29.02,50161.61,46532.94,25.5,0.0,0.0,7.85,0.0,2.0,15.8,47.0,,,,23.4,11.4,334.0,14.8,7.6
2020-07-13 00:00:00+00:00,30.2,0.0,21.2,31.2,23.0,37.2,38.8,2.0,327.0,36.0,28.67,50113.32,45899.27,25.9,0.0,0.0,7.87,0.0,7.0,16.0,49.0,,,,24.5,12.2,327.0,15.8,8.7
2020-07-14 00:00:00+00:00,30.4,0.0,21.3,31.5,22.6,37.9,38.9,0.0,335.0,36.0,29.47,50062.71,46504.18,25.3,0.0,0.0,7.7,0.0,0.0,14.9,46.0,,,,21.0,9.3,335.0,11.2,2.7
2020-07-15 00:00:00+00:00,30.9,0.0,23.3,32.2,23.9,37.8,39.1,1.0,341.0,41.8,28.96,50009.87,46241.96,26.8,0.0,0.0,8.07,0.0,1.0,16.4,48.0,,,,24.1,11.8,341.0,15.8,5.2
2020-07-16 00:00:00+00:00,29.1,0.0,23.0,29.6,22.9,36.3,36.9,2.0,342.0,38.5,28.8,49954.89,45745.31,25.1,0.0,0.0,8.2,0.0,9.0,15.9,50.0,,,,28.4,14.9,342.0,20.2,9.4
2020-07-17 00:00:00+00:00,29.1,0.0,23.0,29.5,22.1,36.8,37.3,0.0,335.0,38.9,28.94,49897.85,45969.0,24.3,0.0,0.0,8.14,0.0,0.0,14.9,47.0,,,,24.8,12.2,335.0,7.9,3.2
2020-07-18 00:00:00+00:00,29.7,0.0,20.3,30.0,22.6,36.8,37.1,0.0,348.0,33.1,28.9,49838.84,45954.34,24.9,0.0,0.0,8.16,0.0,0.0,14.1,43.0,,,,23.2,11.5,348.0,9.0,4.3
2020-07-19 00:00:00+00:00,30.1,0.0,23.1,30.6,22.4,37.7,37.3,1.0,21.0,38.2,28.57,49777.93,45351.47,24.3,0.0,0.0,8.06,0.0,4.0,15.5,47.0,,,,25.5,13.0,21.0,16.9,10.0
2020-07-20 00:00:00+00:00,31.0,0.0,22.1,31.8,23.7,38.7,39.4,2.0,17.0,39.2,28.17,49715.22,44995.91,26.3,0.0,0.0,8.33,0.0,7.0,16.4,47.0,,,,27.2,14.3,17.0,20.2,11.0
2020-07-21 00:00:00+00:00,30.5,0.0,22.4,30.9,23.1,38.7,38.2,2.0,350.0,36.0,28.22,49650.79,44870.36,25.4,0.0,0.0,8.53,0.0,5.0,15.4,46.0,,,,28.2,15.0,350.0,22.0,12.2
2020-07-22 00:00:00+00:00,30.7,0.0,23.0,32.3,23.5,38.4,40.1,1.0,332.0,37.8,28.15,49584.71,45088.89,26.4,0.0,0.0,7.91,0.0,4.0,17.8,51.0,,,,24.7,12.4,332.0,13.3,7.4
2020-07-23 00:00:00+00:00,31.4,0.0,21.8,33.3,23.7,39.7,41.6,3.0,339.0,41.4,27.8,49517.07,43083.18,26.8,0.0,0.0,7.71,0.0,20.0,17.8,51.0,,,,23.7,11.4,339.0,19.1,6.6
2020-07-24 00:00:00+00:00,31.7,0.0,27.3,33.0,23.6,39.4,40.7,1.0,341.0,45.0,28.46,49447.95,45062.64,26.9,0.0,0.0,7.92,0.0,2.0,15.9,46.0,,,,22.9,10.7,341.0,15.1,4.8
2020-07-25 00:00:00+00:00,31.2,0.0,22.7,31.3,23.6,38.2,37.6,0.0,1.0,36.7,28.83,49377.43,45050.97,26.2,0.0,0.0,8.5,0.0,0.0,13.6,40.0,,,,23.8,11.9,1.0,13.7,8.0
2020-07-26 00:00:00+00:00,31.1,0.0,20.8,30.9,23.4,38.7,38.7,0.0,11.0,34.6,28.48,49305.58,44926.04,23.9,0.0,0.0,8.95,0.0,0.0,14.0,39.0,,,,26.2,14.0,11.0,15.1,9.0
2020-07-27 00:00:00+00:00,30.7,0.0,22.7,31.3,23.4,38.9,39.0,3.0,352.0,37.8,27.4,49232.49,41938.54,26.1,0.0,0.0,8.21,0.0,13.0,15.3,47.0,,,,25.5,13.1,352.0,15.8,9.1
2020-07-28 00:00:00+00:00,31.6,0.0,23.1,32.2,23.7,39.6,39.8,3.0,357.0,39.6,27.49,49158.23,43779.86,26.8,0.0,0.0,8.41,0.0,13.0,15.6,45.0,,,,26.0,13.5,357.0,15.5,9.1
2020-07-29 00:00:00+00:00,32.2,0.0,20.9,33.5,24.3,39.6,41.7,0.0,358.0,33.8,27.52,49082.88,44367.44,27.0,0.0,0.0,7.93,0.0,0.0,16.9,45.0,,,,23.5,11.6,358.0,16.6,8.2
2020-07-30 00:00:00+00:00,32.9,0.0,20.9,33.5,24.4,41.0,40.6,0.0,359.0,34.2,27.71,49006.5,44255.12,27.3,0.0,0.0,8.68,0.0,0.0,15.3,41.0,,,,25.2,13.0,359.0,17.3,10.3
2020-07-31 00:00:00+00:00,33.1,0.0,18.1,34.3,25.1,41.2,42.1,0.0,346.0,30.2,27.48,48929.18,44151.39,28.4,0.0,0.0,8.59,0.0,0.0,16.8,44.0,,,,24.2,12.4,346.0,15.8,8.0
2020-08-01 00:00:00+00:00,32.6,0.0,15.1,32.9,25.7,39.0,39.1,0.0,329.0,30.2,28.03,48850.91,44243.56,27.8,0.0,0.0,8.45,0.0,0.0,13.8,36.0,,,,21.6,10.6,329.0,9.0,5.2
2020-08-02 00:00:00+00:00,31.9,0.0,14.1,32.2,25.0,38.1,38.0,0.0,292.0,32.4,28.57,48771.07,44136.26,26.2,0.0,0.0,7.99,0.0,0.0,12.9,35.0,,,,19.0,8.7,292.0,3.2,0.5
2020-08-03 00:00:00+00:00,32.8,0.0,24.1,34.0,25.2,40.9,40.2,0.0,317.0,41.0,27.58,48689.58,43845.54,29.9,0.0,0.0,8.71,0.0,2.0,16.4,45.0,,,,24.1,12.2,317.0,7.6,4.3
2020-08-04 00:00:00+00:00,32.9,0.0,20.7,33.1,25.8,39.8,39.5,0.0,343.0,40.7,27.58,48606.51,43844.32,27.5,0.0,0.0,8.85,0.0,0.0,14.4,37.0,,,,23.8,12.4,343.0,13.0,5.9
2020-08-05 00:00:00+00:00,30.6,0.0,22.3,31.5,23.9,37.4,37.4,0.0,322.0,36.0,27.76,48521.98,43658.95,27.0,0.0,0.0,8.05,0.0,2.0,15.5,45.0,,,,23.4,11.5,322.0,10.1,5.1
2020-08-06 00:00:00+00:00,31.3,0.0,20.9,32.9,23.8,39.0,40.6,0.0,320.0,33.8,27.72,48436.06,43660.2,27.4,0.0,0.0,7.56,0.0,0.0,16.2,47.0,,,,19.2,8.5,320.0,5.8,2.8
2020-08-07 00:00:00+00:00,33.1,0.0,28.4,33.6,24.6,42.6,41.3,0.0,347.0,49.7,27.55,48348.86,43572.19,28.5,0.0,0.0,9.39,0.0,0.0,15.3,42.0,,,,26.7,13.6,347.0,8.6,4.2
2020-08-08 00:00:00+00:00,33.0,0.0,22.2,33.4,25.5,40.8,41.3,1.0,348.0,37.4,27.3,48260.45,43488.68,27.3,0.0,0.0,8.9,0.0,1.0,15.2,38.0,,,,24.7,12.8,348.0,12.6,6.9
2020-08-09 00:00:00+00:00,31.0,0.0,18.9,32.7,24.9,37.5,39.5,1.0,327.0,36.0,26.76,48170.92,43327.57,28.2,0.0,0.0,7.69,0.0,2.0,17.7,48.0,,,,22.3,10.7,327.0,10.1,1.8
2020-08-10 00:00:00+00:00,31.6,0.0,19.1,32.5,25.6,37.4,37.6,1.0,324.0,37.4,26.76,48080.36,43335.75,28.2,0.0,0.0,7.95,0.0,3.0,15.8,41.0,,,,22.2,10.8,324.0,6.1,2.9
2020-08-11 00:00:00+00:00,30.9,0.0,24.2,32.5,25.4,37.2,37.5,3.0,335.0,40.0,26.33,47988.86,43200.0,28.0,0.0,0.0,7.52,0.0,13.0,17.9,49.0,,,,23.5,11.6,335.0,6.1,3.1
2020-08-12 00:00:00+00:00,30.8,0.0,25.3,32.3,24.6,37.1,38.3,1.0,355.0,40.7,26.44,47896.5,43200.0,27.9,0.0,0.0,7.57,0.0,5.0,17.4,49.0,,,,23.6,11.5,355.0,8.3,4.0
2020-08-13 00:00:00+00:00,30.8,0.0,23.7,32.4,23.9,37.4,39.4,0.0,4.0,40.0,26.81,47803.35,43200.73,27.2,0.0,0.0,7.36,0.0,2.0,17.2,50.0,,,,22.5,10.6,4.0,13.3,6.9
2020-08-14 00:00:00+00:00,31.7,0.0,23.1,33.0,24.3,38.8,39.7,3.0,350.0,38.2,26.84,47709.5,43200.0,28.0,0.0,0.0,7.57,0.0,7.0,16.1,47.0,,,,23.2,11.0,350.0,15.1,6.6
2020-08-15 00:00:00+00:00,31.5,0.0,21.3,33.1,24.2,38.4,40.3,1.0,348.0,38.2,26.59,47615.03,43200.0,27.7,0.0,0.0,6.96,0.0,5.0,16.2,47.0,,,,20.7,9.2,348.0,12.6,2.9
2020-08-16 00:00:00+00:00,32.1,0.0,22.5,33.3,24.6,39.2,40.6,2.0,338.0,40.7,26.68,47520.01,43200.0,28.4,0.0,0.0,7.58,0.0,6.0,15.3,44.0,,,,21.4,10.0,338.0,15.8,3.4
2020-08-17 00:00:00+00:00,31.4,0.0,20.6,32.5,23.7,38.8,39.0,0.0,322.0,37.1,27.05,47424.52,43200.0,27.3,0.0,0.0,7.99,0.0,1.0,16.0,46.0,,,,23.6,11.6,322.0,13.0,4.8
2020-08-18 00:00:00+00:00,30.4,0.0,21.7,31.8,23.9,37.6,38.5,1.0,330.0,36.0,26.18,47328.64,43200.0,27.7,0.0,0.0,7.63,0.0,4.0,17.5,52.0,,,,25.1,12.9,330.0,12.6,7.2
2020-08-19 00:00:00+00:00,29.6,0.0,20.6,30.9,23.3,36.3,37.6,1.0,332.0,39.2,26.58,47232.43,43200.0,26.1,0.0,0.0,7.12,0.0,3.0,16.2,49.0,,,,21.4,9.9,332.0,9.0,3.6
2020-08-20 00:00:00+00:00,30.1,0.0,16.9,31.1,23.1,37.1,37.9,1.0,346.0,28.4,26.45,47135.97,43200.0,26.0,0.0,0.0,7.46,0.0,2.0,15.7,47.0,,,,21.5,10.5,346.0,10.4,5.2
2020-08-21 00:00:00+00:00,30.1,0.0,22.5,31.1,23.4,37.3,37.2,1.0,328.0,37.8,26.32,47039.26,43200.0,26.2,0.0,0.0,7.74,0.0,1.0,16.2,48.0,,,,23.8,11.9,328.0,8.3,4.7
2020-08-22 00:00:00+00:00,29.9,0.0,22.8,31.2,23.6,37.1,38.2,2.0,353.0,36.7,25.14,46941.62,43200.0,27.0,0.0,0.0,7.31,0.0,10.0,16.8,51.0,,,,22.8,11.2,353.0,7.9,4.6
2020-08-23 00:00:00+00:00,30.7,0.0,24.9,31.9,23.5,36.9,38.1,0.0,30.0,43.6,26.18,46842.94,43200.0,26.2,0.0,0.0,7.25,0.0,0.0,16.2,47.0,,,,21.6,10.2,30.0,10.8,5.6
2020-08-24 00:00:00+00:00,31.4,0.0,22.0,32.0,24.2,37.4,37.4,0.0,35.0,35.3,26.28,46743.29,43200.0,26.7,0.0,0.0,7.53,0.0,0.0,15.0,43.0,,,,22.9,11.2,35.0,15.1,2.3
2020-08-25 00:00:00+00:00,31.6,0.0,18.7,32.1,24.4,38.2,39.7,0.0,5.0,31.0,26.05,46642.75,43200.0,26.5,0.0,0.0,7.55,0.0,0.0,14.0,38.0,,,,20.4,9.4,5.0,9.7,3.4
2020-08-26 00:00:00+00:00,31.1,0.0,25.3,31.6,23.9,38.2,38.2,1.0,15.0,40.0,26.05,46541.41,43200.0,27.2,0.0,0.0,7.76,0.0,2.0,14.6,44.0,,,,24.0,12.1,15.0,15.5,7.4
2020-08-27 00:00:00+00:00,30.2,0.0,20.1,31.0,24.5,35.5,36.4,0.0,346.0,38.9,25.77,46439.34,43165.01,25.5,0.0,0.0,7.19,0.0,2.0,15.4,43.0,,,,21.6,10.2,346.0,11.9,6.7
2020-08-28 00:00:00+00:00,30.2,0.0,26.3,31.7,23.8,36.9,38.6,3.0,10.0,43.6,24.65,46336.61,43009.4,27.1,0.0,0.0,7.24,0.0,11.0,18.0,52.0,,,,24.9,12.6,10.0,12.2,6.2
2020-08-29 00:00:00+00:00,30.4,0.0,22.3,32.2,23.5,37.6,38.3,2.0,26.0,38.5,24.67,46233.29,42118.28,26.8,0.0,0.0,6.82,0.0,6.0,18.2,54.0,,,,23.2,11.6,26.0,15.1,8.4
2020-08-30 00:00:00+00:00,32.2,0.0,21.4,33.9,25.2,40.0,41.1,2.0,11.0,38.2,25.01,46129.47,42958.91,29.0,0.0,0.0,7.39,0.0,6.0,17.9,50.0,,,,23.6,11.9,11.0,17.3,9.0
2020-08-31 00:00:00+00:00,32.2,0.0,20.5,33.6,24.4,39.8,40.9,1.0,351.0,43.2,25.04,46025.22,42888.95,28.2,0.0,0.0,7.34,0.0,3.0,16.6,45.0,,,,21.3,10.1,351.0,11.9,6.6
2020-09-01 00:00:00+00:00,31.6,0.0,17.6,32.1,24.4,39.2,38.9,0.0,330.0,33.5,25.37,45920.6,42818.48,28.5,0.0,0.0,7.82,0.0,0.0,14.2,43.0,,,,22.8,11.5,330.0,10.4,6.2
2020-09-02 00:00:00+00:00,31.6,0.0,21.0,32.0,24.6,38.0,39.0,0.0,8.0,40.7,25.44,45815.69,42747.61,25.1,0.0,0.0,7.14,0.0,0.0,13.4,36.0,,,,18.8,8.4,8.0,6.5,3.4
2020-09-03 00:00:00+00:00,31.1,0.0,23.0,32.7,24.0,37.9,39.5,0.0,24.0,39.2,24.68,45710.55,42676.4,27.2,0.0,0.0,7.39,0.0,0.0,18.3,51.0,,,,24.4,12.7,24.0,14.0,7.2
2020-09-04 00:00:00+00:00,32.6,0.0,20.5,35.0,25.7,40.7,43.1,1.0,21.0,38.2,23.86,45605.25,42604.95,29.1,0.0,0.0,7.47,0.0,7.0,20.4,53.0,,,,27.2,14.4,21.0,21.2,9.4
2020-09-05 00:00:00+00:00,32.8,0.0,23.4,34.0,25.1,41.3,41.8,0.0,8.0,40.3,24.51,45499.86,42533.32,28.8,0.0,0.0,8.13,0.0,0.0,18.0,48.0,,,,27.7,14.8,8.0,17.3,9.9
2020-09-06 00:00:00+00:00,31.2,0.0,22.0,32.6,24.2,38.6,39.9,1.0,7.0,35.3,24.01,45394.45,42461.6,27.6,0.0,0.0,7.24,0.0,3.0,18.1,51.0,,,,26.2,13.8,7.0,18.4,10.1
2020-09-07 00:00:00+00:00,31.4,0.0,21.3,32.8,24.8,38.4,40.1,1.0,12.0,39.2,23.88,45289.07,42389.88,27.7,0.0,0.0,7.16,0.0,5.0,18.0,50.0,,,,25.4,13.2,12.0,16.6,8.8
2020-09-08 00:00:00+00:00,31.4,0.0,22.7,33.2,25.4,39.1,40.4,2.0,11.0,38.2,23.31,45183.81,42318.23,28.4,0.0,0.0,7.26,0.0,13.0,19.2,53.0,,,,27.4,14.7,11.0,20.5,11.3
2020-09-09 00:00:00+00:00,31.0,0.0,20.3,32.6,24.0,38.0,38.9,3.0,8.0,33.1,23.47,45078.71,38646.72,28.1,0.0,0.0,6.9,0.0,10.0,18.1,52.0,,,,24.2,12.3,8.0,14.8,8.7
2020-09-10 00:00:00+00:00,30.2,0.0,14.4,32.4,24.6,36.2,38.7,1.0,304.0,28.1,23.39,44973.79,42175.19,28.5,0.0,0.0,6.29,0.0,6.0,18.2,54.0,,,,20.6,9.6,304.0,11.9,3.8
2020-09-11 00:00:00+00:00,30.7,0.0,15.2,32.4,24.3,36.2,37.1,1.0,281.0,30.6,23.39,44868.32,42072.47,27.9,0.0,0.0,6.26,0.0,7.0,16.8,48.0,,,,16.9,7.7,281.0,6.5,1.4
2020-09-12 00:00:00+00:00,31.2,0.0,20.1,32.7,25.1,36.9,37.9,0.0,337.0,32.4,23.7,44762.21,41967.55,28.5,0.0,0.0,6.48,0.0,1.0,16.5,46.0,,,,18.2,8.4,337.0,9.4,3.6
2020-09-13 00:00:00+00:00,30.3,0.0,24.4,31.1,23.3,37.3,37.6,0.0,29.0,41.4,23.61,44655.51,41861.91,25.4,0.0,0.0,7.38,0.0,1.0,16.7,49.0,,,,26.5,14.2,29.0,16.9,10.3
2020-09-14 00:00:00+00:00,29.8,0.0,24.0,31.2,24.8,36.2,36.6,2.0,28.0,43.6,22.91,44548.29,41755.62,28.3,0.0,0.0,6.74,0.0,13.0,18.0,55.0,,,,27.0,14.4,28.0,19.1,10.7
2020-09-15 00:00:00+00:00,29.4,0.0,23.7,30.1,23.1,36.1,36.1,0.0,35.0,38.9,23.4,44440.63,41648.77,25.4,0.0,0.0,7.03,0.0,4.0,17.2,53.0,,,,28.6,15.4,35.0,20.5,11.6
2020-09-16 00:00:00+00:00,29.8,0.0,23.3,30.6,22.4,37.2,36.8,0.0,27.0,39.2,23.33,44332.59,41541.4,24.8,0.0,0.0,7.03,0.0,0.0,16.8,51.0,,,,26.4,14.0,27.0,15.8,9.7
2020-09-17 00:00:00+00:00,30.9,0.0,24.8,32.0,24.0,38.4,38.5,3.0,33.0,40.3,22.33,44224.25,37850.91,28.0,0.0,0.0,7.52,0.0,12.0,18.6,55.0,,,,30.4,17.0,33.0,18.7,10.7
2020-09-18 00:00:00+00:00,31.2,0.0,30.9,31.2,24.3,39.2,36.7,2.0,46.0,51.1,22.59,44115.67,39351.37,27.8,0.0,0.0,8.63,0.0,7.0,17.5,53.0,,,,38.6,22.5,46.0,25.9,15.8
2020-09-19 00:00:00+00:00,30.5,0.0,27.5,31.5,24.5,38.1,37.3,3.0,39.0,48.2,22.09,44006.92,40668.69,28.3,0.0,0.0,7.65,0.0,9.0,19.8,58.0,,,,37.3,21.5,39.0,25.6,15.1
2020-09-20 00:00:00+00:00,29.9,0.0,23.5,30.9,23.8,36.7,37.3,1.0,37.0,41.0,21.66,43898.06,40481.29,27.1,0.0,0.0,7.07,0.0,7.0,18.7,56.0,,,,32.3,18.2,37.0,23.0,13.7
2020-09-21 00:00:00+00:00,30.4,0.0,22.8,31.0,24.0,36.0,36.9,0.0,56.0,40.7,22.4,43789.17,40322.04,25.6,0.0,0.0,6.88,0.0,0.0,16.1,46.0,,,,24.8,12.9,56.0,17.6,8.2
2020-09-22 00:00:00+00:00,29.6,0.0,23.1,30.9,24.0,35.6,36.8,1.0,44.0,37.8,22.01,43680.31,40054.84,26.1,0.0,0.0,6.7,0.0,3.0,18.8,56.0,,,,29.8,16.2,44.0,22.0,11.0
2020-09-23 00:00:00+00:00,28.6,0.0,22.0,29.9,24.1,34.4,35.7,1.0,7.0,37.4,21.42,43571.55,39906.16,26.4,0.0,0.0,6.29,0.0,8.0,18.4,57.0,,,,27.5,14.7,7.0,19.1,10.9
2020-09-24 00:00:00+00:00,28.2,0.0,18.5,28.8,22.4,34.4,34.7,2.0,2.0,31.0,21.55,43462.96,39761.71,24.3,0.0,0.0,6.36,0.0,9.0,16.0,51.0,,,,23.7,12.5,2.0,11.2,6.9
2020-09-25 00:00:00+00:00,28.8,0.0,22.1,30.3,23.0,35.8,36.2,0.0,341.0,37.1,21.43,43354.59,39519.31,26.4,0.0,0.0,6.22,0.0,3.0,17.4,55.0,,,,21.1,10.1,341.0,4.3,0.4
2020-09-26 00:00:00+00:00,28.4,0.0,18.8,29.1,22.2,34.0,35.1,1.0,7.0,31.7,21.72,43246.54,39486.3,23.6,0.0,0.0,5.64,0.0,2.0,14.5,47.0,,,,16.8,7.9,7.0,6.8,4.0
2020-09-27 00:00:00+00:00,29.0,0.0,25.8,28.8,22.7,36.1,34.1,0.0,47.0,45.0,21.59,43138.83,39355.81,24.6,0.0,0.0,7.44,0.0,0.0,16.8,53.0,,,,33.9,19.7,47.0,18.0,10.7
2020-09-28 00:00:00+00:00,30.6,0.0,26.6,30.9,23.7,39.4,37.5,2.0,48.0,46.8,21.26,43031.57,39230.48,26.6,0.0,0.0,7.82,0.0,4.0,18.0,55.0,,,,37.2,21.6,48.0,27.7,16.5
2020-09-29 00:00:00+00:00,31.2,0.0,18.4,32.1,23.5,39.6,39.4,0.0,32.0,34.9,21.18,42924.82,39110.55,27.1,0.0,0.0,7.12,0.0,1.0,17.6,52.0,,,,27.4,15.2,32.0,19.1,11.4
2020-09-30 00:00:00+00:00,30.9,0.0,22.3,32.2,23.3,38.6,38.4,1.0,17.0,39.2,20.15,42818.55,38996.36,26.8,0.0,0.0,6.24,0.0,6.0,17.2,52.0,,,,23.3,12.0,17.0,14.4,7.1
2020-10-01 00:00:00+00:00,28.6,0.0,17.3,29.9,23.3,34.7,36.3,3.0,344.0,31.3,20.41,42712.05,37383.14,26.7,0.0,0.0,5.82,0.0,33.0,17.2,55.0,,,,23.0,11.6,344.0,15.5,5.8
2020-10-02 00:00:00+00:00,27.6,0.0,19.6,28.4,22.2,32.5,33.6,3.0,39.0,37.4,20.8,42605.15,38871.44,24.3,0.0,0.0,5.57,0.0,8.0,16.0,52.0,,,,20.8,10.3,39.0,12.2,5.2
2020-10-03 00:00:00+00:00,27.5,0.0,20.6,27.8,22.0,33.3,33.7,0.0,35.0,32.8,20.58,42497.95,38835.13,23.5,0.0,0.0,6.2,0.0,0.0,16.1,52.0,,,,25.9,14.1,35.0,14.0,8.7
2020-10-04 00:00:00+00:00,27.1,0.0,20.2,27.4,20.7,33.8,34.2,0.0,26.0,34.2,20.35,42390.52,38798.55,22.2,0.0,0.0,6.02,0.0,1.0,15.8,54.0,,,,24.5,13.0,26.0,13.7,8.2
2020-10-05 00:00:00+00:00,27.3,0.0,19.9,27.4,21.3,33.8,33.2,1.0,40.0,34.6,20.43,42282.92,38761.64,23.5,0.0,0.0,6.28,0.0,2.0,15.6,54.0,,,,26.2,14.5,40.0,14.0,8.2
2020-10-06 00:00:00+00:00,27.6,0.0,22.2,27.7,21.1,34.8,33.7,0.0,48.0,40.3,20.28,42175.24,38724.41,23.4,0.0,0.0,6.45,0.0,1.0,16.4,58.0,,,,29.9,17.0,48.0,18.7,11.2
2020-10-07 00:00:00+00:00,28.9,0.0,21.4,28.5,21.1,36.9,35.3,3.0,50.0,37.8,20.31,42067.54,38686.84,23.0,0.0,0.0,7.05,0.0,24.0,15.0,50.0,,,,28.9,16.5,50.0,18.7,11.1
2020-10-08 00:00:00+00:00,30.3,0.0,20.4,30.5,22.5,38.4,38.1,2.0,52.0,33.5,19.92,41959.91,38648.9,24.2,0.0,0.0,6.57,0.0,15.0,15.8,48.0,,,,26.6,14.6,52.0,18.7,9.7
2020-10-09 00:00:00+00:00,29.3,0.0,22.7,30.5,22.2,37.3,37.2,3.0,18.0,38.5,19.35,41852.43,37835.82,25.8,0.0,0.0,5.98,0.0,10.0,17.7,58.0,,,,25.3,13.6,18.0,15.8,8.9
2020-10-10 00:00:00+00:00,28.0,0.0,17.5,29.3,23.4,34.1,34.4,3.0,16.0,30.6,18.87,41745.15,36274.57,26.0,0.0,0.0,5.42,0.0,22.0,18.4,60.0,,,,25.6,14.0,16.0,19.1,10.4
2020-10-11 00:00:00+00:00,26.6,0.0,21.4,27.3,21.5,31.4,32.8,0.0,29.0,34.6,19.23,41638.17,38532.8,23.0,0.0,0.0,5.29,0.0,2.0,16.7,57.0,,,,23.9,12.6,29.0,15.1,9.0
2020-10-12 00:00:00+00:00,26.0,0.0,22.9,26.0,20.2,31.5,31.5,3.0,40.0,36.7,19.39,41531.57,38493.29,20.9,0.0,0.0,5.4,0.0,31.0,14.4,52.0,,,,23.0,12.0,40.0,14.0,7.9
2020-10-13 00:00:00+00:00,26.3,0.0,24.5,26.2,20.6,31.8,32.0,1.0,46.0,41.0,19.14,41425.41,38453.35,21.6,0.0,0.0,5.49,0.0,7.0,14.8,52.0,,,,24.7,13.0,46.0,15.1,8.7
2020-10-14 00:00:00+00:00,26.4,0.0,22.7,26.2,20.2,32.7,31.6,3.0,48.0,41.0,18.85,41319.79,38412.97,21.2,0.0,0.0,5.92,0.0,36.0,16.5,58.0,,,,31.0,18.0,48.0,19.4,12.2
2020-10-15 00:00:00+00:00,26.8,0.0,22.2,27.5,21.2,33.1,33.5,2.0,41.0,37.8,18.33,41214.78,37825.12,22.9,0.0,0.0,5.32,0.0,13.0,17.8,62.0,,,,30.0,16.6,41.0,20.5,9.1
2020-10-16 00:00:00+00:00,25.9,0.0,22.7,26.0,21.6,31.2,30.3,2.0,32.0,37.8,18.24,41110.46,37082.28,23.1,0.0,0.0,5.31,0.0,13.0,15.9,58.0,,,,26.4,14.6,32.0,16.6,9.8
2020-10-17 00:00:00+00:00,25.3,0.0,19.4,24.5,19.6,31.8,30.2,0.0,32.0,34.2,18.8,41006.92,38095.23,20.3,0.0,0.0,5.63,0.0,2.0,13.3,52.0,,,,26.4,14.6,32.0,18.7,11.3
2020-10-18 00:00:00+00:00,25.1,0.0,19.6,24.9,18.2,32.0,31.2,1.0,46.0,34.2,18.63,40904.23,38056.06,18.9,0.0,0.0,5.29,0.0,6.0,15.2,58.0,,,,25.8,14.6,46.0,17.3,10.5
2020-10-19 00:00:00+00:00,26.7,0.0,23.7,26.5,21.0,33.9,31.9,2.0,50.0,39.6,18.35,40802.5,37950.14,22.3,0.0,0.0,5.87,0.0,9.0,16.5,60.0,,,,33.3,19.2,50.0,26.6,15.8
2020-10-20 00:00:00+00:00,27.5,0.0,21.2,27.8,22.6,33.7,32.8,3.0,46.0,37.4,17.7,40701.71,35684.07,25.2,0.0,0.0,5.72,0.0,18.0,17.4,61.0,,,,31.8,18.2,46.0,24.1,13.6
2020-10-21 00:00:00+00:00,26.6,0.0,24.0,27.2,22.2,32.7,32.2,0.0,49.0,40.7,17.53,40601.07,37417.08,24.9,0.0,0.0,5.29,0.0,4.0,18.3,65.0,,,,31.4,18.0,49.0,19.8,11.6
2020-10-22 00:00:00+00:00,26.1,0.0,20.5,26.6,20.1,31.8,32.2,0.0,51.0,37.1,17.51,40500.41,37348.32,21.7,0.0,0.0,4.29,0.0,1.0,15.8,59.0,,,,22.5,11.8,51.0,5.8,2.3
2020-10-23 00:00:00+00:00,25.9,0.0,17.3,26.6,19.8,32.1,31.6,0.0,203.0,30.6,17.81,40399.82,37152.3,21.7,0.0,0.0,4.48,0.0,0.0,15.2,58.0,,,,19.2,9.4,203.0,9.7,4.3
2020-10-24 00:00:00+00:00,24.2,0.0,16.2,24.3,19.9,28.9,27.8,1.0,287.0,29.9,17.13,40299.39,36707.9,21.8,0.0,0.0,4.46,0.0,3.0,13.6,56.0,,,,18.6,9.4,287.0,8.3,3.6
2020-10-25 00:00:00+00:00,24.0,0.0,17.8,24.3,19.7,29.0,28.4,0.0,315.0,29.2,17.35,40199.21,36892.13,20.7,0.0,0.0,3.96,0.0,2.0,12.9,53.0,,,,14.1,6.2,315.0,4.3,1.1
2020-10-26 00:00:00+00:00,25.2,0.0,15.7,26.5,19.5,30.2,31.8,1.0,5.0,28.1,16.61,40099.38,36702.87,21.5,0.0,0.0,3.82,0.0,6.0,16.2,60.0,,,,14.5,6.5,5.0,6.5,2.9
2020-10-27 00:00:00+00:00,25.3,0.0,19.1,26.6,20.1,30.7,31.4,2.0,349.0,32.0,16.86,39999.98,36395.97,22.8,0.0,0.0,4.13,0.0,6.0,16.9,63.0,,,,18.3,9.0,349.0,8.6,4.4
2020-10-28 00:00:00+00:00,25.1,0.0,21.8,25.8,20.0,30.5,31.4,3.0,36.0,35.3,16.13,39901.11,35976.71,21.4,0.0,0.0,4.42,0.0,61.0,17.1,63.0,,,,24.3,13.2,36.0,13.7,8.1
2020-10-29 00:00:00+00:00,25.4,0.0,20.1,25.9,20.1,30.8,31.9,3.0,30.0,35.6,16.33,39802.86,36037.33,21.5,0.0,0.0,4.64,0.0,27.0,17.2,63.0,,,,26.3,14.5,30.0,17.3,10.3
2020-10-30 00:00:00+00:00,25.0,0.0,22.5,25.1,20.6,30.3,30.5,3.0,21.0,36.7,15.68,39705.33,35170.62,21.5,0.0,0.0,4.74,0.0,47.0,16.7,62.0,,,,28.6,16.2,21.0,19.1,11.4
2020-10-31 00:00:00+00:00,24.3,0.0,21.8,24.1,20.7,28.9,28.3,3.0,27.0,35.3,10.85,39608.61,28520.3,21.3,0.0,0.0,3.82,0.0,39.0,16.1,62.0,,,,27.3,15.2,27.0,18.0,9.9
2020-11-01 00:00:00+00:00,23.3,1.4,17.7,23.2,20.6,29.0,27.9,55.0,22.0,31.7,12.22,39512.8,27232.79,20.8,3.0,1.4,3.59,0.0,50.0,14.7,60.0,,,,23.1,11.7,22.0,14.0,5.5
2020-11-02 00:00:00+00:00,23.3,0.0,13.2,23.1,18.4,28.3,27.1,2.0,327.0,29.2,15.65,39418.02,35073.45,19.6,0.0,0.0,3.99,0.0,16.0,13.0,55.0,,,,17.8,8.7,327.0,6.5,3.1
2020-11-03 00:00:00+00:00,22.3,0.0,15.1,22.2,18.5,26.4,25.8,2.0,333.0,25.2,13.71,39324.35,34348.64,19.6,0.0,0.0,3.35,0.0,19.0,13.0,57.0,,,,15.3,7.2,333.0,4.0,1.3
2020-11-04 00:00:00+00:00,22.2,0.0,20.5,21.6,17.9,27.3,24.8,3.0,264.0,38.2,14.73,39231.9,32331.18,17.8,0.0,0.0,3.9,0.0,37.0,12.7,57.0,,,,20.5,10.7,264.0,4.7,0.4
2020-11-05 00:00:00+00:00,21.8,0.0,20.6,20.7,18.2,25.7,22.6,3.0,279.0,40.3,13.17,39140.78,33691.52,18.5,0.0,0.0,3.87,0.0,48.0,12.2,57.0,,,,23.6,13.0,279.0,13.3,7.6
2020-11-06 00:00:00+00:00,21.4,0.0,14.7,20.6,18.2,25.0,23.7,2.0,266.0,28.4,11.37,39051.1,32931.83,17.7,0.0,0.0,3.21,0.0,47.0,12.0,56.0,,,,18.8,9.9,266.0,11.5,6.4
2020-11-07 00:00:00+00:00,20.8,0.2,11.0,20.8,17.2,24.4,23.2,51.0,251.0,22.7,11.46,38962.97,30916.89,17.9,2.0,0.2,2.57,0.0,47.0,12.7,61.0,,,,12.8,6.0,251.0,3.2,0.4
2020-11-08 00:00:00+00:00,21.7,0.0,15.8,20.4,17.8,26.2,23.9,3.0,180.0,32.8,13.87,38876.5,32879.43,16.5,0.0,0.0,3.8,0.0,28.0,10.5,51.0,,,,18.8,10.4,180.0,1.8,0.4
2020-11-09 00:00:00+00:00,21.4,0.1,20.2,19.7,18.4,25.7,23.9,51.0,184.0,39.2,12.92,38791.7,34473.14,16.6,1.0,0.1,3.98,0.0,32.0,11.1,52.0,,,,24.8,14.1,184.0,14.8,10.1
2020-11-10 00:00:00+00:00,21.2,0.0,16.1,19.9,16.8,25.8,23.4,1.0,217.0,31.7,15.47,38707.77,34914.53,16.1,0.0,0.0,3.77,0.0,13.0,10.5,54.0,,,,19.8,10.5,217.0,6.1,3.6
2020-11-11 00:00:00+00:00,21.1,0.0,19.1,19.6,16.6,25.8,23.1,2.0,237.0,32.0,14.1,38624.54,33623.28,15.4,0.0,0.0,3.65,0.0,24.0,8.1,45.0,,,,15.6,8.0,237.0,2.9,1.1
2020-11-12 00:00:00+00:00,21.4,0.0,17.1,19.9,15.6,26.6,25.3,3.0,14.0,29.5,14.21,38542.11,33446.07,14.7,0.0,0.0,3.74,0.0,16.0,8.7,47.0,,,,16.7,8.4,14.0,7.6,1.6
2020-11-13 00:00:00+00:00,21.4,0.0,14.3,20.7,15.9,26.5,25.5,2.0,34.0,25.6,15.22,38460.58,34633.09,15.5,0.0,0.0,3.59,0.0,12.0,11.9,57.0,,,,17.6,9.0,34.0,7.2,4.4
2020-11-14 00:00:00+00:00,20.6,0.7,21.1,20.8,15.5,26.2,25.3,51.0,353.0,37.1,13.27,38380.04,33812.56,16.4,6.0,0.7,3.07,0.0,16.0,15.0,73.0,,,,20.2,10.5,353.0,8.6,4.6
2020-11-15 00:00:00+00:00,19.6,0.0,18.9,18.7,14.9,24.2,21.7,3.0,324.0,33.5,11.39,38300.6,30475.29,15.1,0.0,0.0,3.02,0.0,24.0,11.8,64.0,,,,20.9,10.9,324.0,9.0,3.6
2020-11-16 00:00:00+00:00,19.4,0.0,15.5,18.4,15.0,24.2,22.2,3.0,332.0,28.4,11.24,38222.35,33071.18,14.6,0.0,0.0,2.88,0.0,43.0,11.3,61.0,,,,17.4,9.4,332.0,6.5,3.3
2020-11-17 00:00:00+00:00,19.7,0.0,18.5,18.8,14.7,25.1,23.0,3.0,23.0,31.7,12.99,38145.39,31804.63,14.8,0.0,0.0,3.24,0.0,40.0,12.7,66.0,,,,20.7,11.7,23.0,9.7,6.4
2020-11-18 00:00:00+00:00,20.8,0.0,16.6,19.7,15.4,27.1,25.3,1.0,18.0,31.7,14.61,38069.82,34321.1,15.2,0.0,0.0,3.74,0.0,10.0,12.1,61.0,,,,22.6,12.1,18.0,14.0,7.6
2020-11-19 00:00:00+00:00,20.2,0.0,11.6,19.7,15.6,25.1,24.0,3.0,308.0,24.1,13.89,37995.76,34252.37,16.4,0.0,0.0,3.17,0.0,29.0,12.0,62.0,,,,16.0,7.9,308.0,5.8,2.3
2020-11-20 00:00:00+00:00,18.3,1.8,22.8,16.9,15.3,22.6,18.9,53.0,228.0,42.1,11.34,37923.31,33590.28,14.7,7.0,1.8,2.8,0.0,37.0,11.5,66.0,,,,23.6,12.7,228.0,5.8,3.9
2020-11-21 00:00:00+00:00,17.2,0.0,17.2,15.3,12.7,21.9,19.4,2.0,226.0,33.1,13.78,37852.57,32718.71,10.7,0.0,0.0,3.05,0.0,10.0,8.8,60.0,,,,20.6,11.4,226.0,9.4,6.3
2020-11-22 00:00:00+00:00,18.6,0.0,11.3,17.7,14.1,23.9,22.8,3.0,82.0,20.9,13.98,37783.66,34226.05,13.2,0.0,0.0,2.88,0.0,34.0,9.5,58.0,,,,11.7,5.8,82.0,4.3,0.8
2020-11-23 00:00:00+00:00,19.3,0.0,18.0,18.3,13.8,24.8,22.6,3.0,43.0,31.7,12.11,37716.68,28489.43,13.8,0.0,0.0,3.13,0.0,79.0,12.5,68.0,,,,21.6,12.1,43.0,9.4,6.1
2020-11-24 00:00:00+00:00,20.6,0.0,19.2,19.8,16.7,25.0,23.3,3.0,45.0,34.9,11.95,37651.74,32483.41,17.1,0.0,0.0,3.15,0.0,75.0,13.7,67.0,,,,25.0,13.9,45.0,17.6,10.2
2020-11-25 00:00:00+00:00,18.1,0.6,23.2,17.1,14.1,22.6,20.1,51.0,292.0,45.0,11.92,37588.96,33581.79,14.4,2.0,0.6,2.83,0.0,14.0,11.6,68.0,,,,21.4,11.0,292.0,2.5,1.0
2020-11-26 00:00:00+00:00,17.6,1.0,17.8,16.1,13.6,22.3,19.6,51.0,264.0,36.4,11.67,37528.44,33338.25,12.5,5.0,1.0,2.69,0.0,33.0,10.6,66.0,,,,22.0,11.9,264.0,10.8,5.4
2020-11-27 00:00:00+00:00,17.7,0.0,13.0,17.2,13.8,21.8,20.7,3.0,326.0,23.0,11.91,37470.31,33217.39,13.8,0.0,0.0,2.34,0.0,41.0,10.7,65.0,,,,12.1,5.4,326.0,3.6,1.5
2020-11-28 00:00:00+00:00,17.3,0.1,10.7,16.5,12.8,21.9,19.9,51.0,329.0,23.4,12.47,37414.68,33338.09,12.5,1.0,0.1,2.48,0.0,14.0,10.3,66.0,,,,13.3,6.2,329.0,4.3,1.0
2020-11-29 00:00:00+00:00,17.9,0.0,8.3,17.2,13.0,22.6,21.5,1.0,308.0,16.2,13.98,37361.58,33938.63,12.6,0.0,0.0,2.47,0.0,1.0,8.6,57.0,,,,8.7,3.2,308.0,2.9,0.0
2020-11-30 00:00:00+00:00,18.0,0.0,10.3,16.2,12.2,22.8,20.6,1.0,201.0,22.7,13.93,37310.43,34057.88,10.7,0.0,0.0,2.98,0.0,1.0,6.9,51.0,,,,12.8,6.8,201.0,3.2,1.9
2020-12-01 00:00:00+00:00,17.5,0.0,18.8,14.3,13.2,22.5,18.9,1.0,193.0,32.8,13.72,37261.09,33578.76,9.7,0.0,0.0,3.82,0.0,10.0,4.8,45.0,,,,23.2,13.2,193.0,12.2,5.4
2020-12-02 00:00:00+00:00,18.2,0.0,12.1,16.7,13.6,22.3,21.1,2.0,168.0,22.0,12.17,37213.64,32980.88,11.6,0.0,0.0,2.55,0.0,22.0,8.2,54.0,,,,13.9,7.0,168.0,1.1,0.5
2020-12-03 00:00:00+00:00,18.3,0.0,10.5,16.3,12.8,23.6,21.3,1.0,177.0,21.2,13.39,37168.11,33772.32,10.7,0.0,0.0,3.1,0.0,4.0,5.5,45.0,,,,12.8,6.8,177.0,5.0,2.1
2020-12-04 00:00:00+00:00,17.7,0.0,13.0,15.3,12.8,22.5,19.6,3.0,189.0,26.3,12.83,37124.59,32303.36,10.3,0.0,0.0,3.22,0.0,44.0,5.8,47.0,,,,16.6,9.5,189.0,8.6,5.3
2020-12-05 00:00:00+00:00,17.9,0.0,15.8,15.2,12.4,23.4,19.6,2.0,219.0,31.0,12.02,37083.14,33679.43,10.5,0.0,0.0,3.32,0.0,16.0,4.2,43.0,,,,16.9,9.4,219.0,5.4,1.8
2020-12-06 00:00:00+00:00,17.7,0.0,14.3,15.6,11.9,23.0,20.4,0.0,163.0,22.3,13.6,37043.79,33754.81,10.5,0.0,0.0,3.09,0.0,0.0,5.5,48.0,,,,13.6,7.6,163.0,2.9,0.8
2020-12-07 00:00:00+00:00,20.7,0.0,29.7,16.2,15.5,27.7,21.9,3.0,184.0,50.4,11.97,37006.62,31044.38,11.7,0.0,0.0,5.57,0.0,26.0,0.5,28.0,,,,28.9,16.9,184.0,16.6,8.5
2020-12-08 00:00:00+00:00,18.7,0.0,11.5,18.1,15.0,24.3,23.1,3.0,284.0,24.1,11.46,36971.7,30113.34,12.6,0.0,0.0,2.49,0.0,18.0,10.0,59.0,,,,11.7,5.1,284.0,4.0,1.5
2020-12-09 00:00:00+00:00,18.0,0.0,8.0,16.6,13.1,23.3,21.8,0.0,46.0,14.4,13.52,36939.08,33749.55,11.8,0.0,0.0,2.64,0.0,0.0,7.1,52.0,,,,10.1,4.9,46.0,5.8,1.5
2020-12-10 00:00:00+00:00,17.5,0.0,10.1,15.4,10.5,23.9,21.2,3.0,95.0,21.6,13.66,36908.82,32732.82,8.7,0.0,0.0,2.82,0.0,31.0,4.6,46.0,,,,11.7,5.9,95.0,2.2,0.8
2020-12-11 00:00:00+00:00,19.1,0.0,18.0,15.1,14.1,26.3,21.9,3.0,184.0,33.1,12.99,36880.98,32321.93,9.6,0.0,0.0,4.71,0.0,56.0,1.1,32.0,,,,23.9,14.0,184.0,11.9,8.1
2020-12-12 00:00:00+00:00,18.2,0.2,16.5,15.2,13.1,24.0,21.1,51.0,180.0,29.2,11.27,36855.62,29115.4,9.4,1.0,0.2,3.29,0.0,76.0,2.5,37.0,,,,16.9,9.1,180.0,7.6,4.7
2020-12-13 00:00:00+00:00,21.1,0.0,20.5,17.4,14.5,28.5,24.5,1.0,179.0,33.5,13.14,36832.79,33696.22,11.1,0.0,0.0,5.12,0.0,5.0,2.5,31.0,,,,23.7,14.0,179.0,9.7,6.1
2020-12-14 00:00:00+00:00,19.1,0.0,24.4,15.0,15.9,21.7,16.9,2.0,217.0,41.4,11.6,36812.55,33674.01,11.7,0.0,0.0,4.74,0.0,19.0,3.6,36.0,,,,31.5,17.8,217.0,14.0,9.7
2020-12-15 00:00:00+00:00,17.0,0.3,28.6,13.3,13.0,21.1,17.3,51.0,225.0,49.0,11.52,36794.97,33288.19,9.4,1.0,0.3,3.72,0.0,19.0,7.5,54.0,,,,35.7,20.8,225.0,26.6,13.9
2020-12-16 00:00:00+00:00,17.0,1.7,15.5,16.1,14.5,20.4,18.9,51.0,260.0,33.8,7.64,36780.1,27499.33,13.9,8.0,1.7,1.8,0.0,45.0,12.0,73.0,,,,20.2,10.6,260.0,9.0,5.8
2020-12-17 00:00:00+00:00,17.0,0.0,9.6,16.4,12.5,21.9,20.9,2.0,328.0,16.2,11.45,36767.98,32463.29,12.1,0.0,0.0,2.27,0.0,25.0,11.0,71.0,,,,12.4,6.4,328.0,7.9,1.5
2020-12-18 00:00:00+00:00,17.0,0.0,16.2,15.8,11.9,22.4,19.9,1.0,45.0,27.0,12.69,36758.68,33202.35,11.4,0.0,0.0,2.75,0.0,3.0,10.4,67.0,,,,17.6,9.5,45.0,5.8,3.1
2020-12-19 00:00:00+00:00,16.8,0.0,19.6,15.4,12.3,22.0,19.2,1.0,49.0,35.6,12.34,36752.24,33607.89,11.4,0.0,0.0,2.65,0.0,6.0,11.6,74.0,,,,23.8,13.4,49.0,14.0,8.7
2020-12-20 00:00:00+00:00,16.7,0.0,20.9,14.8,13.0,22.0,18.5,3.0,46.0,37.4,12.05,36748.56,28519.57,12.4,0.0,0.0,2.84,0.0,21.0,10.4,71.0,,,,24.4,13.9,46.0,16.6,9.9
2020-12-21 00:00:00+00:00,16.6,0.0,16.9,14.8,11.1,22.4,19.8,0.0,50.0,32.0,13.09,36747.6,33603.55,9.5,0.0,0.0,2.87,0.0,0.0,9.6,66.0,,,,20.9,11.8,50.0,14.8,7.9
2020-12-22 00:00:00+00:00,17.0,0.0,16.9,15.9,12.2,22.6,20.4,3.0,18.0,28.4,11.11,36749.33,30086.01,11.5,0.0,0.0,2.52,0.0,79.0,11.4,72.0,,,,19.8,10.9,18.0,9.7,5.0
2020-12-23 00:00:00+00:00,16.4,0.0,15.0,15.3,13.0,21.3,19.7,3.0,346.0,26.6,9.13,36753.73,27770.45,12.2,0.0,0.0,2.15,0.0,76.0,10.3,68.0,,,,16.8,8.6,346.0,4.3,1.1
2020-12-24 00:00:00+00:00,16.1,0.0,15.0,14.5,11.3,20.5,17.6,3.0,348.0,29.5,9.81,36760.77,22277.31,10.0,0.0,0.0,2.2,0.0,60.0,7.7,60.0,,,,14.1,6.8,348.0,5.4,1.8
2020-12-25 00:00:00+00:00,16.0,0.0,19.0,13.8,10.6,21.0,17.8,2.0,38.0,33.8,13.02,36770.41,33630.0,9.4,0.0,0.0,3.01,0.0,10.0,8.0,61.0,,,,21.7,12.2,38.0,9.0,4.8
2020-12-26 00:00:00+00:00,16.5,0.0,23.4,14.4,11.3,23.3,19.6,0.0,35.0,40.7,13.09,36782.62,33643.74,9.8,0.0,0.0,3.07,0.0,1.0,10.1,70.0,,,,26.7,15.2,35.0,16.9,9.2
2020-12-27 00:00:00+00:00,16.7,0.0,11.7,15.3,10.1,23.9,22.0,3.0,38.0,22.0,13.21,36797.39,33660.25,9.1,0.0,0.0,2.7,0.0,15.0,8.9,65.0,,,,15.2,8.0,38.0,8.6,4.4
2020-12-28 00:00:00+00:00,16.1,0.0,10.5,14.9,11.1,21.7,20.3,3.0,224.0,22.7,11.26,36814.67,32303.14,9.0,0.0,0.0,2.26,0.0,61.0,9.3,65.0,,,,14.0,7.5,224.0,7.2,2.9
2020-12-29 00:00:00+00:00,15.8,0.0,15.2,14.7,10.6,22.1,20.2,3.0,36.0,24.8,11.68,36834.43,29706.54,9.7,0.0,0.0,2.33,0.0,20.0,10.6,74.0,,,,15.9,8.9,36.0,7.2,4.8
2020-12-30 00:00:00+00:00,15.8,0.0,17.8,14.2,10.8,22.1,19.6,3.0,39.0,30.2,11.42,36856.63,24373.29,9.5,0.0,0.0,2.45,0.0,22.0,10.3,74.0,,,,21.5,11.5,39.0,12.2,5.7
2020-12-31 00:00:00+00:00,15.6,0.0,13.2,14.4,10.0,21.7,20.4,3.0,16.0,27.0,11.46,36881.25,27559.2,9.4,0.0,0.0,2.34,0.0,34.0,9.7,72.0,,,,15.2,7.8,16.0,7.2,3.0
2021-01-01 00:00:00+00:00,16.4,0.0,16.9,15.1,12.0,21.9,19.7,3.0,14.0,27.7,11.2,36908.25,33783.2,10.3,0.0,0.0,2.46,0.0,25.0,9.4,65.0,,,,16.2,8.3,14.0,4.7,1.5
2021-01-02 00:00:00+00:00,17.0,0.0,16.2,16.1,11.5,22.7,20.7,3.0,48.0,30.6,12.86,36937.59,32154.32,11.3,0.0,0.0,2.73,0.0,31.0,11.6,74.0,,,,17.8,9.6,48.0,6.5,3.8
2021-01-03 00:00:00+00:00,16.8,0.0,13.7,15.9,12.4,22.4,20.0,3.0,47.0,26.3,10.79,36969.23,22843.69,11.8,0.0,0.0,2.19,0.0,28.0,11.8,76.0,,,,18.7,10.3,47.0,9.7,6.0
2021-01-04 00:00:00+00:00,17.6,0.0,11.9,17.3,13.7,23.2,21.9,3.0,49.0,25.2,11.67,37003.14,24477.71,13.9,0.0,0.0,2.2,0.0,41.0,12.5,75.0,,,,15.2,7.8,49.0,6.1,4.3
2021-01-05 00:00:00+00:00,17.8,0.0,11.4,17.5,12.4,24.5,23.1,1.0,340.0,22.7,12.58,37039.29,32977.48,12.2,0.0,0.0,2.54,0.0,9.0,11.5,70.0,,,,11.9,5.5,340.0,3.6,0.4
2021-01-06 00:00:00+00:00,19.0,0.0,17.1,17.8,14.6,25.4,22.8,3.0,45.0,31.7,12.5,37077.62,30855.49,13.7,0.0,0.0,3.04,0.0,35.0,12.1,68.0,,,,22.6,13.0,45.0,14.4,9.7
2021-01-07 00:00:00+00:00,19.3,0.0,16.0,17.8,14.0,25.9,23.8,0.0,48.0,30.2,12.9,37118.12,34014.0,12.9,0.0,0.0,3.41,0.0,0.0,11.2,63.0,,,,22.5,13.3,48.0,16.9,11.0
2021-01-08 00:00:00+00:00,19.1,0.0,14.2,17.0,12.7,25.5,22.7,0.0,46.0,27.4,13.56,37160.78,34060.92,11.0,0.0,0.0,3.58,0.0,0.0,7.7,51.0,,,,18.8,10.6,46.0,12.2,7.9
2021-01-09 00:00:00+00:00,16.8,0.0,13.5,15.4,11.9,23.7,21.9,2.0,12.0,22.7,12.19,37206.09,33047.1,10.6,0.0,0.0,2.69,0.0,8.0,9.4,64.0,,,,16.6,9.2,12.0,11.2,7.2
2021-01-10 00:00:00+00:00,18.1,0.0,17.1,17.1,13.6,24.2,22.4,3.0,35.0,31.7,12.15,37254.09,26280.76,12.9,0.0,0.0,2.85,0.0,31.0,12.2,72.0,,,,21.4,11.8,35.0,12.2,6.9
2021-01-11 00:00:00+00:00,18.9,0.0,20.0,16.7,13.7,25.8,22.3,2.0,60.0,35.6,13.4,37304.69,33554.91,12.2,0.0,0.0,3.84,0.0,12.0,10.0,62.0,,,,27.5,16.1,60.0,19.8,12.0
2021-01-12 00:00:00+00:00,20.7,0.0,16.9,17.7,13.9,27.9,24.4,3.0,177.0,31.0,12.74,37357.77,31417.63,10.8,0.0,0.0,4.36,0.0,69.0,4.2,36.0,,,,20.3,11.4,177.0,6.1,2.6
2021-01-13 00:00:00+00:00,19.9,0.0,28.8,16.4,16.2,24.4,19.2,3.0,211.0,49.0,8.42,37413.23,17300.97,14.3,0.0,0.0,4.41,0.0,91.0,6.9,45.0,,,,33.1,19.2,211.0,15.1,7.4
2021-01-14 00:00:00+00:00,15.4,0.0,25.2,12.2,11.2,19.1,14.0,3.0,252.0,44.6,13.73,37470.97,34402.02,7.9,0.0,0.0,3.37,0.0,22.0,4.7,51.0,,,,24.5,13.8,252.0,14.0,8.2
2021-01-15 00:00:00+00:00,15.0,0.0,15.3,12.4,10.4,19.4,15.6,1.0,209.0,29.2,14.21,37530.88,34467.64,8.2,0.0,0.0,2.97,0.0,8.0,5.4,56.0,,,,18.7,10.4,209.0,10.4,6.6
2021-01-16 00:00:00+00:00,15.0,0.0,23.1,11.4,10.3,20.0,15.2,3.0,212.0,41.0,11.67,37592.88,31068.72,6.8,0.0,0.0,3.5,0.0,24.0,3.5,47.0,,,,25.4,14.8,212.0,15.5,10.2
2021-01-17 00:00:00+00:00,14.9,0.0,29.1,10.5,10.2,19.6,13.9,3.0,228.0,50.0,12.97,37656.84,33142.17,6.1,0.0,0.0,4.06,0.0,48.0,2.6,45.0,,,,32.5,18.9,228.0,18.7,10.9
2021-01-18 00:00:00+00:00,13.4,0.0,19.8,10.2,8.8,17.8,13.8,1.0,235.0,35.6,14.32,37722.67,34677.21,6.4,0.0,0.0,3.1,0.0,4.0,3.6,55.0,,,,21.8,12.1,235.0,14.8,8.8
2021-01-19 00:00:00+00:00,13.5,0.0,23.9,9.8,9.0,18.9,14.7,3.0,235.0,42.1,14.23,37790.28,34688.52,4.8,0.0,0.0,3.32,0.0,29.0,4.7,57.0,,,,29.5,16.9,235.0,16.2,8.0
2021-01-20 00:00:00+00:00,13.0,0.0,25.3,9.4,9.7,17.0,11.5,2.0,319.0,43.9,11.9,37859.56,34826.34,7.1,0.0,0.0,2.85,0.0,29.0,4.4,59.0,,,,28.4,15.7,319.0,14.0,7.2
2021-01-21 00:00:00+00:00,12.3,0.0,20.2,9.0,6.4,17.8,13.9,1.0,35.0,33.8,14.75,37930.42,34903.39,3.6,0.0,0.0,3.13,0.0,2.0,3.1,55.0,,,,21.9,12.3,35.0,9.0,5.1
2021-01-22 00:00:00+00:00,13.2,0.0,28.3,9.3,8.3,19.1,14.4,1.0,43.0,48.6,14.93,38002.75,34981.95,4.7,0.0,0.0,3.4,0.0,1.0,4.9,59.0,,,,32.8,18.9,43.0,23.4,13.2
2021-01-23 00:00:00+00:00,13.3,0.0,14.7,10.7,6.3,20.5,17.5,0.0,33.0,28.4,15.06,38076.48,35061.92,3.9,0.0,0.0,3.0,0.0,0.0,4.8,61.0,,,,18.4,9.8,33.0,10.8,4.9
2021-01-24 00:00:00+00:00,14.4,0.0,13.9,12.3,9.8,20.1,17.3,0.0,19.0,25.9,15.0,38151.49,35143.18,8.3,0.0,0.0,2.97,0.0,1.0,5.8,59.0,,,,15.2,7.6,19.0,4.3,1.3
2021-01-25 00:00:00+00:00,14.8,0.0,13.5,12.9,8.8,20.8,18.6,0.0,38.0,24.5,14.95,38227.7,35175.27,7.1,0.0,0.0,2.81,0.0,1.0,6.7,61.0,,,,15.4,7.7,38.0,7.2,3.6
2021-01-26 00:00:00+00:00,15.6,0.0,19.2,12.5,9.7,22.3,17.7,3.0,61.0,35.6,14.5,38305.03,34093.78,7.1,0.0,0.0,3.72,0.0,79.0,3.7,49.0,,,,20.3,11.7,61.0,7.9,5.0
2021-01-27 00:00:00+00:00,16.1,0.0,21.9,12.3,10.8,22.9,17.7,3.0,207.0,39.2,14.73,38383.36,33780.11,6.5,0.0,0.0,4.31,0.0,54.0,1.8,41.0,,,,25.5,14.7,207.0,6.8,5.4
2021-01-28 00:00:00+00:00,14.0,0.0,16.3,11.1,9.3,18.1,14.4,2.0,256.0,32.8,13.53,38462.71,35265.07,7.3,0.0,0.0,3.06,0.0,18.0,4.1,55.0,,,,20.6,11.0,256.0,7.2,3.1
2021-01-29 00:00:00+00:00,13.7,0.0,20.7,10.3,11.6,16.7,12.5,3.0,261.0,38.2,10.45,38543.89,29238.32,6.9,0.0,0.0,2.92,0.0,60.0,3.8,52.0,,,,25.6,13.8,261.0,7.2,4.3
2021-01-30 00:00:00+00:00,13.9,0.0,21.9,10.0,8.5,19.5,15.0,1.0,194.0,37.8,14.89,38627.01,35333.41,5.2,0.0,0.0,3.79,0.0,6.0,3.4,53.0,,,,28.1,16.8,194.0,9.4,6.8
2021-01-31 00:00:00+00:00,16.7,0.0,23.4,12.6,10.9,23.7,20.6,0.0,185.0,39.2,15.54,38711.95,35370.3,5.9,0.0,0.0,4.66,0.0,0.0,2.9,41.0,,,,30.6,17.7,185.0,14.4,9.7
2021-02-01 00:00:00+00:00,19.8,0.0,18.1,16.7,12.2,27.4,24.2,0.0,94.0,32.4,15.91,38798.59,35408.88,9.8,0.0,0.0,4.89,0.0,0.0,4.3,39.0,,,,21.4,12.6,94.0,11.2,6.8
2021-02-02 00:00:00+00:00,19.7,0.0,12.0,16.6,11.4,27.6,24.1,3.0,193.0,27.0,16.17,38886.82,35449.07,8.3,0.0,0.0,4.46,0.0,28.0,1.2,32.0,,,,16.9,9.1,193.0,5.8,3.8
2021-02-03 00:00:00+00:00,20.7,0.0,17.8,17.2,13.8,26.6,23.6,3.0,178.0,26.6,15.66,38976.53,32730.53,10.1,0.0,0.0,4.69,0.0,17.0,-0.5,25.0,,,,17.7,9.5,178.0,4.0,1.9
2021-02-04 00:00:00+00:00,15.6,1.8,25.2,13.6,11.2,20.6,19.2,53.0,254.0,44.6,12.31,39067.6,32456.56,9.3,6.0,1.8,2.73,0.0,38.0,9.3,68.0,,,,26.9,13.7,254.0,18.0,6.9
2021-02-05 00:00:00+00:00,16.9,0.1,21.3,15.4,13.4,22.4,19.9,51.0,332.0,38.2,14.94,39159.92,35578.56,12.8,1.0,0.1,3.11,0.0,21.0,10.9,71.0,,,,23.0,12.6,332.0,13.3,7.1
2021-02-06 00:00:00+00:00,16.4,0.0,8.8,16.0,11.7,22.0,21.9,3.0,1.0,16.2,15.96,39253.39,35624.44,11.2,0.0,0.0,2.69,0.0,14.0,10.2,70.0,,,,9.6,3.6,1.0,3.6,0.5
2021-02-07 00:00:00+00:00,16.3,0.0,13.0,15.3,11.3,23.0,21.6,0.0,54.0,23.8,16.01,39347.88,34854.77,10.3,0.0,0.0,3.12,0.0,2.0,10.3,71.0,,,,16.3,8.5,54.0,6.8,1.8
2021-02-08 00:00:00+00:00,19.5,0.0,13.3,16.7,11.7,27.7,23.6,3.0,176.0,25.6,13.67,39443.31,29159.09,9.1,0.0,0.0,3.97,0.0,67.0,3.3,40.0,,,,16.3,9.0,176.0,7.2,4.3
2021-02-09 00:00:00+00:00,21.9,0.0,14.3,18.6,15.3,28.7,25.0,3.0,184.0,21.6,14.72,39539.57,35769.2,12.3,0.0,0.0,4.36,0.0,78.0,-0.7,24.0,,,,14.7,7.6,184.0,4.7,2.6
2021-02-10 00:00:00+00:00,18.6,0.0,21.7,16.2,11.6,25.8,23.4,3.0,26.0,34.6,16.56,39636.55,35819.59,9.8,0.0,0.0,4.22,0.0,40.0,6.5,49.0,,,,20.7,11.4,26.0,6.5,4.1
2021-02-11 00:00:00+00:00,17.5,0.0,21.0,14.4,11.8,24.4,19.8,1.0,54.0,38.2,17.66,39734.16,35870.92,9.5,0.0,0.0,4.51,0.0,2.0,6.7,57.0,,,,30.1,17.6,54.0,22.7,14.4
2021-02-12 00:00:00+00:00,17.4,0.0,17.8,15.1,12.5,23.9,20.3,3.0,32.0,31.3,16.49,39832.29,31254.0,11.2,0.0,0.0,3.93,0.0,32.0,8.4,63.0,,,,26.5,14.6,32.0,20.9,12.1
2021-02-13 00:00:00+00:00,16.8,0.0,15.5,15.0,12.6,22.2,19.6,3.0,39.0,27.0,14.7,39930.85,31050.95,11.5,0.0,0.0,3.22,0.0,41.0,8.7,63.0,,,,19.3,10.2,39.0,11.9,6.7
2021-02-14 00:00:00+00:00,16.2,0.0,15.9,14.2,9.9,22.5,20.5,0.0,24.0,28.4,17.34,40029.75,35950.56,8.1,0.0,0.0,3.52,0.0,1.0,7.6,61.0,,,,20.1,10.6,24.0,13.3,6.8
2021-02-15 00:00:00+00:00,16.1,0.0,12.2,14.3,9.6,21.9,19.6,3.0,18.0,25.2,17.72,40128.88,36000.0,8.1,0.0,0.0,3.35,0.0,16.0,6.3,57.0,,,,15.1,7.0,18.0,7.2,3.1
2021-02-16 00:00:00+00:00,12.5,1.1,28.8,9.2,8.4,15.3,13.1,53.0,282.0,51.5,9.5,40228.16,28775.12,4.2,4.0,1.1,2.33,0.0,31.0,5.8,65.0,,,,29.0,16.1,282.0,6.1,2.9
2021-02-17 00:00:00+00:00,9.3,1.3,37.4,4.0,6.2,13.2,5.9,51.0,268.0,64.1,14.3,40327.59,35469.52,1.4,10.0,1.3,2.81,0.0,35.0,2.1,62.0,,,,43.1,24.0,268.0,24.8,13.8
2021-02-18 00:00:00+00:00,11.9,0.4,20.5,8.6,8.3,15.9,11.9,51.0,265.0,37.1,10.19,40428.02,22954.65,4.8,4.0,0.4,2.5,0.0,68.0,3.7,59.0,,,,23.7,13.1,265.0,7.6,4.7
2021-02-19 00:00:00+00:00,12.9,0.2,15.5,10.3,10.5,17.1,14.5,51.0,213.0,25.9,7.47,40529.6,14739.41,7.1,2.0,0.2,1.94,0.0,69.0,6.5,66.0,,,,19.9,11.4,213.0,9.4,5.4
2021-02-20 00:00:00+00:00,13.4,0.0,20.0,10.9,8.6,18.8,15.0,3.0,10.0,33.5,14.6,40632.23,32674.1,6.9,0.0,0.0,3.13,0.0,46.0,4.7,60.0,,,,18.4,9.3,10.0,5.4,2.2
2021-02-21 00:00:00+00:00,13.5,0.0,13.1,11.3,8.4,18.7,15.3,3.0,28.0,27.0,13.82,40735.84,26934.91,6.7,0.0,0.0,2.87,0.0,29.0,5.5,62.0,,,,16.1,8.3,28.0,5.4,2.4
2021-02-22 00:00:00+00:00,14.8,0.0,16.0,12.0,9.9,19.4,16.7,3.0,39.0,29.9,15.18,40840.3,30960.49,7.1,0.0,0.0,3.49,0.0,33.0,4.6,53.0,,,,21.1,11.1,39.0,11.9,5.9
2021-02-23 00:00:00+00:00,13.6,3.2,22.4,11.7,9.1,18.4,15.9,61.0,342.0,37.8,14.51,40945.55,36088.23,7.5,6.0,3.2,2.52,0.0,37.0,8.6,74.0,,,,21.5,11.0,342.0,9.7,5.9
2021-02-24 00:00:00+00:00,15.0,0.5,18.9,13.0,10.0,21.6,18.4,51.0,351.0,33.8,18.14,41051.49,36410.41,8.5,2.0,0.5,3.49,0.0,14.0,8.4,69.0,,,,22.5,11.8,351.0,9.7,5.0
2021-02-25 00:00:00+00:00,16.2,0.1,13.6,15.7,11.4,22.0,21.3,51.0,291.0,23.8,16.8,41158.03,30386.69,10.9,1.0,0.1,3.16,0.0,46.0,11.1,75.0,,,,15.2,7.1,291.0,5.8,0.4
2021-02-26 00:00:00+00:00,16.0,0.0,10.7,14.9,10.5,21.9,20.6,1.0,18.0,20.5,18.1,41265.07,36289.94,9.8,0.0,0.0,3.32,0.0,19.0,9.1,68.0,,,,14.5,7.0,18.0,6.8,3.5
2021-02-27 00:00:00+00:00,16.9,0.1,20.5,14.7,12.2,23.0,20.4,51.0,18.0,36.0,17.71,41372.55,35159.0,11.3,1.0,0.1,3.99,0.0,31.0,8.9,64.0,,,,25.6,14.2,18.0,14.0,8.2
2021-02-28 00:00:00+00:00,16.1,0.0,13.7,14.4,11.6,21.1,19.4,2.0,319.0,29.9,17.48,41480.36,36360.27,10.6,0.0,0.0,3.54,0.0,24.0,8.2,64.0,,,,19.4,9.6,319.0,9.4,4.1
2021-03-01 00:00:00+00:00,16.1,0.1,19.8,14.2,10.0,23.0,19.9,51.0,306.0,33.8,16.48,41588.43,36508.6,8.5,1.0,0.1,3.51,0.0,23.0,7.7,62.0,,,,18.9,9.7,306.0,6.8,4.0
2021-03-02 00:00:00+00:00,15.6,0.0,16.8,13.2,10.9,21.3,18.1,2.0,322.0,30.2,18.84,41696.66,36984.69,9.7,0.0,0.0,3.97,0.0,20.0,6.1,58.0,,,,20.8,10.9,322.0,8.6,4.9
2021-03-03 00:00:00+00:00,14.0,0.0,23.2,11.0,9.7,18.7,14.4,3.0,295.0,40.3,15.34,41804.99,35362.95,7.8,0.0,0.0,3.31,0.0,23.0,5.2,58.0,,,,23.5,12.6,295.0,4.3,1.8
2021-03-04 00:00:00+00:00,13.8,0.0,21.6,10.9,7.8,19.9,16.1,3.0,317.0,38.9,13.59,41913.33,25241.99,4.7,0.0,0.0,3.13,0.0,34.0,4.7,58.0,,,,21.7,11.7,317.0,11.2,6.5
2021-03-05 00:00:00+00:00,16.4,0.0,11.8,14.5,10.3,22.2,20.1,0.0,44.0,23.8,20.64,42021.59,37271.29,8.9,0.0,0.0,4.09,0.0,1.0,4.6,49.0,,,,14.4,6.7,44.0,2.9,0.4
2021-03-06 00:00:00+00:00,17.3,0.0,21.6,14.2,10.4,24.7,20.8,0.0,50.0,39.2,21.05,42129.69,37484.42,8.3,0.0,0.0,5.04,0.0,0.0,5.8,53.0,,,,28.5,16.4,50.0,18.7,12.1
2021-03-07 00:00:00+00:00,17.2,0.0,20.9,14.7,11.3,24.5,21.6,3.0,40.0,33.5,20.27,42237.55,33916.65,9.7,0.0,0.0,4.53,0.0,21.0,8.0,62.0,,,,28.4,15.8,40.0,21.6,13.3
2021-03-08 00:00:00+00:00,17.7,0.0,18.4,15.3,10.7,24.3,21.6,0.0,53.0,34.9,20.99,42345.11,37702.82,8.8,0.0,0.0,4.66,0.0,0.0,7.1,55.0,,,,24.7,13.5,53.0,16.6,10.4
2021-03-09 00:00:00+00:00,22.6,0.0,20.8,18.7,15.5,30.3,26.8,3.0,86.0,37.8,21.09,42452.35,37933.38,11.0,0.0,0.0,6.62,0.0,14.0,-0.2,25.0,,,,25.2,14.0,86.0,10.1,6.1
2021-03-10 00:00:00+00:00,26.1,0.0,24.6,20.9,18.2,35.3,29.7,3.0,195.0,45.0,21.45,42560.07,37279.75,13.0,0.0,0.0,8.89,0.0,45.0,-5.4,13.0,,,,30.6,17.8,195.0,18.4,9.6
2021-03-11 00:00:00+00:00,21.0,0.0,20.9,19.1,15.1,27.9,26.0,3.0,305.0,36.4,20.89,42668.42,37492.54,14.2,0.0,0.0,5.33,0.0,35.0,8.0,46.0,,,,22.3,11.6,305.0,7.9,4.7
2021-03-12 00:00:00+00:00,17.5,0.0,20.1,14.7,13.2,22.7,20.9,3.0,320.0,34.6,20.31,42777.32,37280.37,10.9,0.0,0.0,4.84,0.0,54.0,6.5,50.0,,,,28.7,15.4,320.0,15.8,8.8
2021-03-13 00:00:00+00:00,16.6,0.0,23.3,13.9,10.3,23.0,20.0,2.0,14.0,38.2,20.74,42886.72,38552.63,8.3,0.0,0.0,4.57,0.0,21.0,5.9,52.0,,,,24.6,13.0,14.0,11.5,7.2
2021-03-14 00:00:00+00:00,17.2,0.0,23.6,14.5,10.3,24.5,21.0,3.0,37.0,39.6,19.36,42996.52,35959.64,8.5,0.0,0.0,4.6,0.0,66.0,7.8,58.0,,,,28.5,15.9,37.0,14.4,8.9
2021-03-15 00:00:00+00:00,19.6,0.3,19.4,17.6,13.3,26.6,24.6,51.0,34.0,31.0,20.7,43106.66,37223.17,11.5,2.0,0.3,4.84,0.0,53.0,9.1,56.0,,,,26.1,13.7,34.0,16.2,10.0
2021-03-16 00:00:00+00:00,19.0,0.0,17.5,17.3,12.6,25.3,23.8,0.0,353.0,28.8,21.93,43217.06,39539.3,11.8,0.0,0.0,4.83,0.0,1.0,8.9,57.0,,,,22.9,11.8,353.0,13.3,8.4
2021-03-17 00:00:00+00:00,18.4,0.0,19.8,15.8,11.4,24.5,20.9,1.0,298.0,36.4,22.58,43327.66,39833.0,10.4,0.0,0.0,5.27,0.0,1.0,4.6,46.0,,,,22.8,11.8,298.0,6.1,2.3
2021-03-18 00:00:00+00:00,18.0,0.0,18.2,16.1,13.0,23.2,21.7,0.0,344.0,28.4,22.32,43438.37,39986.57,11.7,0.0,0.0,4.64,0.0,1.0,5.4,46.0,,,,16.7,8.1,344.0,6.1,1.9
2021-03-19 00:00:00+00:00,18.5,0.0,17.1,16.1,12.0,24.0,22.3,2.0,59.0,29.5,22.23,43549.12,40051.3,10.2,0.0,0.0,5.13,0.0,13.0,6.2,48.0,,,,23.8,12.6,59.0,15.8,9.5
2021-03-20 00:00:00+00:00,23.1,0.0,17.6,20.3,15.1,31.9,29.6,1.0,72.0,30.2,22.06,43659.86,40139.12,11.8,0.0,0.0,5.8,0.0,4.0,3.6,34.0,,,,22.0,11.1,72.0,8.6,1.6
2021-03-21 00:00:00+00:00,26.1,0.0,13.8,24.0,16.9,34.0,33.6,3.0,35.0,36.7,12.52,43770.48,20358.06,14.9,0.0,0.0,4.39,0.0,60.0,5.7,31.0,,,,17.7,7.7,35.0,7.9,1.3
2021-03-22 00:00:00+00:00,31.8,0.0,27.1,28.4,28.3,36.1,34.6,3.0,111.0,42.1,17.7,43880.94,29116.38,24.3,0.0,0.0,8.42,0.0,74.0,4.5,18.0,,,,30.4,15.4,111.0,11.9,0.8
2021-03-23 00:00:00+00:00,26.8,0.0,36.8,22.9,17.7,33.8,29.5,3.0,245.0,58.7,15.75,43991.16,38458.97,16.5,0.0,0.0,7.81,0.0,32.0,6.1,30.0,,,,37.8,20.1,245.0,18.7,7.3
2021-03-24 00:00:00+00:00,17.6,0.0,31.1,13.6,14.1,21.8,16.4,3.0,268.0,53.6,22.29,44101.05,35997.12,10.7,0.0,0.0,5.69,0.0,19.0,4.1,44.0,,,,35.6,19.9,268.0,10.1,6.0
2021-03-25 00:00:00+00:00,15.9,0.0,18.8,13.3,9.6,20.7,17.8,3.0,272.0,36.0,21.31,44210.55,40909.54,8.3,0.0,0.0,4.45,0.0,18.0,4.7,53.0,,,,21.1,10.7,272.0,7.2,3.1
2021-03-26 00:00:00+00:00,15.0,0.4,22.1,12.0,11.3,18.6,15.7,51.0,336.0,36.7,14.88,44319.59,28087.01,8.1,3.0,0.4,3.64,0.0,40.0,5.4,55.0,,,,24.4,13.4,336.0,10.1,5.3
2021-03-27 00:00:00+00:00,14.6,0.0,25.9,11.0,7.5,21.5,18.1,1.0,2.0,43.6,23.5,44428.08,40801.19,5.0,0.0,0.0,5.11,0.0,10.0,1.6,45.0,,,,26.5,14.2,2.0,6.5,3.3
2021-03-28 00:00:00+00:00,15.9,0.0,22.0,12.3,11.2,21.5,18.7,3.0,7.0,39.2,20.55,44535.95,34337.95,8.2,0.0,0.0,5.09,0.0,46.0,3.7,45.0,,,,30.0,16.7,7.0,16.9,9.3
2021-03-29 00:00:00+00:00,16.0,0.0,24.6,12.4,9.9,22.3,18.7,3.0,21.0,41.8,22.1,44643.21,41864.98,7.1,0.0,0.0,5.21,0.0,19.0,4.1,47.0,,,,29.7,16.6,21.0,13.7,8.4
2021-03-30 00:00:00+00:00,17.3,0.0,18.2,14.2,11.5,22.8,20.2,2.0,353.0,36.7,22.91,44750.6,40462.54,9.4,0.0,0.0,5.38,0.0,19.0,4.1,44.0,,,,26.1,13.6,353.0,13.3,7.4
2021-03-31 00:00:00+00:00,16.2,0.1,19.5,13.9,11.0,21.9,19.0,51.0,300.0,37.4,20.11,44858.25,38419.51,9.4,1.0,0.1,4.27,0.0,32.0,6.5,56.0,,,,22.0,11.4,300.0,10.1,6.1
2021-04-01 00:00:00+00:00,16.5,0.0,25.8,13.0,10.4,21.7,17.2,3.0,258.0,45.0,18.09,44966.1,38825.67,8.5,0.0,0.0,4.75,0.0,29.0,3.0,44.0,,,,25.1,13.7,258.0,10.4,6.8
2021-04-02 00:00:00+00:00,16.1,0.0,21.3,13.1,10.2,21.6,17.1,3.0,284.0,38.5,17.8,45074.07,42112.93,7.8,0.0,0.0,4.11,0.0,22.0,5.0,51.0,,,,22.6,12.1,284.0,11.9,6.9
2021-04-03 00:00:00+00:00,17.7,0.0,17.3,15.2,10.9,24.6,22.5,0.0,333.0,28.1,24.6,45182.12,42395.6,8.6,0.0,0.0,5.34,0.0,0.0,1.8,39.0,,,,16.7,7.9,333.0,3.2,0.5
2021-04-04 00:00:00+00:00,20.7,0.0,20.7,17.4,12.6,28.0,25.5,0.0,62.0,33.5,24.51,45290.16,42501.54,10.2,0.0,0.0,6.74,0.0,0.0,2.8,35.0,,,,25.7,13.9,62.0,7.6,0.8
2021-04-05 00:00:00+00:00,23.1,0.0,23.7,18.9,13.7,32.6,28.9,3.0,62.0,38.5,25.07,45398.12,42607.24,9.8,0.0,0.0,8.26,0.0,14.0,0.4,28.0,,,,31.8,18.0,62.0,23.8,14.5
2021-04-06 00:00:00+00:00,25.2,0.0,18.5,22.3,14.5,34.4,31.8,3.0,356.0,31.3,25.19,45505.93,42095.1,12.0,0.0,0.0,6.93,0.0,27.0,0.1,26.0,,,,19.9,9.7,356.0,11.5,2.1
2021-04-07 00:00:00+00:00,26.9,0.0,22.7,23.4,19.6,35.0,32.1,3.0,301.0,37.8,24.96,45613.53,42817.73,15.4,0.0,0.0,8.18,0.0,17.0,-0.4,20.0,,,,23.7,13.0,301.0,8.3,6.5
2021-04-08 00:00:00+00:00,21.6,0.0,21.1,19.8,14.9,28.8,27.9,1.0,3.0,36.4,24.23,45720.83,42273.98,14.6,0.0,0.0,6.15,0.0,10.0,9.7,53.0,,,,27.6,15.0,3.0,18.0,10.0
2021-04-09 00:00:00+00:00,18.7,0.0,24.4,16.4,12.7,26.4,24.8,1.0,342.0,44.3,23.5,45827.77,42906.85,11.3,0.0,0.0,5.63,0.0,6.0,8.4,56.0,,,,28.6,15.4,342.0,14.4,7.5
2021-04-10 00:00:00+00:00,16.1,0.0,23.4,11.9,13.1,21.1,17.2,3.0,321.0,43.9,23.51,45934.27,40147.23,9.1,0.0,0.0,5.75,0.0,31.0,1.7,40.0,,,,33.0,18.4,321.0,23.0,12.4
2021-04-11 00:00:00+00:00,16.3,0.0,16.0,13.3,10.6,22.2,20.4,2.0,315.0,31.3,24.0,46040.25,42977.02,8.1,0.0,0.0,5.29,0.0,19.0,3.0,43.0,,,,22.9,11.9,315.0,12.2,6.8
2021-04-12 00:00:00+00:00,17.1,0.0,22.9,14.6,10.7,24.0,21.5,3.0,358.0,37.8,24.11,46145.65,39966.37,9.0,0.0,0.0,5.4,0.0,15.0,4.6,47.0,,,,22.3,11.3,358.0,9.4,5.2
2021-04-13 00:00:00+00:00,17.8,0.0,25.0,15.0,10.4,24.4,21.7,3.0,47.0,40.0,24.96,46250.37,43047.27,8.2,0.0,0.0,5.68,0.0,22.0,5.5,48.0,,,,26.8,14.2,47.0,13.7,7.9
2021-04-14 00:00:00+00:00,19.9,0.0,23.8,16.6,12.8,27.3,23.8,1.0,54.0,38.9,25.08,46354.35,43082.47,10.3,0.0,0.0,6.61,0.0,4.0,6.1,46.0,,,,32.6,18.4,54.0,20.5,12.7
2021-04-15 00:00:00+00:00,21.8,0.0,20.6,18.9,13.0,30.8,27.3,2.0,51.0,36.7,25.25,46457.5,43117.73,11.4,0.0,0.0,6.98,0.0,23.0,7.1,47.0,,,,31.3,17.6,51.0,23.0,14.3
2021-04-16 00:00:00+00:00,25.3,0.0,21.6,21.9,16.8,33.8,30.4,2.0,55.0,39.2,25.34,46559.73,43153.05,14.3,0.0,0.0,8.54,0.0,6.0,4.7,32.0,,,,30.3,17.4,55.0,19.8,12.3
2021-04-17 00:00:00+00:00,27.3,0.0,24.3,23.3,19.7,35.6,31.3,2.0,59.0,43.9,25.56,46660.98,43188.47,15.8,0.0,0.0,9.55,0.0,5.0,2.6,23.0,,,,32.4,18.6,59.0,24.1,14.7
2021-04-18 00:00:00+00:00,31.9,0.0,22.4,28.6,22.4,40.9,37.8,3.0,120.0,36.7,25.78,46761.22,43200.0,18.9,0.0,0.0,8.8,0.0,15.0,0.5,17.0,,,,24.4,12.4,120.0,6.1,3.1
2021-04-19 00:00:00+00:00,34.1,0.0,23.0,30.8,27.4,41.5,36.9,3.0,203.0,41.0,20.95,46861.17,36000.0,24.6,0.0,0.0,8.29,0.0,96.0,1.2,13.0,,,,20.5,10.8,203.0,4.7,2.6
2021-04-20 00:00:00+00:00,26.4,0.0,25.2,24.1,20.3,33.6,32.5,3.0,2.0,42.5,24.68,46960.95,42936.41,16.5,0.0,0.0,8.2,0.0,36.0,9.9,39.0,,,,32.2,18.2,2.0,20.5,11.4
2021-04-21 00:00:00+00:00,22.0,0.0,25.5,18.9,15.7,30.1,26.7,3.0,26.0,41.8,25.22,47060.5,43200.0,13.8,0.0,0.0,7.34,0.0,50.0,7.3,45.0,,,,35.2,20.2,26.0,25.2,15.4
2021-04-22 00:00:00+00:00,21.1,0.0,27.0,18.2,14.8,29.5,26.5,1.0,33.0,44.6,25.24,47159.75,43200.0,13.2,0.0,0.0,6.82,0.0,13.0,9.1,52.0,,,,36.6,20.9,33.0,26.3,15.6
2021-04-23 00:00:00+00:00,21.3,0.0,26.8,18.3,13.7,29.8,25.9,1.0,36.0,47.9,26.25,47258.62,43200.0,11.7,0.0,0.0,7.06,0.0,3.0,7.8,49.0,,,,35.6,20.5,36.0,27.4,16.9
2021-04-24 00:00:00+00:00,23.5,0.0,18.7,21.1,14.6,32.8,30.2,1.0,35.0,34.6,26.19,47357.03,43200.0,13.7,0.0,0.0,7.2,0.0,5.0,7.3,47.0,,,,28.4,15.6,35.0,23.0,12.7
2021-04-25 00:00:00+00:00,27.4,0.0,29.0,23.8,16.9,37.4,33.9,0.0,218.0,46.1,26.32,47454.91,43200.0,13.2,0.0,0.0,8.89,0.0,0.0,0.0,19.0,,,,26.2,13.6,218.0,7.9,3.6
2021-04-26 00:00:00+00:00,22.6,0.0,18.5,21.3,17.9,28.5,27.6,3.0,314.0,35.3,24.2,47552.17,40530.55,17.3,0.0,0.0,6.16,0.0,25.0,11.4,53.0,,,,27.1,14.3,314.0,19.1,10.1
2021-04-27 00:00:00+00:00,21.9,0.0,19.1,20.7,15.7,29.7,27.9,3.0,8.0,35.6,25.27,47648.75,37289.15,14.9,0.0,0.0,6.08,0.0,26.0,9.2,50.0,,,,22.1,10.9,8.0,14.0,7.8
2021-04-28 00:00:00+00:00,24.1,0.0,24.5,21.4,15.1,33.1,28.9,0.0,47.0,43.9,26.82,47744.55,43200.0,14.5,0.0,0.0,8.13,0.0,0.0,8.0,44.0,,,,32.6,18.7,47.0,19.4,12.0
2021-04-29 00:00:00+00:00,27.2,0.0,26.6,23.9,18.2,36.7,33.0,0.0,51.0,47.2,26.61,47839.5,43200.0,16.2,0.0,0.0,9.61,0.0,0.0,8.2,37.0,,,,38.2,22.3,51.0,29.2,17.9
2021-04-30 00:00:00+00:00,29.3,0.0,27.4,25.8,19.9,38.9,35.3,0.0,50.0,48.6,26.58,47933.52,43200.0,17.6,0.0,0.0,10.51,0.0,0.0,6.2,28.0,,,,37.0,21.0,50.0,23.8,14.5
2021-05-01 00:00:00+00:00,30.6,0.0,23.9,26.6,22.0,38.9,35.3,3.0,40.0,40.3,26.82,48026.51,42624.47,18.2,0.0,0.0,10.6,0.0,20.0,1.5,17.0,,,,31.3,17.3,40.0,20.5,11.6
2021-05-02 00:00:00+00:00,29.6,0.0,17.1,26.8,20.3,37.3,35.0,3.0,36.0,33.5,26.72,48118.38,43200.0,18.4,0.0,0.0,9.09,0.0,20.0,4.3,24.0,,,,24.8,13.5,36.0,14.4,8.7
2021-05-03 00:00:00+00:00,31.2,0.0,20.3,27.8,21.1,40.0,36.9,3.0,29.0,36.0,26.6,48209.07,43200.0,18.8,0.0,0.0,9.69,0.0,22.0,1.6,18.0,,,,25.6,13.7,29.0,15.5,8.5
2021-05-04 00:00:00+00:00,32.6,0.0,16.8,29.7,23.0,41.7,39.3,3.0,26.0,33.8,27.09,48298.45,43283.47,20.4,0.0,0.0,8.79,0.0,22.0,0.1,14.0,,,,19.4,9.4,26.0,7.2,1.8
2021-05-05 00:00:00+00:00,33.1,0.0,18.6,30.7,24.6,40.9,38.8,3.0,350.0,33.8,26.25,48386.46,43200.0,22.5,0.0,0.0,8.69,0.0,40.0,4.0,17.0,,,,20.5,10.2,350.0,5.8,2.5
2021-05-06 00:00:00+00:00,31.1,0.0,21.8,28.6,22.7,39.1,37.2,3.0,38.0,43.6,26.75,48472.98,43268.47,20.6,0.0,0.0,8.85,0.0,31.0,5.2,22.0,,,,24.0,12.0,38.0,14.4,5.4
2021-05-07 00:00:00+00:00,31.1,0.0,21.3,28.6,23.1,38.7,37.3,0.0,24.0,34.9,27.01,48557.94,43376.33,20.6,0.0,0.0,9.12,0.0,0.0,5.0,22.0,,,,24.1,12.8,24.0,10.4,4.3
2021-05-08 00:00:00+00:00,33.4,0.0,16.6,30.1,23.0,42.6,40.4,1.0,75.0,31.3,27.58,48641.3,43487.69,18.9,0.0,0.0,9.19,0.0,2.0,-2.0,14.0,,,,21.4,11.0,75.0,16.2,7.1
2021-05-09 00:00:00+00:00,34.6,0.0,19.6,32.1,29.5,41.7,40.8,3.0,269.0,42.5,24.05,48723.71,38882.64,25.2,0.0,0.0,9.33,0.0,57.0,4.3,16.0,,,,25.2,12.5,269.0,11.9,4.3
2021-05-10 00:00:00+00:00,28.2,0.0,22.6,27.9,20.8,35.9,36.2,3.0,345.0,39.2,26.95,48805.28,43479.14,22.2,0.0,0.0,7.89,0.0,13.0,13.6,46.0,,,,26.6,14.1,345.0,16.6,9.0
2021-05-11 00:00:00+00:00,26.1,0.0,21.3,26.0,19.1,33.0,33.5,2.0,339.0,34.9,26.54,48885.93,43031.21,20.4,0.0,0.0,6.85,0.0,12.0,13.8,52.0,,,,24.7,12.3,339.0,16.9,8.4
2021-05-12 00:00:00+00:00,25.2,0.0,21.9,24.6,18.1,32.6,32.7,0.0,353.0,40.0,27.69,48965.6,43716.95,19.0,0.0,0.0,7.03,0.0,1.0,10.7,47.0,,,,22.5,10.7,353.0,12.6,3.9
2021-05-13 00:00:00+00:00,25.8,0.0,23.2,24.5,17.0,33.8,32.3,0.0,29.0,38.9,28.11,49044.21,43839.96,16.9,0.0,0.0,7.41,0.0,0.0,9.2,42.0,,,,23.3,11.7,29.0,13.0,8.1
2021-05-14 00:00:00+00:00,26.6,0.0,23.4,24.7,17.6,35.2,32.9,2.0,40.0,39.6,27.91,49121.67,43839.46,17.7,0.0,0.0,8.52,0.0,2.0,9.6,42.0,,,,30.2,16.9,40.0,20.2,12.5
2021-05-15 00:00:00+00:00,27.6,0.0,20.0,25.4,18.9,35.8,33.8,0.0,38.0,34.2,28.23,49197.92,43966.15,18.0,0.0,0.0,8.81,0.0,0.0,8.2,34.0,,,,28.3,15.6,38.0,18.0,11.5
2021-05-16 00:00:00+00:00,30.6,0.0,30.0,28.1,22.2,39.4,37.6,3.0,276.0,52.6,27.79,49272.87,43966.59,19.1,0.0,0.0,8.58,0.0,11.0,3.4,21.0,,,,24.1,11.3,276.0,4.3,1.1
2021-05-17 00:00:00+00:00,25.5,0.0,23.9,24.9,19.4,32.6,32.7,3.0,344.0,39.2,26.88,49346.45,43262.8,20.2,0.0,0.0,7.14,0.0,14.0,12.1,49.0,,,,26.2,12.9,344.0,18.7,6.1
2021-05-18 00:00:00+00:00,25.9,0.0,26.0,24.7,18.4,34.3,32.5,0.0,25.0,43.2,27.61,49418.56,43836.09,18.5,0.0,0.0,7.84,0.0,2.0,11.7,46.0,,,,28.8,15.6,25.0,14.8,9.2
2021-05-19 00:00:00+00:00,26.7,0.0,23.6,25.4,18.5,35.2,33.3,0.0,37.0,40.7,27.81,49489.13,44098.98,19.0,0.0,0.0,8.31,0.0,0.0,12.4,48.0,,,,31.7,17.8,37.0,18.7,11.3
2021-05-20 00:00:00+00:00,27.9,0.0,25.3,26.6,19.0,36.7,35.3,0.0,21.0,41.0,28.22,49558.09,44232.93,19.6,0.0,0.0,8.59,0.0,0.0,11.0,43.0,,,,29.3,15.8,21.0,18.7,11.3
2021-05-21 00:00:00+00:00,27.4,0.0,25.8,26.2,18.6,36.0,35.3,0.0,348.0,42.8,28.3,49625.33,44368.68,18.4,0.0,0.0,8.28,0.0,0.0,10.5,39.0,,,,25.3,13.0,348.0,10.8,5.8
2021-05-22 00:00:00+00:00,24.7,0.0,21.9,23.1,20.2,30.9,29.9,3.0,342.0,38.2,28.2,49690.77,43200.0,19.5,0.0,0.0,7.67,0.0,13.0,11.0,46.0,,,,31.2,17.1,342.0,23.4,13.7
2021-05-23 00:00:00+00:00,25.1,0.0,21.7,23.5,18.8,32.1,30.9,1.0,4.0,36.4,27.95,49754.34,43694.81,17.9,0.0,0.0,7.77,0.0,13.0,10.5,44.0,,,,28.3,15.2,4.0,17.6,10.5
2021-05-24 00:00:00+00:00,26.4,0.0,19.9,25.4,17.8,34.2,33.2,2.0,25.0,33.1,28.02,49815.94,44239.21,19.2,0.0,0.0,7.84,0.0,6.0,10.9,47.0,,,,25.4,13.2,25.0,15.5,8.0
2021-05-25 00:00:00+00:00,27.5,0.0,24.5,25.8,18.9,35.8,34.1,0.0,40.0,40.7,28.54,49875.49,44680.91,18.0,0.0,0.0,8.8,0.0,0.0,10.2,37.0,,,,28.6,15.5,40.0,15.8,9.2
2021-05-26 00:00:00+00:00,29.2,0.0,20.2,27.5,19.9,37.9,35.8,0.0,28.0,43.2,28.8,49932.89,44817.38,19.5,0.0,0.0,8.87,0.0,0.0,8.9,34.0,,,,27.2,14.1,28.0,17.6,9.7
2021-05-27 00:00:00+00:00,29.8,0.0,19.4,28.8,20.4,37.9,37.3,0.0,1.0,32.0,28.61,49988.06,44816.16,21.0,0.0,0.0,8.64,0.0,0.0,10.4,36.0,,,,23.8,12.4,1.0,13.3,8.7
2021-05-28 00:00:00+00:00,28.4,0.0,20.6,27.4,20.6,35.1,33.2,0.0,308.0,37.8,28.73,50040.95,44919.32,21.8,0.0,0.0,8.33,0.0,0.0,10.8,39.0,,,,24.5,12.6,308.0,11.9,4.9
2021-05-29 00:00:00+00:00,27.7,0.0,20.5,27.7,20.3,34.4,34.5,0.0,330.0,36.4,28.39,50092.01,45058.79,21.9,0.0,0.0,7.58,0.0,0.0,12.7,45.0,,,,21.5,10.2,330.0,4.7,1.5
2021-05-30 00:00:00+00:00,30.1,0.0,17.0,27.9,20.8,37.4,34.9,0.0,69.0,33.1,28.69,50141.32,45198.93,20.6,0.0,0.0,9.06,0.0,0.0,6.1,28.0,,,,25.0,13.4,69.0,16.6,10.5
2021-05-31 00:00:00+00:00,33.4,0.0,23.0,30.3,27.4,40.5,38.6,0.0,277.0,43.2,28.42,50188.83,45307.62,23.3,0.0,0.0,11.07,0.0,0.0,5.2,18.0,,,,30.5,16.8,277.0,16.2,7.7
2021-06-01 00:00:00+00:00,28.7,0.0,24.4,27.2,20.8,36.2,36.2,0.0,16.0,43.9,28.49,50234.5,45308.29,20.5,0.0,0.0,8.74,0.0,0.0,10.3,36.0,,,,28.0,14.7,16.0,20.5,9.5
2021-06-02 00:00:00+00:00,27.0,0.0,23.9,25.8,20.4,33.8,33.5,0.0,7.0,39.2,28.55,50278.28,45420.21,21.0,0.0,0.0,8.32,0.0,0.0,11.6,43.0,,,,28.7,15.5,7.0,16.6,9.8
2021-06-03 00:00:00+00:00,25.6,0.0,22.0,23.6,18.5,32.7,31.3,3.0,12.0,37.1,28.84,50320.12,45563.43,17.6,0.0,0.0,8.26,0.0,25.0,9.1,40.0,,,,29.6,16.0,12.0,15.8,9.7
2021-06-04 00:00:00+00:00,25.1,0.0,23.1,23.8,18.0,32.8,31.6,3.0,348.0,38.9,28.83,50359.98,45678.68,18.0,0.0,0.0,7.78,0.0,11.0,11.0,46.0,,,,27.9,14.6,348.0,14.4,8.0
2021-06-05 00:00:00+00:00,25.9,0.0,18.5,24.8,18.6,32.9,32.1,2.0,1.0,33.8,27.58,50397.8,44824.68,19.5,0.0,0.0,7.65,0.0,13.0,10.9,46.0,,,,26.2,14.0,1.0,14.0,8.2
2021-06-06 00:00:00+00:00,26.1,0.0,21.1,25.5,18.8,33.1,32.9,3.0,341.0,34.6,28.67,50433.55,44798.52,20.4,0.0,0.0,7.55,0.0,13.0,11.9,48.0,,,,24.6,12.4,341.0,11.9,7.1
2021-06-07 00:00:00+00:00,26.1,0.0,22.3,25.3,17.8,33.9,33.0,0.0,352.0,39.2,29.35,50467.19,45943.52,18.6,0.0,0.0,7.67,0.0,1.0,10.8,45.0,,,,23.4,11.4,352.0,10.1,5.2
2021-06-08 00:00:00+00:00,27.6,0.0,22.0,26.0,18.6,36.0,33.0,3.0,21.0,37.1,29.13,50498.65,43728.09,19.0,0.0,0.0,8.69,0.0,48.0,9.3,39.0,,,,26.9,14.4,21.0,13.7,8.6
2021-06-09 00:00:00+00:00,31.6,0.0,17.4,30.0,21.9,39.8,39.7,2.0,20.0,31.7,28.8,50527.91,46209.63,20.9,0.0,0.0,8.76,0.0,6.0,7.8,26.0,,,,22.5,11.0,20.0,15.5,4.7
2021-06-10 00:00:00+00:00,30.7,0.0,19.1,29.6,22.8,37.7,36.9,2.0,335.0,36.7,28.74,50554.9,46211.52,22.9,0.0,0.0,8.96,0.0,5.0,10.6,32.0,,,,25.4,12.9,335.0,13.3,6.9
2021-06-11 00:00:00+00:00,29.6,0.0,28.4,28.8,21.8,37.7,36.7,1.0,34.0,46.4,28.66,50579.6,46334.59,22.6,0.0,0.0,8.78,0.0,5.0,12.6,40.0,,,,27.9,14.9,34.0,13.7,8.4
2021-06-12 00:00:00+00:00,29.3,0.0,31.2,27.4,21.7,37.5,35.9,0.0,46.0,51.8,28.3,50601.96,46336.33,21.4,0.0,0.0,9.98,0.0,1.0,13.1,41.0,,,,40.5,23.3,46.0,26.6,16.2
2021-06-13 00:00:00+00:00,28.5,0.0,24.9,27.5,21.4,35.9,36.4,0.0,17.0,41.0,28.7,50621.92,46174.52,21.8,0.0,0.0,8.79,0.0,1.0,14.1,46.0,,,,34.8,19.5,17.0,30.2,15.4
2021-06-14 00:00:00+00:00,27.0,0.0,19.4,26.7,19.8,33.2,32.5,0.0,334.0,36.0,29.01,50639.47,46462.46,21.6,0.0,0.0,7.83,0.0,1.0,12.9,47.0,,,,25.6,12.9,334.0,11.2,5.9
2021-06-15 00:00:00+00:00,27.4,0.0,23.4,27.4,20.0,33.9,34.0,1.0,354.0,39.6,29.22,50654.54,46453.98,20.8,0.0,0.0,7.67,0.0,4.0,13.1,45.0,,,,23.3,11.1,354.0,11.2,6.0
2021-06-16 00:00:00+00:00,27.2,0.0,23.7,26.4,20.3,34.0,32.6,0.0,333.0,42.8,29.13,50667.11,46825.24,21.7,0.0,0.0,8.29,0.0,0.0,12.6,45.0,,,,28.4,15.0,333.0,13.0,7.2
2021-06-17 00:00:00+00:00,26.1,0.0,25.6,25.3,18.9,33.3,32.9,0.0,20.0,42.8,29.53,50677.13,46820.64,19.5,0.0,0.0,7.96,0.0,1.0,12.4,47.0,,,,27.9,14.8,20.0,12.2,7.8
2021-06-18 00:00:00+00:00,27.4,0.0,23.9,26.6,20.5,35.3,34.8,2.0,14.0,38.9,28.37,50684.68,44436.61,20.9,0.0,0.0,8.3,0.0,12.0,13.2,47.0,,,,29.8,16.2,14.0,20.5,12.0
2021-06-19 00:00:00+00:00,28.0,0.0,25.1,26.7,19.7,35.5,33.7,0.0,360.0,42.8,29.66,50689.78,47061.06,20.6,0.0,0.0,8.77,0.0,0.0,10.1,40.0,,,,26.9,14.0,360.0,10.4,6.4
2021-06-20 00:00:00+00:00,29.6,0.0,17.8,27.9,21.2,36.2,36.2,0.0,21.0,30.6,29.24,50692.45,46924.84,19.8,0.0,0.0,8.76,0.0,0.0,7.9,28.0,,,,23.5,12.0,21.0,11.9,5.2
2021-06-21 00:00:00+00:00,30.3,0.0,21.2,29.3,22.7,36.9,37.2,0.0,25.0,34.9,29.2,50692.72,46914.22,21.5,0.0,0.0,8.83,0.0,0.0,10.9,33.0,,,,25.3,12.8,25.0,16.6,6.1
2021-06-22 00:00:00+00:00,30.1,0.0,23.5,29.6,22.6,36.4,36.6,0.0,6.0,39.2,29.03,50690.59,46902.05,23.3,0.0,0.0,8.66,0.0,0.0,12.9,38.0,,,,25.4,12.9,6.0,10.4,5.8
2021-06-23 00:00:00+00:00,30.0,0.0,21.4,29.8,22.4,36.5,37.0,0.0,16.0,36.0,29.02,50686.08,47017.39,22.9,0.0,0.0,8.62,0.0,0.0,13.6,39.0,,,,25.1,12.9,16.0,12.2,6.8
2021-06-24 00:00:00+00:00,30.8,0.0,23.4,30.8,22.7,38.4,38.5,0.0,0.0,39.2,29.13,50679.22,47002.71,23.5,0.0,0.0,8.89,0.0,0.0,14.1,39.0,,,,25.7,13.2,0.0,13.0,7.3
2021-06-25 00:00:00+00:00,30.5,0.0,22.0,31.4,22.6,37.1,37.6,0.0,309.0,36.7,28.96,50670.02,46958.9,26.2,0.0,0.0,8.38,0.0,0.0,16.1,47.0,,,,24.3,12.1,309.0,7.2,3.1
2021-06-26 00:00:00+00:00,30.8,0.0,20.4,31.3,22.1,38.2,38.1,0.0,8.0,35.6,28.92,50658.51,46815.38,24.9,0.0,0.0,8.67,0.0,1.0,15.4,45.0,,,,25.6,13.3,8.0,13.7,7.6
2021-06-27 00:00:00+00:00,32.9,0.0,25.5,33.2,23.9,40.8,41.8,0.0,6.0,40.7,29.1,50644.72,47080.8,25.9,0.0,0.0,9.1,0.0,0.0,13.8,37.0,,,,23.2,11.4,6.0,11.9,4.8
2021-06-28 00:00:00+00:00,33.2,0.0,24.8,33.2,24.4,41.3,41.1,0.0,354.0,41.4,29.3,50628.65,47061.25,26.2,0.0,0.0,9.41,0.0,0.0,13.7,36.0,,,,25.0,12.7,354.0,12.2,6.9
2021-06-29 00:00:00+00:00,32.3,0.0,21.4,33.6,23.5,40.1,41.1,0.0,344.0,40.0,29.06,50610.34,47040.58,26.8,0.0,0.0,8.5,0.0,0.0,16.3,45.0,,,,22.2,10.7,344.0,11.2,4.3
2021-06-30 00:00:00+00:00,32.4,0.0,23.3,33.5,23.8,39.9,41.2,0.0,347.0,41.8,29.28,50589.82,47053.41,27.0,0.0,0.0,8.36,0.0,0.0,15.1,42.0,,,,22.1,10.2,347.0,12.6,4.8
2021-07-01 00:00:00+00:00,33.1,0.0,22.7,32.9,24.3,40.7,40.6,0.0,350.0,37.8,29.37,50567.09,47126.49,26.7,0.0,0.0,9.26,0.0,0.0,12.5,35.0,,,,23.7,11.8,350.0,11.5,6.4
2021-07-02 00:00:00+00:00,34.0,0.0,20.2,33.6,23.7,42.8,40.6,0.0,329.0,34.6,29.46,50542.21,47233.16,25.9,0.0,0.0,9.14,0.0,0.0,11.2,31.0,,,,21.1,10.1,329.0,8.3,2.0
2021-07-03 00:00:00+00:00,33.2,0.0,22.4,32.2,26.6,41.2,39.4,0.0,296.0,42.1,29.4,50515.18,47289.45,26.2,0.0,0.0,9.59,0.0,0.0,10.6,28.0,,,,24.3,12.5,296.0,7.6,3.1
2021-07-04 00:00:00+00:00,30.1,0.0,23.4,30.6,22.9,37.7,38.1,0.0,336.0,39.2,28.97,50486.04,47016.23,26.0,0.0,0.0,8.59,0.0,0.0,15.5,48.0,,,,27.0,14.0,336.0,11.9,6.8
2021-07-05 00:00:00+00:00,29.7,0.0,22.2,29.6,22.0,36.8,36.7,0.0,337.0,37.4,29.21,50454.81,47006.41,24.3,0.0,0.0,8.63,0.0,0.0,14.0,44.0,,,,26.8,13.7,337.0,10.4,4.7
2021-07-06 00:00:00+00:00,30.3,0.0,22.0,30.4,21.7,38.4,38.4,0.0,356.0,36.0,28.93,50421.53,46995.78,23.4,0.0,0.0,8.51,0.0,0.0,13.6,41.0,,,,22.6,11.2,356.0,7.6,3.3
2021-07-07 00:00:00+00:00,31.5,0.0,28.0,31.1,23.3,38.9,39.3,0.0,4.0,45.4,29.17,50386.18,46853.83,24.1,0.0,0.0,8.81,0.0,0.0,12.5,35.0,,,,24.2,12.0,4.0,13.3,7.4
2021-07-08 00:00:00+00:00,31.3,0.0,21.9,32.7,23.4,38.0,39.9,2.0,352.0,36.7,28.75,50348.43,46454.36,27.0,0.0,0.0,7.68,0.0,5.0,15.8,45.0,,,,20.4,8.9,352.0,10.8,5.1
2021-07-09 00:00:00+00:00,31.7,0.0,23.3,32.5,24.7,37.6,40.6,0.0,341.0,43.2,28.94,50308.24,46701.45,26.4,0.0,0.0,8.32,0.0,2.0,15.3,40.0,,,,22.8,10.7,341.0,10.4,3.3
2021-07-10 00:00:00+00:00,30.7,0.0,24.6,32.6,23.7,37.5,38.6,3.0,317.0,40.7,27.25,50265.71,43632.21,27.7,0.0,0.0,7.79,0.0,17.0,18.3,52.0,,,,25.2,12.4,317.0,11.9,5.7
2021-07-11 00:00:00+00:00,30.8,0.0,25.4,32.4,23.5,37.2,39.0,0.0,308.0,42.5,29.06,50220.89,46549.36,27.0,0.0,0.0,7.68,0.0,1.0,16.4,48.0,,,,21.5,9.6,308.0,10.1,5.6
2021-07-12 00:00:00+00:00,31.6,0.0,24.8,32.9,24.0,38.1,39.8,0.0,351.0,43.6,29.13,50173.87,46409.46,27.1,0.0,0.0,8.1,0.0,0.0,16.1,45.0,,,,22.2,10.3,351.0,14.0,5.4
2021-07-13 00:00:00+00:00,31.0,0.0,25.6,31.7,23.0,38.1,38.8,1.0,354.0,42.8,29.18,50124.72,46522.32,25.9,0.0,0.0,8.11,0.0,2.0,14.6,44.0,,,,24.0,11.4,354.0,16.6,7.6
2021-07-14 00:00:00+00:00,30.7,0.0,22.3,31.1,22.7,37.6,38.6,0.0,354.0,36.7,29.13,50073.52,46381.86,23.8,0.0,0.0,8.36,0.0,0.0,14.0,40.0,,,,22.8,11.0,354.0,10.8,6.1
2021-07-15 00:00:00+00:00,31.7,0.0,17.1,32.7,22.6,39.6,40.4,0.0,349.0,34.6,29.07,50020.35,46366.71,24.9,0.0,0.0,7.85,0.0,0.0,14.6,41.0,,,,19.5,8.6,349.0,10.4,4.8
2021-07-16 00:00:00+00:00,33.2,0.0,25.6,34.1,24.8,40.2,41.7,1.0,349.0,41.8,28.86,49965.28,46229.96,28.3,0.0,0.0,8.54,0.0,2.0,15.1,41.0,,,,23.5,11.2,349.0,16.6,7.1
2021-07-17 00:00:00+00:00,32.8,0.0,20.3,32.9,25.3,39.3,40.8,0.0,347.0,34.6,29.11,49908.38,46214.17,26.8,0.0,0.0,8.7,0.0,0.0,12.8,34.0,,,,22.8,11.1,347.0,13.3,4.4
2021-07-18 00:00:00+00:00,32.4,0.0,25.1,32.7,24.1,39.3,39.2,0.0,24.0,42.8,29.24,49849.73,46079.43,26.4,0.0,0.0,8.43,0.0,0.0,13.6,39.0,,,,23.8,11.7,24.0,16.6,6.4
2021-07-19 00:00:00+00:00,32.8,0.0,28.0,32.8,24.8,39.6,40.2,0.0,32.0,45.4,28.96,49789.41,45820.54,27.1,0.0,0.0,9.16,0.0,0.0,13.8,37.0,,,,27.0,13.8,32.0,16.6,7.9
2021-07-20 00:00:00+00:00,33.7,0.0,28.8,32.6,27.5,39.3,40.3,0.0,61.0,46.4,28.12,49727.48,45569.61,26.7,0.0,0.0,10.42,0.0,0.0,13.1,30.0,,,,31.5,17.4,61.0,16.2,10.1
2021-07-21 00:00:00+00:00,32.7,0.0,22.0,32.2,26.2,38.9,40.4,0.0,31.0,37.1,28.12,49664.02,45442.02,26.7,0.0,0.0,9.81,0.0,0.0,14.7,36.0,,,,31.9,17.3,31.0,24.5,12.3
2021-07-22 00:00:00+00:00,30.8,0.0,21.7,32.3,24.9,36.4,38.0,1.0,320.0,36.4,27.67,49599.1,45198.32,27.4,0.0,0.0,7.93,0.0,5.0,17.5,48.0,,,,24.3,12.1,320.0,12.2,7.2
2021-07-23 00:00:00+00:00,30.6,0.0,23.5,31.2,25.1,36.8,36.6,0.0,294.0,42.8,27.06,49532.79,45081.73,27.8,0.0,0.0,8.37,0.0,6.0,16.4,47.0,,,,28.5,15.0,294.0,11.5,6.5
2021-07-24 00:00:00+00:00,29.5,0.0,19.2,30.4,24.6,35.3,36.1,1.0,303.0,35.3,26.73,49465.17,44505.22,26.9,0.0,0.0,7.53,0.0,16.0,16.5,48.0,,,,24.9,12.7,303.0,12.2,7.1
2021-07-25 00:00:00+00:00,29.7,0.0,23.5,31.6,23.5,36.0,38.4,2.0,340.0,43.9,27.64,49396.3,44609.27,26.7,0.0,0.0,7.14,0.0,12.0,17.2,51.0,,,,20.9,8.9,340.0,7.2,2.9
2021-07-26 00:00:00+00:00,30.2,0.0,21.6,31.9,23.8,36.5,39.0,0.0,350.0,36.4,28.36,49326.25,44715.83,26.6,0.0,0.0,7.33,0.0,1.0,16.6,49.0,,,,21.2,9.5,350.0,13.0,1.5
2021-07-27 00:00:00+00:00,31.3,0.0,22.7,32.0,24.0,38.2,39.4,0.0,21.0,37.4,28.48,49255.03,44812.61,26.5,0.0,0.0,8.46,0.0,0.0,15.3,44.0,,,,24.9,12.4,21.0,12.6,7.4
2021-07-28 00:00:00+00:00,31.9,0.0,21.4,32.1,23.3,39.4,40.0,0.0,353.0,37.8,28.58,49182.04,44691.9,26.0,0.0,0.0,8.71,0.0,0.0,13.8,40.0,,,,24.0,11.8,353.0,11.9,7.1
2021-07-29 00:00:00+00:00,31.8,0.0,19.7,32.7,23.6,38.9,39.8,0.0,321.0,39.2,28.5,49107.2,44573.53,27.4,0.0,0.0,8.21,0.0,0.0,15.1,43.0,,,,22.0,10.6,321.0,9.4,5.0
2021-07-30 00:00:00+00:00,32.3,0.0,14.2,33.6,24.3,39.3,40.8,2.0,301.0,28.1,28.32,49030.62,44463.51,26.6,0.0,0.0,7.89,0.0,4.0,15.6,42.0,,,,19.0,8.8,301.0,7.9,3.6
2021-07-31 00:00:00+00:00,32.7,0.0,16.5,34.1,24.5,40.1,41.2,3.0,301.0,30.6,28.14,48952.38,44256.92,28.8,0.0,0.0,7.84,0.0,7.0,15.4,43.0,,,,19.3,8.7,301.0,10.8,4.7
2021-08-01 00:00:00+00:00,33.9,0.0,20.2,33.8,25.3,40.8,41.1,0.0,357.0,42.8,28.46,48872.58,44245.18,26.3,0.0,0.0,8.56,0.0,0.0,11.8,31.0,,,,20.5,9.6,357.0,11.5,4.3
2021-08-02 00:00:00+00:00,33.3,0.0,17.3,34.1,24.7,40.4,41.9,0.0,322.0,28.8,28.17,48791.3,44137.57,26.7,0.0,0.0,7.84,0.0,0.0,13.2,36.0,,,,17.4,7.3,322.0,8.6,2.6
2021-08-03 00:00:00+00:00,34.6,0.0,20.4,34.1,26.5,40.9,40.9,0.0,26.0,36.7,28.09,48708.66,44037.85,28.0,0.0,0.0,8.52,0.0,0.0,10.7,28.0,,,,21.2,10.0,26.0,11.5,1.9
2021-08-04 00:00:00+00:00,36.0,0.0,20.2,34.6,27.1,42.8,42.1,2.0,43.0,33.8,27.71,48624.71,43840.37,27.6,0.0,0.0,9.54,0.0,3.0,9.1,23.0,,,,23.6,11.7,43.0,11.9,6.2
2021-08-05 00:00:00+00:00,36.4,0.0,29.5,34.5,27.9,43.2,44.2,0.0,34.0,47.2,28.0,48539.57,43748.74,27.2,0.0,0.0,9.84,0.0,1.0,7.3,20.0,,,,25.7,12.4,34.0,13.7,1.8
2021-08-06 00:00:00+00:00,35.7,0.0,16.1,34.2,27.7,42.1,41.1,0.0,316.0,31.3,27.93,48453.3,43748.35,27.4,0.0,0.0,9.34,0.0,0.0,8.2,20.0,,,,21.8,10.5,316.0,6.5,3.5
2021-08-07 00:00:00+00:00,34.2,0.0,21.3,34.5,26.6,42.2,40.2,0.0,286.0,41.0,27.74,48366.01,43658.24,29.6,0.0,0.0,9.11,0.0,0.0,14.5,35.0,,,,23.3,11.9,286.0,2.5,1.1
2021-08-08 00:00:00+00:00,31.8,0.0,16.6,33.2,24.6,38.6,38.6,0.0,310.0,32.4,27.7,48277.77,43487.78,28.9,0.0,0.0,8.0,0.0,0.0,16.5,47.0,,,,22.3,11.1,310.0,7.9,4.8
2021-08-09 00:00:00+00:00,31.2,0.0,28.1,33.3,24.0,37.9,40.0,3.0,354.0,45.7,26.92,48188.66,43345.68,28.1,0.0,0.0,7.38,0.0,9.0,17.8,50.0,,,,21.0,9.3,354.0,5.8,2.7
2021-08-10 00:00:00+00:00,31.9,0.0,24.0,33.5,24.6,38.7,41.2,1.0,353.0,40.3,27.03,48098.77,43334.14,28.4,0.0,0.0,7.79,0.0,2.0,17.0,46.0,,,,23.4,10.6,353.0,14.0,3.6
2021-08-11 00:00:00+00:00,32.2,0.0,19.9,32.5,24.4,38.9,39.3,0.0,1.0,34.9,27.37,48008.17,43341.65,27.6,0.0,0.0,8.58,0.0,0.0,13.9,40.0,,,,23.9,12.2,1.0,13.0,7.9
2021-08-12 00:00:00+00:00,32.6,0.0,20.5,33.7,25.4,39.2,40.4,0.0,358.0,32.8,27.13,47916.94,43201.85,29.0,0.0,0.0,7.96,0.0,0.0,15.2,42.0,,,,21.3,10.1,358.0,11.9,4.0
2021-08-13 00:00:00+00:00,33.1,0.0,20.5,33.8,26.7,39.4,40.3,0.0,332.0,33.5,26.48,47825.16,43208.55,28.6,0.0,0.0,8.24,0.0,1.0,14.9,36.0,,,,21.2,10.1,332.0,3.6,1.8
2021-08-14 00:00:00+00:00,31.3,0.0,24.7,32.0,24.2,37.9,38.6,1.0,17.0,40.0,26.9,47732.91,43204.13,27.7,0.0,0.0,8.35,0.0,4.0,15.8,44.0,,,,25.1,13.0,17.0,11.5,7.0
2021-08-15 00:00:00+00:00,31.8,0.0,22.4,32.4,24.2,38.6,39.7,0.0,1.0,40.7,27.02,47640.25,43208.1,26.6,0.0,0.0,8.09,0.0,0.0,14.9,41.0,,,,22.9,11.3,1.0,11.5,6.9
2021-08-16 00:00:00+00:00,31.3,0.0,20.8,32.2,24.0,38.6,39.0,1.0,342.0,34.2,26.96,47547.2,43200.0,27.4,0.0,0.0,8.02,0.0,3.0,15.8,46.0,,,,23.9,12.2,342.0,12.6,7.6
2021-08-17 00:00:00+00:00,30.4,0.0,24.3,31.7,23.2,37.0,38.2,0.0,347.0,43.2,26.9,47453.07,43200.0,26.2,0.0,0.0,7.44,0.0,0.0,16.4,49.0,,,,22.3,10.7,347.0,10.8,6.2
2021-08-18 00:00:00+00:00,29.5,0.0,21.4,30.0,22.8,35.6,36.5,0.0,346.0,34.9,26.97,47357.76,43200.0,25.1,0.0,0.0,7.67,0.0,1.0,14.8,45.0,,,,23.8,11.7,346.0,13.0,6.5
2021-08-19 00:00:00+00:00,30.1,0.0,21.4,31.0,22.5,37.9,38.4,0.0,339.0,36.0,26.81,47261.34,43200.0,25.3,0.0,0.0,7.69,0.0,1.0,15.3,46.0,,,,21.5,10.4,339.0,7.2,3.1
2021-08-20 00:00:00+00:00,31.0,0.0,19.2,32.3,23.7,38.2,39.3,1.0,11.0,33.5,26.04,47163.91,43200.0,26.7,0.0,0.0,7.34,0.0,7.0,15.9,47.0,,,,20.4,9.7,11.0,10.4,5.8
2021-08-21 00:00:00+00:00,32.0,0.0,26.1,32.7,23.8,39.9,40.2,0.0,9.0,42.1,26.45,47065.54,43200.0,26.6,0.0,0.0,8.43,0.0,0.0,16.0,44.0,,,,25.8,13.4,9.0,13.0,7.0
2021-08-22 00:00:00+00:00,31.2,0.0,20.0,32.0,24.1,38.7,38.9,1.0,341.0,33.8,26.16,46966.31,43200.0,28.0,0.0,0.0,7.93,0.0,3.0,15.9,48.0,,,,25.6,13.3,341.0,16.2,9.6
2021-08-23 00:00:00+00:00,29.7,0.0,19.2,30.8,22.9,36.4,36.4,0.0,320.0,33.1,26.36,46866.31,43200.0,26.1,0.0,0.0,7.34,0.0,1.0,15.9,48.0,,,,21.7,10.5,320.0,6.1,3.2
2021-08-24 00:00:00+00:00,29.6,0.0,22.1,31.5,23.2,35.7,37.6,0.0,340.0,42.5,26.25,46765.61,43200.0,26.4,0.0,0.0,6.56,0.0,0.0,16.9,51.0,,,,18.0,7.8,340.0,7.9,2.3
2021-08-25 00:00:00+00:00,30.3,0.0,22.8,32.1,24.9,36.1,38.2,1.0,357.0,42.8,25.67,46664.29,43200.0,28.7,0.0,0.0,7.09,0.0,5.0,17.5,51.0,,,,22.8,10.9,357.0,11.9,6.3
2021-08-26 00:00:00+00:00,30.8,0.0,22.1,32.2,23.6,37.7,38.7,1.0,4.0,36.4,25.34,46562.42,43200.0,27.2,0.0,0.0,7.45,0.0,3.0,17.6,52.0,,,,24.4,12.6,4.0,13.3,7.4
2021-08-27 00:00:00+00:00,31.2,0.0,21.1,31.8,24.4,38.2,39.6,0.0,23.0,36.7,25.19,46460.07,43176.75,27.4,0.0,0.0,8.23,0.0,2.0,16.0,47.0,,,,27.4,14.8,23.0,15.8,9.3
2021-08-28 00:00:00+00:00,31.1,0.0,19.8,31.8,23.7,38.3,38.8,0.0,357.0,32.4,25.78,46357.33,43109.04,26.3,0.0,0.0,7.75,0.0,0.0,15.4,44.0,,,,22.3,11.3,357.0,10.4,5.9
2021-08-29 00:00:00+00:00,31.8,0.0,23.1,32.9,23.7,39.3,39.5,0.0,16.0,37.1,25.65,46254.26,43040.87,27.3,0.0,0.0,7.94,0.0,0.0,16.3,46.0,,,,23.3,11.7,16.0,8.3,5.1
2021-08-30 00:00:00+00:00,31.0,0.0,25.1,31.8,24.9,37.2,39.0,1.0,359.0,41.4,24.86,46150.92,42972.29,27.0,0.0,0.0,7.86,0.0,4.0,16.8,46.0,,,,27.1,14.2,359.0,16.2,7.6
2021-08-31 00:00:00+00:00,30.0,0.0,22.9,30.5,23.5,37.1,37.2,0.0,20.0,37.4,25.23,46047.4,42903.4,26.0,0.0,0.0,7.98,0.0,0.0,16.6,49.0,,,,28.2,15.4,20.0,13.0,7.9
2021-09-01 00:00:00+00:00,29.7,0.0,22.5,30.0,22.9,36.8,36.7,1.0,15.0,36.7,24.99,45943.75,42834.27,25.3,0.0,0.0,7.89,0.0,3.0,16.2,49.0,,,,29.0,15.9,15.0,16.2,9.6
2021-09-02 00:00:00+00:00,29.8,0.0,19.9,30.3,23.2,37.0,37.1,1.0,10.0,34.9,24.89,45840.06,42764.96,25.2,0.0,0.0,7.68,0.0,3.0,16.4,49.0,,,,27.5,14.8,10.0,15.5,9.2
2021-09-03 00:00:00+00:00,29.5,0.0,22.8,30.5,22.3,36.9,37.3,0.0,356.0,37.8,25.15,45736.37,42695.57,25.0,0.0,0.0,7.3,0.0,0.0,16.6,51.0,,,,24.5,12.8,356.0,12.6,7.3
2021-09-04 00:00:00+00:00,29.2,0.0,21.9,30.6,22.6,35.1,36.6,0.0,12.0,35.6,24.76,45632.77,42626.16,25.4,0.0,0.0,6.44,0.0,2.0,16.6,52.0,,,,20.7,9.7,12.0,10.1,5.4
2021-09-05 00:00:00+00:00,29.2,0.0,21.6,30.3,24.0,35.2,37.0,0.0,352.0,35.3,24.36,45529.24,42556.55,26.8,0.0,0.0,7.02,0.0,3.0,17.1,53.0,,,,26.1,13.5,352.0,18.4,8.3
2021-09-06 00:00:00+00:00,28.8,0.0,21.2,29.3,22.4,35.7,36.1,0.0,338.0,35.3,24.54,45425.09,42485.98,24.5,0.0,0.0,7.16,0.0,0.0,15.3,48.0,,,,23.6,12.0,338.0,11.2,6.5
2021-09-07 00:00:00+00:00,29.3,0.0,20.0,29.9,22.1,36.0,36.6,0.0,28.0,32.4,24.37,45320.21,42414.46,23.3,0.0,0.0,7.13,0.0,0.0,15.6,47.0,,,,22.2,11.7,28.0,9.0,6.4
2021-09-08 00:00:00+00:00,32.7,0.0,24.5,32.7,25.4,39.1,39.9,0.0,72.0,38.9,23.81,45214.66,42342.11,25.8,0.0,0.0,8.27,0.0,3.0,14.6,37.0,,,,25.7,13.9,72.0,16.9,7.4
2021-09-09 00:00:00+00:00,32.0,0.0,22.7,32.3,26.5,38.7,39.8,0.0,319.0,38.5,23.91,45108.52,42268.99,27.1,0.0,0.0,8.0,0.0,2.0,15.9,40.0,,,,26.9,14.0,319.0,14.4,7.0
2021-09-10 00:00:00+00:00,28.0,0.0,21.5,28.9,23.2,34.4,34.7,3.0,355.0,35.3,20.02,45001.85,30712.61,26.0,0.0,0.0,6.08,0.0,28.0,17.3,55.0,,,,25.7,13.4,355.0,10.8,6.6
2021-09-11 00:00:00+00:00,27.1,0.0,20.0,27.5,22.3,32.7,33.6,3.0,340.0,37.4,19.43,44894.73,35572.84,24.6,0.0,0.0,5.86,0.0,25.0,15.8,53.0,,,,23.7,12.4,340.0,9.0,5.6
2021-09-12 00:00:00+00:00,28.3,0.0,16.0,29.0,21.2,35.0,35.1,0.0,357.0,33.5,23.75,44787.23,41991.73,23.0,0.0,0.0,6.35,0.0,0.0,14.7,48.0,,,,18.8,8.9,357.0,6.8,3.0
2021-09-13 00:00:00+00:00,31.8,0.0,21.4,30.8,25.6,39.3,38.3,0.0,232.0,39.6,23.54,44679.41,41885.13,24.3,0.0,0.0,8.76,0.0,1.0,13.6,35.0,,,,29.4,16.5,232.0,17.3,11.4
2021-09-14 00:00:00+00:00,30.0,0.0,22.7,30.8,23.0,36.3,37.4,2.0,14.0,45.7,22.23,44571.34,41778.15,25.3,0.0,0.0,6.34,0.0,10.0,15.2,45.0,,,,19.5,9.2,14.0,8.3,1.5
2021-09-15 00:00:00+00:00,28.6,0.0,20.9,28.9,23.5,33.2,32.5,2.0,317.0,36.0,22.53,44463.09,40295.87,25.9,0.0,0.0,6.66,0.0,11.0,15.3,47.0,,,,25.0,12.5,317.0,11.2,6.5
2021-09-16 00:00:00+00:00,27.4,0.0,22.6,27.9,22.1,32.9,32.8,1.0,326.0,38.9,22.2,44354.72,41546.88,24.6,0.0,0.0,6.3,0.0,6.0,15.5,51.0,,,,23.3,11.9,326.0,4.3,1.8
2021-09-17 00:00:00+00:00,27.3,0.0,22.7,27.2,22.7,32.5,32.8,2.0,1.0,39.6,20.39,44246.31,40990.64,23.6,0.0,0.0,6.32,0.0,20.0,15.0,49.0,,,,25.7,13.8,1.0,13.7,6.1
2021-09-18 00:00:00+00:00,27.8,0.0,22.2,27.8,22.8,33.9,33.3,2.0,35.0,35.6,22.56,44137.91,41190.57,24.5,0.0,0.0,6.81,0.0,15.0,15.1,49.0,,,,26.2,14.4,35.0,11.9,7.4
2021-09-19 00:00:00+00:00,28.3,0.0,22.2,27.7,20.7,36.0,34.0,0.0,40.0,40.3,23.09,44029.6,40896.2,22.1,0.0,0.0,7.6,0.0,0.0,14.8,50.0,,,,31.7,18.0,40.0,20.2,12.5
2021-09-20 00:00:00+00:00,29.6,0.0,24.1,29.5,21.5,38.3,37.1,0.0,29.0,39.6,22.74,43921.44,40728.02,23.2,0.0,0.0,7.81,0.0,0.0,15.6,48.0,,,,29.8,16.8,29.0,18.4,11.3
2021-09-21 00:00:00+00:00,30.0,0.0,22.5,30.4,23.2,37.9,37.4,3.0,20.0,37.4,22.28,43813.49,37279.36,26.7,0.0,0.0,7.41,0.0,13.0,16.2,52.0,,,,28.7,15.8,20.0,18.7,10.9
2021-09-22 00:00:00+00:00,29.4,0.0,23.7,29.6,22.0,37.7,36.4,0.0,348.0,40.7,22.36,43705.82,40177.02,25.5,0.0,0.0,7.24,0.0,0.0,15.0,48.0,,,,24.9,13.3,348.0,11.5,5.4
2021-09-23 00:00:00+00:00,28.3,0.0,19.0,29.3,22.1,34.5,34.7,0.0,301.0,35.3,21.88,43598.5,39915.54,25.0,0.0,0.0,6.19,0.0,0.0,16.3,52.0,,,,21.0,10.3,301.0,5.8,3.1
2021-09-24 00:00:00+00:00,26.3,0.1,20.6,26.5,23.0,30.4,29.6,51.0,321.0,37.1,18.85,43491.59,36971.43,22.2,1.0,0.1,5.44,0.0,21.0,15.0,53.0,,,,23.5,12.3,321.0,10.4,5.2
2021-09-25 00:00:00+00:00,24.8,0.0,25.9,23.9,18.2,31.6,30.1,0.0,37.0,43.9,21.59,43385.08,39629.59,17.9,0.0,0.0,6.12,0.0,4.0,12.5,48.0,,,,24.6,13.4,37.0,7.9,3.1
2021-09-26 00:00:00+00:00,26.1,0.0,18.3,26.1,20.0,31.9,33.2,2.0,28.0,34.9,20.03,43278.25,39292.99,20.5,0.0,0.0,5.61,0.0,25.0,15.0,53.0,,,,24.5,12.7,28.0,15.5,8.1
2021-09-27 00:00:00+00:00,26.2,0.0,18.5,26.7,21.1,31.1,31.8,1.0,324.0,35.6,21.18,43170.96,39362.03,23.4,0.0,0.0,5.54,0.0,7.0,15.1,54.0,,,,21.5,10.1,324.0,4.7,2.8
2021-09-28 00:00:00+00:00,26.4,0.0,15.2,27.4,21.2,32.1,32.7,1.0,315.0,29.9,21.0,43063.29,39236.04,23.5,0.0,0.0,5.4,0.0,9.0,15.8,56.0,,,,18.1,8.6,315.0,4.0,0.5
2021-09-29 00:00:00+00:00,26.7,0.0,20.0,27.5,20.1,32.9,33.2,0.0,331.0,32.8,21.3,42955.3,39115.68,22.3,0.0,0.0,5.66,0.0,2.0,15.6,54.0,,,,20.4,9.9,331.0,6.5,2.2
2021-09-30 00:00:00+00:00,26.9,0.0,23.1,28.1,20.8,33.4,34.8,1.0,349.0,38.9,20.63,42847.08,39001.34,23.7,0.0,0.0,5.56,0.0,6.0,16.8,59.0,,,,21.3,10.7,349.0,10.4,5.8
2021-10-01 00:00:00+00:00,26.0,0.0,20.4,26.4,20.7,31.9,32.6,2.0,356.0,34.6,20.4,42738.68,38975.11,22.7,0.0,0.0,5.6,0.0,12.0,15.8,57.0,,,,23.7,12.5,356.0,13.0,7.9
2021-10-02 00:00:00+00:00,25.2,0.0,22.2,25.8,19.5,30.7,31.3,1.0,322.0,38.5,20.36,42630.2,38879.86,21.3,0.0,0.0,5.1,0.0,6.0,15.1,57.0,,,,20.1,9.6,322.0,6.1,2.3
2021-10-03 00:00:00+00:00,25.5,0.0,20.9,25.7,20.7,30.9,31.4,1.0,346.0,33.8,19.95,42521.69,38843.92,22.1,0.0,0.0,5.35,0.0,12.0,14.8,55.0,,,,22.5,11.4,346.0,13.0,7.4
2021-10-04 00:00:00+00:00,24.6,0.0,23.4,24.3,18.5,30.4,30.4,1.0,6.0,42.5,19.84,42413.22,38807.66,19.3,0.0,0.0,5.46,0.0,6.0,14.1,54.0,,,,24.0,12.7,6.0,10.8,6.6
2021-10-05 00:00:00+00:00,24.2,0.0,20.5,24.0,18.2,30.0,29.8,0.0,1.0,33.5,20.52,42304.89,38771.05,19.1,0.0,0.0,5.39,0.0,3.0,13.7,55.0,,,,22.8,11.9,1.0,10.8,6.6
2021-10-06 00:00:00+00:00,24.6,0.0,18.1,24.1,18.6,30.3,30.2,1.0,19.0,31.3,19.48,42196.75,38734.08,19.2,0.0,0.0,5.37,0.0,8.0,13.3,52.0,,,,22.4,11.9,19.0,9.7,5.8
2021-10-07 00:00:00+00:00,24.8,0.0,24.0,24.6,19.5,31.1,30.1,2.0,33.0,38.9,19.04,42088.88,37836.38,21.0,0.0,0.0,5.42,0.0,16.0,15.0,58.0,,,,26.4,14.5,33.0,14.0,8.5
2021-10-08 00:00:00+00:00,25.1,0.0,22.3,24.6,18.7,31.3,31.1,0.0,31.0,36.0,20.01,41981.35,38658.99,19.0,0.0,0.0,5.77,0.0,1.0,14.2,53.0,,,,26.7,14.7,31.0,16.2,9.3
2021-10-09 00:00:00+00:00,25.3,0.0,22.1,24.9,19.7,32.0,31.2,2.0,29.0,35.3,19.52,41874.24,38265.2,20.3,0.0,0.0,5.78,0.0,12.0,15.2,57.0,,,,28.8,16.4,29.0,19.4,11.8
2021-10-10 00:00:00+00:00,25.4,0.0,24.5,24.7,19.7,33.0,30.6,2.0,40.0,41.0,19.67,41767.63,37551.25,20.7,0.0,0.0,6.07,0.0,12.0,15.0,59.0,,,,32.4,18.9,40.0,21.2,13.0
2021-10-11 00:00:00+00:00,26.0,0.0,24.2,25.5,19.4,33.2,30.7,3.0,46.0,43.2,18.86,41661.59,37693.27,20.5,0.0,0.0,5.77,0.0,23.0,15.2,59.0,,,,31.3,18.0,46.0,23.8,14.6
2021-10-12 00:00:00+00:00,27.1,0.0,22.6,26.8,21.5,34.1,33.4,3.0,30.0,36.0,18.12,41556.21,36851.46,23.0,0.0,0.0,6.0,0.0,44.0,15.4,55.0,,,,29.8,16.7,30.0,22.7,12.0
2021-10-13 00:00:00+00:00,26.8,0.0,24.8,25.9,21.2,33.5,31.2,3.0,43.0,40.3,19.05,41451.56,36578.07,22.7,0.0,0.0,6.6,0.0,57.0,14.4,52.0,,,,31.4,18.4,43.0,20.2,11.7
2021-10-14 00:00:00+00:00,26.1,0.0,28.5,25.7,20.1,32.9,30.7,3.0,54.0,45.0,18.85,41347.71,37966.91,21.9,0.0,0.0,5.97,0.0,16.0,16.2,61.0,,,,32.9,19.4,54.0,21.2,12.2
2021-10-15 00:00:00+00:00,27.0,0.0,21.2,26.6,20.6,33.4,33.1,3.0,64.0,36.0,18.96,41244.68,38382.3,21.8,0.0,0.0,5.86,0.0,14.0,15.1,54.0,,,,28.3,16.0,64.0,19.4,11.9
2021-10-16 00:00:00+00:00,27.8,0.1,17.8,26.6,21.7,34.7,32.0,51.0,341.0,32.0,15.85,41141.66,33879.17,22.2,1.0,0.1,5.39,0.0,74.0,9.1,35.0,,,,17.1,8.8,341.0,4.3,2.4
2021-10-17 00:00:00+00:00,26.1,0.0,19.2,25.2,20.8,31.7,31.3,3.0,8.0,29.9,18.6,41038.5,37850.22,21.0,0.0,0.0,5.5,0.0,50.0,11.5,43.0,,,,21.0,11.0,8.0,13.3,6.3
2021-10-18 00:00:00+00:00,24.1,0.0,16.1,23.9,18.6,29.1,28.8,3.0,17.0,28.4,18.31,40935.3,37913.11,19.8,0.0,0.0,4.72,0.0,31.0,13.2,54.0,,,,18.7,9.6,17.0,10.1,3.5
2021-10-19 00:00:00+00:00,23.5,0.0,18.8,22.8,17.9,29.1,28.2,3.0,2.0,33.5,17.78,40832.13,37708.25,18.1,0.0,0.0,4.84,0.0,20.0,12.3,51.0,,,,20.0,10.6,2.0,7.6,4.6
2021-10-20 00:00:00+00:00,23.2,0.0,19.0,22.5,17.9,28.6,27.6,3.0,353.0,33.1,17.05,40729.08,37243.09,18.5,0.0,0.0,4.69,0.0,58.0,12.7,55.0,,,,21.6,11.6,353.0,10.4,5.7
2021-10-21 00:00:00+00:00,22.6,0.0,17.1,21.7,16.4,28.0,27.3,2.0,356.0,28.8,17.8,40626.23,35964.31,16.6,0.0,0.0,4.65,0.0,13.0,11.6,53.0,,,,19.0,10.1,356.0,8.3,4.8
2021-10-22 00:00:00+00:00,22.6,0.0,18.2,22.1,17.3,28.2,26.0,3.0,6.0,29.9,14.24,40523.68,27047.73,18.1,0.0,0.0,4.06,0.0,27.0,13.3,58.0,,,,20.5,11.0,6.0,6.1,3.1
2021-10-23 00:00:00+00:00,22.9,0.0,21.1,22.8,17.6,28.4,27.7,1.0,2.0,34.2,16.43,40421.5,36530.93,19.2,0.0,0.0,4.34,0.0,14.0,14.6,63.0,,,,22.3,12.1,2.0,9.0,3.8
2021-10-24 00:00:00+00:00,22.0,0.0,15.3,21.1,16.0,27.3,26.2,0.0,31.0,28.8,17.59,40319.79,36972.03,15.7,0.0,0.0,4.44,0.0,2.0,11.9,55.0,,,,20.7,11.2,31.0,11.5,6.3
2021-10-25 00:00:00+00:00,22.7,0.0,16.5,22.5,17.5,28.1,28.2,0.0,20.0,29.9,17.34,40218.65,36655.79,18.1,0.0,0.0,4.22,0.0,2.0,13.2,57.0,,,,17.5,9.0,20.0,5.8,3.1
2021-10-26 00:00:00+00:00,23.2,0.0,21.4,22.8,17.0,29.0,28.4,0.0,44.0,34.2,17.07,40118.15,36591.32,17.5,0.0,0.0,4.61,0.0,0.0,14.6,61.0,,,,23.7,13.5,44.0,11.5,7.1
2021-10-27 00:00:00+00:00,25.0,0.0,22.2,24.0,19.1,31.7,29.8,0.0,57.0,37.4,17.04,40018.4,36527.11,19.3,0.0,0.0,5.5,0.0,0.0,14.3,56.0,,,,29.5,17.5,57.0,23.0,14.6
2021-10-28 00:00:00+00:00,27.2,0.0,21.2,26.3,21.9,34.7,32.9,3.0,230.0,35.3,15.11,39919.49,32282.62,21.2,0.0,0.0,4.23,0.0,56.0,9.8,37.0,,,,15.3,6.9,230.0,2.5,0.5
2021-10-29 00:00:00+00:00,24.7,0.0,14.6,25.5,18.8,30.6,30.1,3.0,286.0,30.2,16.46,39821.52,35100.84,20.2,0.0,0.0,4.11,0.0,52.0,15.2,59.0,,,,15.0,7.7,286.0,3.2,1.5
2021-10-30 00:00:00+00:00,25.5,0.1,15.6,26.4,22.0,30.6,31.1,51.0,61.0,32.4,14.02,39724.59,25824.59,23.8,1.0,0.1,3.6,0.0,80.0,15.4,57.0,,,,16.0,7.3,61.0,5.4,0.4
2021-10-31 00:00:00+00:00,26.6,0.2,26.0,25.9,22.4,33.6,30.6,51.0,210.0,43.2,16.05,39628.79,35051.66,20.9,1.0,0.2,5.36,0.0,58.0,13.6,47.0,,,,25.2,13.4,210.0,16.6,4.7
2021-11-01 00:00:00+00:00,25.1,0.0,21.5,25.1,20.7,30.5,27.0,3.0,258.0,38.2,16.63,39534.22,35650.71,22.2,0.0,0.0,4.71,0.0,32.0,13.5,56.0,,,,20.0,10.7,258.0,5.0,0.4
2021-11-02 00:00:00+00:00,23.5,0.0,13.3,23.3,18.7,28.7,28.2,3.0,339.0,24.1,16.09,39441.0,35599.0,19.5,0.0,0.0,3.92,0.0,13.0,12.6,53.0,,,,14.1,7.2,339.0,5.4,2.1
2021-11-03 00:00:00+00:00,24.5,0.0,21.1,24.1,18.1,30.3,29.7,0.0,62.0,33.1,16.06,39349.22,35548.23,18.7,0.0,0.0,4.6,0.0,0.0,13.2,53.0,,,,19.8,11.0,62.0,8.3,1.9
2021-11-04 00:00:00+00:00,23.6,0.0,26.0,22.7,19.1,28.9,27.2,1.0,45.0,44.6,15.76,39258.91,35498.29,19.2,0.0,0.0,4.72,0.0,4.0,15.2,62.0,,,,31.8,18.6,45.0,23.0,13.5
2021-11-05 00:00:00+00:00,23.7,0.0,25.9,23.3,18.6,30.0,28.6,1.0,37.0,43.2,15.27,39169.22,34929.33,19.0,0.0,0.0,4.41,0.0,6.0,16.0,65.0,,,,29.2,16.9,37.0,18.4,10.7
2021-11-06 00:00:00+00:00,24.2,0.0,21.4,24.2,19.1,30.9,29.4,3.0,34.0,36.0,15.4,39080.01,34789.71,20.1,0.0,0.0,4.39,0.0,19.0,16.2,65.0,,,,27.4,15.8,34.0,19.1,10.0
2021-11-07 00:00:00+00:00,24.4,0.0,20.1,24.6,20.0,31.1,29.4,3.0,37.0,32.0,14.6,38991.36,27519.52,21.5,0.0,0.0,4.12,0.0,40.0,16.4,68.0,,,,26.3,15.2,37.0,18.4,11.5
2021-11-08 00:00:00+00:00,23.7,0.0,15.7,23.6,18.7,30.7,29.3,3.0,47.0,29.2,15.02,38903.38,34283.98,20.3,0.0,0.0,4.18,0.0,28.0,14.7,65.0,,,,23.5,13.5,47.0,18.0,9.8
2021-11-09 00:00:00+00:00,23.9,0.0,15.1,22.3,16.4,31.0,29.2,1.0,51.0,28.8,16.17,38816.17,35156.57,14.8,0.0,0.0,4.93,0.0,1.0,10.0,44.0,,,,21.2,12.3,51.0,14.4,8.2
2021-11-10 00:00:00+00:00,22.7,0.0,19.1,22.5,17.2,29.3,28.2,3.0,20.0,30.2,13.95,38729.82,32998.42,18.3,0.0,0.0,3.76,0.0,82.0,13.8,62.0,,,,19.4,10.6,20.0,11.2,6.4
2021-11-11 00:00:00+00:00,21.4,0.0,20.6,20.8,16.5,26.1,23.7,3.0,45.0,34.2,11.99,38644.43,29584.73,17.4,0.0,0.0,3.59,0.0,88.0,13.9,66.0,,,,23.4,13.7,45.0,10.8,6.4
2021-11-12 00:00:00+00:00,21.3,0.0,21.9,19.8,16.8,26.0,23.5,3.0,42.0,37.8,12.52,38560.1,26939.36,16.0,0.0,0.0,3.86,0.0,81.0,11.9,57.0,,,,25.1,14.3,42.0,15.1,9.2
2021-11-13 00:00:00+00:00,22.0,0.0,11.9,21.2,14.8,28.8,27.6,3.0,37.0,23.8,14.89,38476.95,34641.21,14.7,0.0,0.0,3.53,0.0,34.0,10.9,54.0,,,,14.9,7.8,37.0,6.5,3.8
2021-11-14 00:00:00+00:00,22.5,0.0,11.6,22.5,16.4,28.7,28.7,3.0,20.0,22.7,14.98,38395.06,34607.87,17.0,0.0,0.0,3.5,0.0,10.0,13.0,59.0,,,,13.7,6.9,20.0,5.8,1.8
2021-11-15 00:00:00+00:00,22.0,0.0,10.5,22.4,17.8,27.2,26.9,3.0,285.0,23.8,14.27,38314.56,34414.45,19.5,0.0,0.0,3.17,0.0,24.0,13.9,64.0,,,,13.5,6.7,285.0,5.0,2.3
2021-11-16 00:00:00+00:00,21.4,0.0,8.2,22.2,16.6,24.7,25.6,3.0,171.0,14.0,10.0,38235.55,22541.75,17.4,0.0,0.0,2.06,0.0,71.0,14.2,65.0,,,,9.2,4.0,171.0,2.9,1.0
2021-11-17 00:00:00+00:00,21.8,0.0,15.1,21.6,17.1,26.6,25.4,3.0,280.0,29.5,14.17,38158.14,34373.2,17.4,0.0,0.0,3.32,0.0,17.0,12.7,58.0,,,,14.6,7.4,280.0,4.0,1.8
2021-11-18 00:00:00+00:00,20.6,0.0,16.3,20.6,16.5,25.9,24.8,3.0,344.0,28.1,13.33,38082.45,33720.9,17.6,0.0,0.0,3.2,0.0,20.0,13.9,68.0,,,,17.4,9.2,344.0,4.0,0.8
2021-11-19 00:00:00+00:00,19.8,0.0,18.3,18.9,15.0,25.8,23.0,2.0,326.0,32.8,13.35,38008.57,33718.02,15.5,0.0,0.0,3.34,0.0,17.0,11.8,64.0,,,,19.2,10.3,326.0,8.6,3.8
2021-11-20 00:00:00+00:00,17.9,2.5,26.8,16.3,14.7,23.6,19.7,61.0,237.0,46.1,12.84,37936.64,32464.59,13.3,4.0,2.5,3.04,0.0,37.0,10.8,66.0,,,,24.1,12.8,237.0,7.9,4.8
2021-11-21 00:00:00+00:00,16.8,0.5,19.6,15.3,13.1,21.0,18.5,51.0,231.0,34.2,11.92,37866.77,32718.36,11.7,5.0,0.5,2.49,0.0,52.0,11.2,71.0,,,,22.1,12.9,231.0,12.6,8.2
2021-11-22 00:00:00+00:00,17.9,0.1,14.2,17.2,13.3,23.2,22.4,51.0,193.0,26.6,12.98,37799.07,33709.78,11.9,1.0,0.1,2.52,0.0,12.0,12.5,72.0,,,,17.9,10.3,193.0,7.6,3.5
2021-11-23 00:00:00+00:00,19.8,0.0,9.6,19.9,15.6,24.3,23.7,3.0,62.0,20.2,14.13,37733.66,33707.35,15.9,0.0,0.0,2.78,0.0,28.0,12.5,65.0,,,,11.0,5.5,62.0,4.0,2.2
2021-11-24 00:00:00+00:00,19.7,0.0,11.6,19.0,13.6,25.0,23.8,3.0,66.0,22.7,13.68,37670.58,31467.74,13.1,0.0,0.0,3.12,0.0,27.0,11.6,63.0,,,,15.2,8.7,66.0,6.1,4.4
2021-11-25 00:00:00+00:00,21.2,0.0,11.0,20.8,16.5,26.3,25.3,3.0,62.0,20.9,13.94,37609.14,33946.6,16.5,0.0,0.0,3.16,0.0,29.0,11.7,57.0,,,,14.0,7.1,62.0,7.6,3.3
2021-11-26 00:00:00+00:00,20.4,0.0,14.2,19.2,15.4,25.5,23.8,1.0,68.0,24.5,14.11,37549.22,34065.28,14.5,0.0,0.0,3.48,0.0,3.0,10.5,56.0,,,,16.8,9.6,68.0,10.1,4.2
2021-11-27 00:00:00+00:00,21.4,0.0,15.2,20.0,14.6,29.5,27.5,2.0,94.0,23.0,14.1,37490.88,34062.84,13.2,0.0,0.0,3.17,0.0,8.0,7.7,47.0,,,,13.0,6.7,94.0,8.3,1.1
2021-11-28 00:00:00+00:00,23.7,0.0,16.9,21.2,17.4,31.7,29.6,3.0,177.0,28.8,13.93,37434.2,33579.06,14.3,0.0,0.0,4.08,0.0,32.0,5.2,33.0,,,,16.7,9.5,177.0,2.2,0.4
2021-11-29 00:00:00+00:00,25.0,0.0,13.1,23.2,17.5,34.3,32.6,3.0,122.0,18.4,13.87,37379.25,33578.82,15.3,0.0,0.0,3.81,0.0,50.0,6.4,33.0,,,,11.9,6.8,122.0,3.6,1.1
2021-11-30 00:00:00+00:00,23.0,0.0,18.9,20.6,18.5,29.3,27.4,3.0,215.0,30.2,13.91,37326.12,33698.96,14.8,0.0,0.0,4.96,0.0,60.0,8.7,43.0,,,,25.2,14.9,215.0,19.1,11.8
2021-12-01 00:00:00+00:00,18.7,0.1,19.7,17.7,15.9,22.3,19.6,51.0,295.0,33.5,9.71,37274.88,32102.15,15.3,1.0,0.1,2.51,0.0,76.0,12.3,68.0,,,,20.9,11.4,295.0,6.1,2.5
2021-12-02 00:00:00+00:00,17.9,0.0,11.7,16.6,14.3,22.2,20.0,3.0,354.0,20.9,13.43,37225.6,33699.97,13.9,0.0,0.0,2.87,0.0,61.0,8.5,58.0,,,,13.5,6.6,354.0,3.6,0.0
2021-12-03 00:00:00+00:00,17.8,0.0,15.9,15.8,13.2,22.4,19.8,3.0,59.0,29.9,12.39,37178.37,32359.98,11.8,0.0,0.0,3.14,0.0,79.0,9.0,59.0,,,,20.6,12.0,59.0,14.4,6.9
2021-12-04 00:00:00+00:00,17.3,0.0,14.2,15.0,11.2,22.5,19.7,3.0,158.0,23.0,11.33,37133.27,33372.82,9.6,0.0,0.0,2.97,0.0,92.0,7.1,55.0,,,,18.3,10.5,158.0,9.7,6.9
2021-12-05 00:00:00+00:00,16.6,0.0,22.5,13.4,12.7,20.6,17.5,3.0,217.0,39.6,12.96,37090.36,33205.18,9.1,0.0,0.0,3.54,0.0,26.0,6.7,52.0,,,,28.5,16.5,217.0,12.6,6.1
2021-12-06 00:00:00+00:00,17.4,0.0,12.4,16.1,12.9,21.6,21.3,3.0,146.0,18.7,9.86,37049.74,22224.47,11.1,0.0,0.0,2.28,0.0,56.0,9.6,61.0,,,,14.6,8.2,146.0,5.0,1.9
2021-12-07 00:00:00+00:00,16.8,0.0,26.3,13.9,14.4,21.1,16.7,3.0,198.0,43.2,6.09,37011.47,9541.74,9.5,0.0,0.0,2.9,0.0,71.0,7.2,55.0,,,,25.7,15.7,198.0,5.8,3.8
2021-12-08 00:00:00+00:00,15.1,0.0,38.3,10.0,10.4,19.9,13.8,3.0,230.0,61.6,12.62,36975.64,30615.49,4.6,0.0,0.0,4.4,0.0,17.0,1.7,41.0,,,,38.5,22.7,230.0,16.2,10.2
2021-12-09 00:00:00+00:00,15.9,0.0,14.4,13.8,10.5,21.3,20.0,2.0,170.0,24.8,13.08,36942.34,33390.28,7.6,0.0,0.0,2.75,0.0,7.0,6.5,55.0,,,,16.7,9.0,170.0,5.0,0.4
2021-12-10 00:00:00+00:00,18.2,0.0,19.0,15.7,13.4,24.7,21.7,3.0,59.0,32.8,13.09,36911.62,33594.14,11.2,0.0,0.0,3.58,0.0,54.0,7.7,54.0,,,,23.1,13.6,59.0,13.3,8.7
2021-12-11 00:00:00+00:00,18.3,0.0,8.6,16.9,12.8,24.9,23.8,3.0,32.0,15.1,13.44,36883.57,32209.06,11.4,0.0,0.0,2.75,0.0,43.0,6.9,48.0,,,,9.5,4.5,32.0,3.2,0.0
2021-12-12 00:00:00+00:00,18.0,0.0,10.7,16.4,11.4,24.6,22.3,3.0,30.0,20.9,9.88,36858.28,25218.95,9.5,0.0,0.0,2.58,0.0,100.0,8.3,55.0,,,,13.9,7.9,30.0,8.6,5.2
2021-12-13 00:00:00+00:00,18.6,0.0,13.2,18.3,13.1,23.5,23.5,3.0,15.0,23.0,9.73,36835.8,22669.16,13.0,0.0,0.0,2.12,0.0,98.0,12.9,71.0,,,,14.2,7.7,15.0,8.3,4.7
2021-12-14 00:00:00+00:00,16.7,0.0,20.3,15.2,13.4,21.8,18.6,3.0,290.0,34.6,11.91,36816.2,32834.11,12.4,0.0,0.0,2.66,0.0,21.0,9.3,65.0,,,,17.9,9.3,290.0,4.3,1.8
2021-12-15 00:00:00+00:00,14.5,0.0,18.9,11.4,9.9,19.6,15.4,0.0,224.0,33.8,13.2,36799.22,33659.14,6.9,0.0,0.0,3.12,0.0,1.0,4.0,51.0,,,,20.1,11.9,224.0,10.4,8.1
2021-12-16 00:00:00+00:00,14.1,0.0,12.3,11.5,10.0,19.5,16.8,3.0,222.0,25.2,11.03,36784.79,28607.7,7.2,0.0,0.0,2.44,0.0,44.0,5.8,59.0,,,,17.2,10.0,222.0,10.4,5.9
2021-12-17 00:00:00+00:00,14.2,0.2,15.8,12.7,10.5,18.8,15.9,51.0,291.0,28.8,11.66,36772.92,32988.95,9.4,2.0,0.2,2.21,0.0,18.0,8.5,71.0,,,,15.3,8.2,291.0,6.1,3.2
2021-12-18 00:00:00+00:00,13.6,0.0,25.1,10.1,8.7,18.8,13.4,2.0,214.0,42.5,11.39,36763.6,32703.12,5.5,0.0,0.0,2.92,0.0,16.0,5.1,61.0,,,,26.4,15.7,214.0,7.9,4.3
2021-12-19 00:00:00+00:00,14.2,0.0,28.3,10.0,9.8,18.3,13.1,2.0,209.0,47.2,12.07,36756.82,33060.17,6.1,0.0,0.0,3.48,0.0,14.0,4.8,54.0,,,,33.9,20.5,209.0,23.8,14.8
2021-12-20 00:00:00+00:00,11.6,3.3,30.3,7.6,8.6,15.1,10.3,55.0,235.0,50.0,10.93,36752.59,33033.83,4.4,5.0,3.3,2.29,0.0,41.0,5.6,68.0,,,,34.7,20.0,235.0,20.9,13.0
2021-12-21 00:00:00+00:00,11.8,0.0,22.1,8.5,7.4,17.9,15.1,3.0,197.0,36.7,11.6,36750.91,33140.15,2.9,0.0,0.0,2.27,0.0,27.0,6.1,69.0,,,,27.5,16.5,197.0,14.4,9.5
2021-12-22 00:00:00+00:00,13.0,0.4,17.0,10.9,8.3,18.8,16.5,51.0,208.0,30.2,11.11,36751.75,32586.21,5.4,4.0,0.4,2.0,0.0,19.0,8.5,76.0,,,,20.4,11.7,208.0,6.5,2.5
2021-12-23 00:00:00+00:00,12.9,0.1,16.7,11.8,9.8,17.3,15.5,51.0,327.0,27.7,9.16,36755.12,23711.86,9.0,1.0,0.1,1.57,0.0,96.0,10.0,84.0,,,,14.7,7.8,327.0,5.0,2.6
2021-12-24 00:00:00+00:00,13.4,0.0,21.4,11.3,9.6,18.4,14.0,3.0,348.0,36.7,9.83,36761.02,25886.52,8.4,0.0,0.0,2.19,0.0,44.0,7.2,69.0,,,,17.9,9.7,348.0,6.5,2.5
2021-12-25 00:00:00+00:00,13.7,0.0,15.5,11.3,10.1,19.1,15.3,1.0,50.0,28.8,12.36,36769.43,33602.62,8.7,0.0,0.0,2.6,0.0,9.0,5.2,60.0,,,,15.1,8.1,50.0,4.3,0.5
2021-12-26 00:00:00+00:00,13.2,0.0,20.1,10.1,6.8,19.1,14.9,0.0,51.0,34.6,13.15,36780.33,33641.18,4.6,0.0,0.0,2.92,0.0,0.0,4.9,60.0,,,,22.0,12.7,51.0,9.4,5.4
2021-12-27 00:00:00+00:00,13.9,0.0,13.1,11.7,7.5,20.3,17.1,3.0,32.0,26.3,13.07,36793.73,33656.07,5.4,0.0,0.0,2.62,0.0,25.0,6.2,64.0,,,,17.5,9.5,32.0,11.2,5.8
2021-12-28 00:00:00+00:00,14.7,0.0,18.0,13.1,10.8,20.1,17.3,3.0,318.0,32.0,11.58,36809.61,31740.67,10.0,0.0,0.0,2.28,0.0,66.0,8.2,67.0,,,,15.0,7.5,318.0,3.6,0.7
2021-12-29 00:00:00+00:00,14.5,0.6,16.6,12.2,9.1,20.4,16.3,53.0,207.0,29.5,12.01,36827.95,27827.71,7.2,1.0,0.6,2.66,0.0,53.0,6.4,62.0,,,,17.1,9.7,207.0,5.4,2.3
2021-12-30 00:00:00+00:00,15.2,0.7,26.5,11.1,12.6,18.4,13.9,51.0,184.0,43.2,7.44,36848.75,22124.72,7.7,5.0,0.7,3.33,0.0,82.0,5.1,51.0,,,,34.7,20.6,184.0,23.8,15.0
2021-12-31 00:00:00+00:00,14.8,8.2,27.8,12.1,12.2,17.5,14.1,63.0,182.0,47.9,7.28,36871.99,14675.34,10.0,11.0,8.2,2.02,0.0,85.0,9.9,73.0,,,,33.2,18.7,182.0,23.8,11.8
2022-01-01 00:00:00+00:00,13.3,0.2,18.0,11.9,9.4,17.8,16.6,51.0,179.0,28.4,10.89,36897.65,31683.49,8.1,2.0,0.2,1.79,0.0,47.0,9.4,79.0,,,,16.7,8.8,179.0,7.6,1.4
2022-01-02 00:00:00+00:00,13.7,0.4,10.3,13.1,8.9,18.7,17.9,51.0,317.0,20.5,11.17,36925.73,30999.71,7.8,3.0,0.4,1.81,0.0,34.0,10.5,82.0,,,,10.9,5.4,317.0,2.5,0.7
2022-01-03 00:00:00+00:00,14.9,0.0,10.0,14.4,10.2,19.9,18.5,3.0,287.0,20.9,11.65,36956.23,33690.46,9.1,0.0,0.0,1.97,0.0,24.0,11.3,81.0,,,,11.6,6.1,287.0,4.0,2.0
2022-01-04 00:00:00+00:00,14.9,0.0,11.5,14.0,11.2,19.2,17.1,3.0,236.0,24.5,12.75,36989.5,33872.24,10.6,0.0,0.0,2.15,0.0,27.0,9.7,73.0,,,,11.5,5.9,236.0,3.2,0.7
2022-01-05 00:00:00+00:00,14.9,0.0,10.0,13.8,10.9,19.7,18.5,3.0,143.0,15.8,12.85,37025.58,32354.67,9.6,0.0,0.0,2.21,0.0,28.0,9.0,70.0,,,,11.2,5.9,143.0,7.9,1.1
2022-01-06 00:00:00+00:00,14.6,0.0,8.7,13.6,10.2,20.2,19.0,3.0,3.0,13.3,12.25,37064.36,33479.43,9.2,0.0,0.0,1.99,0.0,36.0,7.9,68.0,,,,9.0,3.8,3.0,2.9,1.1
2022-01-07 00:00:00+00:00,14.3,0.0,11.0,13.0,8.9,19.8,18.3,1.0,196.0,19.4,13.49,37105.75,34000.86,6.4,0.0,0.0,2.27,0.0,6.0,8.5,71.0,,,,12.1,6.4,196.0,2.9,1.1
2022-01-08 00:00:00+00:00,15.3,0.0,13.7,13.1,8.6,21.8,19.1,1.0,171.0,26.6,13.63,37149.68,34049.33,6.5,0.0,0.0,2.82,0.0,1.0,5.4,56.0,,,,14.0,7.7,171.0,4.3,2.0
2022-01-09 00:00:00+00:00,13.7,0.0,25.3,9.4,8.8,18.3,12.9,3.0,201.0,42.8,13.52,37196.04,34100.43,5.1,0.0,0.0,3.53,0.0,23.0,4.4,55.0,,,,34.2,20.4,201.0,24.5,15.9
2022-01-10 00:00:00+00:00,12.6,0.0,21.8,8.3,8.1,17.5,13.0,1.0,199.0,39.2,13.64,37244.75,34154.05,3.4,0.0,0.0,3.34,0.0,2.0,3.0,53.0,,,,31.8,18.6,199.0,22.3,13.4
2022-01-11 00:00:00+00:00,14.1,0.0,24.5,9.4,9.1,20.5,14.6,0.0,185.0,41.8,13.81,37295.73,34210.09,4.5,0.0,0.0,4.22,0.0,0.0,0.3,42.0,,,,31.2,18.7,185.0,23.8,14.5
2022-01-12 00:00:00+00:00,15.0,0.0,24.1,10.2,10.2,20.4,15.4,3.0,189.0,41.0,11.87,37348.87,33294.82,5.5,0.0,0.0,4.19,0.0,54.0,-0.7,36.0,,,,29.4,17.4,189.0,16.6,10.6
2022-01-13 00:00:00+00:00,14.3,0.0,23.8,10.7,9.8,20.0,15.4,3.0,236.0,38.5,13.18,37404.1,31915.23,5.9,0.0,0.0,3.48,0.0,38.0,2.9,48.0,,,,23.8,13.8,236.0,12.2,8.2
2022-01-14 00:00:00+00:00,12.5,0.3,20.8,10.0,8.8,16.1,12.2,51.0,277.0,36.0,9.21,37461.32,27881.85,7.1,3.0,0.3,2.04,0.0,43.0,7.0,72.0,,,,21.7,12.1,277.0,11.5,6.5
2022-01-15 00:00:00+00:00,11.6,0.0,20.5,8.3,7.5,16.7,12.0,2.0,244.0,36.4,11.43,37520.45,30602.06,4.6,0.0,0.0,2.47,0.0,28.0,3.5,60.0,,,,21.3,12.3,244.0,12.2,7.2
2022-01-16 00:00:00+00:00,12.1,0.8,23.1,8.5,8.1,18.0,14.0,51.0,238.0,36.7,9.35,37581.39,30125.57,4.3,5.0,0.8,2.45,0.0,64.0,4.6,61.0,,,,26.7,15.6,238.0,16.2,8.0
2022-01-17 00:00:00+00:00,10.5,0.0,21.9,7.0,5.2,15.7,10.5,2.0,35.0,36.7,11.85,37644.07,33939.88,2.9,0.0,0.0,2.45,0.0,21.0,3.5,67.0,,,,24.4,13.8,35.0,11.9,5.8
2022-01-18 00:00:00+00:00,10.9,0.0,13.7,8.0,6.4,16.0,12.8,1.0,262.0,24.8,14.01,37708.39,34661.54,4.0,0.0,0.0,2.55,0.0,5.0,1.0,53.0,,,,13.5,6.7,262.0,5.0,2.2
2022-01-19 00:00:00+00:00,10.4,3.8,19.6,6.3,7.9,14.3,9.5,61.0,218.0,33.8,5.34,37774.28,10946.35,3.9,5.0,3.8,2.1,0.0,71.0,2.1,58.0,,,,25.9,15.8,218.0,16.2,10.1
2022-01-20 00:00:00+00:00,10.5,0.0,12.5,7.5,5.8,14.6,11.4,3.0,1.0,24.1,12.14,37841.65,29850.96,3.0,0.0,0.0,2.2,0.0,38.0,1.0,54.0,,,,13.7,6.9,1.0,4.0,0.7
2022-01-21 00:00:00+00:00,10.2,0.0,14.8,6.8,4.0,15.7,11.6,1.0,58.0,28.4,14.58,37910.41,34881.21,0.6,0.0,0.0,2.67,0.0,2.0,1.0,55.0,,,,17.3,9.7,58.0,7.2,3.3
2022-01-22 00:00:00+00:00,11.1,0.0,14.7,8.1,5.6,16.8,12.5,1.0,241.0,27.7,14.27,37980.48,34957.23,3.2,0.0,0.0,2.68,0.0,3.0,1.6,56.0,,,,14.9,7.9,241.0,2.5,1.1
2022-01-23 00:00:00+00:00,11.9,0.0,24.1,8.0,6.6,17.4,12.9,3.0,225.0,41.0,12.96,38051.88,35034.69,2.0,0.0,0.0,3.03,0.0,21.0,3.1,56.0,,,,27.9,16.1,225.0,5.8,3.3
2022-01-24 00:00:00+00:00,10.8,0.1,10.0,8.2,6.0,15.3,12.4,51.0,254.0,20.5,11.28,38125.33,34868.46,3.2,1.0,0.1,2.01,0.0,40.0,3.1,62.0,,,,14.1,7.3,254.0,8.6,4.7
2022-01-25 00:00:00+00:00,10.8,0.0,16.8,7.1,5.2,15.7,11.2,3.0,218.0,32.0,15.15,38200.95,35166.99,1.1,0.0,0.0,3.02,0.0,9.0,-0.6,47.0,,,,19.2,11.0,218.0,6.8,4.0
2022-01-26 00:00:00+00:00,8.7,11.0,26.3,4.6,7.0,11.2,5.7,63.0,236.0,47.5,6.49,38278.62,17386.88,2.8,8.0,11.0,1.76,0.0,50.0,2.2,64.0,,,,28.4,16.5,236.0,18.7,12.3
2022-01-27 00:00:00+00:00,9.8,0.0,20.6,6.0,5.3,14.6,10.0,3.0,251.0,36.7,11.95,38358.22,29824.86,1.7,0.0,0.0,2.35,0.0,40.0,2.8,63.0,,,,25.5,14.5,251.0,10.1,5.1
2022-01-28 00:00:00+00:00,10.4,0.0,14.5,7.5,6.0,15.5,11.7,3.0,224.0,25.6,11.33,38439.63,33767.0,3.0,0.0,0.0,2.08,0.0,43.0,4.1,67.0,,,,17.2,10.1,224.0,10.1,6.1
2022-01-29 00:00:00+00:00,11.5,0.0,14.8,8.5,6.0,16.9,13.7,2.0,193.0,25.2,12.68,38522.73,31693.57,2.4,0.0,0.0,2.41,0.0,22.0,3.6,60.0,,,,18.5,10.3,193.0,1.8,0.7
2022-01-30 00:00:00+00:00,12.7,0.0,18.1,9.0,7.5,18.2,13.9,3.0,190.0,33.1,13.89,38607.41,34615.0,3.8,0.0,0.0,3.24,0.0,22.0,2.7,53.0,,,,23.2,13.8,190.0,12.6,9.2
2022-01-31 00:00:00+00:00,12.1,2.0,22.4,8.5,7.8,16.7,13.1,53.0,226.0,41.0,8.47,38693.55,24331.98,3.2,6.0,2.0,2.37,0.0,49.0,4.3,59.0,,,,27.1,15.9,226.0,13.3,7.9
2022-02-01 00:00:00+00:00,13.3,0.0,15.5,10.7,8.8,18.4,15.4,2.0,184.0,28.4,14.17,38781.05,35404.95,6.1,0.0,0.0,2.69,0.0,19.0,5.9,64.0,,,,19.8,11.1,184.0,10.8,3.8
2022-02-02 00:00:00+00:00,14.1,0.0,16.2,10.8,8.6,20.1,16.3,3.0,172.0,30.6,15.39,38869.79,35444.88,5.4,0.0,0.0,3.54,0.0,19.0,2.8,49.0,,,,20.6,11.9,172.0,14.8,8.4
2022-02-03 00:00:00+00:00,13.5,0.2,30.0,8.9,10.0,18.6,13.3,51.0,207.0,49.7,15.11,38959.67,35386.04,5.3,2.0,0.2,4.12,0.0,15.0,1.8,46.0,,,,33.3,19.6,207.0,20.9,13.7
2022-02-04 00:00:00+00:00,12.5,0.6,33.6,8.2,9.4,16.7,12.2,51.0,245.0,54.0,8.07,39050.57,21747.32,4.4,5.0,0.6,2.69,0.0,55.0,4.7,60.0,,,,35.1,20.7,245.0,20.9,12.5
2022-02-05 00:00:00+00:00,12.4,0.0,15.6,9.9,7.8,17.6,14.0,3.0,285.0,28.4,10.75,39142.4,22769.52,5.5,0.0,0.0,2.15,0.0,34.0,5.7,67.0,,,,18.3,10.0,285.0,8.6,2.5
2022-02-06 00:00:00+00:00,13.2,0.0,11.9,11.1,7.1,18.9,17.2,3.0,211.0,22.7,14.27,39235.05,33946.53,4.2,0.0,0.0,2.55,0.0,18.0,5.5,61.0,,,,13.1,7.1,211.0,4.3,0.4
2022-02-07 00:00:00+00:00,14.9,0.0,13.1,12.5,8.5,22.1,19.3,0.0,211.0,24.8,16.33,39328.42,35662.72,5.7,0.0,0.0,3.22,0.0,0.0,5.3,57.0,,,,15.8,9.3,211.0,5.8,2.6
2022-02-08 00:00:00+00:00,16.2,0.0,15.8,13.2,9.5,23.5,20.3,0.0,190.0,29.2,16.88,39422.41,35709.54,6.6,0.0,0.0,3.97,0.0,2.0,3.3,46.0,,,,17.7,10.7,190.0,4.0,2.1
2022-02-09 00:00:00+00:00,13.5,0.0,25.4,9.6,8.4,17.9,13.1,2.0,269.0,42.1,15.71,39516.92,35757.31,6.0,0.0,0.0,3.73,0.0,9.0,2.9,51.0,,,,27.4,16.1,269.0,11.2,6.2
2022-02-10 00:00:00+00:00,12.3,0.0,23.5,8.7,7.5,16.5,12.2,3.0,279.0,40.3,11.34,39611.86,21764.32,4.4,0.0,0.0,2.8,0.0,39.0,3.9,58.0,,,,26.0,14.8,279.0,14.8,7.9
2022-02-11 00:00:00+00:00,13.5,0.0,17.8,11.0,9.4,18.9,15.1,2.0,23.0,30.2,14.52,39707.12,35855.51,8.1,0.0,0.0,3.06,0.0,18.0,5.1,60.0,,,,17.2,9.3,23.0,4.0,1.5
2022-02-12 00:00:00+00:00,14.5,0.0,26.1,11.1,8.8,21.1,16.6,0.0,58.0,43.9,17.15,39802.72,35905.87,5.7,0.0,0.0,3.91,0.0,0.0,5.3,58.0,,,,28.5,16.7,58.0,15.1,9.6
2022-02-13 00:00:00+00:00,14.6,0.0,22.9,12.4,8.0,21.5,19.6,3.0,29.0,36.4,16.7,39899.5,35957.66,5.7,0.0,0.0,3.28,0.0,12.0,8.0,68.0,,,,23.6,13.0,29.0,16.9,9.7
2022-02-14 00:00:00+00:00,14.4,0.0,17.7,12.0,8.3,19.9,17.4,2.0,13.0,28.4,16.74,39997.62,36000.0,6.4,0.0,0.0,3.32,0.0,8.0,5.9,60.0,,,,19.2,10.0,13.0,9.0,4.3
2022-02-15 00:00:00+00:00,14.3,0.0,18.1,11.9,9.2,19.9,16.4,2.0,357.0,33.1,15.24,40096.98,36000.0,7.9,0.0,0.0,3.24,0.0,25.0,6.8,65.0,,,,21.3,11.8,357.0,9.7,5.0
2022-02-16 00:00:00+00:00,14.1,0.0,14.9,11.7,7.7,19.8,17.0,3.0,28.0,27.4,17.57,40197.47,36000.0,5.6,0.0,0.0,3.41,0.0,34.0,5.5,59.0,,,,18.3,9.8,28.0,7.6,3.8
2022-02-17 00:00:00+00:00,14.5,0.0,17.6,12.1,10.4,18.9,16.1,3.0,35.0,32.0,11.11,40299.0,13642.06,8.3,0.0,0.0,2.55,0.0,88.0,7.1,63.0,,,,20.6,11.6,35.0,10.8,6.6
2022-02-18 00:00:00+00:00,13.9,1.6,16.2,11.9,8.0,19.6,16.8,55.0,18.0,27.7,13.16,40401.46,28777.12,6.2,3.0,1.6,2.69,0.0,56.0,7.9,71.0,,,,19.3,10.4,18.0,11.2,5.9
2022-02-19 00:00:00+00:00,12.3,11.1,19.1,10.1,9.2,15.1,12.7,63.0,313.0,49.0,10.65,40504.75,32547.12,7.7,9.0,11.1,1.88,0.0,62.0,7.5,74.0,,,,22.2,10.8,313.0,7.2,3.9
2022-02-20 00:00:00+00:00,13.2,0.0,10.3,11.8,7.6,19.0,18.0,1.0,81.0,22.0,18.04,40608.79,36112.85,5.5,0.0,0.0,2.86,0.0,6.0,7.6,71.0,,,,12.9,6.7,81.0,6.5,0.4
2022-02-21 00:00:00+00:00,15.3,0.0,10.1,14.2,9.4,21.7,20.9,3.0,199.0,19.1,17.31,40713.48,33500.14,7.8,0.0,0.0,3.12,0.0,78.0,8.9,68.0,,,,12.4,6.8,199.0,7.2,3.4
2022-02-22 00:00:00+00:00,16.6,0.0,12.4,15.0,10.8,23.1,22.1,3.0,181.0,22.7,17.9,40818.72,36204.09,8.3,0.0,0.0,3.56,0.0,33.0,8.4,61.0,,,,16.3,9.4,181.0,10.1,3.9
2022-02-23 00:00:00+00:00,17.5,0.5,17.3,15.5,12.2,24.3,21.9,51.0,188.0,29.9,16.0,40924.43,34841.55,9.8,2.0,0.5,3.73,0.0,29.0,8.1,57.0,,,,20.2,11.1,188.0,6.5,0.7
2022-02-24 00:00:00+00:00,13.5,0.1,31.2,10.2,9.2,17.8,13.0,51.0,213.0,53.3,16.58,41030.52,36082.22,5.7,1.0,0.1,3.25,0.0,18.0,6.5,65.0,,,,30.3,17.8,213.0,11.9,7.3
2022-02-25 00:00:00+00:00,14.1,0.0,28.3,10.3,10.4,17.9,13.5,3.0,259.0,47.5,11.84,41136.9,20582.52,7.4,0.0,0.0,3.12,0.0,43.0,6.2,61.0,,,,32.2,19.0,259.0,17.6,11.5
2022-02-26 00:00:00+00:00,14.6,0.0,15.1,12.5,9.8,20.1,17.7,3.0,279.0,23.8,16.46,41243.47,34216.26,8.4,0.0,0.0,3.2,0.0,41.0,6.1,61.0,,,,16.2,8.4,279.0,9.7,3.8
2022-02-27 00:00:00+00:00,15.3,0.0,18.4,12.8,9.6,21.0,19.0,3.0,47.0,27.7,19.46,41350.16,36630.25,6.8,0.0,0.0,3.91,0.0,15.0,5.1,53.0,,,,19.4,10.3,47.0,14.0,6.9
2022-02-28 00:00:00+00:00,16.5,0.0,15.8,13.9,9.2,23.0,20.3,3.0,43.0,28.8,19.21,41456.89,36629.11,7.3,0.0,0.0,4.28,0.0,17.0,5.1,51.0,,,,20.6,11.1,43.0,10.4,5.2
2022-03-01 00:00:00+00:00,18.9,0.0,17.7,16.1,12.3,25.6,22.7,3.0,53.0,30.6,18.9,41563.55,36155.23,9.8,0.0,0.0,4.99,0.0,47.0,5.2,44.0,,,,22.5,12.8,53.0,15.1,8.1
2022-03-02 00:00:00+00:00,21.2,0.0,22.4,17.9,14.5,29.1,25.6,3.0,168.0,38.2,17.27,41670.07,35555.39,11.8,0.0,0.0,5.68,0.0,80.0,3.8,35.0,,,,24.1,13.2,168.0,8.6,1.1
2022-03-03 00:00:00+00:00,16.1,0.0,25.9,12.3,12.2,19.7,15.1,3.0,291.0,43.2,16.68,41776.37,36865.07,8.6,0.0,0.0,4.31,0.0,48.0,4.8,48.0,,,,32.3,18.2,291.0,17.3,10.3
2022-03-04 00:00:00+00:00,15.1,0.0,11.1,13.2,9.4,20.2,18.8,2.0,344.0,18.7,18.72,41882.45,36620.06,7.3,0.0,0.0,3.51,0.0,15.0,5.0,53.0,,,,13.1,6.1,344.0,4.7,1.1
2022-03-05 00:00:00+00:00,17.5,0.0,17.7,14.4,10.8,24.0,20.9,3.0,58.0,32.8,20.05,41989.11,36000.0,8.2,0.0,0.0,4.94,0.0,33.0,5.4,49.0,,,,25.8,14.9,58.0,17.6,11.1
2022-03-06 00:00:00+00:00,22.7,0.0,34.2,17.7,16.8,30.9,24.8,3.0,225.0,59.4,20.71,42096.52,36988.82,14.0,0.0,0.0,8.09,0.0,40.0,0.3,28.0,,,,38.1,21.9,225.0,13.7,9.1
2022-03-07 00:00:00+00:00,18.3,0.0,22.1,16.8,13.9,23.7,22.1,3.0,17.0,35.3,18.74,42204.59,31912.16,13.7,0.0,0.0,4.12,0.0,89.0,10.0,64.0,,,,22.7,12.1,17.0,13.7,7.6
2022-03-08 00:00:00+00:00,19.0,0.0,20.1,16.3,13.4,25.5,22.2,3.0,56.0,34.2,16.36,42313.25,30189.67,11.6,0.0,0.0,4.37,0.0,72.0,5.6,46.0,,,,22.9,12.5,56.0,14.0,6.2
2022-03-09 00:00:00+00:00,17.9,0.1,21.7,15.7,14.3,23.6,21.5,51.0,2.0,38.9,19.94,42422.43,37184.59,12.0,1.0,0.1,4.39,0.0,18.0,9.5,61.0,,,,28.9,15.9,2.0,13.3,7.2
2022-03-10 00:00:00+00:00,15.3,0.0,32.9,11.7,11.4,19.7,14.1,3.0,262.0,55.4,17.17,42532.04,31292.45,8.6,0.0,0.0,4.24,0.0,37.0,4.1,51.0,,,,28.5,16.4,262.0,2.9,0.4
2022-03-11 00:00:00+00:00,12.8,0.0,23.9,8.5,9.2,16.9,11.6,3.0,294.0,41.0,15.76,42642.0,32383.07,6.1,0.0,0.0,3.8,0.0,49.0,1.9,50.0,,,,30.6,17.4,294.0,19.1,10.0
2022-03-12 00:00:00+00:00,12.1,0.0,21.8,8.3,7.8,17.1,12.9,3.0,5.0,38.9,17.78,42752.24,37777.65,5.0,0.0,0.0,3.66,0.0,44.0,-0.3,45.0,,,,22.2,12.0,5.0,5.8,2.9
2022-03-13 00:00:00+00:00,11.3,0.0,22.0,7.3,6.6,17.7,14.5,3.0,9.0,38.5,14.69,42862.7,24457.61,3.6,0.0,0.0,3.37,0.0,42.0,0.7,49.0,,,,24.6,13.9,9.0,9.7,4.7
2022-03-14 00:00:00+00:00,10.5,0.0,21.5,6.4,5.6,15.4,10.6,3.0,350.0,36.0,16.29,42973.28,31098.29,2.3,0.0,0.0,3.42,0.0,51.0,-0.5,49.0,,,,24.1,13.4,350.0,8.6,4.4
2022-03-15 00:00:00+00:00,11.0,0.0,27.0,6.8,5.1,15.8,10.1,3.0,345.0,45.7,15.54,43083.92,31924.08,2.6,0.0,0.0,3.42,0.0,30.0,0.9,54.0,,,,27.1,15.1,345.0,11.5,5.9
2022-03-16 00:00:00+00:00,13.3,0.0,18.4,10.1,7.9,18.1,15.3,3.0,21.0,30.6,20.96,43194.54,37793.13,5.2,0.0,0.0,4.06,0.0,44.0,0.3,44.0,,,,18.8,9.6,21.0,8.3,4.7
2022-03-17 00:00:00+00:00,13.8,0.0,20.1,10.8,6.8,19.8,17.1,0.0,39.0,31.7,22.32,43305.08,39313.66,4.1,0.0,0.0,4.3,0.0,0.0,1.1,44.0,,,,18.7,9.3,39.0,7.2,2.5
2022-03-18 00:00:00+00:00,15.3,0.0,17.1,13.0,8.3,21.8,20.2,1.0,15.0,32.0,21.83,43415.46,39311.12,6.4,0.0,0.0,4.33,0.0,3.0,5.7,56.0,,,,20.1,10.3,15.0,7.9,2.9
2022-03-19 00:00:00+00:00,14.8,0.0,25.3,12.1,8.6,20.8,18.5,3.0,18.0,41.4,21.04,43525.59,39198.11,7.1,0.0,0.0,4.37,0.0,29.0,5.8,59.0,,,,23.9,13.3,18.0,9.7,5.2
2022-03-20 00:00:00+00:00,13.2,1.5,27.5,8.3,9.0,18.5,14.1,53.0,38.0,46.8,20.57,43635.41,36205.8,4.4,4.0,1.5,4.86,0.0,73.0,1.4,46.0,,,,38.3,22.3,38.0,29.5,16.6
2022-03-21 00:00:00+00:00,12.8,0.0,24.0,8.6,8.7,18.1,14.5,3.0,31.0,40.0,17.62,43744.84,33437.29,4.6,0.0,0.0,3.98,0.0,59.0,3.1,53.0,,,,33.2,18.9,31.0,25.6,13.7
2022-03-22 00:00:00+00:00,12.1,0.0,13.8,9.1,6.4,17.0,13.5,3.0,338.0,24.8,16.3,43853.82,36034.7,3.8,0.0,0.0,3.2,0.0,39.0,2.7,56.0,,,,18.0,9.2,338.0,8.6,3.9
2022-03-23 00:00:00+00:00,12.7,0.0,23.2,9.1,6.8,17.7,13.1,3.0,257.0,42.1,22.44,43962.25,39750.45,4.3,0.0,0.0,4.22,0.0,19.0,1.4,50.0,,,,24.4,13.7,257.0,4.7,3.4
2022-03-24 00:00:00+00:00,13.1,0.5,25.3,9.1,8.2,18.2,13.1,51.0,266.0,42.1,18.82,44070.16,35141.18,4.6,3.0,0.5,4.13,0.0,32.0,2.8,51.0,,,,30.0,17.4,266.0,13.3,8.6
2022-03-25 00:00:00+00:00,13.6,0.0,21.7,10.1,8.0,18.9,14.3,3.0,298.0,37.8,14.09,44178.27,26851.43,5.6,0.0,0.0,3.51,0.0,37.0,3.6,55.0,,,,25.2,14.4,298.0,14.8,8.4
2022-03-26 00:00:00+00:00,16.2,0.0,14.5,14.0,10.0,23.4,21.2,0.0,348.0,25.6,23.52,44286.76,41326.45,8.0,0.0,0.0,4.73,0.0,0.0,2.2,45.0,,,,14.7,6.1,348.0,2.9,0.4
2022-03-27 00:00:00+00:00,16.8,0.0,17.6,14.6,10.6,24.2,21.9,3.0,3.0,29.9,21.79,44395.53,31701.78,9.1,0.0,0.0,4.93,0.0,27.0,5.4,53.0,,,,20.2,10.6,3.0,7.9,2.6
2022-03-28 00:00:00+00:00,16.2,0.0,25.7,12.8,9.5,23.5,19.6,2.0,44.0,45.0,23.37,44504.54,41567.12,7.2,0.0,0.0,5.12,0.0,6.0,7.1,60.0,,,,33.7,19.9,44.0,19.4,11.9
2022-03-29 00:00:00+00:00,18.4,0.0,20.7,16.2,10.2,27.4,25.2,3.0,19.0,34.2,23.39,44613.69,41835.31,7.9,0.0,0.0,5.07,0.0,27.0,7.5,57.0,,,,24.4,13.1,19.0,17.3,8.7
2022-03-30 00:00:00+00:00,20.2,0.0,23.1,17.8,10.5,28.5,25.7,0.0,29.0,39.6,23.83,44722.93,40906.21,9.4,0.0,0.0,5.92,0.0,3.0,3.5,44.0,,,,19.8,10.3,29.0,10.1,5.1
2022-03-31 00:00:00+00:00,23.3,0.0,20.8,18.6,16.7,30.1,25.9,3.0,64.0,37.1,23.96,44832.2,41550.64,12.1,0.0,0.0,8.24,0.0,42.0,-3.7,18.0,,,,28.4,16.3,64.0,14.8,5.8
2022-04-01 00:00:00+00:00,23.5,0.0,16.8,20.4,12.1,33.8,30.8,3.0,35.0,28.4,21.98,44941.41,32206.25,9.9,0.0,0.0,6.11,0.0,92.0,-1.7,28.0,,,,18.4,9.3,35.0,7.2,2.2
2022-04-02 00:00:00+00:00,27.5,0.0,16.9,23.6,18.4,35.8,32.4,3.0,327.0,27.7,20.35,45050.49,35676.62,15.0,0.0,0.0,6.77,0.0,100.0,-6.0,13.0,,,,16.3,8.7,327.0,5.4,1.1
2022-04-03 00:00:00+00:00,23.4,0.0,30.1,18.9,16.8,30.5,25.4,3.0,42.0,50.0,20.9,45159.38,35902.75,13.7,0.0,0.0,8.17,0.0,96.0,3.3,29.0,,,,35.6,21.5,42.0,21.6,13.5
2022-04-04 00:00:00+00:00,24.8,0.0,33.7,19.7,16.0,33.3,27.9,3.0,58.0,55.8,24.26,45268.01,42479.7,12.0,0.0,0.0,9.82,0.0,52.0,2.4,27.0,,,,42.8,25.7,58.0,34.6,20.0
2022-04-05 00:00:00+00:00,29.8,0.0,23.5,26.1,18.3,40.3,37.5,3.0,121.0,37.1,24.33,45376.29,42585.82,14.9,0.0,0.0,7.95,0.0,36.0,-3.6,14.0,,,,20.9,10.6,121.0,6.8,3.2
2022-04-06 00:00:00+00:00,30.6,0.0,24.2,26.3,24.0,38.1,34.1,3.0,261.0,42.1,24.25,45484.16,42691.41,18.1,0.0,0.0,9.57,0.0,35.0,-2.4,12.0,,,,27.0,15.0,261.0,6.8,5.3
2022-04-07 00:00:00+00:00,29.3,0.0,17.9,26.8,18.1,38.7,36.3,3.0,188.0,27.0,24.25,45591.54,42796.35,16.8,0.0,0.0,7.47,0.0,31.0,2.7,24.0,,,,17.3,8.9,188.0,6.1,1.1
2022-04-08 00:00:00+00:00,25.5,0.0,23.3,22.8,19.1,31.3,29.1,3.0,325.0,39.6,24.01,45698.36,39600.0,17.0,0.0,0.0,7.53,0.0,19.0,6.4,33.0,,,,27.9,15.3,325.0,13.0,6.4
2022-04-09 00:00:00+00:00,20.8,0.0,25.0,18.5,13.0,28.8,25.7,3.0,37.0,41.4,24.84,45804.53,42192.11,11.8,0.0,0.0,6.22,0.0,37.0,9.4,54.0,,,,29.9,17.1,37.0,18.7,11.8
2022-04-10 00:00:00+00:00,21.9,0.0,23.4,19.7,14.9,30.9,28.2,3.0,39.0,38.5,23.77,45909.99,42611.58,13.1,0.0,0.0,6.39,0.0,68.0,10.0,53.0,,,,32.1,18.4,39.0,25.2,15.3
2022-04-11 00:00:00+00:00,21.1,0.0,22.7,18.8,14.5,30.0,27.7,2.0,358.0,39.2,24.57,46014.65,42967.82,13.9,0.0,0.0,6.42,0.0,5.0,8.5,52.0,,,,29.1,16.3,358.0,19.1,11.7
2022-04-12 00:00:00+00:00,18.4,0.0,22.0,15.7,13.6,24.0,22.0,3.0,355.0,35.6,24.59,46118.43,43003.21,11.6,0.0,0.0,5.73,0.0,12.0,6.3,47.0,,,,26.5,14.4,355.0,13.3,7.6
2022-04-13 00:00:00+00:00,18.1,0.0,24.2,15.5,11.3,25.5,23.3,3.0,34.0,38.2,24.83,46221.32,43038.68,9.3,0.0,0.0,5.75,0.0,17.0,7.1,51.0,,,,27.1,15.4,34.0,12.6,8.0
2022-04-14 00:00:00+00:00,19.1,0.0,25.5,15.9,13.3,26.8,23.8,2.0,43.0,41.4,25.01,46324.04,42661.59,11.0,0.0,0.0,6.25,0.0,9.0,7.9,53.0,,,,35.6,20.7,43.0,25.2,15.8
2022-04-15 00:00:00+00:00,19.6,0.0,26.8,16.6,12.2,28.0,25.0,3.0,44.0,45.0,25.1,46426.75,43109.76,9.8,0.0,0.0,6.28,0.0,17.0,8.4,53.0,,,,34.3,20.1,44.0,25.6,15.9
2022-04-16 00:00:00+00:00,23.0,0.0,23.4,19.4,14.1,31.5,27.3,3.0,58.0,41.4,24.92,46529.34,43145.36,11.8,0.0,0.0,7.59,0.0,16.0,4.8,43.0,,,,33.9,19.7,58.0,24.8,12.4
2022-04-17 00:00:00+00:00,31.1,0.0,30.9,27.4,19.0,41.2,36.7,3.0,195.0,50.8,25.09,46631.77,43181.0,16.6,0.0,0.0,9.62,0.0,15.0,-0.2,18.0,,,,24.7,13.5,195.0,6.1,1.0
2022-04-18 00:00:00+00:00,26.4,0.0,18.4,23.6,21.7,31.5,27.5,3.0,351.0,31.3,13.38,46733.95,16871.01,19.2,0.0,0.0,6.2,0.0,95.0,6.4,30.0,,,,24.7,14.2,351.0,13.7,8.0
2022-04-19 00:00:00+00:00,21.9,4.2,22.2,20.3,16.4,27.7,25.9,63.0,335.0,36.4,25.3,46835.81,43200.0,16.3,1.0,4.2,6.31,0.0,21.0,9.4,51.0,,,,25.4,13.5,335.0,11.5,7.3
2022-04-20 00:00:00+00:00,19.8,0.0,24.4,18.1,13.5,26.0,24.7,1.0,20.0,39.2,25.19,46937.28,42827.75,13.0,0.0,0.0,5.74,0.0,7.0,9.4,55.0,,,,24.7,13.4,20.0,11.2,7.1
2022-04-21 00:00:00+00:00,19.5,0.0,24.8,16.8,13.3,26.7,23.8,3.0,42.0,39.6,25.87,47038.28,43200.0,11.6,0.0,0.0,6.15,0.0,18.0,9.2,55.0,,,,32.8,19.3,42.0,19.8,12.7
2022-04-22 00:00:00+00:00,20.0,0.0,25.0,17.4,13.2,27.8,25.9,3.0,37.0,39.6,24.92,47138.74,39123.73,11.1,0.0,0.0,6.07,0.0,58.0,9.6,56.0,,,,34.0,19.7,37.0,24.5,14.8
2022-04-23 00:00:00+00:00,22.2,0.0,19.5,20.5,14.9,31.4,29.1,3.0,12.0,33.5,25.25,47238.57,40514.25,14.1,0.0,0.0,6.35,0.0,23.0,9.0,53.0,,,,25.7,13.9,12.0,20.9,10.2
2022-04-24 00:00:00+00:00,23.6,0.0,19.2,21.3,14.8,32.4,29.9,0.0,7.0,31.3,25.96,47337.7,43200.0,14.0,0.0,0.0,7.25,0.0,1.0,5.8,39.0,,,,23.0,12.3,7.0,11.5,7.2
2022-04-25 00:00:00+00:00,25.1,0.0,22.1,22.7,16.5,34.0,32.1,0.0,22.0,35.6,25.44,47436.03,43200.0,15.2,0.0,0.0,7.93,0.0,1.0,7.9,37.0,,,,26.7,15.2,22.0,14.0,7.9
2022-04-26 00:00:00+00:00,25.3,0.0,27.1,22.5,17.1,34.6,32.0,3.0,36.0,43.2,24.06,47533.5,36000.0,15.6,0.0,0.0,8.04,0.0,59.0,7.1,36.0,,,,30.0,16.8,36.0,18.4,11.6
2022-04-27 00:00:00+00:00,24.1,0.0,25.3,21.4,16.0,33.1,30.3,1.0,32.0,41.4,26.44,47630.01,43200.0,14.5,0.0,0.0,7.79,0.0,2.0,6.2,38.0,,,,28.3,15.9,32.0,19.4,12.3
2022-04-28 00:00:00+00:00,24.6,0.0,26.2,21.9,16.1,33.1,30.4,0.0,47.0,42.5,26.83,47725.48,43200.0,14.6,0.0,0.0,7.84,0.0,0.0,5.5,35.0,,,,27.3,14.9,47.0,15.8,10.1
2022-04-29 00:00:00+00:00,29.5,0.0,24.2,26.0,18.6,38.8,35.2,3.0,108.0,38.9,23.06,47819.83,38084.61,15.0,0.0,0.0,7.77,0.0,40.0,-2.0,17.0,,,,21.9,10.8,108.0,10.4,1.8
2022-04-30 00:00:00+00:00,27.6,0.0,25.6,24.2,21.9,32.6,30.5,2.0,268.0,45.4,26.65,47912.95,43200.0,19.3,0.0,0.0,9.25,0.0,4.0,4.6,26.0,,,,32.1,18.2,268.0,21.6,10.7
2022-05-01 00:00:00+00:00,24.5,0.0,15.0,23.6,17.4,31.4,30.3,1.0,326.0,31.0,26.39,48004.77,43200.0,18.0,0.0,0.0,6.66,0.0,4.0,9.3,44.0,,,,18.3,8.8,326.0,5.0,1.8
2022-05-02 00:00:00+00:00,26.3,0.0,25.2,23.2,18.9,33.8,30.3,3.0,53.0,43.6,15.17,48095.18,22759.35,16.9,0.0,0.0,6.74,0.0,75.0,6.5,31.0,,,,27.1,15.4,53.0,18.4,9.8
2022-05-03 00:00:00+00:00,27.0,0.0,25.2,24.5,22.0,32.6,30.2,2.0,261.0,45.0,27.06,48184.18,43200.0,19.5,0.0,0.0,8.68,0.0,12.0,8.6,32.0,,,,31.4,18.0,261.0,9.7,5.6
2022-05-04 00:00:00+00:00,22.7,0.0,21.5,21.4,18.3,28.6,28.2,3.0,318.0,37.8,25.19,48272.41,37243.33,16.9,0.0,0.0,6.42,0.0,34.0,11.8,54.0,,,,29.1,16.1,318.0,20.5,12.5
2022-05-05 00:00:00+00:00,20.9,0.0,23.6,19.1,14.9,27.4,26.3,1.0,310.0,40.3,25.96,48360.01,43200.0,15.1,0.0,0.0,6.31,0.0,6.0,9.3,52.0,,,,25.9,13.9,310.0,7.6,3.7
2022-05-06 00:00:00+00:00,22.0,0.0,16.6,20.1,14.6,28.8,27.7,0.0,335.0,28.8,27.19,48446.9,43271.1,13.9,0.0,0.0,6.7,0.0,1.0,7.2,45.0,,,,22.4,11.7,335.0,12.2,5.6
2022-05-07 00:00:00+00:00,22.4,0.0,18.9,20.7,14.4,29.2,27.5,3.0,32.0,29.5,26.72,48533.01,43263.61,14.2,0.0,0.0,6.36,0.0,36.0,6.0,41.0,,,,18.1,8.7,32.0,6.8,3.1
2022-05-08 00:00:00+00:00,25.6,0.0,23.7,22.2,17.4,33.1,29.6,3.0,55.0,37.4,24.36,48618.26,43256.04,15.2,0.0,0.0,7.88,0.0,41.0,1.6,27.0,,,,25.6,14.1,55.0,19.4,10.1
2022-05-09 00:00:00+00:00,27.6,0.0,26.7,23.6,21.5,35.0,30.9,0.0,273.0,45.4,27.9,48702.56,43484.96,16.8,0.0,0.0,9.86,0.0,0.0,2.7,22.0,,,,34.2,18.9,273.0,14.0,5.0
2022-05-10 00:00:00+00:00,24.8,0.0,30.3,22.8,17.3,31.7,30.3,1.0,32.0,46.4,27.29,48785.86,43480.6,16.3,0.0,0.0,7.36,0.0,3.0,7.5,38.0,,,,25.4,13.2,32.0,16.6,6.0
2022-05-11 00:00:00+00:00,24.7,0.0,23.2,22.9,18.0,31.7,30.9,3.0,0.0,39.6,25.97,48868.05,43354.68,17.1,0.0,0.0,7.22,0.0,72.0,8.6,41.0,,,,24.8,13.0,0.0,16.9,8.6
2022-05-12 00:00:00+00:00,24.1,0.0,26.3,21.5,17.1,31.4,28.8,2.0,45.0,47.5,26.86,48949.06,43471.58,15.9,0.0,0.0,7.93,0.0,12.0,8.4,41.0,,,,31.7,18.0,45.0,20.2,10.2
2022-05-13 00:00:00+00:00,24.9,0.0,30.8,21.6,17.3,33.8,30.2,3.0,43.0,50.8,25.58,49028.8,43591.37,15.7,0.0,0.0,8.63,0.0,34.0,9.0,43.0,,,,40.2,23.7,43.0,31.0,14.3
2022-05-14 00:00:00+00:00,25.3,0.0,27.1,22.6,19.0,33.6,30.2,3.0,16.0,47.2,24.83,49107.2,42376.91,17.4,0.0,0.0,8.26,0.0,46.0,10.8,45.0,,,,38.9,22.8,16.0,29.5,17.5
2022-05-15 00:00:00+00:00,24.4,0.0,22.1,22.6,17.7,31.3,30.6,3.0,355.0,36.0,27.74,49184.15,43711.92,17.2,0.0,0.0,7.59,0.0,26.0,9.8,44.0,,,,28.1,15.3,355.0,15.8,8.8
2022-05-16 00:00:00+00:00,23.6,0.0,19.2,21.9,17.4,29.3,27.0,3.0,11.0,32.8,16.0,49259.58,18490.63,16.7,0.0,0.0,5.36,0.0,99.0,10.2,46.0,,,,24.2,13.2,11.0,14.8,9.3
2022-05-17 00:00:00+00:00,25.4,0.0,22.0,23.7,16.7,33.2,31.9,3.0,15.0,34.2,27.81,49333.39,43966.85,16.0,0.0,0.0,7.8,0.0,15.0,8.8,40.0,,,,25.2,13.5,15.0,15.5,7.1
2022-05-18 00:00:00+00:00,26.5,0.0,24.0,24.6,17.9,34.5,32.7,0.0,37.0,37.4,27.95,49405.52,43966.99,17.0,0.0,0.0,8.26,0.0,0.0,8.9,37.0,,,,26.0,14.2,37.0,13.7,7.7
2022-05-19 00:00:00+00:00,28.1,0.0,27.2,25.7,19.6,35.8,33.2,0.0,58.0,44.3,28.12,49475.84,44098.78,18.4,0.0,0.0,9.2,0.0,0.0,7.4,32.0,,,,28.5,16.1,58.0,16.9,7.2
2022-05-20 00:00:00+00:00,29.9,0.0,28.9,27.3,22.2,37.2,36.3,3.0,280.0,47.2,28.09,49544.27,44099.73,19.2,0.0,0.0,8.67,0.0,12.0,3.4,22.0,,,,24.9,12.3,280.0,7.6,4.3
2022-05-21 00:00:00+00:00,24.5,0.0,19.5,23.7,19.5,30.9,30.7,3.0,304.0,35.3,26.52,49610.73,39600.0,19.3,0.0,0.0,6.92,0.0,45.0,13.2,54.0,,,,29.2,15.9,304.0,23.0,12.3
2022-05-22 00:00:00+00:00,23.3,0.0,25.6,21.0,16.4,29.2,27.1,0.0,285.0,45.4,28.24,49675.12,44370.69,15.6,0.0,0.0,7.32,0.0,0.0,7.4,39.0,,,,26.7,14.1,285.0,5.8,2.6
2022-05-23 00:00:00+00:00,25.3,0.0,19.8,23.6,17.0,32.6,30.3,0.0,281.0,36.0,28.33,49737.4,44373.03,17.0,0.0,0.0,7.68,0.0,0.0,8.0,39.0,,,,22.1,11.8,281.0,7.6,4.5
2022-05-24 00:00:00+00:00,26.6,0.0,21.4,25.9,18.1,34.8,34.5,0.0,332.0,34.9,28.05,49798.07,44375.21,18.9,0.0,0.0,7.51,0.0,0.0,9.7,42.0,,,,19.1,9.1,332.0,3.6,0.8
2022-05-25 00:00:00+00:00,27.4,0.0,27.7,25.8,19.3,34.8,34.1,0.0,25.0,44.6,28.34,49857.23,44514.38,19.2,0.0,0.0,8.57,0.0,0.0,9.9,37.0,,,,26.4,14.5,25.0,13.0,7.0
2022-05-26 00:00:00+00:00,27.5,0.0,25.8,25.7,19.4,35.6,33.2,0.0,25.0,42.8,28.24,49914.83,44542.07,19.5,0.0,0.0,8.95,0.0,0.0,10.3,39.0,,,,30.3,17.1,25.0,17.3,9.8
2022-05-27 00:00:00+00:00,28.7,0.0,26.4,27.0,20.0,37.0,34.9,0.0,19.0,44.3,28.23,49970.81,44677.87,20.3,0.0,0.0,9.13,0.0,0.0,10.4,38.0,,,,29.0,16.1,19.0,15.5,9.2
2022-05-28 00:00:00+00:00,29.8,0.0,22.0,28.3,20.8,37.7,37.0,0.0,15.0,35.3,28.32,50025.11,44675.46,20.6,0.0,0.0,8.96,0.0,0.0,9.4,33.0,,,,24.0,12.9,15.0,11.2,5.4
2022-05-29 00:00:00+00:00,30.9,0.0,24.3,29.0,21.2,38.8,37.0,0.0,35.0,40.3,28.84,50077.66,44918.34,20.2,0.0,0.0,9.08,0.0,0.0,7.2,26.0,,,,23.0,12.0,35.0,10.8,6.1
2022-05-30 00:00:00+00:00,32.4,0.0,23.1,30.0,23.0,40.9,38.4,0.0,41.0,40.3,28.82,50128.42,45057.62,21.5,0.0,0.0,10.11,0.0,0.0,6.3,24.0,,,,26.6,14.6,41.0,18.4,10.8
2022-05-31 00:00:00+00:00,29.8,0.0,24.1,28.6,22.5,37.4,38.4,0.0,3.0,39.6,28.26,50177.32,45056.83,22.1,0.0,0.0,8.97,0.0,0.0,11.4,35.0,,,,26.3,14.4,3.0,15.1,8.9
2022-06-01 00:00:00+00:00,27.2,0.0,20.3,27.2,20.1,33.7,34.6,0.0,343.0,33.1,28.43,50224.3,45024.74,21.5,0.0,0.0,7.59,0.0,0.0,13.7,48.0,,,,23.9,12.2,343.0,13.7,8.3
2022-06-02 00:00:00+00:00,27.6,0.0,15.9,27.8,20.0,34.1,34.2,0.0,296.0,32.4,28.53,50269.3,45165.82,22.1,0.0,0.0,7.49,0.0,0.0,13.6,48.0,,,,21.3,10.7,296.0,7.2,3.5
2022-06-03 00:00:00+00:00,28.5,0.0,21.4,28.6,20.1,35.6,35.3,0.0,319.0,37.4,28.68,50312.27,45420.2,22.0,0.0,0.0,7.43,0.0,0.0,12.0,43.0,,,,18.9,8.5,319.0,5.8,1.8
2022-06-04 00:00:00+00:00,30.1,0.0,22.9,29.9,22.4,37.4,37.0,0.0,9.0,37.4,28.71,50353.15,45421.1,23.5,0.0,0.0,8.29,0.0,0.0,12.5,41.0,,,,24.0,12.3,9.0,15.8,5.4
2022-06-05 00:00:00+00:00,29.9,0.0,19.0,29.8,22.4,37.2,38.1,0.0,3.0,36.0,28.48,50391.87,45536.96,23.9,0.0,0.0,8.19,0.0,0.0,12.9,43.0,,,,24.7,12.5,3.0,14.4,7.6
2022-06-06 00:00:00+00:00,29.1,0.0,19.5,29.2,21.8,35.8,36.2,2.0,358.0,34.6,27.51,50428.37,43285.41,23.0,0.0,0.0,7.98,0.0,6.0,14.2,45.0,,,,23.9,12.5,358.0,14.8,5.9
2022-06-07 00:00:00+00:00,29.7,0.0,21.1,29.7,22.3,36.0,36.1,0.0,322.0,34.9,28.57,50462.61,45682.27,23.7,0.0,0.0,8.24,0.0,0.0,13.7,41.0,,,,23.4,11.9,322.0,9.7,4.4
2022-06-08 00:00:00+00:00,30.8,0.0,22.9,31.1,22.0,38.5,38.7,0.0,10.0,39.2,28.7,50494.51,45944.82,24.6,0.0,0.0,8.01,0.0,0.0,13.2,41.0,,,,20.6,9.5,10.0,6.8,3.3
2022-06-09 00:00:00+00:00,33.6,0.0,23.0,31.9,26.3,41.4,40.0,0.0,43.0,49.3,28.83,50524.02,46066.05,25.0,0.0,0.0,9.69,0.0,0.0,8.8,24.0,,,,26.2,12.9,43.0,12.6,0.4
2022-06-10 00:00:00+00:00,33.0,0.0,27.3,31.8,24.9,40.8,40.6,0.0,38.0,44.6,28.89,50551.09,46068.12,24.9,0.0,0.0,9.77,0.0,0.0,11.3,30.0,,,,27.5,14.7,38.0,17.6,8.5
2022-06-11 00:00:00+00:00,34.8,0.0,27.1,33.6,24.7,43.8,44.0,1.0,346.0,47.5,28.95,50575.65,46334.55,23.4,0.0,0.0,9.07,0.0,2.0,8.8,25.0,,,,22.2,10.8,346.0,10.1,3.4
2022-06-12 00:00:00+00:00,29.5,0.0,21.7,29.2,24.1,35.2,34.7,0.0,318.0,38.5,28.76,50597.68,46193.2,25.5,0.0,0.0,8.51,0.0,0.0,14.0,41.0,,,,27.3,14.3,318.0,11.5,6.8
2022-06-13 00:00:00+00:00,27.9,0.0,18.2,28.3,21.9,33.4,33.5,0.0,311.0,33.8,28.2,50617.34,46194.64,23.7,0.0,0.0,7.35,0.0,3.0,14.4,47.0,,,,21.9,10.8,311.0,10.1,4.6
2022-06-14 00:00:00+00:00,29.1,0.0,19.0,29.2,23.5,34.6,33.8,0.0,312.0,36.4,28.86,50634.68,46319.36,25.7,0.0,0.0,7.93,0.0,0.0,13.4,42.0,,,,22.2,11.1,312.0,4.0,1.1
2022-06-15 00:00:00+00:00,28.6,0.0,27.2,29.3,22.3,36.1,37.3,2.0,32.0,47.9,27.23,50649.69,46151.37,24.1,0.0,0.0,7.67,0.0,7.0,16.0,50.0,,,,26.5,13.5,32.0,11.5,5.9
2022-06-16 00:00:00+00:00,28.9,0.0,25.8,29.3,22.3,36.0,36.7,1.0,24.0,41.0,28.32,50662.38,46034.93,24.2,0.0,0.0,8.21,0.0,6.0,16.9,52.0,,,,30.7,17.2,24.0,18.4,11.4
2022-06-17 00:00:00+00:00,29.0,0.0,22.9,28.9,21.8,36.7,36.9,0.0,9.0,37.1,28.86,50672.75,46303.96,23.8,0.0,0.0,8.56,0.0,1.0,15.5,50.0,,,,30.2,16.8,9.0,18.7,10.6
2022-06-18 00:00:00+00:00,29.0,0.0,23.6,29.3,22.7,36.1,37.2,3.0,349.0,38.5,28.54,50680.79,44879.3,25.0,0.0,0.0,8.18,0.0,12.0,15.5,50.0,,,,27.2,14.8,349.0,18.7,11.3
2022-06-19 00:00:00+00:00,28.4,0.0,21.1,28.4,20.5,35.7,35.8,0.0,359.0,34.9,29.54,50686.51,46842.55,22.6,0.0,0.0,7.94,0.0,0.0,13.0,46.0,,,,23.3,11.7,359.0,10.8,6.2
2022-06-20 00:00:00+00:00,28.3,0.0,21.7,28.0,20.6,35.8,35.8,0.0,358.0,36.0,29.34,50689.91,46795.74,22.2,0.0,0.0,8.4,0.0,0.0,13.4,44.0,,,,25.6,13.6,358.0,13.0,7.6
2022-06-21 00:00:00+00:00,27.8,0.0,23.2,27.4,20.8,34.7,34.0,0.0,333.0,39.2,29.11,50691.0,46840.94,22.4,0.0,0.0,8.32,0.0,0.0,13.4,46.0,,,,26.8,14.3,333.0,10.4,4.8
2022-06-22 00:00:00+00:00,28.5,0.0,21.9,28.4,20.6,35.9,36.6,0.0,323.0,37.1,28.91,50689.77,46839.07,22.7,0.0,0.0,8.38,0.0,0.0,14.3,46.0,,,,25.9,14.0,323.0,9.4,4.3
2022-06-23 00:00:00+00:00,30.1,0.0,24.2,30.9,21.3,38.5,37.7,0.0,13.0,38.5,29.03,50686.23,46696.01,24.4,0.0,0.0,8.06,0.0,0.0,14.4,46.0,,,,21.5,9.9,13.0,7.2,3.3
2022-06-24 00:00:00+00:00,32.7,0.0,26.8,33.1,23.9,40.1,40.4,0.0,353.0,41.8,28.94,50680.39,46833.36,26.1,0.0,0.0,8.54,0.0,0.0,13.6,37.0,,,,22.2,10.3,353.0,11.2,5.2
2022-06-25 00:00:00+00:00,30.7,0.0,24.7,30.6,24.2,37.1,37.3,0.0,344.0,39.6,29.09,50672.25,46819.66,25.0,0.0,0.0,9.03,0.0,0.0,14.1,41.0,,,,27.0,14.6,344.0,12.6,5.3
2022-06-26 00:00:00+00:00,29.8,0.0,19.1,29.6,22.0,37.1,37.2,1.0,354.0,32.8,29.02,50661.82,46677.0,23.6,0.0,0.0,8.4,0.0,3.0,12.6,40.0,,,,22.6,11.3,354.0,7.6,4.7
2022-06-27 00:00:00+00:00,30.1,0.0,23.7,29.8,23.7,36.4,35.9,0.0,316.0,41.4,29.11,50649.12,46811.62,25.5,0.0,0.0,8.81,0.0,0.0,13.8,40.0,,,,26.3,14.0,316.0,9.0,4.7
2022-06-28 00:00:00+00:00,28.9,0.0,22.0,30.1,22.1,35.3,37.0,3.0,309.0,40.3,28.49,50634.14,45291.28,25.0,0.0,0.0,7.45,0.0,13.0,15.8,50.0,,,,20.8,9.8,309.0,9.7,3.0
2022-06-29 00:00:00+00:00,29.6,0.0,17.8,30.4,23.0,35.3,36.4,0.0,309.0,37.4,29.02,50616.9,46794.22,24.6,0.0,0.0,7.77,0.0,1.0,15.1,46.0,,,,22.2,10.5,309.0,11.5,4.0
2022-06-30 00:00:00+00:00,29.5,0.0,20.2,30.5,23.6,34.6,35.3,2.0,303.0,40.0,28.69,50597.41,46521.71,25.9,0.0,0.0,7.72,0.0,5.0,16.3,48.0,,,,24.1,11.9,303.0,12.6,5.4
2022-07-01 00:00:00+00:00,29.7,0.0,18.5,30.5,23.3,35.5,36.7,0.0,321.0,40.0,28.95,50575.68,46646.58,25.2,0.0,0.0,7.76,0.0,0.0,14.8,44.0,,,,21.3,9.8,321.0,12.2,2.5
2022-07-02 00:00:00+00:00,30.2,0.0,22.3,31.4,23.1,36.6,38.7,0.0,326.0,36.0,29.09,50551.7,46775.37,25.4,0.0,0.0,7.72,0.0,0.0,15.1,44.0,,,,19.5,8.8,326.0,12.2,2.3
2022-07-03 00:00:00+00:00,31.2,0.0,22.7,32.2,23.7,37.6,39.1,1.0,311.0,37.4,28.83,50525.21,46372.92,26.8,0.0,0.0,7.95,0.0,3.0,14.8,43.0,,,,20.1,9.3,311.0,10.1,2.3
2022-07-04 00:00:00+00:00,32.0,0.0,19.6,31.9,25.0,38.2,39.0,0.0,339.0,37.4,29.05,50496.23,46889.21,25.9,0.0,0.0,8.56,0.0,0.0,12.5,34.0,,,,22.7,10.8,339.0,11.9,1.3
2022-07-05 00:00:00+00:00,31.5,0.0,18.5,31.6,24.3,37.8,36.8,0.0,315.0,36.7,29.24,50464.8,46617.23,26.7,0.0,0.0,8.61,0.0,0.0,13.3,38.0,,,,22.6,11.3,315.0,11.5,4.9
2022-07-06 00:00:00+00:00,30.6,0.0,20.4,30.0,22.9,37.5,36.6,0.0,333.0,33.1,29.63,50430.99,46998.92,23.9,0.0,0.0,8.72,0.0,0.0,11.0,35.0,,,,22.7,11.6,333.0,9.4,4.7
2022-07-07 00:00:00+00:00,30.1,0.0,20.2,29.8,21.9,36.9,38.1,0.0,336.0,32.8,29.89,50394.87,46987.32,22.3,0.0,0.0,8.12,0.0,0.0,11.1,36.0,,,,20.5,9.9,336.0,9.7,1.0
2022-07-08 00:00:00+00:00,29.8,0.0,21.7,31.4,22.6,36.6,39.0,0.0,315.0,35.3,28.87,50356.49,46327.48,25.5,0.0,0.0,7.77,0.0,2.0,17.1,50.0,,,,21.9,10.8,315.0,9.4,5.6
2022-07-09 00:00:00+00:00,31.0,0.0,23.9,31.2,22.9,39.1,37.9,3.0,350.0,40.7,29.0,50315.92,45158.25,26.3,0.0,0.0,8.88,0.0,9.0,14.5,46.0,,,,26.8,14.1,350.0,13.7,8.2
2022-07-10 00:00:00+00:00,30.5,0.0,21.8,31.3,23.7,37.5,39.6,1.0,330.0,35.6,27.88,50273.24,46179.47,25.1,0.0,0.0,8.2,0.0,4.0,16.4,45.0,,,,24.4,13.1,330.0,10.4,6.4
2022-07-11 00:00:00+00:00,28.9,0.0,19.9,29.9,23.0,34.7,37.2,3.0,354.0,32.0,27.41,50228.5,46042.22,24.8,0.0,0.0,7.54,0.0,8.0,16.8,50.0,,,,24.5,12.8,354.0,14.4,7.4
2022-07-12 00:00:00+00:00,29.8,0.0,21.5,30.8,22.1,37.0,38.7,1.0,357.0,34.2,28.5,50181.76,45908.0,24.6,0.0,0.0,8.12,0.0,3.0,16.5,50.0,,,,24.1,12.6,357.0,11.9,7.0
2022-07-13 00:00:00+00:00,29.1,0.0,24.3,29.9,22.8,36.3,37.6,1.0,334.0,40.0,28.86,50133.11,45525.65,25.4,0.0,0.0,8.06,0.0,5.0,16.6,52.0,,,,27.2,14.5,334.0,18.7,8.7
2022-07-14 00:00:00+00:00,28.8,0.0,22.2,29.1,22.9,36.7,37.4,3.0,333.0,35.6,28.44,50082.59,44863.03,24.8,0.0,0.0,8.17,0.0,19.0,15.3,49.0,,,,26.6,14.3,333.0,13.7,8.2
2022-07-15 00:00:00+00:00,28.5,0.0,19.1,28.9,21.3,35.2,34.5,0.0,300.0,36.7,29.07,50030.27,46247.62,23.4,0.0,0.0,7.69,0.0,0.0,13.7,45.0,,,,20.8,9.8,300.0,5.4,2.0
2022-07-16 00:00:00+00:00,29.3,0.0,23.0,29.5,22.3,36.6,36.1,0.0,330.0,37.4,28.92,49976.21,45988.03,23.1,0.0,0.0,8.22,0.0,0.0,14.2,43.0,,,,23.6,12.4,330.0,7.6,4.0
2022-07-17 00:00:00+00:00,30.4,0.0,22.6,31.1,23.2,37.9,37.8,3.0,356.0,37.1,28.74,49920.5,44628.4,26.3,0.0,0.0,8.24,0.0,15.0,15.4,48.0,,,,24.5,12.6,356.0,14.0,8.2
2022-07-18 00:00:00+00:00,31.4,0.0,22.9,31.7,22.5,39.3,39.8,0.0,3.0,37.4,28.84,49863.17,45842.45,24.8,0.0,0.0,8.68,0.0,0.0,14.1,41.0,,,,22.7,11.6,3.0,10.8,5.9
2022-07-19 00:00:00+00:00,32.3,0.0,23.8,32.5,24.2,38.7,40.5,0.0,358.0,40.0,28.9,49804.3,45707.15,25.4,0.0,0.0,8.04,0.0,0.0,12.7,33.0,,,,19.4,8.6,358.0,7.6,3.8
2022-07-20 00:00:00+00:00,31.8,0.0,24.9,32.9,25.2,38.0,40.5,0.0,6.0,40.3,28.47,49743.96,45457.41,28.2,0.0,0.0,8.47,0.0,0.0,16.3,44.0,,,,23.5,11.9,6.0,12.2,4.8
2022-07-21 00:00:00+00:00,30.3,0.0,23.4,30.9,23.2,37.6,38.3,0.0,337.0,37.4,28.7,49682.2,45331.34,26.0,0.0,0.0,8.52,0.0,1.0,15.6,46.0,,,,25.2,13.1,337.0,9.7,5.3
2022-07-22 00:00:00+00:00,30.0,0.0,23.8,30.9,22.9,37.3,37.7,1.0,357.0,41.4,28.49,49619.02,45094.3,25.7,0.0,0.0,8.06,0.0,6.0,15.7,48.0,,,,23.9,12.2,357.0,11.5,6.9
2022-07-23 00:00:00+00:00,30.8,0.0,24.6,30.9,22.7,38.8,38.8,0.0,347.0,40.3,28.88,49553.89,45190.76,24.9,0.0,0.0,8.69,0.0,0.0,13.8,41.0,,,,23.8,12.3,347.0,11.2,6.5
2022-07-24 00:00:00+00:00,30.7,0.0,23.5,31.1,22.3,39.0,39.3,1.0,344.0,39.6,28.62,49486.73,45068.93,25.0,0.0,0.0,8.6,0.0,3.0,14.4,44.0,,,,23.9,12.3,344.0,10.8,6.3
2022-07-25 00:00:00+00:00,31.3,0.0,24.0,31.6,22.2,39.4,39.9,0.0,345.0,38.5,28.85,49417.65,45166.45,25.0,0.0,0.0,8.05,0.0,0.0,12.7,39.0,,,,20.1,9.3,345.0,7.9,4.4
2022-07-26 00:00:00+00:00,31.6,0.0,17.3,31.0,22.7,38.6,38.2,0.0,12.0,30.2,29.0,49346.72,44932.45,24.2,0.0,0.0,8.65,0.0,0.0,10.8,34.0,,,,21.3,11.0,12.0,10.4,6.1
2022-07-27 00:00:00+00:00,31.3,0.0,21.5,31.0,23.0,39.0,37.7,1.0,23.0,34.2,28.54,49274.05,44815.25,25.2,0.0,0.0,8.57,0.0,4.0,11.3,37.0,,,,21.1,10.9,23.0,10.8,6.2
2022-07-28 00:00:00+00:00,32.1,0.0,26.0,31.1,23.1,39.5,38.1,0.0,46.0,41.8,28.89,49199.73,44694.18,24.4,0.0,0.0,9.37,0.0,0.0,10.7,32.0,,,,25.4,13.4,46.0,13.3,8.6
2022-07-29 00:00:00+00:00,32.0,0.0,27.0,31.5,23.8,39.5,39.3,1.0,19.0,44.3,28.47,49123.84,44472.96,24.7,0.0,0.0,8.74,0.0,2.0,11.6,33.0,,,,23.6,11.8,19.0,13.0,6.6
2022-07-30 00:00:00+00:00,31.5,0.0,20.4,31.1,24.2,38.4,39.5,0.0,345.0,33.1,28.29,49046.48,44364.3,24.5,0.0,0.0,8.49,0.0,0.0,11.5,33.0,,,,21.9,10.6,345.0,11.5,5.4
2022-07-31 00:00:00+00:00,30.9,0.0,22.2,31.7,22.7,37.8,38.9,0.0,317.0,36.4,27.88,48967.73,44147.47,23.6,0.0,0.0,8.01,0.0,0.0,15.8,42.0,,,,22.2,11.2,317.0,7.2,4.3
2022-08-01 00:00:00+00:00,31.6,0.0,21.8,32.7,24.0,40.1,40.0,1.0,326.0,36.7,27.8,48887.69,43850.71,27.9,0.0,0.0,8.46,0.0,3.0,16.4,49.0,,,,25.0,13.1,326.0,13.3,7.5
2022-08-02 00:00:00+00:00,31.3,0.0,22.2,32.4,24.4,39.1,39.7,0.0,306.0,36.4,27.63,48806.43,43941.72,27.4,0.0,0.0,8.35,0.0,0.0,16.5,45.0,,,,23.5,11.9,306.0,4.3,1.1
2022-08-03 00:00:00+00:00,30.9,0.0,17.9,31.8,23.3,38.1,38.5,0.0,328.0,31.7,27.91,48724.05,43939.87,26.4,0.0,0.0,7.97,0.0,0.0,15.2,44.0,,,,20.7,10.3,328.0,7.9,4.7
2022-08-04 00:00:00+00:00,30.9,0.0,22.3,31.9,23.1,38.2,39.4,0.0,351.0,36.0,27.26,48640.61,43748.14,25.3,0.0,0.0,7.85,0.0,0.0,16.0,45.0,,,,21.7,11.0,351.0,9.4,5.9
2022-08-05 00:00:00+00:00,30.5,0.0,24.5,31.8,23.8,37.5,39.0,1.0,331.0,40.0,26.69,48556.21,43658.22,27.1,0.0,0.0,7.47,0.0,5.0,16.6,49.0,,,,23.6,11.6,331.0,14.8,6.9
2022-08-06 00:00:00+00:00,30.6,0.0,22.2,32.1,23.5,37.9,40.0,1.0,359.0,40.3,26.9,48470.93,43479.06,26.6,0.0,0.0,7.7,0.0,4.0,17.5,51.0,,,,23.8,12.2,359.0,15.5,8.6
2022-08-07 00:00:00+00:00,30.1,0.0,19.8,31.3,23.3,36.1,37.4,0.0,311.0,32.4,27.22,48384.84,43481.54,25.1,0.0,0.0,7.34,0.0,0.0,16.0,45.0,,,,19.6,9.3,311.0,8.3,3.9
2022-08-08 00:00:00+00:00,31.5,0.0,27.2,32.2,24.1,38.2,37.9,0.0,338.0,43.2,27.19,48298.03,43486.65,26.5,0.0,0.0,7.88,0.0,0.0,14.9,42.0,,,,22.1,10.8,338.0,9.0,4.3
2022-08-09 00:00:00+00:00,31.7,0.0,25.4,32.6,25.4,37.9,37.9,0.0,325.0,43.9,27.04,48210.55,43407.91,28.5,0.0,0.0,7.95,0.0,0.0,15.6,43.0,,,,23.1,11.3,325.0,5.0,1.9
2022-08-10 00:00:00+00:00,31.1,0.0,21.7,32.5,24.9,36.8,38.7,0.0,17.0,34.9,26.87,48122.51,43332.0,27.6,0.0,0.0,7.67,0.0,2.0,17.1,46.0,,,,22.6,11.5,17.0,10.1,6.1
2022-08-11 00:00:00+00:00,31.1,0.0,23.4,31.9,24.8,36.8,36.6,0.0,316.0,40.3,27.31,48033.89,43270.43,27.4,0.0,0.0,7.64,0.0,0.0,14.7,43.0,,,,21.3,10.3,316.0,10.4,6.0
2022-08-12 00:00:00+00:00,30.1,0.0,22.4,31.1,23.8,36.0,37.6,0.0,6.0,39.2,27.06,47944.04,43200.0,26.2,0.0,0.0,7.49,0.0,0.0,16.0,47.0,,,,22.5,11.1,6.0,11.9,7.2
2022-08-13 00:00:00+00:00,30.4,0.0,19.8,31.1,23.9,36.9,37.6,0.0,340.0,32.0,26.94,47852.83,43206.27,26.7,0.0,0.0,7.95,0.0,1.0,15.7,46.0,,,,23.5,12.1,340.0,9.0,5.6
2022-08-14 00:00:00+00:00,30.1,0.0,22.3,31.2,22.8,37.0,37.7,0.0,345.0,35.3,26.9,47760.38,43200.0,26.2,0.0,0.0,7.65,0.0,1.0,16.3,49.0,,,,22.0,11.1,345.0,6.5,2.3
2022-08-15 00:00:00+00:00,29.7,0.0,23.7,31.4,23.4,35.8,38.2,0.0,14.0,38.5,26.58,47666.76,43200.0,26.3,0.0,0.0,7.33,0.0,3.0,18.1,53.0,,,,23.9,12.1,14.0,9.0,4.8
2022-08-16 00:00:00+00:00,29.9,0.0,22.7,30.7,23.2,36.3,37.6,0.0,25.0,36.4,26.88,47572.05,43200.0,25.6,0.0,0.0,7.82,0.0,0.0,16.7,49.0,,,,26.1,14.1,25.0,15.1,9.0
2022-08-17 00:00:00+00:00,29.6,0.0,22.1,30.4,22.9,36.0,37.5,0.0,10.0,35.6,26.71,47476.35,43200.0,24.8,0.0,0.0,7.56,0.0,0.0,16.5,49.0,,,,24.9,13.0,10.0,13.3,8.2
2022-08-18 00:00:00+00:00,30.3,0.0,23.8,31.6,22.6,37.8,39.5,2.0,337.0,37.8,26.35,47379.73,43200.0,25.3,0.0,0.0,7.57,0.0,5.0,16.9,49.0,,,,22.6,11.2,337.0,10.1,5.8
2022-08-19 00:00:00+00:00,30.9,0.0,17.7,32.2,23.8,37.2,37.6,0.0,292.0,35.3,26.48,47282.28,43200.0,27.2,0.0,0.0,7.63,0.0,0.0,16.3,46.0,,,,20.6,10.2,292.0,5.4,0.0
2022-08-20 00:00:00+00:00,32.1,0.0,23.4,33.4,24.0,40.0,40.0,1.0,298.0,38.9,25.64,47184.08,43200.0,28.8,0.0,0.0,8.14,0.0,4.0,17.0,47.0,,,,22.9,11.9,298.0,6.8,3.6
2022-08-21 00:00:00+00:00,31.9,0.0,15.8,32.1,24.2,37.6,37.8,0.0,285.0,30.2,26.4,47085.21,43200.0,25.4,0.0,0.0,7.79,0.0,0.0,13.4,35.0,,,,19.0,9.5,285.0,3.2,1.1
2022-08-22 00:00:00+00:00,31.6,0.0,21.4,32.5,23.7,38.5,40.5,0.0,334.0,34.6,24.91,46985.73,43200.0,25.4,0.0,0.0,7.37,0.0,2.0,15.6,41.0,,,,19.8,9.5,334.0,6.1,4.0
2022-08-23 00:00:00+00:00,33.1,0.0,27.2,33.2,26.3,40.4,40.8,0.0,40.0,47.5,26.07,46885.74,43200.0,27.4,0.0,0.0,8.36,0.0,0.0,14.0,37.0,,,,25.1,12.8,40.0,11.9,4.4
2022-08-24 00:00:00+00:00,33.7,0.0,28.6,32.8,27.1,41.2,41.6,0.0,66.0,46.8,25.93,46785.3,43200.0,26.2,0.0,0.0,9.0,0.0,0.0,12.1,31.0,,,,28.8,14.6,66.0,16.6,2.1
2022-08-25 00:00:00+00:00,30.6,0.1,23.0,32.4,25.1,37.1,39.0,51.0,16.0,38.5,23.18,46684.49,43200.0,28.4,1.0,0.1,7.15,0.0,20.0,19.9,56.0,,,,29.6,16.0,16.0,18.4,10.4
2022-08-26 00:00:00+00:00,29.7,0.0,26.3,30.7,23.7,36.1,37.2,0.0,15.0,42.5,25.82,46583.38,43200.0,26.3,0.0,0.0,7.31,0.0,0.0,16.7,50.0,,,,25.1,13.0,15.0,13.7,8.3
2022-08-27 00:00:00+00:00,29.4,0.0,25.9,29.9,22.5,36.9,37.0,0.0,34.0,41.4,25.62,46482.04,43192.93,24.5,0.0,0.0,7.94,0.0,0.0,17.4,53.0,,,,30.8,17.6,34.0,17.6,10.6
2022-08-28 00:00:00+00:00,29.9,0.0,24.3,31.0,24.2,37.2,38.7,1.0,28.0,38.5,24.86,46380.54,43126.77,26.5,0.0,0.0,7.75,0.0,5.0,19.2,56.0,,,,32.8,19.0,28.0,20.5,12.9
2022-08-29 00:00:00+00:00,30.0,0.0,22.9,31.5,23.8,37.2,39.3,0.0,23.0,36.7,24.44,46278.95,43060.34,26.6,0.0,0.0,7.44,0.0,4.0,19.5,57.0,,,,30.0,16.9,23.0,19.8,11.9
2022-08-30 00:00:00+00:00,30.5,0.0,23.3,32.4,24.9,36.8,39.7,2.0,16.0,37.8,24.15,46177.34,42993.72,27.4,0.0,0.0,7.22,0.0,11.0,19.9,56.0,,,,28.2,15.5,16.0,23.8,11.7
2022-08-31 00:00:00+00:00,30.5,0.1,24.9,32.1,25.0,37.2,39.1,51.0,8.0,40.3,23.85,46075.7,42926.73,27.5,1.0,0.1,7.31,0.0,12.0,19.4,55.0,,,,29.2,16.1,8.0,22.3,12.6
2022-09-01 00:00:00+00:00,29.7,0.0,23.1,30.5,23.5,36.3,37.6,3.0,11.0,37.8,24.28,45973.36,40424.34,26.3,0.0,0.0,7.45,0.0,16.0,17.5,53.0,,,,28.0,15.6,11.0,18.0,10.8
2022-09-02 00:00:00+00:00,29.2,0.0,24.5,30.3,22.9,35.4,36.9,0.0,19.0,39.6,24.51,45870.18,42789.52,25.8,0.0,0.0,7.05,0.0,1.0,17.8,54.0,,,,26.5,14.5,19.0,16.2,9.7
2022-09-03 00:00:00+00:00,29.6,0.0,22.0,30.3,23.6,36.4,37.4,0.0,21.0,35.6,24.49,45766.25,42719.42,25.7,0.0,0.0,7.58,0.0,1.0,17.2,51.0,,,,27.7,15.4,21.0,15.1,9.2
2022-09-04 00:00:00+00:00,29.7,0.0,20.6,30.4,23.8,36.5,37.4,3.0,18.0,32.8,24.46,45661.63,42648.44,25.7,0.0,0.0,7.59,0.0,16.0,17.4,52.0,,,,29.1,16.3,18.0,18.7,11.1
2022-09-05 00:00:00+00:00,29.3,0.0,20.9,31.1,23.3,35.9,37.8,3.0,333.0,33.5,24.16,45556.41,41333.13,27.1,0.0,0.0,6.73,0.0,18.0,18.3,56.0,,,,22.6,11.6,333.0,9.7,6.1
2022-09-06 00:00:00+00:00,29.3,0.0,20.9,30.7,23.7,36.2,37.9,3.0,320.0,34.9,22.37,45450.64,42504.2,26.8,0.0,0.0,6.68,0.0,19.0,17.8,53.0,,,,23.7,12.5,320.0,9.0,5.2
2022-09-07 00:00:00+00:00,28.9,0.0,22.3,30.4,22.9,35.1,36.9,3.0,338.0,36.7,20.11,45344.4,40793.39,25.2,0.0,0.0,5.94,0.0,27.0,17.8,53.0,,,,20.6,10.7,338.0,6.5,3.9
2022-09-08 00:00:00+00:00,29.6,0.0,26.2,30.7,23.5,36.3,36.6,2.0,27.0,42.1,23.86,45237.77,42357.53,26.0,0.0,0.0,7.2,0.0,6.0,17.6,52.0,,,,26.3,14.1,27.0,11.9,7.6
2022-09-09 00:00:00+00:00,29.6,0.0,23.4,30.4,24.0,36.5,37.1,3.0,24.0,38.5,23.59,45130.8,38965.07,26.9,0.0,0.0,7.51,0.0,18.0,17.4,54.0,,,,29.4,16.5,24.0,17.3,10.0
2022-09-10 00:00:00+00:00,29.4,0.0,20.5,30.2,22.6,36.2,36.6,3.0,13.0,33.8,23.5,45023.57,38609.12,25.5,0.0,0.0,7.01,0.0,18.0,16.4,52.0,,,,24.9,13.4,13.0,13.7,7.3
2022-09-11 00:00:00+00:00,29.1,0.0,20.2,29.8,21.1,37.0,36.9,0.0,3.0,33.1,24.36,44916.14,42118.93,23.5,0.0,0.0,6.95,0.0,0.0,15.1,49.0,,,,21.4,11.2,3.0,11.9,6.9
2022-09-12 00:00:00+00:00,29.6,0.0,19.6,31.8,23.0,36.4,38.8,3.0,332.0,35.3,23.31,44808.59,38785.71,26.3,0.0,0.0,6.34,0.0,17.0,18.4,55.0,,,,20.0,9.7,332.0,9.0,5.2
2022-09-13 00:00:00+00:00,28.9,0.0,22.7,30.8,23.1,35.0,36.0,3.0,313.0,36.4,23.21,44700.97,40169.43,27.0,0.0,0.0,6.42,0.0,10.0,18.4,57.0,,,,22.8,11.6,313.0,10.1,4.8
2022-09-14 00:00:00+00:00,27.8,0.0,20.4,28.1,22.4,33.8,34.1,0.0,325.0,33.1,23.69,44593.36,41800.18,24.5,0.0,0.0,6.63,0.0,0.0,14.6,49.0,,,,21.6,11.0,325.0,5.0,1.9
2022-09-15 00:00:00+00:00,26.9,0.0,20.2,27.0,20.7,32.1,33.1,0.0,12.0,32.0,23.03,44485.8,41693.71,21.7,0.0,0.0,6.26,0.0,2.0,14.0,48.0,,,,20.4,10.6,12.0,8.3,2.9
2022-09-16 00:00:00+00:00,26.7,0.0,21.9,26.6,20.2,32.1,33.3,0.0,9.0,37.4,23.82,44378.39,41587.23,20.7,0.0,0.0,5.79,0.0,0.0,11.6,42.0,,,,16.5,7.5,9.0,8.6,3.7
2022-09-17 00:00:00+00:00,27.7,0.0,19.3,29.2,21.8,33.8,35.7,1.0,6.0,34.2,21.96,44271.17,41000.68,24.8,0.0,0.0,5.7,0.0,10.0,17.1,56.0,,,,19.9,9.4,6.0,10.1,1.8
2022-09-18 00:00:00+00:00,28.0,0.0,14.5,28.7,22.3,33.5,35.2,0.0,337.0,28.8,23.08,44164.21,41202.44,24.0,0.0,0.0,6.06,0.0,0.0,14.5,47.0,,,,18.3,8.7,337.0,7.9,2.7
2022-09-19 00:00:00+00:00,27.8,0.0,23.8,29.2,21.2,33.7,34.5,1.0,343.0,38.2,22.64,44057.58,40543.46,24.0,0.0,0.0,5.88,0.0,4.0,17.1,55.0,,,,20.6,9.8,343.0,7.9,3.7
2022-09-20 00:00:00+00:00,27.8,0.0,24.2,29.3,21.9,33.2,34.9,1.0,317.0,39.2,22.36,43951.26,40501.5,25.2,0.0,0.0,5.9,0.0,10.0,16.9,55.0,,,,19.6,9.2,317.0,8.6,1.8
2022-09-21 00:00:00+00:00,27.5,0.0,19.0,27.9,22.0,33.4,33.5,1.0,321.0,31.3,22.19,43844.55,40341.59,24.3,0.0,0.0,6.19,0.0,4.0,14.4,48.0,,,,20.2,10.0,321.0,4.7,0.4
2022-09-22 00:00:00+00:00,29.5,0.0,9.0,29.4,23.2,35.5,36.2,0.0,299.0,22.7,22.12,43737.32,40185.33,22.8,0.0,0.0,5.73,0.0,0.0,11.2,34.0,,,,13.2,5.8,299.0,5.0,2.5
2022-09-23 00:00:00+00:00,29.2,0.0,26.1,29.3,23.7,35.3,36.0,0.0,48.0,41.4,21.7,43629.63,39922.45,24.8,0.0,0.0,7.13,0.0,0.0,17.2,51.0,,,,32.5,18.6,48.0,22.0,10.9
2022-09-24 00:00:00+00:00,29.1,0.0,29.6,29.0,22.6,37.3,37.0,0.0,51.0,47.2,21.72,43521.56,39777.07,23.5,0.0,0.0,7.49,0.0,1.0,17.5,54.0,,,,35.6,20.9,51.0,26.3,16.8
2022-09-25 00:00:00+00:00,29.3,0.0,26.7,29.0,22.9,37.2,36.0,0.0,54.0,45.0,21.69,43413.18,39636.14,23.3,0.0,0.0,7.62,0.0,0.0,17.7,54.0,,,,38.3,23.0,54.0,32.4,20.4
2022-09-26 00:00:00+00:00,29.6,0.0,22.8,30.0,22.7,37.6,37.0,0.0,51.0,39.6,21.51,43304.55,39499.91,24.8,0.0,0.0,7.08,0.0,0.0,17.8,55.0,,,,32.4,19.0,51.0,26.3,15.3
2022-09-27 00:00:00+00:00,30.0,0.0,24.7,30.5,22.6,37.9,38.2,0.0,48.0,42.8,21.52,43195.76,39368.66,23.7,0.0,0.0,6.64,0.0,0.0,16.6,50.0,,,,27.2,14.8,48.0,14.8,7.9
2022-09-28 00:00:00+00:00,30.2,0.0,24.5,30.2,23.0,36.8,35.4,0.0,48.0,38.5,21.21,43086.86,39242.71,24.7,0.0,0.0,7.07,0.0,0.0,15.1,45.0,,,,25.6,14.1,48.0,17.6,9.8
2022-09-29 00:00:00+00:00,31.0,0.0,23.0,29.8,23.6,38.2,36.2,0.0,55.0,41.0,21.09,42977.93,39122.37,23.9,0.0,0.0,8.47,0.0,0.0,13.6,39.0,,,,31.2,18.3,55.0,22.3,12.9
2022-09-30 00:00:00+00:00,31.0,0.0,25.6,30.2,24.5,38.1,36.3,0.0,50.0,44.3,20.96,42869.04,39008.0,25.1,0.0,0.0,8.49,0.0,0.0,15.9,45.0,,,,36.0,21.3,50.0,29.2,16.8
2022-10-01 00:00:00+00:00,31.2,0.0,23.4,31.1,24.3,39.6,38.6,0.0,26.0,37.8,20.73,42760.25,38982.38,26.3,0.0,0.0,7.81,0.0,0.0,16.0,46.0,,,,31.0,17.7,26.0,23.8,12.5
2022-10-02 00:00:00+00:00,29.4,0.0,20.0,30.6,21.4,37.7,38.1,0.0,3.0,31.7,20.74,42651.65,38888.87,24.4,0.0,0.0,6.25,0.0,1.0,16.6,53.0,,,,20.9,10.7,3.0,11.2,6.8
2022-10-03 00:00:00+00:00,28.0,0.0,19.6,29.3,23.4,33.8,34.5,1.0,314.0,32.0,20.14,42543.3,38277.8,24.7,0.0,0.0,5.76,0.0,8.0,17.4,56.0,,,,22.0,11.8,314.0,11.5,6.7
2022-10-04 00:00:00+00:00,26.4,0.0,16.7,27.4,21.5,32.1,33.0,0.0,312.0,27.4,20.65,42435.26,38817.01,23.3,0.0,0.0,5.07,0.0,0.0,15.2,53.0,,,,16.2,7.3,312.0,3.6,1.8
2022-10-05 00:00:00+00:00,26.7,0.0,21.7,27.1,20.1,33.3,33.1,0.0,25.0,40.3,20.37,42327.62,38780.49,21.5,0.0,0.0,5.78,0.0,2.0,15.7,55.0,,,,23.0,12.6,25.0,11.5,6.9
2022-10-06 00:00:00+00:00,26.0,0.0,21.2,25.9,21.5,31.8,31.8,3.0,3.0,34.6,20.06,42220.45,38710.86,22.0,0.0,0.0,5.76,0.0,17.0,15.4,55.0,,,,26.2,14.6,3.0,20.9,11.5
2022-10-07 00:00:00+00:00,24.1,0.0,17.1,23.7,18.1,29.5,29.4,0.0,342.0,27.4,20.31,42113.81,38706.19,19.1,0.0,0.0,5.18,0.0,0.0,12.1,50.0,,,,19.1,9.5,342.0,7.9,2.5
2022-10-08 00:00:00+00:00,24.5,0.0,19.0,23.6,19.9,29.9,28.5,3.0,329.0,31.3,17.53,42007.78,38668.35,19.9,0.0,0.0,4.86,0.0,30.0,11.1,44.0,,,,18.2,9.1,329.0,2.9,0.4
2022-10-09 00:00:00+00:00,24.3,0.0,18.1,24.1,19.0,29.7,29.3,3.0,352.0,32.4,18.69,41902.44,38630.04,20.1,0.0,0.0,4.96,0.0,14.0,13.1,52.0,,,,18.9,9.7,352.0,5.8,2.8
2022-10-10 00:00:00+00:00,24.6,0.0,17.3,24.5,18.0,30.3,29.4,3.0,14.0,31.7,16.23,41797.78,38146.77,18.9,0.0,0.0,4.56,0.0,18.0,14.3,55.0,,,,19.9,10.7,14.0,8.3,4.6
2022-10-11 00:00:00+00:00,25.0,0.0,20.9,25.1,18.6,30.6,31.2,3.0,24.0,33.1,19.05,41693.03,38551.98,19.8,0.0,0.0,5.18,0.0,10.0,14.8,56.0,,,,22.5,11.9,24.0,9.4,5.5
2022-10-12 00:00:00+00:00,24.7,0.0,21.1,25.0,19.5,30.1,30.3,3.0,2.0,33.8,17.19,41588.04,34910.64,21.2,0.0,0.0,4.8,0.0,50.0,15.8,61.0,,,,23.5,12.8,2.0,10.4,5.2
2022-10-13 00:00:00+00:00,24.1,0.0,19.9,23.9,19.0,30.8,29.6,3.0,343.0,32.0,16.27,41482.89,35207.7,20.3,0.0,0.0,4.69,0.0,16.0,13.9,56.0,,,,20.5,10.8,343.0,5.0,1.9
2022-10-14 00:00:00+00:00,23.9,0.0,14.4,23.8,18.0,29.6,29.5,2.0,334.0,25.9,17.92,41377.67,38431.68,19.3,0.0,0.0,4.59,0.0,17.0,13.3,55.0,,,,17.2,8.8,334.0,6.1,2.3
2022-10-15 00:00:00+00:00,25.8,0.0,13.6,25.0,18.1,32.1,31.1,3.0,188.0,27.4,18.57,41272.45,38375.63,18.5,0.0,0.0,5.31,0.0,34.0,11.5,45.0,,,,18.3,9.9,188.0,9.4,5.8
2022-10-16 00:00:00+00:00,26.1,0.0,20.2,24.7,22.0,30.6,28.5,2.0,232.0,36.7,18.43,41167.31,37530.44,20.8,0.0,0.0,5.65,0.0,14.0,10.5,38.0,,,,21.1,11.5,232.0,5.4,1.3
2022-10-17 00:00:00+00:00,24.6,0.0,18.4,24.1,19.4,29.5,28.7,3.0,278.0,31.0,16.5,41062.34,34904.36,19.6,0.0,0.0,4.81,0.0,23.0,13.8,53.0,,,,21.3,11.8,278.0,11.2,7.1
2022-10-18 00:00:00+00:00,23.7,0.0,17.8,23.9,18.8,29.1,28.5,1.0,291.0,32.0,17.82,40957.62,37928.64,20.2,0.0,0.0,4.29,0.0,5.0,13.7,57.0,,,,16.1,7.9,291.0,5.8,1.4
2022-10-19 00:00:00+00:00,23.9,0.0,15.6,24.4,19.2,29.0,29.3,3.0,326.0,27.4,17.0,40853.24,37855.1,20.1,0.0,0.0,4.05,0.0,25.0,14.1,56.0,,,,15.2,6.9,326.0,3.2,1.8
2022-10-20 00:00:00+00:00,24.3,0.0,16.4,24.7,18.4,29.5,29.3,1.0,38.0,27.4,17.46,40749.28,37518.52,19.7,0.0,0.0,4.36,0.0,5.0,14.6,58.0,,,,17.9,9.0,38.0,9.7,5.4
2022-10-21 00:00:00+00:00,24.0,0.0,19.7,24.1,18.6,29.6,29.9,1.0,347.0,31.7,17.8,40645.83,37447.56,20.0,0.0,0.0,4.6,0.0,5.0,14.4,59.0,,,,20.3,10.6,347.0,9.4,4.8
2022-10-22 00:00:00+00:00,23.5,0.2,24.4,23.8,18.7,29.0,29.2,51.0,346.0,40.0,17.0,40542.97,37118.95,20.1,2.0,0.2,4.16,0.0,15.0,13.7,57.0,,,,16.7,7.6,346.0,5.0,2.3
2022-10-23 00:00:00+00:00,23.4,0.1,16.9,23.5,18.4,28.2,27.4,51.0,343.0,27.7,15.99,40440.8,36796.02,20.2,1.0,0.1,4.15,0.0,25.0,14.2,59.0,,,,18.2,9.4,343.0,6.8,3.6
2022-10-24 00:00:00+00:00,23.2,0.0,21.9,22.0,17.7,28.7,26.7,3.0,17.0,34.6,16.75,40339.41,35393.57,18.0,0.0,0.0,4.93,0.0,14.0,12.1,54.0,,,,24.1,13.4,17.0,13.0,6.5
2022-10-25 00:00:00+00:00,21.9,2.1,20.9,21.7,17.5,25.3,25.3,53.0,359.0,37.1,13.44,40238.89,36417.96,17.5,6.0,2.1,3.38,0.0,45.0,14.3,63.0,,,,22.0,11.1,359.0,13.0,6.0
2022-10-26 00:00:00+00:00,22.4,4.9,16.7,23.1,16.7,28.4,28.2,61.0,321.0,29.9,15.44,40139.32,36234.32,17.2,6.0,4.9,3.59,0.0,38.0,15.8,69.0,,,,19.7,9.4,321.0,10.4,4.1
2022-10-27 00:00:00+00:00,23.8,0.1,15.9,24.9,19.1,29.2,28.9,51.0,22.0,25.2,14.69,40040.82,28602.59,21.4,1.0,0.1,3.78,0.0,31.0,16.6,68.0,,,,18.1,9.5,22.0,4.0,1.6
2022-10-28 00:00:00+00:00,24.0,0.0,19.8,24.4,19.5,29.5,29.1,3.0,22.0,31.3,14.91,39943.47,31629.57,21.8,0.0,0.0,4.24,0.0,56.0,15.9,65.0,,,,22.6,12.6,22.0,13.0,7.4
2022-10-29 00:00:00+00:00,22.7,0.0,19.0,22.9,16.8,28.6,28.3,3.0,359.0,33.8,15.54,39847.38,32477.54,18.2,0.0,0.0,3.97,0.0,36.0,14.8,66.0,,,,20.2,10.6,359.0,9.7,5.2
2022-10-30 00:00:00+00:00,22.5,0.1,15.6,22.7,17.6,27.7,27.9,51.0,329.0,26.3,14.99,39752.55,35191.35,19.3,1.0,0.1,3.69,0.0,36.0,13.7,62.0,,,,16.2,8.0,329.0,7.9,4.0
2022-10-31 00:00:00+00:00,22.6,0.0,19.1,22.0,17.1,28.3,26.7,0.0,337.0,32.0,16.69,39658.14,36065.48,18.0,0.0,0.0,4.19,0.0,3.0,11.0,54.0,,,,16.3,8.3,337.0,7.2,3.1
2022-11-01 00:00:00+00:00,22.1,0.0,13.8,21.5,17.4,26.8,25.4,2.0,21.0,22.0,14.79,39564.02,35488.45,18.0,0.0,0.0,3.65,0.0,13.0,11.3,53.0,,,,15.3,7.4,21.0,2.2,1.3
2022-11-02 00:00:00+00:00,21.4,0.0,16.3,20.9,16.8,26.6,25.4,3.0,346.0,26.6,15.13,39470.26,35728.71,17.3,0.0,0.0,3.63,0.0,14.0,11.5,57.0,,,,15.0,7.0,346.0,3.6,0.4
2022-11-03 00:00:00+00:00,21.9,0.0,17.8,21.7,16.7,27.1,26.4,3.0,24.0,28.1,15.92,39376.96,35675.05,17.5,0.0,0.0,3.61,0.0,16.0,12.0,56.0,,,,13.6,6.5,24.0,3.2,0.7
2022-11-04 00:00:00+00:00,21.7,0.0,19.7,21.1,15.8,27.2,25.8,3.0,21.0,32.0,15.48,39284.23,35301.89,16.5,0.0,0.0,3.95,0.0,27.0,12.9,62.0,,,,21.3,11.5,21.0,11.2,6.4
2022-11-05 00:00:00+00:00,21.0,0.0,11.9,20.4,15.4,26.0,25.4,1.0,15.0,22.0,16.14,39192.14,35463.66,15.7,0.0,0.0,3.44,0.0,3.0,11.1,58.0,,,,15.2,7.5,15.0,11.2,2.5
2022-11-06 00:00:00+00:00,20.9,0.0,13.3,20.0,15.0,26.1,25.0,0.0,337.0,22.0,16.33,39100.82,35310.58,14.9,0.0,0.0,3.65,0.0,1.0,9.6,53.0,,,,14.4,7.0,337.0,7.9,1.8
2022-11-07 00:00:00+00:00,21.6,0.0,22.5,18.9,15.9,28.1,23.8,0.0,220.0,39.2,16.15,39010.35,35262.08,13.2,0.0,0.0,5.04,0.0,1.0,7.0,41.0,,,,23.7,13.9,220.0,4.0,2.5
2022-11-08 00:00:00+00:00,20.9,0.1,15.3,20.3,16.3,25.9,23.9,51.0,274.0,29.5,12.9,38920.83,33731.83,16.5,1.0,0.1,3.29,0.0,33.0,12.4,60.0,,,,18.4,9.8,274.0,10.1,5.1
2022-11-09 00:00:00+00:00,20.7,0.0,20.6,20.2,16.3,26.2,24.2,3.0,319.0,34.9,14.88,38832.38,34620.74,17.1,0.0,0.0,3.54,0.0,13.0,11.4,58.0,,,,16.2,7.7,319.0,3.6,1.3
2022-11-10 00:00:00+00:00,20.0,0.0,13.6,19.0,15.1,24.9,24.0,0.0,39.0,22.7,15.83,38745.09,34934.86,15.2,0.0,0.0,3.51,0.0,0.0,9.1,53.0,,,,13.5,6.7,39.0,6.1,1.8
2022-11-11 00:00:00+00:00,20.5,0.0,18.3,19.2,14.8,26.8,24.4,1.0,27.0,33.1,14.79,38659.07,34517.21,14.6,0.0,0.0,4.0,0.0,10.0,11.6,60.0,,,,23.0,13.1,27.0,12.2,7.9
2022-11-12 00:00:00+00:00,21.0,0.0,20.7,19.9,14.9,27.2,25.5,1.0,26.0,33.1,15.35,38574.44,34766.05,14.7,0.0,0.0,3.98,0.0,5.0,11.6,59.0,,,,20.7,11.5,26.0,11.2,7.3
2022-11-13 00:00:00+00:00,21.7,0.0,21.1,20.8,15.1,28.6,26.6,1.0,12.0,37.4,14.91,38491.3,34645.47,15.2,0.0,0.0,3.99,0.0,4.0,12.0,59.0,,,,21.1,11.4,12.0,11.9,6.6
2022-11-14 00:00:00+00:00,21.7,0.0,17.8,20.8,16.5,27.6,25.6,3.0,2.0,28.8,13.37,38409.76,28879.83,17.1,0.0,0.0,3.84,0.0,32.0,12.1,58.0,,,,20.2,11.2,2.0,11.5,6.9
2022-11-15 00:00:00+00:00,19.4,0.0,16.0,18.4,15.0,24.3,22.4,1.0,314.0,27.7,14.9,38329.94,34462.66,15.0,0.0,0.0,3.36,0.0,6.0,10.3,58.0,,,,15.9,7.9,314.0,4.0,1.1
2022-11-16 00:00:00+00:00,18.9,0.0,11.5,17.9,13.6,23.4,21.8,2.0,249.0,24.8,14.39,38251.96,34458.07,13.2,0.0,0.0,3.06,0.0,8.0,9.9,58.0,,,,13.7,7.2,249.0,4.0,2.3
2022-11-17 00:00:00+00:00,19.3,0.0,12.3,18.4,12.9,24.7,23.4,3.0,269.0,21.6,14.03,38175.92,33045.95,12.0,0.0,0.0,3.0,0.0,13.0,9.7,56.0,,,,12.7,6.3,269.0,4.3,1.1
2022-11-18 00:00:00+00:00,20.4,0.0,8.9,19.1,14.9,25.8,24.1,0.0,40.0,21.6,14.74,38101.95,34352.89,14.1,0.0,0.0,3.32,0.0,1.0,8.4,49.0,,,,13.0,6.6,40.0,6.1,1.8
2022-11-19 00:00:00+00:00,20.5,0.0,18.1,18.5,15.0,26.5,23.3,0.0,54.0,32.8,14.9,38030.09,34331.13,14.0,0.0,0.0,4.16,0.0,0.0,9.3,53.0,,,,21.9,13.1,54.0,8.6,4.7
2022-11-20 00:00:00+00:00,21.0,0.0,21.3,19.4,15.6,27.8,24.0,3.0,48.0,37.1,14.88,37959.58,34278.03,15.6,0.0,0.0,4.18,0.0,14.0,10.5,60.0,,,,24.3,14.0,48.0,15.8,8.9
2022-11-21 00:00:00+00:00,20.5,0.0,13.3,19.3,13.4,27.6,25.6,3.0,295.0,25.6,14.61,37890.27,34255.33,13.5,0.0,0.0,3.52,0.0,72.0,9.2,52.0,,,,14.6,7.4,295.0,6.1,0.5
2022-11-22 00:00:00+00:00,21.0,0.0,19.5,20.5,16.3,26.6,25.0,3.0,6.0,30.6,14.35,37822.26,34205.8,17.4,0.0,0.0,3.49,0.0,33.0,12.3,62.0,,,,16.4,8.7,6.0,5.8,3.3
2022-11-23 00:00:00+00:00,19.6,0.0,12.8,18.8,13.8,24.8,23.3,3.0,30.0,24.5,14.43,37755.62,34200.86,13.5,0.0,0.0,3.09,0.0,9.0,11.1,62.0,,,,16.2,8.6,30.0,6.5,3.1
2022-11-24 00:00:00+00:00,19.3,0.0,17.1,17.1,14.5,24.3,20.8,3.0,236.0,31.7,14.22,37690.45,34196.37,12.9,0.0,0.0,3.81,0.0,20.0,7.0,49.0,,,,20.1,11.2,236.0,6.1,3.4
2022-11-25 00:00:00+00:00,19.4,0.3,22.4,16.6,15.1,24.5,21.4,51.0,240.0,39.2,11.96,37626.83,33216.69,12.1,3.0,0.3,4.06,0.0,25.0,8.1,49.0,,,,27.3,16.1,240.0,18.4,9.4
2022-11-26 00:00:00+00:00,18.2,0.0,12.2,17.1,12.8,22.4,21.1,3.0,291.0,20.5,11.22,37564.86,29002.42,12.2,0.0,0.0,2.58,0.0,49.0,9.9,61.0,,,,14.7,7.8,291.0,10.8,3.6
2022-11-27 00:00:00+00:00,17.6,0.0,12.1,16.0,12.6,21.7,19.6,3.0,50.0,22.7,9.99,37504.61,26787.55,11.6,0.0,0.0,2.63,0.0,87.0,8.5,57.0,,,,16.1,9.0,50.0,9.4,3.5
2022-11-28 00:00:00+00:00,17.4,0.0,15.2,15.6,12.3,23.0,19.7,3.0,183.0,28.4,12.21,37446.2,30373.34,11.3,0.0,0.0,2.96,0.0,66.0,8.5,60.0,,,,17.7,9.7,183.0,7.2,3.2
2022-11-29 00:00:00+00:00,18.3,0.0,13.6,16.2,13.2,24.3,22.1,0.0,198.0,25.9,13.76,37389.69,33940.66,10.7,0.0,0.0,3.38,0.0,0.0,7.2,51.0,,,,18.0,10.2,198.0,6.8,5.1
2022-11-30 00:00:00+00:00,19.4,0.0,14.2,17.4,12.9,25.5,23.4,0.0,96.0,21.6,13.83,37335.2,33939.86,10.8,0.0,0.0,3.42,0.0,1.0,6.3,45.0,,,,14.5,7.7,96.0,9.4,1.3
2022-12-01 00:00:00+00:00,19.4,0.0,12.0,17.1,13.2,25.6,23.1,0.0,187.0,23.0,13.88,37282.8,33939.54,10.6,0.0,0.0,3.59,0.0,0.0,5.3,41.0,,,,15.7,8.6,187.0,7.6,1.9
2022-12-02 00:00:00+00:00,18.7,0.0,18.4,16.5,12.6,24.6,21.6,3.0,47.0,33.1,13.74,37232.61,33819.84,10.8,0.0,0.0,3.72,0.0,10.0,7.9,51.0,,,,21.0,12.1,47.0,7.2,4.0
2022-12-03 00:00:00+00:00,19.1,0.0,22.4,17.6,14.7,25.0,22.0,3.0,34.0,38.5,11.87,37184.7,28877.91,14.4,0.0,0.0,3.34,0.0,53.0,11.8,66.0,,,,25.6,14.8,34.0,14.8,9.1
2022-12-04 00:00:00+00:00,18.3,0.0,20.7,17.0,12.6,24.6,21.7,3.0,9.0,34.2,12.23,37139.16,29279.8,11.9,0.0,0.0,3.13,0.0,41.0,11.1,66.0,,,,21.5,11.9,9.0,10.4,4.6
2022-12-05 00:00:00+00:00,18.5,0.2,21.3,17.3,14.0,24.0,20.6,51.0,352.0,34.9,12.57,37096.12,33453.8,14.3,2.0,0.2,3.12,0.0,24.0,10.9,65.0,,,,20.6,11.2,352.0,9.4,5.0
2022-12-06 00:00:00+00:00,17.7,0.0,13.2,16.9,12.9,22.7,20.7,3.0,327.0,26.6,11.85,37055.64,33288.64,12.6,0.0,0.0,2.56,0.0,30.0,10.6,66.0,,,,14.6,7.5,327.0,4.7,2.0
2022-12-07 00:00:00+00:00,17.6,0.0,8.0,16.9,14.1,22.3,20.9,3.0,23.0,16.2,12.29,37017.82,33485.79,13.8,0.0,0.0,2.28,0.0,15.0,9.7,62.0,,,,9.9,4.6,23.0,4.7,2.2
2022-12-08 00:00:00+00:00,18.5,0.0,9.5,16.8,11.7,24.0,22.0,3.0,188.0,17.3,13.27,36982.76,33565.06,9.8,0.0,0.0,2.93,0.0,14.0,6.7,48.0,,,,11.6,6.3,188.0,3.2,0.8
2022-12-09 00:00:00+00:00,19.2,0.0,12.5,16.7,13.3,25.5,22.9,3.0,174.0,24.8,13.13,36950.51,33646.89,10.5,0.0,0.0,3.51,0.0,11.0,5.2,42.0,,,,15.1,9.1,174.0,8.3,6.1
2022-12-10 00:00:00+00:00,18.4,0.0,9.5,16.6,12.2,24.7,22.6,0.0,245.0,15.1,13.39,36920.68,33609.32,10.6,0.0,0.0,2.81,0.0,0.0,5.5,44.0,,,,10.0,4.9,245.0,4.0,2.5
2022-12-11 00:00:00+00:00,18.3,0.0,12.5,16.7,12.7,24.5,21.9,2.0,203.0,23.0,13.1,36893.17,33572.73,11.9,0.0,0.0,2.96,0.0,5.0,7.6,52.0,,,,12.6,6.7,203.0,2.9,1.8
2022-12-12 00:00:00+00:00,19.2,0.0,23.1,15.9,14.2,25.8,22.1,3.0,191.0,39.6,13.03,36868.02,33660.03,10.8,0.0,0.0,4.27,0.0,18.0,5.5,43.0,,,,26.0,15.2,191.0,12.6,7.6
2022-12-13 00:00:00+00:00,18.2,0.0,12.0,17.4,13.1,23.6,22.6,3.0,235.0,24.5,12.0,36845.23,32642.7,11.9,0.0,0.0,2.59,0.0,42.0,10.9,64.0,,,,15.1,8.2,235.0,6.5,1.9
2022-12-14 00:00:00+00:00,19.6,0.0,15.9,17.9,14.9,24.9,22.7,3.0,198.0,28.4,12.68,36824.84,33345.34,13.0,0.0,0.0,3.23,0.0,34.0,9.1,53.0,,,,18.5,10.5,198.0,8.3,2.8
2022-12-15 00:00:00+00:00,20.1,0.0,10.5,18.9,15.2,25.1,23.2,0.0,82.0,21.2,12.82,36806.88,33437.63,14.1,0.0,0.0,2.81,0.0,0.0,8.2,48.0,,,,10.8,5.0,82.0,3.6,0.8
2022-12-16 00:00:00+00:00,18.9,0.0,19.6,17.4,14.0,24.2,22.0,0.0,46.0,34.6,12.85,36791.34,33406.86,12.6,0.0,0.0,3.21,0.0,0.0,11.3,62.0,,,,22.3,13.5,46.0,7.2,5.1
2022-12-17 00:00:00+00:00,19.9,0.0,25.4,18.8,16.7,25.1,22.7,3.0,47.0,42.1,11.31,36778.27,27853.53,16.4,0.0,0.0,2.86,0.0,40.0,14.9,76.0,,,,30.8,18.4,47.0,21.6,13.7
2022-12-18 00:00:00+00:00,20.0,0.0,23.0,18.8,16.0,26.1,22.7,3.0,40.0,38.2,11.98,36767.68,27072.15,16.1,0.0,0.0,3.38,0.0,39.0,13.0,70.0,,,,27.7,16.3,40.0,19.4,11.0
2022-12-19 00:00:00+00:00,18.5,0.0,19.2,17.7,13.3,25.1,23.3,3.0,30.0,30.2,11.25,36759.58,26953.51,13.3,0.0,0.0,2.74,0.0,51.0,12.9,74.0,,,,21.7,12.1,30.0,11.2,6.8
2022-12-20 00:00:00+00:00,17.7,0.0,15.2,16.6,11.9,23.0,20.9,3.0,12.0,27.7,11.88,36753.99,31441.03,11.4,0.0,0.0,2.69,0.0,58.0,11.0,68.0,,,,17.6,9.6,12.0,9.7,5.1
2022-12-21 00:00:00+00:00,17.0,0.6,14.3,15.6,12.9,21.3,18.8,51.0,316.0,28.1,12.67,36750.93,33404.54,12.5,3.0,0.6,2.64,0.0,27.0,10.0,66.0,,,,19.3,10.0,316.0,10.4,3.9
2022-12-22 00:00:00+00:00,16.1,2.1,15.3,15.2,13.0,21.0,20.2,61.0,325.0,24.5,10.07,36750.42,32607.2,11.4,5.0,2.1,1.96,0.0,52.0,9.9,67.0,,,,13.4,6.4,325.0,4.0,0.4
2022-12-23 00:00:00+00:00,15.2,9.2,17.5,14.6,12.3,19.0,17.6,63.0,273.0,29.5,8.42,36752.46,26436.91,11.6,12.0,9.2,1.48,0.0,70.0,12.3,84.0,,,,17.7,9.1,273.0,8.6,2.5
2022-12-24 00:00:00+00:00,15.1,0.9,17.5,13.6,12.1,19.9,16.7,51.0,213.0,31.0,10.65,36757.08,31841.12,10.7,5.0,0.9,2.02,0.0,47.0,10.3,75.0,,,,18.0,10.8,213.0,8.6,6.5
2022-12-25 00:00:00+00:00,14.5,1.1,17.0,12.9,11.0,19.7,17.3,53.0,209.0,30.6,11.47,36764.29,31556.0,8.7,5.0,1.1,2.08,0.0,43.0,10.0,76.0,,,,18.9,10.9,209.0,10.4,2.9
2022-12-26 00:00:00+00:00,15.5,0.0,22.1,13.9,12.2,20.6,17.3,3.0,282.0,34.9,9.6,36774.07,30542.97,10.9,0.0,0.0,2.14,0.0,37.0,10.9,76.0,,,,21.8,12.9,282.0,13.0,7.5
2022-12-27 00:00:00+00:00,14.7,0.0,16.7,13.4,11.2,20.5,17.9,1.0,328.0,28.8,11.89,36786.48,33647.28,9.9,0.0,0.0,2.2,0.0,9.0,9.0,71.0,,,,14.3,7.6,328.0,5.8,1.6
2022-12-28 00:00:00+00:00,13.8,0.0,10.5,12.5,10.3,19.1,17.8,0.0,81.0,15.8,12.98,36801.49,33663.82,8.9,0.0,0.0,2.2,0.0,0.0,8.0,69.0,,,,11.2,6.2,81.0,5.0,1.8
2022-12-29 00:00:00+00:00,13.7,0.0,12.2,12.0,8.7,19.8,17.4,0.0,70.0,22.3,13.02,36819.16,33683.43,6.6,0.0,0.0,2.28,0.0,0.0,8.0,70.0,,,,13.9,8.2,70.0,7.9,2.3
2022-12-30 00:00:00+00:00,14.5,0.0,13.9,13.2,9.4,20.4,18.7,1.0,37.0,24.1,11.7,36839.65,32557.72,8.0,0.0,0.0,2.16,0.0,10.0,9.9,75.0,,,,15.9,9.2,37.0,7.9,4.7
2022-12-31 00:00:00+00:00,14.6,0.0,19.4,12.8,9.3,21.3,17.9,3.0,36.0,33.5,12.31,36862.98,31427.01,8.5,0.0,0.0,2.64,0.0,48.0,9.3,75.0,,,,20.5,11.6,36.0,7.6,3.5
2023-01-01 00:00:00+00:00,15.4,0.0,16.1,13.7,9.6,22.0,19.1,3.0,26.0,27.4,12.24,36889.08,33694.95,8.1,0.0,0.0,2.59,0.0,47.0,9.4,71.0,,,,18.9,10.7,26.0,11.5,6.2
2023-01-02 00:00:00+00:00,15.2,0.0,12.5,14.2,10.6,21.8,19.9,3.0,31.0,24.8,12.72,36917.88,33576.51,10.0,0.0,0.0,2.42,0.0,14.0,10.2,75.0,,,,14.4,7.9,31.0,6.1,3.6
2023-01-03 00:00:00+00:00,14.7,0.3,15.6,13.5,9.1,20.9,19.4,51.0,13.0,28.8,11.88,36949.29,32287.09,7.7,2.0,0.3,2.13,0.0,17.0,10.5,77.0,,,,18.1,9.6,13.0,9.7,4.1
2023-01-04 00:00:00+00:00,15.4,1.2,14.8,14.5,11.4,20.4,18.1,53.0,341.0,28.8,10.69,36983.26,33810.34,11.2,5.0,1.2,2.1,0.0,41.0,10.8,77.0,,,,15.8,8.1,341.0,6.1,2.3
2023-01-05 00:00:00+00:00,15.0,0.0,12.2,13.6,9.0,20.0,17.7,3.0,254.0,25.9,12.38,37019.71,33849.3,7.2,0.0,0.0,2.36,0.0,18.0,8.8,69.0,,,,14.1,7.4,254.0,4.7,1.4
2023-01-06 00:00:00+00:00,15.8,0.0,12.9,13.6,12.0,20.7,18.0,3.0,221.0,24.5,10.81,37058.56,31939.32,9.7,0.0,0.0,2.53,0.0,44.0,6.7,57.0,,,,16.5,9.2,221.0,8.3,4.5
2023-01-07 00:00:00+00:00,16.2,0.0,9.9,15.0,11.4,20.7,19.1,3.0,206.0,19.4,10.42,37099.76,27118.32,10.2,0.0,0.0,2.12,0.0,58.0,8.6,63.0,,,,12.5,6.4,206.0,6.5,1.1
2023-01-08 00:00:00+00:00,16.1,0.4,14.6,14.6,12.9,20.3,17.8,51.0,246.0,28.4,11.41,37143.22,32747.34,10.9,1.0,0.4,2.43,0.0,36.0,8.4,63.0,,,,14.4,7.5,246.0,2.9,1.0
2023-01-09 00:00:00+00:00,14.0,2.5,10.7,12.7,10.7,18.6,17.9,55.0,196.0,23.0,8.23,37188.88,20056.36,8.9,5.0,2.5,1.57,0.0,50.0,9.5,75.0,,,,15.0,8.3,196.0,11.5,3.4
2023-01-10 00:00:00+00:00,15.1,0.0,7.1,14.2,10.3,20.3,19.1,0.0,181.0,14.0,13.4,37236.64,34145.28,9.0,0.0,0.0,2.17,0.0,0.0,8.7,67.0,,,,8.6,4.1,181.0,2.2,1.5
2023-01-11 00:00:00+00:00,14.8,0.0,14.0,12.4,9.7,19.7,17.4,3.0,187.0,26.3,11.97,37286.46,34199.96,6.8,0.0,0.0,2.69,0.0,52.0,5.9,56.0,,,,16.7,10.1,187.0,4.0,2.9
2023-01-12 00:00:00+00:00,14.1,0.0,19.4,10.7,10.2,19.2,15.6,3.0,209.0,36.0,12.28,37338.25,32837.8,7.1,0.0,0.0,3.17,0.0,26.0,3.9,51.0,,,,23.8,13.9,209.0,14.0,7.9
2023-01-13 00:00:00+00:00,14.2,0.0,20.5,10.8,9.1,19.4,15.4,3.0,212.0,35.6,11.72,37391.95,30610.93,5.6,0.0,0.0,3.12,0.0,49.0,4.3,53.0,,,,23.8,14.2,212.0,14.4,8.9
2023-01-14 00:00:00+00:00,15.1,0.5,16.8,12.3,10.4,19.4,16.1,51.0,226.0,30.6,11.49,37447.47,32006.99,7.4,2.0,0.5,2.86,0.0,49.0,5.8,55.0,,,,21.3,12.2,226.0,10.8,5.1
2023-01-15 00:00:00+00:00,14.9,0.0,16.3,12.5,9.7,19.5,15.9,3.0,208.0,30.2,12.14,37504.76,30716.07,7.2,0.0,0.0,2.71,0.0,48.0,6.4,60.0,,,,18.5,10.6,208.0,7.9,4.5
2023-01-16 00:00:00+00:00,14.6,0.4,16.6,11.5,11.5,17.6,14.3,51.0,202.0,33.5,10.92,37563.73,32923.36,7.6,3.0,0.4,2.85,0.0,59.0,4.7,52.0,,,,21.7,12.3,202.0,10.4,5.5
2023-01-17 00:00:00+00:00,13.8,0.0,10.4,11.6,7.8,19.0,17.4,0.0,169.0,21.2,13.89,37624.32,34569.19,5.2,0.0,0.0,2.52,0.0,0.0,5.4,59.0,,,,13.0,7.2,169.0,7.9,2.6
2023-01-18 00:00:00+00:00,15.2,0.0,16.9,12.2,8.9,21.9,18.1,0.0,65.0,29.5,14.44,37686.53,34637.04,6.0,0.0,0.0,3.49,0.0,0.0,4.5,52.0,,,,20.1,11.9,65.0,8.3,4.3
2023-01-19 00:00:00+00:00,16.1,0.0,16.8,13.1,10.2,22.9,18.9,0.0,59.0,31.3,14.55,37751.04,34707.47,7.7,0.0,0.0,3.6,0.0,0.0,5.6,56.0,,,,23.7,14.0,59.0,16.2,10.5
2023-01-20 00:00:00+00:00,15.2,0.0,14.5,12.5,7.7,22.3,19.4,0.0,219.0,23.8,14.68,37817.92,34780.43,5.0,0.0,0.0,3.24,0.0,0.0,2.9,47.0,,,,15.1,8.2,219.0,8.3,4.8
2023-01-21 00:00:00+00:00,14.8,0.0,11.1,12.8,9.6,20.8,18.3,0.0,36.0,22.7,14.59,37887.08,34855.76,7.8,0.0,0.0,2.86,0.0,1.0,6.3,59.0,,,,13.8,7.6,36.0,6.8,4.1
2023-01-22 00:00:00+00:00,15.6,0.0,15.9,13.5,10.3,21.8,18.9,0.0,31.0,29.9,14.63,37958.37,34933.35,9.1,0.0,0.0,3.17,0.0,2.0,7.4,61.0,,,,17.9,9.8,31.0,5.4,3.0
2023-01-23 00:00:00+00:00,16.4,0.0,20.4,14.5,10.6,23.0,20.1,3.0,39.0,35.6,13.24,38031.7,31840.52,9.3,0.0,0.0,3.02,0.0,25.0,10.4,71.0,,,,23.3,13.5,39.0,10.8,6.6
2023-01-24 00:00:00+00:00,17.5,0.0,20.9,15.7,13.6,23.7,20.4,3.0,25.0,35.3,12.53,38106.93,29652.23,12.8,0.0,0.0,3.11,0.0,46.0,11.4,72.0,,,,26.9,15.7,25.0,18.4,10.9
2023-01-25 00:00:00+00:00,16.3,0.0,18.5,14.4,11.6,22.4,19.0,3.0,31.0,32.8,13.96,38183.96,28911.87,10.8,0.0,0.0,3.16,0.0,34.0,9.9,71.0,,,,23.5,13.5,31.0,14.0,8.3
2023-01-26 00:00:00+00:00,16.3,0.0,20.9,13.4,10.8,22.9,18.8,0.0,66.0,36.7,15.17,38262.69,35193.3,8.7,0.0,0.0,3.75,0.0,0.0,6.6,59.0,,,,25.4,15.0,66.0,16.9,10.9
2023-01-27 00:00:00+00:00,19.4,0.0,35.2,14.1,12.3,26.8,20.6,3.0,181.0,57.2,11.18,38342.98,28320.5,7.4,0.0,0.0,6.12,0.0,50.0,-0.8,28.0,,,,35.0,21.2,181.0,15.1,8.6
2023-01-28 00:00:00+00:00,20.4,0.0,19.2,16.3,15.7,24.7,21.5,3.0,206.0,34.2,14.9,38424.73,34557.13,11.7,0.0,0.0,5.57,0.0,75.0,0.9,28.0,,,,26.9,15.2,206.0,19.4,8.1
2023-01-29 00:00:00+00:00,17.6,0.0,20.4,14.2,13.3,22.7,18.4,3.0,44.0,36.4,12.42,38507.84,30808.13,11.0,0.0,0.0,4.1,0.0,66.0,5.8,49.0,,,,27.5,16.4,44.0,22.3,13.8
2023-01-30 00:00:00+00:00,15.1,0.0,18.9,12.5,8.8,21.2,18.0,1.0,334.0,35.6,15.36,38592.21,35324.17,7.1,0.0,0.0,3.41,0.0,3.0,4.9,56.0,,,,19.2,10.2,334.0,7.9,3.1
2023-01-31 00:00:00+00:00,14.4,0.0,22.0,10.3,10.3,18.6,14.3,1.0,249.0,38.5,14.63,38677.71,35360.31,6.0,0.0,0.0,3.86,0.0,14.0,2.5,45.0,,,,27.9,16.4,249.0,16.2,10.8
2023-02-01 00:00:00+00:00,13.7,0.1,33.5,9.3,10.5,17.9,11.7,51.0,252.0,56.2,13.4,38764.26,28774.03,5.8,1.0,0.1,3.7,0.0,25.0,3.2,49.0,,,,33.9,20.0,252.0,19.8,10.6
2023-02-02 00:00:00+00:00,12.5,0.0,17.1,9.6,7.6,17.0,13.9,3.0,273.0,29.5,8.71,38851.75,15994.62,4.9,0.0,0.0,2.18,0.0,61.0,4.0,58.0,,,,17.4,9.8,273.0,10.4,5.6
2023-02-03 00:00:00+00:00,14.0,0.0,10.6,11.8,9.6,18.3,15.4,3.0,272.0,21.6,11.74,38940.07,28152.34,8.0,0.0,0.0,2.47,0.0,48.0,4.7,56.0,,,,12.4,6.2,272.0,2.9,1.5
2023-02-04 00:00:00+00:00,13.9,0.0,17.9,10.4,8.2,19.5,15.6,3.0,248.0,33.1,14.11,39029.14,35517.26,4.5,0.0,0.0,3.46,0.0,33.0,1.2,42.0,,,,19.9,11.0,248.0,9.4,5.3
2023-02-05 00:00:00+00:00,14.1,0.0,23.5,9.8,8.4,19.8,15.3,3.0,208.0,40.0,15.97,39118.85,35184.55,4.5,0.0,0.0,4.24,0.0,38.0,1.4,45.0,,,,27.9,16.9,208.0,7.6,2.8
2023-02-06 00:00:00+00:00,13.1,0.0,27.3,8.1,10.6,16.2,11.0,3.0,252.0,46.4,14.45,39209.11,28402.61,5.5,0.0,0.0,3.99,0.0,31.0,1.9,47.0,,,,38.0,22.5,252.0,22.7,13.3
2023-02-07 00:00:00+00:00,11.7,0.0,24.0,8.0,7.2,16.3,11.3,3.0,272.0,41.0,12.97,39299.92,28446.9,3.9,0.0,0.0,2.92,0.0,27.0,3.1,57.0,,,,26.3,14.9,272.0,16.2,8.2
2023-02-08 00:00:00+00:00,11.2,0.0,17.1,8.6,5.9,15.8,12.7,3.0,308.0,28.1,10.53,39392.12,25165.54,3.6,0.0,0.0,2.12,0.0,46.0,4.0,63.0,,,,16.3,8.2,308.0,9.0,4.4
2023-02-09 00:00:00+00:00,11.5,0.0,11.9,8.4,5.7,16.1,13.0,3.0,58.0,25.9,15.08,39485.88,30823.35,2.7,0.0,0.0,2.9,0.0,22.0,1.1,52.0,,,,15.5,8.5,58.0,9.7,3.8
2023-02-10 00:00:00+00:00,12.8,0.0,18.9,9.4,6.9,18.6,15.3,0.0,55.0,29.9,16.76,39581.06,35789.56,3.8,0.0,0.0,3.45,0.0,1.0,3.1,54.0,,,,22.2,12.7,55.0,15.5,8.9
2023-02-11 00:00:00+00:00,12.4,0.8,22.3,9.7,8.6,17.9,15.1,53.0,34.0,42.8,14.06,39677.56,31257.8,5.9,3.0,0.8,2.55,0.0,30.0,6.9,72.0,,,,24.0,13.2,34.0,14.4,8.3
2023-02-12 00:00:00+00:00,11.8,0.0,14.6,9.2,6.4,17.8,14.0,3.0,354.0,29.5,14.18,39775.29,28692.48,4.2,0.0,0.0,2.75,0.0,41.0,4.7,67.0,,,,17.8,9.6,354.0,9.7,2.3
2023-02-13 00:00:00+00:00,12.5,0.0,16.8,9.8,7.0,17.8,14.5,3.0,9.0,27.0,14.48,39874.12,30306.53,5.1,0.0,0.0,2.98,0.0,29.0,3.7,59.0,,,,17.0,9.1,9.0,5.0,2.6
2023-02-14 00:00:00+00:00,11.5,0.0,15.1,9.1,6.4,17.4,13.8,3.0,357.0,32.0,13.89,39973.97,36000.0,4.4,0.0,0.0,2.51,0.0,24.0,5.1,69.0,,,,16.9,8.6,357.0,5.8,3.3
2023-02-15 00:00:00+00:00,12.0,0.0,11.5,10.0,7.4,17.0,14.1,3.0,312.0,22.7,13.81,40074.72,33773.58,5.9,0.0,0.0,2.53,0.0,36.0,5.7,69.0,,,,13.9,6.8,312.0,5.0,1.9
2023-02-16 00:00:00+00:00,13.2,0.0,16.1,10.8,8.5,18.5,14.8,3.0,312.0,28.4,12.78,40176.28,30680.53,6.8,0.0,0.0,2.63,0.0,24.0,4.9,60.0,,,,15.7,8.1,312.0,5.4,2.9
2023-02-17 00:00:00+00:00,13.6,0.0,22.5,10.4,7.7,19.4,14.9,3.0,39.0,39.2,14.83,40278.55,34092.57,5.5,0.0,0.0,3.38,0.0,24.0,5.8,63.0,,,,25.6,15.0,39.0,11.9,7.2
2023-02-18 00:00:00+00:00,13.5,0.0,23.7,10.1,7.3,20.0,16.2,0.0,37.0,41.4,17.85,40381.43,36030.52,4.5,0.0,0.0,3.83,0.0,0.0,4.8,59.0,,,,27.8,16.1,37.0,16.6,7.7
2023-02-19 00:00:00+00:00,14.1,0.0,21.9,10.9,7.9,20.8,17.3,1.0,33.0,39.6,17.37,40484.82,36121.1,5.5,0.0,0.0,3.67,0.0,7.0,6.3,63.0,,,,27.3,15.9,33.0,16.9,10.5
2023-02-20 00:00:00+00:00,14.3,0.0,17.8,11.6,8.5,20.3,17.9,1.0,10.0,33.5,17.39,40588.64,36114.5,6.5,0.0,0.0,3.51,0.0,12.0,6.8,65.0,,,,24.2,13.4,10.0,14.8,8.8
2023-02-21 00:00:00+00:00,15.4,0.0,16.1,13.1,10.5,20.5,17.9,3.0,17.0,28.8,15.13,40692.8,33942.07,8.4,0.0,0.0,3.24,0.0,51.0,5.8,54.0,,,,17.7,9.2,17.0,5.4,2.4
2023-02-22 00:00:00+00:00,15.2,0.0,14.1,13.4,10.2,20.0,17.6,3.0,8.0,25.9,14.72,40797.19,35580.82,8.7,0.0,0.0,2.9,0.0,27.0,7.2,60.0,,,,15.4,7.7,8.0,5.4,2.2
2023-02-23 00:00:00+00:00,15.9,0.0,12.5,14.6,10.9,19.9,17.5,3.0,329.0,24.8,11.87,40901.72,26160.26,10.1,0.0,0.0,2.54,0.0,61.0,8.7,65.0,,,,14.3,7.2,329.0,4.7,1.6
2023-02-24 00:00:00+00:00,16.0,0.0,11.7,14.5,10.4,20.9,19.3,3.0,352.0,23.4,14.19,41006.32,31246.27,9.5,0.0,0.0,2.97,0.0,27.0,7.8,61.0,,,,13.9,6.9,352.0,4.3,1.8
2023-02-25 00:00:00+00:00,16.8,0.0,11.5,15.0,11.3,22.4,20.5,1.0,26.0,24.1,17.22,41110.89,36408.82,9.9,0.0,0.0,3.62,0.0,9.0,6.4,53.0,,,,14.8,7.3,26.0,5.8,0.7
2023-02-26 00:00:00+00:00,17.4,0.0,17.5,15.0,11.6,23.2,20.3,0.0,61.0,29.2,19.2,41215.35,36518.18,9.5,0.0,0.0,4.33,0.0,0.0,6.6,53.0,,,,21.8,12.4,61.0,14.8,7.3
2023-02-27 00:00:00+00:00,18.8,0.0,18.5,16.3,11.4,27.1,23.8,3.0,61.0,33.8,19.64,41319.69,36630.51,9.2,0.0,0.0,4.83,0.0,8.0,7.8,56.0,,,,26.8,15.6,61.0,21.2,12.4
2023-02-28 00:00:00+00:00,21.8,0.0,14.1,19.9,12.3,30.9,29.2,0.0,38.0,22.0,19.59,41424.74,36629.5,10.7,0.0,0.0,4.33,0.0,0.0,4.9,44.0,,,,15.1,7.4,38.0,7.2,0.7
2023-03-01 00:00:00+00:00,23.8,0.0,13.7,20.2,16.2,31.5,28.6,0.0,197.0,24.5,19.82,41530.67,36745.7,11.6,0.0,0.0,5.78,0.0,0.0,-3.2,18.0,,,,16.1,9.0,197.0,6.5,3.3
2023-03-02 00:00:00+00:00,25.8,0.0,32.2,20.6,17.3,34.8,28.8,0.0,197.0,51.8,19.99,41637.39,36864.49,12.5,0.0,0.0,8.82,0.0,0.0,-5.4,14.0,,,,29.2,17.9,197.0,6.1,5.2
2023-03-03 00:00:00+00:00,21.4,0.0,16.5,20.1,14.5,28.0,26.4,0.0,292.0,29.9,19.76,41744.8,36865.04,14.1,0.0,0.0,4.7,0.0,0.0,8.3,47.0,,,,16.9,7.7,292.0,6.1,2.1
2023-03-04 00:00:00+00:00,22.6,0.0,16.8,19.6,14.6,30.5,27.4,0.0,61.0,29.5,20.15,41852.85,36987.21,12.4,0.0,0.0,6.19,0.0,0.0,4.8,38.0,,,,23.7,13.8,61.0,17.3,10.9
2023-03-05 00:00:00+00:00,25.4,0.0,30.3,20.8,17.7,34.8,28.7,1.0,211.0,51.1,20.38,41961.43,37111.7,13.9,0.0,0.0,8.46,0.0,7.0,-0.5,22.0,,,,33.2,19.2,211.0,14.4,7.0
2023-03-06 00:00:00+00:00,18.3,0.0,16.2,16.5,12.8,23.3,21.4,3.0,342.0,31.0,20.0,42070.48,37018.48,12.4,0.0,0.0,4.52,0.0,15.0,8.0,56.0,,,,20.7,11.1,342.0,6.8,1.3
2023-03-07 00:00:00+00:00,16.8,0.0,17.6,14.5,10.6,22.5,19.6,3.0,30.0,29.9,17.69,42179.91,36862.65,9.2,0.0,0.0,4.04,0.0,64.0,6.7,55.0,,,,20.8,11.3,30.0,10.4,4.9
2023-03-08 00:00:00+00:00,17.5,0.0,15.9,15.5,10.9,24.1,21.8,2.0,6.0,29.2,20.24,42289.64,37348.73,9.3,0.0,0.0,4.34,0.0,9.0,5.7,51.0,,,,17.6,8.6,6.0,7.9,4.3
2023-03-09 00:00:00+00:00,19.8,0.0,22.3,16.8,11.6,26.4,24.9,2.0,82.0,34.9,20.02,42399.59,37572.01,8.8,0.0,0.0,5.34,0.0,17.0,2.0,35.0,,,,19.3,10.2,82.0,9.7,1.3
2023-03-10 00:00:00+00:00,22.6,0.0,20.8,19.2,14.7,28.7,26.5,0.0,142.0,33.5,21.21,42509.7,37932.14,11.9,0.0,0.0,6.06,0.0,0.0,-0.2,24.0,,,,20.8,10.7,142.0,9.0,2.9
2023-03-11 00:00:00+00:00,20.9,0.0,14.2,19.5,14.7,27.7,26.3,3.0,293.0,27.0,21.19,42619.87,37646.41,14.5,0.0,0.0,4.91,0.0,26.0,7.1,46.0,,,,15.2,6.8,293.0,2.5,0.8
2023-03-12 00:00:00+00:00,22.4,0.0,26.1,19.3,15.4,30.0,25.7,1.0,202.0,44.6,20.97,42730.04,38150.63,12.8,0.0,0.0,6.61,0.0,4.0,6.1,39.0,,,,28.1,16.4,202.0,14.8,8.7
2023-03-13 00:00:00+00:00,21.5,0.0,23.4,19.1,16.6,27.9,24.7,2.0,241.0,40.7,20.28,42840.12,38150.63,14.1,0.0,0.0,5.72,0.0,6.0,8.9,48.0,,,,28.2,16.1,241.0,8.6,6.1
2023-03-14 00:00:00+00:00,17.2,0.5,20.0,15.3,13.6,21.4,18.9,51.0,312.0,36.0,18.63,42950.06,37896.99,13.0,4.0,0.5,3.96,0.0,36.0,9.1,62.0,,,,23.6,12.6,312.0,11.9,5.4
2023-03-15 00:00:00+00:00,16.4,0.0,16.4,14.0,10.6,22.0,18.8,3.0,238.0,32.0,19.87,43059.75,38792.87,8.5,0.0,0.0,4.14,0.0,10.0,5.5,53.0,,,,19.5,10.6,238.0,10.4,5.8
2023-03-16 00:00:00+00:00,19.5,0.0,21.0,15.6,12.0,26.6,22.2,0.0,194.0,38.2,22.29,43169.14,39437.6,8.4,0.0,0.0,6.24,0.0,0.0,0.7,32.0,,,,24.8,14.7,194.0,11.5,8.7
2023-03-17 00:00:00+00:00,19.9,0.0,19.1,17.4,12.8,25.3,23.2,0.0,219.0,30.6,21.79,43278.14,39174.02,11.2,0.0,0.0,5.47,0.0,3.0,4.3,40.0,,,,21.1,10.6,219.0,6.8,2.9
2023-03-18 00:00:00+00:00,17.1,0.0,25.2,14.5,11.7,21.8,17.3,3.0,278.0,43.6,17.86,43386.68,36932.0,10.6,0.0,0.0,4.24,0.0,19.0,7.1,56.0,,,,25.1,13.9,278.0,6.1,5.0
2023-03-19 00:00:00+00:00,16.2,0.0,25.4,13.4,11.0,21.5,17.7,3.0,275.0,44.3,18.0,43494.76,35419.83,9.4,0.0,0.0,4.23,0.0,22.0,6.9,57.0,,,,26.4,14.9,275.0,11.2,6.0
2023-03-20 00:00:00+00:00,16.0,0.0,24.8,13.2,11.5,20.2,16.7,3.0,287.0,41.8,11.79,43603.14,23966.58,9.3,0.0,0.0,3.23,0.0,53.0,7.6,59.0,,,,26.5,15.1,287.0,14.0,8.4
2023-03-21 00:00:00+00:00,18.5,0.0,10.2,17.5,13.0,23.7,23.3,2.0,296.0,21.6,21.23,43711.97,39886.46,12.2,0.0,0.0,4.04,0.0,15.0,8.4,55.0,,,,13.5,5.7,296.0,4.7,1.8
2023-03-22 00:00:00+00:00,20.5,0.0,13.5,18.4,13.1,26.2,26.3,3.0,94.0,21.6,19.01,43821.19,31805.44,11.7,0.0,0.0,4.86,0.0,66.0,5.7,43.0,,,,18.1,9.3,94.0,9.4,2.7
2023-03-23 00:00:00+00:00,23.1,0.0,19.5,20.2,18.7,28.6,25.6,3.0,57.0,30.6,11.64,43930.73,15802.05,16.2,0.0,0.0,4.4,0.0,85.0,3.1,28.0,,,,16.7,9.0,57.0,5.4,2.5
2023-03-24 00:00:00+00:00,24.4,0.1,24.1,21.7,16.5,33.3,30.0,51.0,49.0,39.6,18.8,44040.5,36894.79,14.0,1.0,0.1,6.18,0.0,57.0,5.1,32.0,,,,23.4,12.0,49.0,7.6,3.3
2023-03-25 00:00:00+00:00,19.5,5.9,21.9,18.3,16.4,24.1,22.4,61.0,2.0,56.2,16.92,44150.45,35285.33,15.5,8.0,5.9,3.85,0.0,73.0,12.5,65.0,,,,29.2,14.7,2.0,14.8,5.1
2023-03-26 00:00:00+00:00,17.6,0.0,15.0,16.8,13.1,22.5,21.1,3.0,277.0,28.8,20.74,44260.5,34793.29,12.9,0.0,0.0,4.0,0.0,30.0,10.8,68.0,,,,18.7,9.7,277.0,10.4,4.4
2023-03-27 00:00:00+00:00,19.1,0.0,16.8,17.8,13.9,24.8,22.6,0.0,271.0,32.8,23.41,44370.59,41361.7,13.3,0.0,0.0,4.84,0.0,0.0,8.1,52.0,,,,16.5,8.3,271.0,3.6,1.1
2023-03-28 00:00:00+00:00,21.7,0.0,15.3,19.0,13.2,30.2,26.9,0.0,203.0,31.0,23.46,44480.64,41703.33,10.6,0.0,0.0,6.24,0.0,0.0,3.9,39.0,,,,20.6,11.7,203.0,9.7,7.2
2023-03-29 00:00:00+00:00,18.4,0.0,23.9,16.0,13.8,24.4,21.8,2.0,329.0,38.5,23.28,44590.59,41812.25,10.6,0.0,0.0,5.31,0.0,7.0,7.2,51.0,,,,25.3,13.6,329.0,7.9,2.8
2023-03-30 00:00:00+00:00,15.7,0.0,23.7,11.6,12.7,21.1,17.0,3.0,337.0,43.2,18.91,44700.36,30632.15,8.5,0.0,0.0,5.07,0.0,53.0,2.4,42.0,,,,31.9,18.0,337.0,17.6,9.6
2023-03-31 00:00:00+00:00,15.6,0.0,17.7,12.7,9.6,21.5,19.2,2.0,343.0,33.1,22.27,44809.88,42029.01,7.5,0.0,0.0,4.83,0.0,16.0,2.8,45.0,,,,21.6,10.9,343.0,7.2,2.3
2023-04-01 00:00:00+00:00,17.4,0.0,17.7,15.2,11.0,23.8,21.5,0.0,33.0,28.1,23.68,44919.07,42136.72,9.1,0.0,0.0,4.87,0.0,0.0,4.3,45.0,,,,16.8,8.1,33.0,5.4,1.5
2023-04-02 00:00:00+00:00,21.1,0.0,16.5,18.5,12.0,28.1,25.7,0.0,65.0,27.7,23.93,45027.88,42243.91,9.7,0.0,0.0,5.9,0.0,0.0,2.9,36.0,,,,18.6,9.3,65.0,9.4,1.1
2023-04-03 00:00:00+00:00,23.6,0.0,15.6,20.5,13.8,31.6,28.6,0.0,147.0,27.0,24.45,45136.21,42350.48,11.0,0.0,0.0,6.65,0.0,0.0,-0.3,25.0,,,,18.2,9.3,147.0,9.7,2.3
2023-04-04 00:00:00+00:00,25.1,0.0,29.8,20.3,18.9,32.4,26.8,0.0,213.0,50.8,24.6,45244.0,42456.37,13.9,0.0,0.0,9.07,0.0,0.0,-2.5,17.0,,,,31.4,18.3,213.0,19.1,11.6
2023-04-05 00:00:00+00:00,21.0,0.0,18.7,18.5,14.8,26.9,26.2,0.0,2.0,34.9,24.15,45351.17,42561.52,11.9,0.0,0.0,6.09,0.0,0.0,4.2,35.0,,,,20.4,10.4,2.0,8.6,3.3
2023-04-06 00:00:00+00:00,21.2,0.0,13.8,19.0,13.8,27.5,25.5,3.0,63.0,27.0,24.04,45457.65,41293.69,11.7,0.0,0.0,5.98,0.0,20.0,5.8,41.0,,,,20.6,10.9,63.0,10.8,7.0
2023-04-07 00:00:00+00:00,25.9,0.0,28.8,21.3,18.4,35.1,30.3,2.0,198.0,48.2,23.75,45563.35,42769.28,12.9,0.0,0.0,9.27,0.0,9.0,0.4,21.0,,,,33.7,19.7,198.0,15.8,9.2
2023-04-08 00:00:00+00:00,25.9,0.0,23.1,23.4,15.0,36.7,33.6,3.0,56.0,38.2,23.98,45668.28,42789.66,13.6,0.0,0.0,7.44,0.0,43.0,7.0,38.0,,,,28.6,15.5,56.0,20.9,8.3
2023-04-09 00:00:00+00:00,26.2,0.0,25.5,23.9,18.6,35.2,31.5,3.0,352.0,41.4,12.4,45773.16,7126.17,17.3,0.0,0.0,5.65,0.0,94.0,8.2,36.0,,,,25.4,13.1,352.0,9.0,3.2
2023-04-10 00:00:00+00:00,24.1,0.0,30.3,22.1,18.1,30.7,30.1,3.0,332.0,50.0,23.49,45878.12,42923.64,15.8,0.0,0.0,6.96,0.0,28.0,11.6,47.0,,,,34.8,19.0,332.0,17.6,7.2
2023-04-11 00:00:00+00:00,18.8,0.2,22.1,16.5,13.6,23.9,20.2,51.0,291.0,39.6,19.65,45983.11,33934.34,12.8,1.0,0.2,4.87,0.0,44.0,7.3,52.0,,,,24.8,12.8,291.0,8.3,4.8
2023-04-12 00:00:00+00:00,16.2,1.7,26.5,13.1,11.3,20.5,16.3,55.0,278.0,46.8,19.71,46088.05,42040.41,9.5,6.0,1.7,4.31,0.0,35.0,6.9,57.0,,,,31.1,16.5,278.0,10.4,4.0
2023-04-13 00:00:00+00:00,18.7,0.0,17.7,16.2,12.2,24.9,22.3,0.0,241.0,33.8,24.6,46192.86,43030.05,9.7,0.0,0.0,5.55,0.0,0.0,5.9,47.0,,,,22.9,12.8,241.0,11.9,6.1
2023-04-14 00:00:00+00:00,21.4,0.0,19.6,19.8,13.5,28.2,27.2,3.0,67.0,34.6,22.77,46297.49,40447.34,12.9,0.0,0.0,5.43,0.0,54.0,7.9,48.0,,,,19.8,9.6,67.0,7.2,2.2
2023-04-15 00:00:00+00:00,22.6,0.0,23.7,20.3,16.0,29.6,27.1,3.0,45.0,37.4,23.45,46401.84,43100.99,14.4,0.0,0.0,6.47,0.0,33.0,7.7,44.0,,,,26.3,14.4,45.0,17.6,10.0
2023-04-16 00:00:00+00:00,22.7,0.0,22.4,20.7,13.8,31.0,28.6,2.0,42.0,39.6,25.32,46505.86,43136.47,12.9,0.0,0.0,6.42,0.0,4.0,7.4,47.0,,,,23.6,12.6,42.0,15.5,9.2
2023-04-17 00:00:00+00:00,26.8,0.0,17.7,24.3,17.3,35.2,33.7,0.0,64.0,32.0,25.64,46609.46,43171.97,14.9,0.0,0.0,6.45,0.0,0.0,-0.1,22.0,,,,15.3,6.5,64.0,6.8,1.9
2023-04-18 00:00:00+00:00,30.0,0.0,17.7,26.5,21.7,37.3,35.3,2.0,174.0,27.7,25.33,46712.56,43200.0,17.1,0.0,0.0,8.41,0.0,13.0,-0.7,15.0,,,,21.9,11.5,174.0,10.4,1.5
2023-04-19 00:00:00+00:00,26.8,0.0,23.9,24.5,21.0,34.2,34.9,3.0,9.0,38.9,17.88,46815.1,27397.21,17.8,0.0,0.0,6.73,0.0,63.0,7.5,30.0,,,,25.2,13.6,9.0,10.4,3.6
2023-04-20 00:00:00+00:00,21.1,0.0,20.2,19.2,16.7,26.5,25.6,3.0,349.0,33.5,25.02,46916.98,39600.0,15.6,0.0,0.0,6.17,0.0,20.0,9.3,50.0,,,,28.1,15.3,349.0,22.7,10.9
2023-04-21 00:00:00+00:00,20.4,0.0,24.3,18.5,14.2,26.2,25.0,3.0,36.0,38.5,23.64,47018.14,37292.44,13.2,0.0,0.0,5.75,0.0,27.0,8.9,51.0,,,,25.4,13.9,36.0,14.0,9.0
2023-04-22 00:00:00+00:00,21.6,0.0,24.5,19.0,14.6,29.6,26.3,3.0,49.0,40.3,25.33,47118.48,41078.12,13.1,0.0,0.0,6.87,0.0,38.0,9.3,51.0,,,,33.7,19.7,49.0,24.5,14.8
2023-04-23 00:00:00+00:00,22.6,0.0,22.9,19.9,16.2,29.6,25.8,3.0,49.0,37.8,19.65,47217.93,33373.22,14.8,0.0,0.0,6.34,0.0,87.0,9.7,50.0,,,,33.1,19.5,49.0,29.2,17.1
2023-04-24 00:00:00+00:00,23.4,0.0,21.0,21.1,15.4,31.8,29.4,3.0,33.0,36.7,25.52,47316.39,39600.0,14.7,0.0,0.0,7.18,0.0,11.0,8.5,47.0,,,,29.6,16.8,33.0,23.8,13.3
2023-04-25 00:00:00+00:00,24.3,0.0,19.2,22.1,16.1,31.3,29.7,0.0,33.0,36.4,25.91,47413.79,43200.0,14.5,0.0,0.0,7.28,0.0,0.0,6.5,35.0,,,,23.6,12.4,33.0,9.7,6.0
2023-04-26 00:00:00+00:00,25.4,0.0,26.8,23.3,18.5,31.6,31.6,1.0,44.0,45.0,26.0,47510.03,43200.0,16.7,0.0,0.0,7.15,0.0,3.0,5.8,31.0,,,,21.7,10.5,44.0,8.3,0.7
2023-04-27 00:00:00+00:00,26.1,0.0,24.0,23.3,19.6,33.9,30.5,1.0,316.0,42.1,25.05,47605.02,43200.0,17.1,0.0,0.0,8.06,0.0,7.0,5.3,29.0,,,,26.4,14.2,316.0,8.3,3.4
2023-04-28 00:00:00+00:00,21.0,0.0,22.2,19.3,16.0,26.3,25.0,3.0,319.0,38.5,24.29,47698.76,43200.0,15.3,0.0,0.0,5.97,0.0,12.0,9.4,51.0,,,,25.2,13.5,319.0,9.7,5.9
2023-04-29 00:00:00+00:00,19.2,0.0,21.6,16.4,13.9,24.9,21.5,1.0,303.0,42.8,24.63,47791.91,43200.0,12.5,0.0,0.0,5.93,0.0,15.0,6.5,47.0,,,,27.7,15.0,303.0,11.2,7.1
2023-04-30 00:00:00+00:00,19.5,0.0,18.0,17.4,13.3,25.1,23.0,3.0,317.0,31.7,24.51,47884.62,43200.0,11.8,0.0,0.0,5.53,0.0,14.0,6.2,44.0,,,,20.4,10.1,317.0,5.4,1.8
2023-05-01 00:00:00+00:00,20.7,0.0,25.0,18.5,13.8,27.7,24.9,0.0,40.0,40.7,26.56,47976.81,43200.0,12.2,0.0,0.0,6.34,0.0,0.0,6.0,43.0,,,,23.0,12.0,40.0,13.0,7.9
2023-05-02 00:00:00+00:00,22.2,0.0,24.1,19.8,15.0,29.6,27.7,0.0,50.0,38.5,26.26,48068.39,43200.0,13.6,0.0,0.0,7.05,0.0,0.0,8.8,47.0,,,,30.0,17.0,50.0,19.4,12.2
2023-05-03 00:00:00+00:00,23.5,0.0,22.9,20.5,15.8,31.2,27.9,0.0,50.0,41.0,26.48,48159.31,43200.0,14.2,0.0,0.0,7.91,0.0,0.0,7.3,42.0,,,,33.6,19.5,50.0,25.9,15.6
2023-05-04 00:00:00+00:00,25.9,0.0,21.2,23.6,15.8,35.2,32.4,2.0,54.0,37.8,26.84,48249.47,43200.0,14.6,0.0,0.0,7.89,0.0,8.0,8.5,42.0,,,,28.9,16.5,54.0,18.0,11.1
2023-05-05 00:00:00+00:00,26.5,0.0,26.9,22.9,21.6,30.3,27.0,0.0,240.0,46.8,26.94,48338.81,43200.0,19.7,0.0,0.0,8.99,0.0,0.0,4.7,26.0,,,,32.9,18.7,240.0,16.2,8.4
2023-05-06 00:00:00+00:00,23.4,0.0,26.5,21.6,17.1,29.6,25.6,2.0,266.0,45.4,21.82,48427.23,43273.02,17.1,0.0,0.0,6.22,0.0,16.0,9.3,45.0,,,,24.0,12.5,266.0,4.3,1.8
2023-05-07 00:00:00+00:00,22.0,0.0,19.7,20.9,15.9,27.8,26.0,2.0,291.0,35.3,22.58,48514.65,40228.15,16.3,0.0,0.0,5.58,0.0,23.0,11.0,53.0,,,,22.1,11.5,291.0,5.8,3.3
2023-05-08 00:00:00+00:00,21.8,0.0,21.0,20.7,15.6,27.0,25.3,3.0,349.0,35.6,20.22,48601.0,38254.54,15.8,0.0,0.0,5.07,0.0,27.0,10.9,53.0,,,,20.6,10.7,349.0,8.3,4.6
2023-05-09 00:00:00+00:00,22.7,0.0,22.4,21.8,15.9,28.6,27.9,3.0,46.0,40.3,27.03,48686.17,43367.9,16.0,0.0,0.0,6.1,0.0,16.0,10.8,51.0,,,,22.2,11.0,46.0,10.1,4.8
2023-05-10 00:00:00+00:00,24.7,0.0,27.2,23.6,16.2,33.0,32.3,3.0,45.0,45.4,27.4,48770.1,43361.82,15.8,0.0,0.0,6.87,0.0,27.0,10.9,50.0,,,,26.0,13.6,45.0,18.7,6.0
2023-05-11 00:00:00+00:00,28.0,0.1,29.6,25.9,18.3,38.6,35.0,51.0,207.0,57.6,25.01,48852.69,39755.69,17.8,1.0,0.1,8.63,0.0,41.0,8.3,39.0,,,,31.0,16.0,207.0,18.0,6.6
2023-05-12 00:00:00+00:00,25.3,0.0,23.2,24.1,19.2,32.7,31.5,0.0,336.0,38.9,27.04,48933.84,43472.28,19.1,0.0,0.0,7.54,0.0,0.0,11.3,45.0,,,,26.6,14.6,336.0,13.3,7.3
2023-05-13 00:00:00+00:00,23.0,0.0,21.3,21.9,15.9,30.2,29.2,3.0,350.0,34.6,27.6,49013.48,43591.82,16.0,0.0,0.0,6.88,0.0,10.0,10.5,50.0,,,,23.8,12.5,350.0,11.5,6.2
2023-05-14 00:00:00+00:00,23.5,0.0,23.3,22.2,16.3,31.8,30.3,3.0,22.0,38.9,26.01,49091.5,40624.57,15.9,0.0,0.0,6.8,0.0,85.0,11.7,53.0,,,,27.7,15.3,22.0,14.4,8.7
2023-05-15 00:00:00+00:00,24.5,0.0,27.6,22.5,17.0,33.1,30.2,3.0,43.0,47.9,27.46,49167.82,43200.0,15.9,0.0,0.0,7.94,0.0,27.0,12.3,53.0,,,,37.6,22.2,43.0,24.5,15.4
2023-05-16 00:00:00+00:00,27.1,0.0,19.2,26.2,17.2,36.5,36.5,3.0,33.0,34.6,25.38,49242.33,36000.0,16.8,0.0,0.0,6.5,0.0,61.0,11.3,48.0,,,,25.2,13.0,33.0,10.1,1.0
2023-05-17 00:00:00+00:00,28.2,0.0,22.7,27.4,20.3,36.7,35.6,0.0,313.0,36.7,27.41,49314.95,43966.7,20.8,0.0,0.0,8.09,0.0,0.0,11.4,40.0,,,,23.1,12.3,313.0,4.0,2.2
2023-05-18 00:00:00+00:00,23.4,0.0,21.3,22.5,19.2,29.7,29.1,3.0,323.0,34.2,27.08,49385.64,41747.29,19.0,0.0,0.0,6.74,0.0,44.0,11.7,52.0,,,,26.8,14.1,323.0,17.3,8.3
2023-05-19 00:00:00+00:00,23.0,0.0,21.2,22.0,16.6,28.9,28.5,1.0,325.0,34.6,27.34,49454.95,43966.9,16.6,0.0,0.0,6.6,0.0,5.0,10.3,48.0,,,,22.3,11.2,325.0,6.8,4.2
2023-05-20 00:00:00+00:00,23.8,0.0,14.5,23.5,16.7,29.9,30.7,3.0,313.0,30.6,27.43,49523.0,44099.43,17.6,0.0,0.0,6.29,0.0,7.0,11.0,49.0,,,,17.9,7.8,313.0,6.1,2.9
2023-05-21 00:00:00+00:00,29.7,0.0,27.5,27.4,20.4,39.7,35.3,3.0,188.0,45.7,26.12,49589.72,43200.0,19.3,0.0,0.0,9.13,0.0,43.0,6.3,29.0,,,,26.5,13.6,188.0,10.8,0.7
2023-05-22 00:00:00+00:00,28.8,0.0,26.5,25.4,24.4,32.7,30.2,0.0,256.0,46.8,28.38,49655.05,44369.94,21.3,0.0,0.0,10.09,0.0,0.0,5.7,24.0,,,,35.6,19.9,256.0,23.4,10.8
2023-05-23 00:00:00+00:00,28.4,0.0,16.3,26.8,19.9,34.8,33.5,3.0,218.0,29.2,28.18,49718.92,44372.32,18.1,0.0,0.0,7.66,0.0,7.0,6.1,28.0,,,,18.7,8.8,218.0,8.6,3.1
2023-05-24 00:00:00+00:00,27.7,0.0,22.5,26.6,20.2,34.5,34.0,2.0,337.0,36.4,28.09,49781.25,44374.56,20.6,0.0,0.0,7.91,0.0,4.0,9.6,37.0,,,,23.2,11.5,337.0,11.5,3.2
2023-05-25 00:00:00+00:00,27.1,0.0,23.8,26.6,19.2,34.9,34.4,3.0,26.0,38.5,28.29,49841.99,44513.57,19.5,0.0,0.0,7.18,0.0,11.0,10.6,41.0,,,,20.7,9.8,26.0,9.0,4.0
2023-05-26 00:00:00+00:00,27.6,0.0,30.2,25.2,20.9,37.5,33.1,3.0,66.0,47.2,13.14,49901.06,9915.66,19.8,0.0,0.0,6.88,0.0,87.0,11.3,42.0,,,,34.3,20.2,66.0,23.0,11.1
2023-05-27 00:00:00+00:00,30.4,0.0,41.3,26.1,25.0,36.2,32.4,3.0,180.0,65.5,19.45,49958.4,24713.78,21.9,0.0,0.0,10.03,0.0,71.0,5.0,22.0,,,,38.3,22.3,180.0,18.0,10.8
2023-05-28 00:00:00+00:00,27.4,0.0,26.0,25.3,23.2,31.9,29.8,3.0,232.0,46.8,25.63,50013.93,44675.38,21.3,0.0,0.0,8.55,0.0,15.0,12.0,40.0,,,,37.0,20.7,232.0,22.7,9.9
2023-05-29 00:00:00+00:00,26.0,0.0,19.8,25.2,19.0,31.5,30.2,2.0,296.0,37.4,26.87,50067.59,44523.38,19.2,0.0,0.0,7.15,0.0,10.0,11.0,43.0,,,,21.6,11.0,296.0,7.6,1.0
2023-05-30 00:00:00+00:00,28.1,0.0,26.3,27.1,21.6,34.1,33.3,3.0,31.0,48.2,26.38,50119.29,44525.46,21.3,0.0,0.0,7.59,0.0,39.0,10.7,38.0,,,,23.8,12.0,31.0,12.2,2.3
2023-05-31 00:00:00+00:00,31.0,0.0,25.8,29.5,23.3,37.6,38.3,3.0,87.0,43.6,27.91,50168.98,44808.61,20.7,0.0,0.0,8.25,0.0,26.0,8.3,27.0,,,,22.9,10.8,87.0,13.7,0.5
2023-06-01 00:00:00+00:00,32.7,0.0,29.0,29.9,28.1,40.9,36.5,3.0,102.0,53.3,16.11,50216.59,24674.84,25.8,0.0,0.0,8.9,0.0,83.0,9.3,25.0,,,,34.3,18.6,102.0,15.8,6.6
2023-06-02 00:00:00+00:00,35.5,0.0,31.9,31.9,28.9,42.3,39.0,3.0,203.0,55.1,28.2,50262.03,44882.97,25.4,0.0,0.0,12.74,0.0,19.0,6.8,19.0,,,,39.8,22.2,203.0,19.8,8.6
2023-06-03 00:00:00+00:00,29.2,0.0,23.2,29.1,22.3,36.1,36.1,1.0,337.0,38.9,27.31,50305.24,45023.92,23.9,0.0,0.0,7.6,0.0,7.0,13.1,43.0,,,,23.1,11.4,337.0,14.4,6.0
2023-06-04 00:00:00+00:00,27.4,0.0,22.9,26.5,20.5,34.8,34.7,3.0,34.0,37.1,28.08,50346.15,45051.58,21.3,0.0,0.0,8.29,0.0,56.0,13.3,47.0,,,,31.0,17.4,34.0,22.7,13.1
2023-06-05 00:00:00+00:00,26.8,0.0,20.5,25.7,19.2,33.7,33.7,3.0,35.0,34.2,28.8,50384.69,45564.76,20.0,0.0,0.0,8.17,0.0,31.0,11.9,45.0,,,,28.5,15.7,35.0,17.3,10.6
2023-06-06 00:00:00+00:00,27.2,0.0,23.7,26.5,18.7,34.6,33.8,3.0,34.0,37.4,28.56,50420.79,45393.57,19.2,0.0,0.0,7.58,0.0,42.0,11.9,44.0,,,,24.0,12.5,34.0,15.5,8.6
2023-06-07 00:00:00+00:00,29.8,0.0,25.7,28.1,21.1,37.7,35.9,3.0,51.0,41.4,28.22,50454.39,45110.11,20.8,0.0,0.0,9.26,0.0,52.0,10.7,36.0,,,,30.0,16.9,51.0,20.9,12.5
2023-06-08 00:00:00+00:00,32.8,0.3,30.6,30.4,25.1,40.3,36.7,51.0,94.0,54.0,15.77,50485.79,25087.62,24.4,1.0,0.3,9.07,0.0,99.0,11.4,30.0,,,,37.8,20.2,94.0,23.8,12.9
2023-06-09 00:00:00+00:00,33.6,0.0,26.2,31.5,27.7,40.4,38.5,3.0,11.0,43.9,26.78,50515.04,44227.16,25.6,0.0,0.0,10.34,0.0,49.0,9.6,24.0,,,,31.3,16.9,11.0,14.8,5.9
2023-06-10 00:00:00+00:00,28.8,0.0,18.3,28.7,21.7,35.6,35.7,0.0,327.0,31.0,28.3,50542.13,45684.57,23.4,0.0,0.0,8.08,0.0,1.0,14.0,45.0,,,,25.4,13.4,327.0,15.8,9.7
2023-06-11 00:00:00+00:00,28.7,0.0,19.4,28.1,21.7,34.5,34.1,1.0,314.0,35.6,28.59,50567.03,46069.8,22.4,0.0,0.0,8.05,0.0,5.0,11.8,38.0,,,,22.5,11.2,314.0,9.0,2.4
2023-06-12 00:00:00+00:00,30.1,0.0,19.7,29.5,22.6,35.7,34.3,3.0,295.0,37.8,28.61,50589.72,46070.78,23.5,0.0,0.0,8.12,0.0,18.0,11.5,35.0,,,,21.0,10.6,295.0,2.9,1.0
2023-06-13 00:00:00+00:00,30.3,0.0,29.8,29.4,23.7,36.4,35.1,2.0,42.0,50.8,26.41,50610.2,44781.07,23.6,0.0,0.0,9.08,0.0,18.0,14.0,39.0,,,,32.1,18.0,42.0,18.4,9.7
2023-06-14 00:00:00+00:00,27.8,0.0,25.5,27.9,20.8,34.4,36.1,1.0,353.0,40.7,28.59,50628.43,46051.7,21.9,0.0,0.0,7.77,0.0,4.0,14.8,49.0,,,,26.5,13.7,353.0,18.7,6.6
2023-06-15 00:00:00+00:00,28.2,0.0,21.2,28.6,21.0,34.6,36.2,0.0,10.0,34.6,28.85,50644.41,46462.81,22.4,0.0,0.0,7.65,0.0,0.0,14.1,46.0,,,,22.1,10.8,10.0,11.5,6.0
2023-06-16 00:00:00+00:00,31.8,0.0,18.1,31.0,21.3,40.3,39.2,0.0,360.0,33.8,29.25,50658.11,46700.72,21.9,0.0,0.0,7.73,0.0,0.0,8.1,30.0,,,,17.5,7.6,360.0,8.3,1.3
2023-06-17 00:00:00+00:00,31.4,0.0,20.5,31.0,24.8,37.7,38.4,0.0,304.0,35.6,28.57,50669.53,46588.82,26.2,0.0,0.0,9.08,0.0,0.0,13.0,35.0,,,,26.1,14.0,304.0,13.0,6.3
2023-06-18 00:00:00+00:00,27.9,0.0,20.5,27.8,20.9,34.4,33.5,0.0,330.0,39.2,29.06,50678.65,46686.66,22.6,0.0,0.0,7.91,0.0,0.0,13.4,45.0,,,,24.0,12.2,330.0,9.4,1.9
2023-06-19 00:00:00+00:00,27.0,0.0,23.1,26.8,20.8,32.6,32.9,1.0,323.0,37.8,28.63,50685.45,46587.96,21.5,0.0,0.0,7.59,0.0,2.0,13.5,45.0,,,,24.1,12.5,323.0,11.2,6.6
2023-06-20 00:00:00+00:00,27.8,0.0,23.1,28.4,21.2,34.3,35.9,3.0,348.0,37.1,25.85,50689.93,45124.97,23.6,0.0,0.0,7.27,0.0,16.0,15.8,51.0,,,,24.5,12.6,348.0,8.6,4.0
2023-06-21 00:00:00+00:00,28.7,0.0,22.1,29.0,21.3,35.6,36.7,1.0,345.0,36.7,28.83,50692.06,46571.48,23.6,0.0,0.0,8.04,0.0,3.0,15.1,48.0,,,,25.8,13.4,345.0,15.5,7.9
2023-06-22 00:00:00+00:00,28.6,0.0,24.8,29.1,21.0,35.5,36.9,3.0,357.0,39.6,29.01,50691.85,45711.11,23.6,0.0,0.0,7.91,0.0,7.0,14.7,49.0,,,,24.1,12.2,357.0,13.3,7.1
2023-06-23 00:00:00+00:00,29.5,0.0,24.2,29.4,21.4,36.6,36.9,0.0,34.0,40.3,29.21,50689.28,46888.83,23.1,0.0,0.0,8.62,0.0,0.0,14.0,44.0,,,,26.4,14.0,34.0,13.3,7.5
2023-06-24 00:00:00+00:00,30.1,0.0,23.0,29.6,22.0,37.2,36.7,0.0,43.0,37.1,29.31,50684.34,47004.7,23.4,0.0,0.0,9.0,0.0,0.0,12.9,40.0,,,,26.8,14.4,43.0,13.7,7.6
2023-06-25 00:00:00+00:00,30.2,0.0,23.3,29.3,22.3,37.4,37.8,0.0,5.0,46.4,29.42,50677.03,46960.7,22.4,0.0,0.0,8.69,0.0,0.0,10.7,33.0,,,,24.2,11.9,5.0,10.8,4.0
2023-06-26 00:00:00+00:00,29.5,0.0,20.9,29.2,21.6,36.4,37.1,0.0,349.0,34.6,29.65,50667.34,47105.21,22.7,0.0,0.0,8.3,0.0,0.0,11.9,39.0,,,,21.8,10.7,349.0,10.8,6.0
2023-06-27 00:00:00+00:00,30.5,0.0,20.2,30.2,22.5,37.5,36.7,0.0,325.0,39.2,29.18,50655.24,46952.22,23.2,0.0,0.0,8.72,0.0,0.0,12.9,37.0,,,,24.0,12.2,325.0,9.4,3.2
2023-06-28 00:00:00+00:00,30.2,0.0,24.0,30.6,23.2,36.6,38.0,0.0,338.0,39.6,28.99,50640.61,46808.85,24.6,0.0,0.0,8.57,0.0,0.0,15.2,43.0,,,,25.1,12.9,338.0,10.4,4.8
2023-06-29 00:00:00+00:00,29.5,0.0,25.6,29.9,22.4,36.7,37.8,0.0,349.0,41.0,29.11,50623.44,46665.89,24.8,0.0,0.0,8.39,0.0,0.0,14.7,45.0,,,,25.1,12.8,349.0,12.2,6.8
2023-06-30 00:00:00+00:00,29.0,0.0,26.4,29.0,21.1,36.6,36.7,1.0,344.0,43.6,28.99,50603.78,46517.05,22.8,0.0,0.0,8.47,0.0,4.0,14.3,45.0,,,,25.9,13.3,344.0,7.9,4.4
2023-07-01 00:00:00+00:00,29.7,0.0,24.4,29.7,22.1,37.7,36.8,0.0,346.0,42.1,29.16,50581.68,46642.51,25.5,0.0,0.0,9.02,0.0,2.0,14.9,48.0,,,,29.9,16.3,346.0,9.4,5.4
2023-07-02 00:00:00+00:00,29.7,0.0,22.3,29.3,21.8,37.3,37.2,0.0,349.0,37.1,29.28,50557.2,46907.57,23.3,0.0,0.0,8.69,0.0,0.0,12.4,39.0,,,,23.8,12.1,349.0,7.6,4.5
2023-07-03 00:00:00+00:00,32.1,0.0,24.7,31.0,22.1,40.8,39.3,0.0,37.0,43.6,29.61,50530.37,47034.2,22.3,0.0,0.0,9.2,0.0,0.0,9.8,31.0,,,,23.7,11.9,37.0,11.9,6.9
2023-07-04 00:00:00+00:00,33.0,0.0,24.7,33.1,25.1,40.1,42.7,0.0,353.0,40.3,28.86,50501.26,46760.88,25.4,0.0,0.0,9.03,0.0,0.0,14.2,35.0,,,,25.0,12.6,353.0,16.9,3.4
2023-07-05 00:00:00+00:00,29.8,0.0,23.5,31.0,22.7,36.4,39.0,0.0,341.0,38.9,29.06,50469.91,46618.77,24.9,0.0,0.0,7.99,0.0,0.0,17.1,50.0,,,,25.6,12.9,341.0,18.0,6.6
2023-07-06 00:00:00+00:00,30.1,0.0,22.2,31.5,23.2,36.7,38.5,0.0,334.0,35.6,28.79,50436.38,46477.68,25.6,0.0,0.0,7.97,0.0,2.0,16.9,49.0,,,,23.0,11.2,334.0,8.6,3.3
2023-07-07 00:00:00+00:00,30.4,0.0,23.5,31.4,23.3,36.9,38.5,0.0,327.0,38.2,28.43,50400.71,46339.3,25.4,0.0,0.0,8.45,0.0,2.0,17.1,48.0,,,,26.8,14.0,327.0,11.9,5.6
2023-07-08 00:00:00+00:00,31.1,0.0,27.0,31.8,23.6,39.6,39.4,0.0,315.0,45.7,28.84,50362.98,46458.13,27.0,0.0,0.0,9.08,0.0,0.0,16.9,49.0,,,,29.3,15.6,315.0,6.8,4.2
2023-07-09 00:00:00+00:00,30.2,0.0,24.3,31.0,23.4,37.9,38.4,0.0,312.0,43.2,28.71,50323.21,46448.38,26.4,0.0,0.0,8.68,0.0,0.0,17.3,50.0,,,,29.5,16.1,312.0,11.5,6.4
2023-07-10 00:00:00+00:00,29.9,0.0,28.5,30.9,22.9,37.2,38.5,2.0,337.0,45.7,28.79,50281.47,45798.09,26.0,0.0,0.0,8.26,0.0,8.0,16.3,49.0,,,,25.9,13.0,337.0,11.9,5.5
2023-07-11 00:00:00+00:00,30.9,0.0,28.0,31.4,25.4,37.7,37.0,3.0,36.0,49.0,28.13,50237.8,44624.34,27.6,0.0,0.0,9.08,0.0,21.0,16.5,47.0,,,,31.3,16.8,36.0,15.8,9.0
2023-07-12 00:00:00+00:00,30.8,0.0,25.0,30.1,23.3,37.9,37.1,1.0,38.0,41.0,28.89,50192.28,46163.2,24.9,0.0,0.0,9.67,0.0,2.0,14.3,42.0,,,,33.6,18.9,38.0,19.1,11.8
2023-07-13 00:00:00+00:00,31.1,0.0,25.3,31.1,22.3,39.9,39.7,0.0,23.0,40.7,29.1,50144.94,46277.22,24.4,0.0,0.0,9.19,0.0,0.0,14.5,43.0,,,,27.4,14.8,23.0,14.4,8.0
2023-07-14 00:00:00+00:00,32.4,0.0,21.9,31.5,22.9,40.7,39.4,3.0,16.0,34.9,29.26,50095.84,46388.2,24.1,0.0,0.0,9.62,0.0,16.0,11.6,34.0,,,,25.9,13.6,16.0,10.8,6.5
2023-07-15 00:00:00+00:00,32.8,0.0,18.9,31.9,23.2,40.6,40.5,3.0,7.0,29.9,29.5,50045.02,46376.9,23.8,0.0,0.0,8.9,0.0,10.0,9.3,29.0,,,,21.4,10.6,7.0,11.9,7.3
2023-07-16 00:00:00+00:00,34.3,0.0,18.4,33.7,24.1,42.8,42.3,0.0,18.0,29.9,29.29,49992.56,46237.5,24.6,0.0,0.0,8.99,0.0,0.0,9.7,28.0,,,,19.4,9.3,18.0,8.6,3.7
2023-07-17 00:00:00+00:00,34.9,0.0,21.7,34.5,25.7,42.5,43.9,0.0,346.0,42.1,29.11,49938.44,46098.86,25.2,0.0,0.0,9.09,0.0,0.0,11.1,27.0,,,,20.5,9.8,346.0,8.3,3.4
2023-07-18 00:00:00+00:00,33.7,0.0,25.2,34.1,25.2,40.8,41.7,0.0,352.0,40.0,29.01,49882.19,45965.23,27.2,0.0,0.0,8.61,0.0,0.0,13.5,35.0,,,,21.7,10.0,352.0,11.9,5.2
2023-07-19 00:00:00+00:00,32.5,0.0,21.5,33.1,24.6,39.1,39.6,0.0,308.0,38.5,29.05,49823.75,45833.19,28.1,0.0,0.0,8.46,0.0,0.0,13.9,39.0,,,,21.3,10.4,308.0,12.2,4.6
2023-07-20 00:00:00+00:00,33.3,0.0,21.7,33.3,25.6,40.0,38.6,0.0,297.0,39.2,28.92,49763.2,45697.94,27.7,0.0,0.0,8.92,0.0,0.0,12.9,34.0,,,,22.2,10.8,297.0,4.0,0.5
2023-07-21 00:00:00+00:00,32.4,0.0,23.0,32.2,23.7,38.9,40.1,0.0,1.0,39.2,29.26,49700.64,45683.72,24.9,0.0,0.0,8.64,0.0,0.0,11.7,33.0,,,,21.3,10.3,1.0,7.9,4.0
2023-07-22 00:00:00+00:00,33.8,0.0,20.6,34.4,24.3,41.8,42.7,0.0,355.0,35.3,28.7,49636.17,45436.42,27.5,0.0,0.0,8.62,0.0,0.0,14.2,37.0,,,,21.2,9.8,355.0,8.6,4.7
2023-07-23 00:00:00+00:00,34.6,0.0,24.9,35.1,25.5,42.9,42.9,0.0,5.0,41.0,28.49,49569.86,45198.9,29.2,0.0,0.0,9.83,0.0,0.0,15.0,39.0,,,,26.8,14.3,5.0,15.8,8.7
2023-07-24 00:00:00+00:00,34.6,0.0,23.4,35.5,25.7,42.6,43.6,0.0,340.0,39.2,28.75,49501.8,45181.69,29.2,0.0,0.0,8.65,0.0,0.0,14.6,37.0,,,,20.8,9.9,340.0,9.4,4.1
2023-07-25 00:00:00+00:00,33.8,0.0,18.8,34.9,25.4,40.8,42.5,0.0,339.0,30.2,28.61,49432.09,45060.02,29.1,0.0,0.0,8.53,0.0,0.0,15.0,39.0,,,,20.7,9.9,339.0,7.2,4.6
2023-07-26 00:00:00+00:00,34.4,0.0,27.5,35.3,25.2,42.0,42.4,1.0,31.0,43.9,28.38,49360.8,44827.04,29.8,0.0,0.0,8.74,0.0,2.0,15.3,41.0,,,,22.9,11.6,31.0,13.3,7.1
2023-07-27 00:00:00+00:00,35.6,0.0,18.4,35.1,27.8,42.7,43.9,0.0,355.0,34.9,28.23,49288.03,44705.17,29.2,0.0,0.0,9.45,0.0,0.0,11.6,27.0,,,,23.4,11.8,355.0,15.8,5.8
2023-07-28 00:00:00+00:00,34.4,0.0,22.3,34.6,25.4,42.5,43.3,0.0,338.0,48.2,28.71,49213.85,44696.02,26.3,0.0,0.0,9.04,0.0,0.0,13.7,32.0,,,,22.3,11.0,338.0,9.0,4.7
2023-07-29 00:00:00+00:00,31.4,0.0,22.5,31.9,24.4,38.6,39.0,3.0,320.0,37.8,28.23,49138.35,44165.86,27.6,0.0,0.0,8.97,0.0,11.0,16.1,46.0,,,,28.9,15.7,320.0,16.2,8.8
2023-07-30 00:00:00+00:00,30.6,0.0,21.8,31.2,22.9,37.8,38.4,0.0,309.0,37.4,28.14,49061.61,44258.48,25.1,0.0,0.0,8.51,0.0,0.0,16.0,46.0,,,,25.5,13.6,309.0,7.6,4.6
2023-07-31 00:00:00+00:00,30.9,0.0,19.4,32.4,23.4,38.1,39.3,0.0,299.0,38.2,28.01,48983.7,44253.55,26.2,0.0,0.0,7.87,0.0,0.0,16.7,47.0,,,,21.4,10.3,299.0,7.2,3.2
2023-08-01 00:00:00+00:00,31.9,0.0,25.0,32.5,24.2,38.9,38.8,0.0,322.0,39.2,28.12,48904.73,44144.37,26.8,0.0,0.0,8.17,0.0,0.0,14.3,40.0,,,,21.2,10.3,322.0,9.4,3.3
2023-08-02 00:00:00+00:00,32.9,0.0,19.5,32.7,25.8,39.7,39.6,0.0,332.0,39.6,27.97,48824.74,44043.58,27.0,0.0,0.0,8.83,0.0,0.0,12.7,33.0,,,,24.1,11.7,332.0,10.4,4.8
2023-08-03 00:00:00+00:00,31.6,0.0,25.2,32.3,23.8,38.6,40.0,0.0,7.0,40.7,28.14,48743.83,43940.41,26.2,0.0,0.0,8.11,0.0,0.0,14.6,41.0,,,,21.3,10.5,7.0,8.3,5.4
2023-08-04 00:00:00+00:00,31.7,0.0,22.4,32.0,23.6,39.1,39.7,0.0,4.0,35.3,28.21,48662.07,43938.04,25.9,0.0,0.0,8.49,0.0,0.0,14.2,40.0,,,,23.3,11.7,4.0,12.6,6.6
2023-08-05 00:00:00+00:00,32.6,0.0,23.4,31.5,22.8,40.6,39.6,0.0,351.0,39.2,28.34,48579.54,43839.7,23.1,0.0,0.0,9.22,0.0,0.0,9.9,29.0,,,,22.5,11.5,351.0,6.5,2.8
2023-08-06 00:00:00+00:00,35.7,0.0,27.2,33.5,26.5,43.4,41.9,0.0,248.0,43.9,27.94,48496.23,43748.75,25.5,0.0,0.0,10.41,0.0,0.0,7.1,19.0,,,,26.3,13.9,248.0,9.0,4.8
2023-08-07 00:00:00+00:00,34.9,0.0,24.1,34.7,27.8,42.1,43.5,0.0,22.0,46.1,27.28,48411.5,43479.82,27.2,0.0,0.0,9.09,0.0,0.0,13.1,29.0,,,,24.3,12.1,22.0,9.7,5.3
2023-08-08 00:00:00+00:00,31.2,0.0,22.8,33.0,25.4,37.1,40.1,0.0,345.0,37.4,27.25,48325.26,43399.56,27.8,0.0,0.0,7.94,0.0,0.0,18.6,49.0,,,,25.8,13.0,345.0,16.2,5.9
2023-08-09 00:00:00+00:00,30.1,0.0,22.1,31.8,23.2,36.6,39.7,0.0,336.0,40.3,27.29,48237.59,43406.06,25.6,0.0,0.0,7.32,0.0,1.0,17.1,48.0,,,,20.9,9.5,336.0,6.5,2.2
2023-08-10 00:00:00+00:00,30.8,0.0,22.9,32.1,25.1,37.4,39.6,2.0,341.0,36.7,26.94,48148.6,43264.43,27.7,0.0,0.0,7.94,0.0,8.0,17.1,47.0,,,,23.6,11.9,341.0,4.3,1.9
2023-08-11 00:00:00+00:00,29.1,0.0,22.7,30.2,23.9,36.0,37.7,2.0,0.0,38.9,25.85,48058.35,43200.0,26.0,0.0,0.0,7.48,0.0,12.0,18.3,55.0,,,,29.8,16.3,0.0,12.2,6.8
2023-08-12 00:00:00+00:00,29.6,0.0,23.8,30.5,24.1,36.7,38.6,3.0,9.0,38.5,26.33,47966.96,43200.0,25.7,0.0,0.0,7.97,0.0,22.0,18.4,53.0,,,,31.9,17.8,9.0,18.0,10.4
2023-08-13 00:00:00+00:00,30.1,0.0,22.5,31.9,24.6,36.8,40.5,2.0,358.0,36.7,25.2,47874.49,43200.0,27.1,0.0,0.0,7.44,0.0,19.0,19.6,55.0,,,,28.5,15.2,358.0,18.0,10.1
2023-08-14 00:00:00+00:00,30.0,0.0,21.7,31.5,23.8,37.4,39.6,1.0,341.0,34.9,25.9,47781.04,43200.0,27.0,0.0,0.0,7.64,0.0,7.0,18.5,54.0,,,,27.3,14.7,341.0,15.5,8.4
2023-08-15 00:00:00+00:00,30.3,0.0,22.3,31.5,25.2,37.5,38.8,3.0,348.0,36.7,26.05,47686.69,43191.75,27.5,0.0,0.0,7.89,0.0,18.0,18.3,53.0,,,,29.0,16.0,348.0,21.2,12.3
2023-08-16 00:00:00+00:00,29.9,0.0,20.3,31.5,25.1,37.0,39.2,3.0,349.0,34.2,25.73,47591.52,43200.0,27.4,0.0,0.0,7.5,0.0,19.0,19.2,55.0,,,,28.8,15.7,349.0,22.3,11.1
2023-08-17 00:00:00+00:00,29.9,0.0,21.5,32.0,23.8,36.8,40.0,3.0,346.0,34.9,26.21,47495.62,43200.0,27.0,0.0,0.0,7.24,0.0,10.0,18.9,54.0,,,,23.8,12.0,346.0,8.6,4.2
2023-08-18 00:00:00+00:00,30.3,0.0,21.8,32.5,23.5,36.8,39.9,3.0,357.0,36.0,25.87,47399.06,41085.08,27.1,0.0,0.0,7.09,0.0,14.0,19.0,55.0,,,,22.8,11.4,357.0,11.2,6.6
2023-08-19 00:00:00+00:00,30.2,0.0,23.7,31.6,23.1,37.3,38.8,1.0,6.0,38.9,26.51,47301.91,43200.0,25.8,0.0,0.0,7.57,0.0,3.0,17.6,51.0,,,,25.2,13.1,6.0,11.9,7.6
2023-08-20 00:00:00+00:00,29.8,0.0,23.1,30.9,23.0,36.4,38.5,1.0,11.0,37.4,26.38,47204.27,43200.0,25.2,0.0,0.0,7.52,0.0,4.0,17.3,51.0,,,,25.8,13.6,11.0,13.7,8.4
2023-08-21 00:00:00+00:00,30.1,0.0,22.8,31.1,24.2,36.3,38.6,3.0,16.0,38.2,25.69,47106.2,41568.84,26.0,0.0,0.0,7.65,0.0,17.0,17.2,48.0,,,,25.9,13.6,16.0,10.4,5.9
2023-08-22 00:00:00+00:00,29.9,0.0,22.5,31.1,22.8,37.0,38.5,0.0,33.0,36.0,26.21,47007.78,43200.0,24.6,0.0,0.0,7.68,0.0,0.0,17.6,50.0,,,,26.2,14.0,33.0,12.6,7.9
2023-08-23 00:00:00+00:00,30.5,0.0,23.1,31.3,22.8,37.7,39.1,0.0,27.0,42.1,26.34,46909.07,43200.0,24.0,0.0,0.0,7.7,0.0,0.0,16.3,47.0,,,,25.0,13.1,27.0,17.3,9.8
2023-08-24 00:00:00+00:00,30.4,0.0,22.9,30.8,21.9,38.9,39.3,1.0,13.0,36.0,26.0,46810.16,43200.0,23.9,0.0,0.0,8.17,0.0,2.0,16.0,48.0,,,,27.7,15.2,13.0,17.3,10.6
2023-08-25 00:00:00+00:00,31.0,0.0,24.3,31.9,23.0,39.3,40.1,1.0,2.0,40.3,25.61,46711.11,43200.0,25.2,0.0,0.0,8.16,0.0,2.0,16.9,47.0,,,,24.8,13.0,2.0,8.3,5.1
2023-08-26 00:00:00+00:00,31.9,0.0,24.0,32.6,23.5,40.7,40.0,1.0,3.0,42.5,25.53,46611.92,43200.0,26.4,0.0,0.0,8.61,0.0,2.0,16.1,46.0,,,,26.6,14.1,3.0,11.2,6.6
2023-08-27 00:00:00+00:00,32.3,0.0,17.7,33.0,24.0,39.4,39.9,0.0,345.0,36.0,25.5,46511.9,43200.0,26.0,0.0,0.0,7.89,0.0,0.0,15.3,40.0,,,,21.3,10.6,345.0,9.4,5.8
2023-08-28 00:00:00+00:00,31.7,0.0,23.6,32.5,25.3,37.6,37.3,0.0,311.0,38.9,25.37,46410.95,43148.8,27.4,0.0,0.0,8.0,0.0,0.0,16.1,41.0,,,,24.7,12.4,311.0,9.0,3.6
2023-08-29 00:00:00+00:00,31.0,0.0,21.3,32.2,24.6,37.3,37.8,3.0,307.0,36.7,24.91,46309.13,40850.13,28.6,0.0,0.0,7.63,0.0,8.0,16.8,48.0,,,,23.5,12.0,307.0,9.0,5.6
2023-08-30 00:00:00+00:00,31.8,0.0,25.3,31.9,23.2,40.2,39.7,0.0,31.0,40.0,25.46,46206.52,43013.58,24.7,0.0,0.0,8.14,0.0,0.0,14.0,39.0,,,,22.0,11.4,31.0,6.8,4.7
2023-08-31 00:00:00+00:00,32.6,0.0,27.5,32.9,26.0,40.0,40.3,0.0,30.0,48.2,24.97,46103.2,42944.57,26.0,0.0,0.0,8.34,0.0,0.0,15.8,40.0,,,,27.5,14.5,30.0,15.8,6.9
2023-09-01 00:00:00+00:00,30.1,0.0,24.7,31.6,24.9,36.6,39.5,3.0,16.0,40.0,24.5,45999.24,42799.75,27.2,0.0,0.0,7.5,0.0,11.0,19.4,56.0,,,,30.9,17.1,16.0,22.3,13.2
2023-09-02 00:00:00+00:00,29.9,0.0,23.7,30.6,22.8,37.5,38.2,0.0,3.0,39.6,24.46,45894.71,42804.19,24.9,0.0,0.0,7.79,0.0,2.0,17.0,50.0,,,,27.7,15.1,3.0,12.2,7.7
2023-09-03 00:00:00+00:00,29.4,0.0,21.5,30.9,23.5,35.8,37.2,2.0,339.0,34.9,24.15,45789.69,42732.99,26.8,0.0,0.0,7.02,0.0,16.0,17.8,53.0,,,,23.8,12.3,339.0,6.1,3.1
2023-09-04 00:00:00+00:00,29.4,0.0,16.6,30.6,23.4,34.9,36.0,0.0,280.0,32.4,24.57,45684.25,42661.23,25.7,0.0,0.0,6.47,0.0,1.0,15.8,47.0,,,,17.6,7.9,280.0,5.8,1.1
2023-09-05 00:00:00+00:00,31.6,0.0,16.6,31.8,23.7,37.9,37.7,0.0,208.0,27.0,24.74,45578.45,42588.99,26.0,0.0,0.0,7.29,0.0,0.0,13.2,39.0,,,,20.2,9.9,208.0,11.5,4.3
2023-09-06 00:00:00+00:00,33.4,0.0,22.3,31.7,25.1,40.0,39.1,0.0,245.0,34.9,24.95,45472.37,42516.37,24.0,0.0,0.0,8.03,0.0,0.0,7.2,22.0,,,,18.3,9.6,245.0,7.6,3.1
2023-09-07 00:00:00+00:00,35.9,0.0,28.4,34.2,27.1,44.6,44.0,0.0,83.0,45.7,24.56,45366.07,42443.43,26.4,0.0,0.0,9.68,0.0,0.0,9.9,24.0,,,,28.2,14.8,83.0,10.4,4.6
2023-09-08 00:00:00+00:00,34.0,0.0,20.0,33.2,28.0,41.4,40.3,0.0,279.0,38.2,24.27,45259.63,42370.28,26.7,0.0,0.0,8.55,0.0,0.0,12.0,27.0,,,,23.4,12.0,279.0,9.4,5.7
2023-09-09 00:00:00+00:00,32.2,0.0,17.4,32.3,25.3,38.8,39.0,0.0,341.0,33.5,24.14,45153.11,42296.99,26.6,0.0,0.0,7.44,0.0,0.0,13.5,34.0,,,,19.1,9.4,341.0,3.6,0.7
2023-09-10 00:00:00+00:00,32.8,0.0,26.9,32.8,25.2,39.1,39.2,1.0,43.0,42.5,24.03,45046.57,42223.64,26.1,0.0,0.0,7.75,0.0,5.0,13.7,35.0,,,,21.8,11.1,43.0,6.5,4.3
2023-09-11 00:00:00+00:00,33.0,0.0,26.9,31.7,26.5,38.8,37.6,0.0,207.0,46.8,23.86,44940.07,42142.96,27.0,0.0,0.0,9.33,0.0,0.0,12.3,30.0,,,,30.3,16.7,207.0,6.8,5.4
2023-09-12 00:00:00+00:00,28.8,0.0,27.5,28.6,25.4,32.7,32.0,3.0,238.0,46.4,14.41,44833.7,34023.98,24.5,0.0,0.0,5.7,0.0,37.0,16.4,48.0,,,,31.0,17.5,238.0,10.4,6.0
2023-09-13 00:00:00+00:00,29.3,0.4,22.6,30.4,23.5,35.8,36.4,51.0,329.0,36.7,21.81,44727.5,41933.44,26.6,4.0,0.4,6.73,0.0,13.0,17.0,53.0,,,,22.1,11.9,329.0,4.3,2.3
2023-09-14 00:00:00+00:00,28.4,0.0,22.6,29.1,21.1,35.0,35.1,0.0,11.0,39.2,23.74,44621.55,41828.81,23.8,0.0,0.0,6.68,0.0,1.0,15.1,50.0,,,,21.2,10.5,11.0,7.9,4.4
2023-09-15 00:00:00+00:00,28.5,0.0,22.1,28.8,22.1,35.0,35.7,3.0,6.0,35.3,23.34,44515.82,39568.33,24.5,0.0,0.0,6.96,0.0,12.0,14.9,49.0,,,,24.0,12.5,6.0,10.4,5.9
2023-09-16 00:00:00+00:00,28.7,0.0,23.0,28.8,23.2,34.6,35.1,3.0,22.0,37.8,22.93,44409.64,38542.61,24.8,0.0,0.0,6.82,0.0,22.0,13.9,44.0,,,,22.1,11.2,22.0,6.1,2.9
2023-09-17 00:00:00+00:00,28.9,0.0,18.2,29.0,20.6,36.5,35.5,0.0,14.0,36.4,23.42,44302.88,41512.31,22.8,0.0,0.0,6.79,0.0,0.0,13.4,45.0,,,,21.3,10.7,14.0,9.7,5.4
2023-09-18 00:00:00+00:00,29.6,0.0,20.2,31.1,24.4,36.3,37.6,3.0,333.0,32.0,22.12,44195.59,36690.55,27.5,0.0,0.0,6.64,0.0,23.0,17.7,54.0,,,,23.4,12.1,333.0,15.1,5.1
2023-09-19 00:00:00+00:00,28.4,0.0,21.2,29.8,23.0,33.7,34.9,0.0,318.0,33.8,22.11,44087.84,40796.91,25.7,0.0,0.0,6.11,0.0,4.0,17.3,54.0,,,,20.6,10.3,318.0,4.0,1.1
2023-09-20 00:00:00+00:00,28.4,0.0,20.7,29.6,23.8,34.1,35.2,3.0,347.0,33.5,21.39,43979.72,39206.4,26.4,0.0,0.0,6.17,0.0,23.0,17.3,54.0,,,,22.6,11.9,347.0,9.7,5.2
2023-09-21 00:00:00+00:00,28.5,0.0,24.7,29.7,22.4,34.8,35.7,3.0,14.0,41.8,21.68,43871.28,35566.69,24.9,0.0,0.0,6.19,0.0,14.0,17.3,54.0,,,,23.6,12.0,14.0,7.9,4.7
2023-09-22 00:00:00+00:00,28.6,0.0,21.9,29.1,21.6,35.1,35.3,1.0,30.0,34.2,21.98,43762.6,40195.37,24.6,0.0,0.0,6.85,0.0,6.0,16.7,54.0,,,,27.1,15.0,30.0,12.2,7.4
2023-09-23 00:00:00+00:00,28.9,0.0,21.6,29.3,20.8,36.7,36.0,0.0,18.0,34.9,22.45,43653.75,40042.95,23.6,0.0,0.0,6.83,0.0,1.0,15.2,51.0,,,,24.4,12.9,18.0,13.0,7.6
2023-09-24 00:00:00+00:00,29.0,0.0,11.0,29.3,20.3,36.3,36.2,0.0,11.0,22.0,22.43,43544.78,39894.62,22.2,0.0,0.0,5.87,0.0,0.0,12.7,43.0,,,,15.3,7.0,11.0,7.6,4.7
2023-09-25 00:00:00+00:00,29.9,0.0,24.4,29.6,22.2,37.3,37.1,0.0,9.0,41.0,22.27,43435.77,39750.57,22.4,0.0,0.0,6.98,0.0,0.0,12.7,39.0,,,,20.8,10.6,9.0,7.9,5.3
2023-09-26 00:00:00+00:00,30.0,0.0,21.7,29.9,21.8,37.6,36.6,0.0,23.0,34.9,22.08,43326.79,39611.04,23.8,0.0,0.0,7.26,0.0,1.0,13.7,43.0,,,,22.8,12.2,23.0,9.7,5.9
2023-09-27 00:00:00+00:00,30.7,0.0,20.8,29.5,22.0,38.1,36.1,0.0,59.0,32.8,22.11,43217.91,39476.29,22.3,0.0,0.0,7.77,0.0,0.0,11.0,34.0,,,,23.4,13.1,59.0,9.7,6.3
2023-09-28 00:00:00+00:00,31.6,0.0,26.1,29.9,24.0,39.2,35.5,0.0,64.0,43.6,21.79,43109.19,39346.58,23.9,0.0,0.0,9.07,0.0,0.0,12.1,38.0,,,,34.5,20.4,64.0,24.1,15.0
2023-09-29 00:00:00+00:00,29.9,0.0,26.9,30.5,22.7,38.0,37.3,3.0,48.0,43.9,20.68,43000.7,37348.16,25.3,0.0,0.0,7.28,0.0,13.0,17.9,54.0,,,,32.4,18.4,48.0,13.7,6.2
2023-09-30 00:00:00+00:00,28.8,0.0,19.6,29.5,22.4,35.4,35.5,3.0,43.0,36.0,16.95,42892.51,31769.55,25.1,0.0,0.0,5.64,0.0,38.0,17.0,54.0,,,,26.0,14.2,43.0,16.2,7.6
2023-10-01 00:00:00+00:00,28.1,0.0,18.4,28.7,24.4,32.8,33.5,3.0,325.0,32.4,16.54,42784.68,26945.32,25.9,0.0,0.0,5.43,0.0,87.0,16.1,49.0,,,,21.9,11.6,325.0,8.3,4.7
2023-10-02 00:00:00+00:00,26.0,0.1,12.5,26.6,22.4,28.5,28.7,51.0,300.0,23.8,9.33,42677.29,15405.49,23.8,1.0,0.1,3.27,0.0,90.0,15.5,53.0,,,,16.4,8.3,300.0,6.8,3.8
2023-10-03 00:00:00+00:00,26.4,0.0,15.4,26.6,22.0,31.2,30.9,3.0,295.0,29.9,18.55,42570.41,38863.02,22.7,0.0,0.0,5.04,0.0,74.0,13.9,48.0,,,,17.4,8.6,295.0,4.3,2.3
2023-10-04 00:00:00+00:00,27.1,0.0,24.0,27.7,22.7,32.0,33.2,3.0,21.0,39.6,16.94,42464.11,29342.48,24.2,0.0,0.0,5.17,0.0,73.0,15.9,52.0,,,,21.3,10.9,21.0,6.5,3.1
2023-10-05 00:00:00+00:00,27.8,0.0,24.6,28.3,23.0,32.7,32.8,3.0,35.0,38.9,16.88,42358.36,38771.82,25.0,0.0,0.0,5.79,0.0,37.0,17.5,55.0,,,,28.9,16.4,35.0,16.2,9.3
2023-10-06 00:00:00+00:00,26.9,0.0,23.9,26.9,20.8,33.1,32.9,3.0,21.0,38.2,18.78,42252.44,38230.5,22.9,0.0,0.0,6.02,0.0,18.0,16.1,55.0,,,,27.9,15.5,21.0,12.2,7.2
2023-10-07 00:00:00+00:00,26.1,0.0,25.5,26.3,20.7,31.3,31.3,3.0,32.0,41.8,17.46,42146.19,35996.62,23.1,0.0,0.0,5.22,0.0,72.0,16.0,58.0,,,,25.1,13.6,32.0,14.0,7.2
2023-10-08 00:00:00+00:00,26.6,0.4,20.8,26.4,20.8,32.0,31.6,51.0,26.0,37.8,18.82,42039.69,38677.12,21.4,2.0,0.4,5.73,0.0,58.0,14.6,50.0,,,,25.1,13.6,26.0,15.8,9.7
2023-10-09 00:00:00+00:00,27.0,0.0,24.5,27.4,21.9,32.5,34.0,3.0,21.0,52.2,18.88,41933.02,38638.84,23.0,0.0,0.0,5.64,0.0,30.0,16.5,54.0,,,,27.9,14.2,21.0,13.0,8.1
2023-10-10 00:00:00+00:00,25.9,0.0,20.0,25.9,20.2,31.2,31.0,0.0,331.0,34.9,19.54,41826.25,38600.2,21.5,0.0,0.0,5.47,0.0,2.0,14.1,51.0,,,,21.6,10.8,331.0,7.6,3.1
2023-10-11 00:00:00+00:00,25.7,0.0,14.6,26.1,21.3,30.7,30.4,3.0,305.0,31.3,19.19,41719.46,36701.89,23.0,0.0,0.0,5.04,0.0,31.0,14.4,52.0,,,,18.5,9.3,305.0,6.1,3.8
2023-10-12 00:00:00+00:00,25.6,0.0,18.8,26.0,19.6,31.0,31.0,1.0,306.0,34.6,17.7,41612.74,38443.27,20.6,0.0,0.0,4.7,0.0,8.0,14.4,51.0,,,,17.1,8.5,306.0,3.6,1.9
2023-10-13 00:00:00+00:00,25.3,0.0,20.7,25.6,19.2,31.4,31.1,3.0,357.0,34.2,17.51,41506.16,38481.89,20.8,0.0,0.0,4.96,0.0,15.0,15.3,57.0,,,,21.5,11.4,357.0,8.3,3.2
2023-10-14 00:00:00+00:00,25.0,0.0,17.6,25.0,18.9,31.0,29.9,2.0,327.0,32.0,18.07,41399.79,38441.64,20.7,0.0,0.0,5.01,0.0,7.0,13.5,54.0,,,,19.7,9.9,327.0,7.9,3.8
2023-10-15 00:00:00+00:00,24.9,0.0,20.0,24.2,20.4,29.6,27.9,1.0,302.0,38.2,18.78,41293.73,38377.6,20.9,0.0,0.0,5.13,0.0,4.0,11.5,45.0,,,,19.1,9.8,302.0,5.8,2.4
2023-10-16 00:00:00+00:00,24.5,0.0,16.8,24.5,18.7,30.0,28.8,1.0,301.0,32.4,18.06,41188.05,38350.65,19.8,0.0,0.0,4.76,0.0,6.0,13.9,54.0,,,,18.6,9.9,301.0,7.2,4.6
2023-10-17 00:00:00+00:00,25.1,0.0,19.6,25.6,20.5,30.4,29.8,3.0,327.0,33.5,18.14,41082.84,38149.72,22.6,0.0,0.0,4.75,0.0,10.0,14.8,56.0,,,,17.8,8.8,327.0,2.2,1.3
2023-10-18 00:00:00+00:00,24.7,0.0,18.6,24.8,19.8,30.7,29.2,3.0,348.0,33.1,15.53,40978.18,32145.45,21.3,0.0,0.0,4.62,0.0,17.0,14.6,56.0,,,,20.1,10.7,348.0,5.4,1.6
2023-10-19 00:00:00+00:00,25.1,0.0,20.3,24.8,18.7,31.3,30.0,3.0,29.0,33.5,18.13,40874.14,37734.67,19.9,0.0,0.0,5.25,0.0,7.0,12.7,51.0,,,,19.3,9.9,29.0,6.1,1.1
2023-10-20 00:00:00+00:00,25.6,0.0,23.9,24.5,18.4,31.5,30.1,0.0,40.0,38.5,18.23,40770.83,37794.98,18.7,0.0,0.0,5.49,0.0,0.0,10.8,44.0,,,,21.1,11.2,40.0,10.1,3.6
2023-10-21 00:00:00+00:00,24.9,0.0,24.5,24.5,19.5,30.3,29.5,3.0,54.0,39.6,17.79,40668.33,37069.5,19.7,0.0,0.0,5.18,0.0,25.0,15.0,57.0,,,,27.4,15.3,54.0,17.6,11.0
2023-10-22 00:00:00+00:00,24.9,0.0,22.1,25.2,18.2,31.2,31.1,0.0,26.0,35.3,17.92,40566.73,37391.91,19.5,0.0,0.0,4.81,0.0,1.0,15.6,59.0,,,,22.2,11.8,26.0,9.7,5.3
2023-10-23 00:00:00+00:00,25.6,0.0,23.5,26.5,19.2,32.0,32.4,0.0,22.0,37.1,17.61,40466.11,37067.2,21.0,0.0,0.0,4.75,0.0,0.0,16.9,62.0,,,,21.5,11.3,22.0,9.4,5.6
2023-10-24 00:00:00+00:00,26.0,0.0,21.6,26.6,20.1,33.0,32.4,3.0,17.0,34.6,16.67,40366.56,31878.78,22.6,0.0,0.0,5.14,0.0,24.0,17.0,63.0,,,,26.1,14.8,17.0,15.1,9.0
2023-10-25 00:00:00+00:00,26.1,0.0,21.9,26.9,20.7,33.0,31.8,3.0,39.0,38.5,16.61,40268.11,31820.54,22.8,0.0,0.0,4.93,0.0,22.0,18.2,67.0,,,,28.9,16.8,39.0,18.7,11.4
2023-10-26 00:00:00+00:00,27.9,0.0,16.0,29.4,21.0,35.7,35.6,3.0,347.0,25.9,17.15,40169.91,35759.81,23.8,0.0,0.0,4.49,0.0,47.0,17.2,59.0,,,,17.8,8.9,347.0,7.9,1.8
2023-10-27 00:00:00+00:00,27.4,0.0,17.5,29.2,21.8,33.2,33.5,3.0,339.0,27.0,13.35,40071.81,32693.77,25.0,0.0,0.0,3.45,0.0,58.0,17.4,58.0,,,,13.2,6.4,339.0,2.9,1.5
2023-10-28 00:00:00+00:00,26.7,0.0,21.7,27.9,20.5,33.2,33.5,3.0,38.0,35.6,16.05,39973.91,34294.03,23.5,0.0,0.0,4.69,0.0,15.0,18.1,64.0,,,,23.1,12.8,38.0,10.8,6.7
2023-10-29 00:00:00+00:00,26.7,0.0,21.5,27.8,21.1,33.9,33.5,3.0,40.0,34.2,15.88,39876.3,31593.8,23.4,0.0,0.0,4.75,0.0,17.0,18.8,67.0,,,,28.1,16.0,40.0,20.2,11.8
2023-10-30 00:00:00+00:00,26.9,0.0,20.2,28.6,22.4,33.3,33.9,3.0,6.0,33.1,14.95,39779.06,31538.93,25.1,0.0,0.0,4.4,0.0,43.0,19.2,66.0,,,,24.9,13.2,6.0,18.4,7.7
2023-10-31 00:00:00+00:00,25.9,0.3,21.2,27.6,21.0,32.5,33.0,51.0,340.0,39.6,14.8,39682.29,35851.59,23.8,2.0,0.3,3.75,0.0,35.0,17.6,63.0,,,,16.7,7.7,340.0,6.5,3.6
2023-11-01 00:00:00+00:00,25.7,0.0,20.9,27.0,20.2,32.2,31.9,3.0,358.0,34.6,15.02,39586.1,34101.55,23.1,0.0,0.0,4.24,0.0,15.0,17.5,64.0,,,,19.9,10.4,358.0,7.2,4.7
2023-11-02 00:00:00+00:00,26.1,0.0,18.9,27.0,21.2,32.0,31.5,3.0,3.0,32.0,15.76,39490.57,31854.18,23.4,0.0,0.0,4.41,0.0,27.0,16.9,61.0,,,,22.5,12.2,3.0,14.4,8.4
2023-11-03 00:00:00+00:00,25.8,0.0,15.9,26.0,19.7,32.6,31.0,3.0,51.0,29.2,16.41,39395.8,35577.1,21.9,0.0,0.0,4.73,0.0,22.0,15.0,57.0,,,,20.7,11.5,51.0,11.2,6.4
2023-11-04 00:00:00+00:00,26.9,0.0,18.8,24.9,19.4,33.7,30.0,0.0,57.0,34.9,16.57,39301.9,35738.44,17.7,0.0,0.0,6.03,0.0,0.0,8.8,36.0,,,,23.4,13.3,57.0,11.5,6.0
2023-11-05 00:00:00+00:00,25.6,0.0,17.1,25.1,19.0,32.3,30.2,1.0,47.0,32.0,15.92,39208.96,34948.82,19.9,0.0,0.0,4.98,0.0,2.0,13.8,52.0,,,,23.3,13.1,47.0,11.5,7.1
2023-11-06 00:00:00+00:00,25.8,0.0,19.8,24.8,18.4,33.1,30.3,0.0,49.0,31.0,16.28,39117.1,35318.23,18.8,0.0,0.0,5.05,0.0,0.0,11.5,48.0,,,,21.7,12.0,49.0,11.2,6.9
2023-11-07 00:00:00+00:00,24.8,0.0,22.2,23.8,17.8,31.9,29.3,0.0,43.0,35.3,16.15,39026.41,35269.29,17.7,0.0,0.0,4.94,0.0,0.0,12.0,48.0,,,,22.0,12.2,43.0,9.0,5.7
2023-11-08 00:00:00+00:00,23.8,0.0,19.6,24.3,19.4,30.4,29.7,3.0,49.0,35.3,14.16,38937.0,27492.71,20.7,0.0,0.0,3.74,0.0,32.0,17.6,72.0,,,,27.9,16.2,49.0,21.6,12.4
2023-11-09 00:00:00+00:00,24.1,0.0,21.7,24.6,19.5,30.4,30.2,3.0,37.0,34.6,14.91,38848.98,31049.8,21.0,0.0,0.0,3.94,0.0,43.0,17.3,69.0,,,,26.5,15.1,37.0,19.8,11.9
2023-11-10 00:00:00+00:00,23.5,0.0,23.1,23.6,18.1,29.3,28.5,3.0,46.0,36.4,15.63,38762.46,34941.12,19.3,0.0,0.0,4.18,0.0,49.0,16.5,68.0,,,,26.9,15.6,46.0,15.5,9.7
2023-11-11 00:00:00+00:00,24.0,0.0,23.0,23.8,18.7,29.7,28.7,3.0,48.0,39.6,11.75,38677.55,29172.29,18.7,0.0,0.0,3.55,0.0,98.0,16.2,64.0,,,,28.3,15.9,48.0,13.3,2.6
2023-11-12 00:00:00+00:00,25.2,1.5,16.4,25.5,20.7,31.6,31.1,61.0,70.0,28.1,11.44,38594.37,28796.3,21.2,2.0,1.5,3.6,0.0,50.0,15.0,55.0,,,,20.2,9.8,70.0,5.8,2.7
2023-11-13 00:00:00+00:00,24.3,0.0,15.5,25.5,19.3,30.6,31.4,3.0,25.0,26.6,14.12,38513.04,31853.17,20.9,0.0,0.0,3.45,0.0,18.0,17.1,67.0,,,,18.7,10.0,25.0,5.4,3.3
2023-11-14 00:00:00+00:00,22.8,0.4,26.2,22.7,18.3,27.0,24.7,51.0,292.0,43.9,13.33,38433.57,33285.69,20.3,3.0,0.4,3.87,0.0,24.0,15.1,66.0,,,,24.1,13.1,292.0,6.1,2.5
2023-11-15 00:00:00+00:00,21.9,0.0,15.8,21.9,17.3,26.9,25.8,3.0,322.0,29.9,10.32,38355.18,33421.9,17.3,0.0,0.0,2.83,0.0,38.0,13.9,62.0,,,,16.2,8.8,322.0,6.8,3.3
2023-11-16 00:00:00+00:00,22.4,0.0,11.6,22.7,18.5,27.6,26.5,1.0,305.0,20.2,14.95,38277.71,34483.43,20.0,0.0,0.0,3.32,0.0,5.0,13.4,60.0,,,,12.4,5.9,305.0,2.9,0.8
2023-11-17 00:00:00+00:00,23.0,0.0,12.9,23.7,18.3,28.1,28.7,3.0,331.0,19.8,12.58,38201.27,32417.47,19.1,0.0,0.0,3.05,0.0,22.0,15.1,63.0,,,,13.4,6.7,331.0,2.9,1.3
2023-11-18 00:00:00+00:00,23.2,0.0,14.1,23.5,19.9,27.5,27.3,3.0,301.0,26.6,12.7,38125.92,33977.15,20.9,0.0,0.0,3.36,0.0,27.0,14.8,62.0,,,,17.3,9.0,301.0,9.4,3.1
2023-11-19 00:00:00+00:00,20.5,0.1,36.1,18.1,16.4,24.6,20.4,51.0,258.0,57.6,13.31,38051.78,32228.14,15.4,1.0,0.1,4.17,0.0,19.0,11.5,58.0,,,,34.1,19.8,258.0,15.8,8.6
2023-11-20 00:00:00+00:00,17.5,0.1,20.2,16.3,13.6,21.7,19.2,51.0,271.0,36.0,8.7,37978.94,21600.0,12.7,1.0,0.1,2.23,0.0,45.0,11.2,67.0,,,,19.1,10.7,271.0,9.7,6.0
2023-11-21 00:00:00+00:00,19.1,0.0,15.1,18.3,13.8,24.4,22.9,1.0,91.0,23.0,14.5,37907.49,34213.82,13.3,0.0,0.0,3.15,0.0,4.0,10.3,59.0,,,,13.8,7.3,91.0,5.4,2.8
2023-11-22 00:00:00+00:00,20.3,0.0,17.8,18.7,15.3,26.3,24.0,3.0,96.0,27.7,12.85,37837.53,33795.18,14.0,0.0,0.0,3.17,0.0,63.0,9.3,53.0,,,,18.9,9.8,96.0,6.8,1.1
2023-11-23 00:00:00+00:00,20.1,0.0,11.6,18.3,13.5,26.2,24.3,1.0,198.0,23.4,14.57,37769.16,34203.12,11.8,0.0,0.0,3.44,0.0,1.0,7.3,45.0,,,,14.0,7.5,198.0,6.5,3.5
2023-11-24 00:00:00+00:00,19.7,0.0,8.9,18.2,13.9,26.1,23.7,3.0,203.0,18.7,14.47,37702.48,33216.48,12.8,0.0,0.0,3.13,0.0,40.0,7.1,47.0,,,,10.8,5.3,203.0,3.6,1.3
2023-11-25 00:00:00+00:00,20.9,0.0,29.8,16.6,15.3,27.4,21.8,3.0,184.0,49.3,10.79,37637.59,29821.41,11.5,0.0,0.0,5.53,0.0,81.0,3.9,35.0,,,,32.1,19.4,184.0,16.6,10.6
2023-11-26 00:00:00+00:00,19.9,0.0,29.3,15.7,14.7,24.8,19.0,0.0,223.0,49.7,14.42,37574.61,34068.26,10.8,0.0,0.0,5.37,0.0,1.0,4.3,37.0,,,,32.8,19.4,223.0,18.0,11.3
2023-11-27 00:00:00+00:00,18.4,0.0,20.8,16.2,14.4,22.5,19.3,3.0,289.0,36.4,12.6,37513.61,32015.93,13.2,0.0,0.0,3.52,0.0,28.0,8.9,55.0,,,,25.1,13.6,289.0,14.4,7.9
2023-11-28 00:00:00+00:00,16.8,0.0,18.0,14.3,12.4,21.1,17.5,3.0,65.0,32.4,12.7,37454.72,32400.0,10.6,0.0,0.0,3.22,0.0,47.0,6.5,52.0,,,,19.5,11.0,65.0,7.9,5.2
2023-11-29 00:00:00+00:00,18.0,0.0,21.4,15.3,12.8,24.0,20.4,2.0,58.0,38.2,14.07,37398.04,33940.35,10.7,0.0,0.0,3.81,0.0,10.0,7.9,54.0,,,,26.1,14.8,58.0,17.3,8.3
2023-11-30 00:00:00+00:00,18.8,0.0,22.2,17.3,13.1,25.2,23.3,3.0,44.0,36.4,13.81,37343.66,33819.05,12.3,0.0,0.0,3.35,0.0,20.0,12.1,67.0,,,,26.0,14.8,44.0,15.1,8.7
2023-12-01 00:00:00+00:00,19.0,0.0,24.0,17.4,13.7,25.4,22.6,0.0,40.0,41.8,13.41,37291.71,33578.79,12.9,0.0,0.0,3.44,0.0,3.0,12.2,68.0,,,,27.6,16.2,40.0,18.4,11.7
2023-12-02 00:00:00+00:00,19.2,0.0,24.2,17.6,14.2,25.3,22.4,1.0,39.0,42.5,13.4,37242.28,33818.55,13.4,0.0,0.0,3.46,0.0,1.0,12.5,67.0,,,,28.3,16.6,39.0,18.4,11.0
2023-12-03 00:00:00+00:00,20.4,0.0,25.0,19.8,15.3,26.7,25.9,3.0,49.0,41.0,11.67,37195.48,31368.28,14.5,0.0,0.0,2.85,0.0,56.0,14.5,71.0,,,,24.6,14.2,49.0,13.7,8.4
2023-12-04 00:00:00+00:00,20.3,0.0,11.6,20.8,15.3,27.3,27.0,3.0,324.0,20.5,12.54,37151.36,31458.31,15.7,0.0,0.0,2.58,0.0,42.0,13.8,69.0,,,,11.2,5.0,324.0,2.5,0.5
2023-12-05 00:00:00+00:00,18.3,0.0,10.1,18.4,13.4,24.2,24.3,3.0,338.0,22.0,10.98,37109.41,31499.52,12.8,0.0,0.0,2.11,0.0,18.0,13.5,76.0,,,,13.3,7.3,338.0,7.6,4.3
2023-12-06 00:00:00+00:00,18.6,0.0,15.7,17.8,14.0,23.9,22.2,1.0,235.0,28.1,12.85,37069.52,33546.84,13.8,0.0,0.0,2.81,0.0,10.0,11.1,66.0,,,,15.6,8.6,235.0,6.1,4.3
2023-12-07 00:00:00+00:00,17.7,0.0,9.4,15.9,11.7,23.1,20.5,3.0,219.0,18.4,11.29,37031.72,25616.4,10.0,0.0,0.0,2.59,0.0,61.0,6.6,51.0,,,,11.6,6.6,219.0,3.6,3.3
2023-12-08 00:00:00+00:00,17.2,0.1,15.6,15.5,14.4,22.0,19.3,51.0,263.0,27.4,9.82,36996.07,29362.21,12.4,1.0,0.1,2.32,0.0,59.0,6.8,51.0,,,,11.7,6.1,263.0,2.9,0.5
2023-12-09 00:00:00+00:00,16.6,0.0,13.3,14.4,11.3,21.7,19.7,3.0,186.0,22.0,11.64,36962.62,32105.68,8.7,0.0,0.0,2.66,0.0,46.0,5.9,50.0,,,,15.2,8.1,186.0,2.5,1.6
2023-12-10 00:00:00+00:00,18.4,0.0,16.7,15.8,12.6,24.5,22.1,3.0,99.0,25.2,12.53,36931.4,33012.94,9.9,0.0,0.0,3.13,0.0,50.0,3.9,41.0,,,,15.4,8.2,99.0,2.5,0.4
2023-12-11 00:00:00+00:00,18.2,0.0,17.7,14.8,12.5,24.8,20.4,3.0,200.0,33.1,13.18,36902.46,33582.23,8.8,0.0,0.0,4.0,0.0,20.0,2.1,35.0,,,,19.2,11.3,200.0,5.4,4.4
2023-12-12 00:00:00+00:00,16.6,0.0,20.9,14.5,11.3,22.4,19.7,3.0,258.0,35.6,11.97,36875.85,32684.9,8.9,0.0,0.0,2.88,0.0,15.0,7.4,55.0,,,,18.6,10.2,258.0,9.4,5.8
2023-12-13 00:00:00+00:00,17.6,0.3,18.4,16.9,13.9,21.8,19.9,51.0,255.0,33.1,8.09,36851.61,20095.19,13.0,3.0,0.3,2.01,0.0,49.0,12.7,74.0,,,,19.4,11.0,255.0,8.3,4.3
2023-12-14 00:00:00+00:00,19.0,0.0,9.7,18.8,14.0,24.6,24.1,3.0,217.0,17.3,11.84,36829.77,32366.58,13.8,0.0,0.0,2.32,0.0,17.0,12.1,68.0,,,,11.2,5.7,217.0,5.4,2.3
2023-12-15 00:00:00+00:00,19.8,0.0,11.2,18.4,14.4,26.1,24.5,2.0,82.0,19.8,13.12,36810.38,33565.92,12.7,0.0,0.0,2.99,0.0,3.0,8.1,51.0,,,,12.6,6.4,82.0,5.8,2.6
2023-12-16 00:00:00+00:00,19.7,0.0,12.8,17.5,14.0,26.3,23.6,3.0,192.0,22.7,13.18,36793.49,33535.05,11.4,0.0,0.0,3.5,0.0,31.0,6.0,42.0,,,,15.3,8.6,192.0,7.9,4.9
2023-12-17 00:00:00+00:00,18.8,0.0,18.2,16.9,12.9,25.0,22.5,3.0,37.0,33.5,12.2,36779.13,31708.89,11.4,0.0,0.0,3.33,0.0,56.0,9.9,58.0,,,,21.5,12.9,37.0,10.4,7.1
2023-12-18 00:00:00+00:00,18.7,0.0,23.3,17.3,14.3,24.3,21.6,3.0,26.0,40.7,10.02,36767.35,25200.0,14.0,0.0,0.0,2.84,0.0,59.0,12.7,71.0,,,,26.7,15.6,26.0,16.2,10.0
2023-12-19 00:00:00+00:00,17.8,0.0,25.4,16.0,13.6,23.4,19.7,3.0,37.0,43.2,12.65,36758.17,33452.25,13.0,0.0,0.0,3.14,0.0,15.0,11.2,70.0,,,,26.5,15.2,37.0,14.4,8.4
2023-12-20 00:00:00+00:00,16.3,0.0,14.1,14.9,11.6,21.8,19.7,3.0,57.0,26.3,8.03,36751.65,19111.27,10.8,0.0,0.0,2.01,0.0,92.0,9.8,68.0,,,,17.4,9.6,57.0,9.4,5.9
2023-12-21 00:00:00+00:00,16.3,0.0,25.5,12.9,13.2,20.1,16.4,3.0,198.0,42.5,8.57,36747.8,19458.4,9.3,0.0,0.0,3.12,0.0,69.0,7.5,57.0,,,,32.0,19.4,198.0,16.6,10.7
2023-12-22 00:00:00+00:00,15.5,0.0,27.9,11.3,10.4,21.1,16.4,1.0,212.0,46.4,12.78,36746.69,33602.39,5.4,0.0,0.0,3.99,0.0,1.0,4.2,47.0,,,,33.9,20.4,212.0,23.4,14.8
2023-12-23 00:00:00+00:00,16.9,0.0,25.6,13.9,12.4,21.8,17.9,3.0,221.0,43.9,10.48,36748.32,32699.58,8.8,0.0,0.0,3.17,0.0,26.0,9.0,61.0,,,,32.7,19.2,221.0,18.0,10.2
2023-12-24 00:00:00+00:00,18.0,0.1,19.2,16.2,14.5,22.2,20.7,51.0,199.0,30.2,9.77,36752.75,30489.61,12.3,1.0,0.1,2.62,0.0,46.0,10.5,62.0,,,,22.3,13.1,199.0,7.9,2.6
2023-12-25 00:00:00+00:00,18.6,0.0,9.4,18.3,14.4,23.1,22.0,3.0,22.0,19.4,11.64,36760.01,31526.17,14.1,0.0,0.0,2.39,0.0,22.0,11.6,67.0,,,,11.2,5.7,22.0,3.6,1.8
2023-12-26 00:00:00+00:00,18.0,0.0,21.1,16.4,12.9,23.7,20.9,1.0,45.0,37.8,12.15,36770.07,33629.13,12.3,0.0,0.0,3.0,0.0,4.0,11.3,68.0,,,,23.9,13.6,45.0,13.0,8.0
2023-12-27 00:00:00+00:00,17.7,0.0,17.1,16.6,12.5,23.7,21.4,2.0,339.0,29.2,11.7,36782.89,32339.98,11.9,0.0,0.0,2.78,0.0,21.0,11.5,71.0,,,,19.0,10.4,339.0,9.0,3.6
2023-12-28 00:00:00+00:00,17.0,8.9,19.4,16.5,14.2,21.1,20.0,63.0,6.0,34.6,8.4,36798.41,31318.37,14.2,13.0,8.9,1.66,0.0,48.0,13.5,80.0,,,,21.2,11.5,6.0,9.4,4.3
2023-12-29 00:00:00+00:00,17.4,0.0,18.7,16.9,13.3,22.9,21.3,2.0,26.0,32.8,11.19,36816.59,32581.08,13.3,0.0,0.0,2.2,0.0,22.0,13.4,79.0,,,,19.9,11.0,26.0,12.2,5.4
2023-12-30 00:00:00+00:00,16.5,0.0,15.4,16.1,12.2,22.3,21.0,3.0,49.0,28.8,11.64,36837.39,31184.32,11.7,0.0,0.0,2.15,0.0,39.0,12.7,80.0,,,,16.4,8.7,49.0,7.9,4.9
2023-12-31 00:00:00+00:00,16.6,0.6,13.4,16.5,12.8,21.2,20.9,51.0,18.0,25.9,11.33,36860.73,32405.5,12.4,4.0,0.6,1.95,0.0,22.0,12.6,78.0,,,,12.7,6.4,18.0,5.0,1.8
2024-01-01 00:00:00+00:00,15.9,0.0,15.3,15.4,11.2,21.0,20.0,3.0,45.0,24.5,11.88,36886.6,32158.69,10.8,0.0,0.0,2.07,0.0,25.0,11.9,79.0,,,,14.2,7.2,45.0,7.6,3.3
2024-01-02 00:00:00+00:00,17.0,0.0,14.2,16.3,12.5,22.2,20.2,3.0,332.0,27.0,11.05,36914.91,32961.7,12.1,0.0,0.0,2.25,0.0,26.0,11.5,73.0,,,,14.5,7.8,332.0,6.8,2.9
2024-01-03 00:00:00+00:00,17.1,0.0,8.8,16.5,11.9,22.4,21.1,3.0,10.0,20.2,12.57,36945.63,32657.45,11.1,0.0,0.0,2.3,0.0,24.0,10.3,66.0,,,,10.1,5.1,10.0,1.8,1.1
2024-01-04 00:00:00+00:00,16.3,0.0,12.8,14.9,11.6,22.5,20.0,1.0,350.0,24.8,12.98,36978.7,33861.21,10.7,0.0,0.0,2.58,0.0,3.0,8.7,64.0,,,,12.9,7.0,350.0,7.2,1.3
2024-01-05 00:00:00+00:00,16.4,0.0,8.6,14.9,10.4,22.1,20.1,3.0,188.0,17.3,13.23,37014.08,33900.23,8.9,0.0,0.0,2.54,0.0,20.0,6.9,56.0,,,,11.0,5.4,188.0,3.2,1.1
2024-01-06 00:00:00+00:00,17.0,0.0,15.9,15.7,11.9,22.7,20.7,3.0,58.0,29.5,13.04,37051.7,33941.67,10.8,0.0,0.0,2.78,0.0,17.0,10.3,66.0,,,,17.4,10.2,58.0,9.4,6.2
2024-01-07 00:00:00+00:00,17.2,0.0,17.3,15.1,12.2,24.1,21.1,0.0,185.0,31.7,13.38,37091.5,33985.48,9.3,0.0,0.0,3.25,0.0,0.0,8.3,58.0,,,,20.8,12.0,185.0,9.4,7.0
2024-01-08 00:00:00+00:00,17.5,0.0,16.9,14.8,12.2,23.6,20.7,3.0,190.0,28.4,13.54,37133.45,34031.57,9.4,0.0,0.0,3.29,0.0,53.0,5.8,49.0,,,,20.4,11.5,190.0,2.2,0.5
2024-01-09 00:00:00+00:00,15.6,0.0,17.7,12.4,9.4,21.8,17.0,3.0,238.0,32.4,13.73,37177.47,34079.9,6.5,0.0,0.0,3.27,0.0,28.0,0.4,38.0,,,,14.9,8.2,238.0,4.7,2.7
2024-01-10 00:00:00+00:00,14.2,0.0,20.1,10.7,8.9,20.1,16.0,1.0,236.0,35.6,13.56,37223.53,34130.39,5.2,0.0,0.0,3.42,0.0,5.0,1.6,43.0,,,,20.7,12.0,236.0,10.8,6.5
2024-01-11 00:00:00+00:00,14.7,0.1,18.4,12.7,10.8,19.0,15.9,51.0,262.0,33.1,10.41,37271.56,32135.62,9.4,1.0,0.1,2.28,0.0,34.0,8.1,67.0,,,,18.4,10.2,262.0,10.4,5.9
2024-01-12 00:00:00+00:00,14.2,0.0,15.6,11.9,9.6,19.8,16.4,1.0,220.0,29.9,12.96,37321.51,34237.63,7.5,0.0,0.0,2.64,0.0,7.0,6.6,63.0,,,,18.2,10.2,220.0,9.4,5.6
2024-01-13 00:00:00+00:00,14.8,0.0,29.0,10.3,9.9,20.7,15.5,1.0,206.0,49.0,13.64,37373.38,34294.48,5.5,0.0,0.0,4.04,0.0,3.0,3.1,48.0,,,,33.1,19.8,206.0,18.4,10.8
2024-01-14 00:00:00+00:00,14.6,0.0,13.6,12.5,10.2,20.0,16.7,1.0,270.0,26.6,12.8,37427.77,34354.19,8.8,0.0,0.0,2.62,0.0,18.0,6.8,63.0,,,,16.4,8.5,270.0,7.6,4.7
2024-01-15 00:00:00+00:00,14.6,0.0,10.5,12.7,9.3,19.9,17.3,0.0,256.0,22.7,13.8,37484.71,34416.64,7.3,0.0,0.0,2.58,0.0,1.0,5.6,58.0,,,,11.7,6.0,256.0,4.3,1.1
2024-01-16 00:00:00+00:00,14.3,0.0,12.3,11.7,9.0,19.4,15.9,1.0,210.0,25.6,13.82,37544.11,34481.73,6.5,0.0,0.0,2.8,0.0,8.0,2.7,47.0,,,,13.2,6.8,210.0,3.2,1.3
2024-01-17 00:00:00+00:00,15.6,0.0,11.2,12.6,10.0,22.4,18.9,3.0,209.0,21.2,13.94,37605.86,32922.39,7.2,0.0,0.0,3.21,0.0,31.0,1.3,40.0,,,,14.3,7.6,209.0,8.6,5.0
2024-01-18 00:00:00+00:00,17.1,0.0,6.9,15.1,11.0,22.8,20.9,3.0,340.0,13.3,13.65,37669.84,34619.23,8.5,0.0,0.0,2.56,0.0,21.0,3.2,40.0,,,,7.6,3.0,340.0,2.5,0.4
2024-01-19 00:00:00+00:00,17.7,0.0,9.7,16.5,12.1,23.6,22.1,1.0,317.0,16.2,13.97,37735.94,34691.4,11.0,0.0,0.0,2.74,0.0,3.0,7.5,54.0,,,,9.7,4.3,317.0,2.9,0.4
2024-01-20 00:00:00+00:00,18.8,0.0,10.8,16.8,12.4,25.8,23.6,3.0,183.0,22.7,13.94,37804.05,34765.68,10.8,0.0,0.0,3.37,0.0,50.0,6.4,48.0,,,,13.6,7.7,183.0,6.1,4.6
2024-01-21 00:00:00+00:00,20.1,0.0,22.0,16.2,15.7,26.6,21.8,3.0,185.0,38.9,13.62,37874.07,30800.35,12.1,0.0,0.0,5.09,0.0,49.0,3.0,35.0,,,,26.3,15.8,185.0,17.3,10.7
2024-01-22 00:00:00+00:00,17.5,0.0,19.1,14.4,12.2,22.7,19.9,3.0,225.0,34.2,11.91,37945.88,34920.07,8.9,0.0,0.0,3.83,0.0,15.0,7.0,51.0,,,,27.7,16.2,225.0,20.5,11.3
2024-01-23 00:00:00+00:00,15.9,0.0,19.7,13.8,11.5,20.8,17.0,3.0,257.0,35.3,11.8,38019.38,34403.01,9.9,0.0,0.0,2.71,0.0,39.0,8.6,64.0,,,,21.1,11.7,257.0,11.2,5.9
2024-01-24 00:00:00+00:00,15.5,0.2,17.4,13.3,12.0,18.5,15.7,51.0,280.0,32.4,10.71,38094.46,27125.01,10.3,2.0,0.2,2.51,0.0,54.0,7.2,60.0,,,,18.9,10.2,280.0,5.4,2.8
2024-01-25 00:00:00+00:00,14.0,1.4,19.9,11.8,9.3,19.3,15.4,53.0,265.0,33.1,11.08,38171.03,31207.17,7.6,4.0,1.4,2.36,0.0,32.0,7.4,67.0,,,,18.3,10.3,265.0,6.1,3.9
2024-01-26 00:00:00+00:00,14.4,0.5,26.5,12.0,9.8,19.8,15.6,51.0,251.0,44.6,11.64,38248.98,28088.53,7.3,3.0,0.5,2.58,0.0,41.0,8.8,71.0,,,,25.8,14.9,251.0,9.4,5.8
2024-01-27 00:00:00+00:00,14.4,0.3,21.9,12.1,10.3,19.1,15.2,51.0,282.0,38.2,11.2,38328.21,35216.0,8.7,2.0,0.3,2.54,0.0,33.0,7.6,67.0,,,,20.4,11.6,282.0,9.4,6.1
2024-01-28 00:00:00+00:00,13.7,0.1,13.6,11.8,9.9,17.9,15.4,51.0,242.0,26.6,10.02,38408.61,24812.3,8.6,1.0,0.1,2.03,0.0,51.0,7.2,67.0,,,,15.1,7.9,242.0,4.0,3.7
2024-01-29 00:00:00+00:00,13.3,0.3,25.1,10.9,8.2,18.2,14.7,51.0,270.0,40.0,13.49,38490.11,35279.03,6.7,2.0,0.3,2.7,0.0,25.0,7.2,69.0,,,,21.2,12.0,270.0,5.4,3.1
2024-01-30 00:00:00+00:00,11.9,0.0,26.6,8.0,7.8,16.5,10.8,2.0,267.0,46.1,14.51,38572.58,34039.93,4.4,0.0,0.0,3.04,0.0,9.0,3.4,59.0,,,,28.6,16.4,267.0,10.8,6.9
2024-01-31 00:00:00+00:00,10.9,1.1,28.4,7.5,6.7,16.5,11.6,53.0,213.0,50.0,12.96,38655.95,33519.98,3.6,3.0,1.1,2.56,0.0,21.0,3.1,61.0,,,,23.1,12.9,213.0,9.0,6.1
2024-02-01 00:00:00+00:00,10.9,0.0,18.9,7.4,5.7,16.4,12.5,3.0,222.0,31.0,11.72,38740.11,28187.43,1.7,0.0,0.0,2.5,0.0,33.0,3.3,61.0,,,,24.1,13.9,222.0,13.0,7.6
2024-02-02 00:00:00+00:00,12.5,1.3,17.0,10.1,8.4,17.3,13.9,53.0,249.0,31.7,12.15,38825.07,34229.85,6.2,5.0,1.3,2.23,0.0,38.0,6.5,70.0,,,,19.0,10.5,249.0,6.8,4.1
2024-02-03 00:00:00+00:00,12.6,0.0,16.4,9.8,8.0,18.6,14.6,0.0,239.0,31.0,15.9,38911.66,35460.42,5.8,0.0,0.0,3.03,0.0,1.0,3.4,59.0,,,,17.6,9.9,239.0,8.6,5.5
2024-02-04 00:00:00+00:00,13.2,0.0,15.2,10.0,7.8,19.0,15.4,3.0,256.0,30.2,14.67,39000.01,32135.5,4.4,0.0,0.0,3.22,0.0,20.0,1.7,47.0,,,,17.7,9.6,256.0,7.2,3.3
2024-02-05 00:00:00+00:00,14.1,0.0,18.3,12.0,8.3,19.4,15.9,3.0,277.0,33.1,11.89,39090.01,24744.2,6.7,0.0,0.0,2.63,0.0,36.0,7.5,67.0,,,,18.5,10.3,277.0,5.0,1.5
2024-02-06 00:00:00+00:00,16.0,0.0,11.6,14.5,9.9,22.1,19.9,1.0,297.0,23.0,15.39,39181.53,35588.57,8.7,0.0,0.0,3.02,0.0,7.0,7.9,63.0,,,,13.6,7.0,297.0,5.8,4.0
2024-02-07 00:00:00+00:00,16.8,0.0,11.3,15.2,10.9,23.1,20.9,0.0,60.0,24.1,16.1,39274.48,35634.48,10.0,0.0,0.0,3.38,0.0,0.0,7.9,61.0,,,,16.1,8.4,60.0,9.0,4.6
2024-02-08 00:00:00+00:00,16.3,0.0,14.9,14.5,10.6,23.0,20.8,2.0,38.0,29.9,15.67,39368.72,33288.75,9.0,0.0,0.0,3.09,0.0,12.0,8.2,64.0,,,,18.5,10.1,38.0,8.3,4.8
2024-02-09 00:00:00+00:00,16.7,0.0,14.1,15.2,11.3,23.1,20.9,0.0,360.0,22.7,16.44,39464.18,35730.58,10.7,0.0,0.0,3.35,0.0,0.0,6.7,58.0,,,,13.0,6.1,360.0,4.0,0.7
2024-02-10 00:00:00+00:00,17.0,0.0,18.6,14.8,11.0,23.3,20.9,1.0,29.0,30.2,16.14,39560.71,35780.61,9.1,0.0,0.0,3.64,0.0,4.0,5.8,51.0,,,,16.5,8.5,29.0,5.8,1.9
2024-02-11 00:00:00+00:00,17.6,0.0,18.8,15.0,12.3,23.2,19.9,3.0,64.0,35.3,16.69,39658.23,35831.83,10.5,0.0,0.0,4.02,0.0,40.0,7.6,56.0,,,,24.9,14.0,64.0,16.6,9.3
2024-02-12 00:00:00+00:00,18.2,0.0,23.4,14.6,12.3,24.2,18.7,3.0,185.0,41.0,11.69,39756.63,19460.17,9.9,0.0,0.0,4.13,0.0,97.0,1.2,36.0,,,,22.9,12.3,185.0,7.2,3.9
2024-02-13 00:00:00+00:00,19.3,0.0,23.5,15.1,16.2,23.9,20.6,3.0,219.0,40.0,12.25,39855.82,23263.92,11.4,0.0,0.0,5.15,0.0,65.0,1.3,32.0,,,,29.6,16.7,219.0,13.3,7.9
2024-02-14 00:00:00+00:00,16.1,3.2,19.4,13.6,11.8,20.8,16.4,61.0,238.0,35.3,13.67,39955.68,35991.93,10.3,2.0,3.2,3.39,0.0,55.0,6.5,56.0,,,,21.6,11.8,238.0,7.9,4.8
2024-02-15 00:00:00+00:00,14.7,0.3,24.3,11.7,11.3,19.8,14.9,51.0,205.0,43.2,14.97,40056.12,36000.0,8.2,2.0,0.3,3.33,0.0,34.0,6.7,61.0,,,,27.2,15.1,205.0,7.9,4.2
2024-02-16 00:00:00+00:00,14.4,0.2,25.5,11.0,10.0,19.2,14.0,51.0,229.0,45.0,16.28,40157.05,36000.0,7.7,2.0,0.2,3.59,0.0,22.0,5.9,60.0,,,,28.9,16.7,229.0,15.5,9.9
2024-02-17 00:00:00+00:00,15.4,0.3,20.2,12.5,10.5,20.9,17.0,51.0,244.0,37.1,15.58,40258.36,35670.8,7.8,3.0,0.3,3.55,0.0,24.0,6.3,56.0,,,,24.9,13.9,244.0,11.9,4.8
2024-02-18 00:00:00+00:00,16.1,0.0,17.1,14.4,10.4,21.4,18.4,2.0,270.0,30.6,16.28,40359.96,36000.0,9.4,0.0,0.0,3.4,0.0,18.0,7.5,61.0,,,,16.8,8.5,270.0,3.2,0.8
2024-02-19 00:00:00+00:00,15.9,0.0,17.8,13.6,10.8,22.2,18.1,3.0,303.0,33.5,14.57,40461.77,36000.0,9.6,0.0,0.0,3.4,0.0,24.0,7.3,62.0,,,,20.1,11.2,303.0,9.0,4.8
2024-02-20 00:00:00+00:00,16.4,0.0,17.0,14.5,11.8,21.4,18.7,3.0,343.0,26.6,15.93,40563.69,36015.05,10.1,0.0,0.0,3.31,0.0,49.0,6.6,55.0,,,,15.0,7.6,343.0,4.7,1.0
2024-02-21 00:00:00+00:00,16.4,0.0,20.0,13.9,11.1,21.9,19.4,3.0,34.0,32.4,18.17,40665.62,36108.95,9.6,0.0,0.0,4.04,0.0,9.0,6.6,56.0,,,,22.6,12.5,34.0,12.6,7.9
2024-02-22 00:00:00+00:00,16.3,0.0,21.7,13.4,10.3,22.4,19.0,3.0,49.0,39.2,18.26,40767.57,36000.0,8.4,0.0,0.0,4.32,0.0,31.0,6.8,56.0,,,,27.2,15.7,49.0,13.3,7.9
2024-02-23 00:00:00+00:00,16.4,0.0,26.9,13.2,12.7,20.7,16.7,3.0,44.0,46.1,9.6,40870.38,7998.77,9.7,0.0,0.0,3.22,0.0,100.0,8.7,61.0,,,,33.4,19.7,44.0,25.6,14.3
2024-02-24 00:00:00+00:00,18.2,0.0,19.3,16.2,13.1,23.8,21.2,3.0,24.0,32.0,16.5,40974.22,36303.64,12.4,0.0,0.0,4.0,0.0,33.0,9.5,61.0,,,,25.1,13.8,24.0,16.9,9.4
2024-02-25 00:00:00+00:00,17.7,0.0,15.1,15.9,12.7,23.4,21.0,3.0,54.0,30.6,18.44,41078.99,32939.61,12.0,0.0,0.0,3.92,0.0,20.0,8.9,62.0,,,,21.2,11.7,54.0,13.0,7.9
2024-02-26 00:00:00+00:00,19.1,0.0,23.0,16.1,11.4,26.6,22.6,3.0,209.0,37.8,18.9,41184.6,36518.69,9.5,0.0,0.0,5.23,0.0,14.0,4.9,46.0,,,,24.6,13.8,209.0,9.0,5.6
2024-02-27 00:00:00+00:00,17.2,0.0,18.8,15.0,11.2,22.4,19.3,3.0,307.0,34.9,13.65,41290.96,23367.0,9.3,0.0,0.0,3.49,0.0,32.0,7.4,55.0,,,,20.0,10.8,307.0,7.9,3.4
2024-02-28 00:00:00+00:00,17.9,0.0,20.1,16.0,11.5,24.5,21.8,1.0,53.0,33.8,18.76,41397.98,36629.8,10.8,0.0,0.0,4.33,0.0,4.0,9.2,62.0,,,,23.1,13.1,53.0,9.0,5.4
2024-02-29 00:00:00+00:00,20.3,0.0,21.6,17.1,12.9,28.8,26.0,3.0,59.0,33.8,19.8,41505.58,36745.71,10.4,0.0,0.0,5.66,0.0,21.0,4.5,45.0,,,,27.4,15.7,59.0,22.7,10.0
2024-03-01 00:00:00+00:00,22.5,0.0,17.4,19.1,14.9,30.6,27.0,3.0,185.0,33.1,19.53,41613.68,36388.86,11.5,0.0,0.0,5.85,0.0,46.0,-0.1,24.0,,,,19.4,10.4,185.0,8.6,4.6
2024-03-02 00:00:00+00:00,20.1,0.0,20.0,17.3,14.4,25.4,22.1,0.0,267.0,37.1,20.01,41722.2,36864.89,13.6,0.0,0.0,5.38,0.0,0.0,4.6,40.0,,,,23.4,12.6,267.0,10.4,6.2
2024-03-03 00:00:00+00:00,17.6,0.0,15.1,15.7,11.9,23.1,20.7,3.0,300.0,29.2,17.07,41831.04,36865.08,10.8,0.0,0.0,3.79,0.0,24.0,8.0,57.0,,,,18.6,9.9,300.0,9.0,4.4
2024-03-04 00:00:00+00:00,18.2,0.0,17.0,16.8,13.1,24.1,22.7,1.0,9.0,25.2,20.11,41940.12,36987.95,11.8,0.0,0.0,3.96,0.0,3.0,7.1,51.0,,,,13.4,6.1,9.0,2.2,0.5
2024-03-05 00:00:00+00:00,19.6,0.0,16.4,17.8,11.6,26.9,25.3,0.0,76.0,28.1,20.48,42049.38,37144.73,10.2,0.0,0.0,4.44,0.0,0.0,5.5,47.0,,,,15.9,7.4,76.0,9.0,1.1
2024-03-06 00:00:00+00:00,18.6,0.0,20.7,16.6,12.7,23.8,21.0,0.0,304.0,36.4,20.26,42158.71,37134.51,12.3,0.0,0.0,4.76,0.0,2.0,7.8,54.0,,,,22.7,12.0,304.0,9.4,3.8
2024-03-07 00:00:00+00:00,17.3,0.1,15.0,15.7,11.7,22.6,20.1,51.0,283.0,29.9,15.44,42268.06,36487.37,10.9,1.0,0.1,3.39,0.0,54.0,8.6,60.0,,,,16.9,9.1,283.0,7.6,4.8
2024-03-08 00:00:00+00:00,18.1,0.0,17.1,15.9,11.9,23.6,20.8,3.0,328.0,34.6,20.48,42377.33,37444.54,10.9,0.0,0.0,4.57,0.0,23.0,6.2,50.0,,,,19.7,10.1,328.0,9.0,4.0
2024-03-09 00:00:00+00:00,18.4,0.0,22.1,15.5,12.4,23.9,21.6,3.0,61.0,34.6,20.53,42486.45,37116.46,9.8,0.0,0.0,5.04,0.0,27.0,4.9,44.0,,,,22.8,12.7,61.0,16.9,9.9
2024-03-10 00:00:00+00:00,17.7,0.0,19.5,14.8,11.4,24.1,21.3,0.0,23.0,34.6,21.19,42595.34,37930.48,9.1,0.0,0.0,5.0,0.0,0.0,6.5,52.0,,,,28.3,15.6,23.0,20.5,10.6
2024-03-11 00:00:00+00:00,17.7,0.0,24.5,15.0,11.2,24.4,21.5,0.0,49.0,39.2,21.45,42703.92,38170.73,9.7,0.0,0.0,5.0,0.0,0.0,7.2,54.0,,,,26.4,15.2,49.0,10.1,6.0
2024-03-12 00:00:00+00:00,19.5,0.0,21.3,17.2,10.6,28.3,26.9,0.0,38.0,36.4,21.93,42812.11,38664.63,8.2,0.0,0.0,4.7,0.0,0.0,5.4,48.0,,,,21.7,11.1,38.0,9.0,2.1
2024-03-13 00:00:00+00:00,19.8,0.0,16.2,18.0,11.8,27.9,26.2,0.0,319.0,31.7,21.68,42919.92,38786.53,10.7,0.0,0.0,4.96,0.0,0.0,6.0,47.0,,,,16.4,7.8,319.0,7.6,2.1
2024-03-14 00:00:00+00:00,18.9,0.0,20.5,17.1,12.6,25.8,24.3,3.0,352.0,37.1,20.88,43028.11,38449.57,12.1,0.0,0.0,4.8,0.0,32.0,7.5,53.0,,,,20.6,10.6,352.0,9.7,5.4
2024-03-15 00:00:00+00:00,18.9,0.0,24.9,16.7,12.7,24.8,22.5,3.0,359.0,38.9,21.6,43136.86,38767.84,11.0,0.0,0.0,4.83,0.0,43.0,5.4,44.0,,,,19.7,9.7,359.0,7.2,2.3
2024-03-16 00:00:00+00:00,19.2,0.2,20.0,16.5,13.8,24.0,21.6,51.0,50.0,38.5,16.43,43246.07,29660.27,12.3,2.0,0.2,4.58,0.0,75.0,6.9,49.0,,,,25.8,13.9,50.0,16.9,8.6
2024-03-17 00:00:00+00:00,19.3,0.1,32.8,15.8,14.7,25.6,21.6,51.0,40.0,56.2,18.66,43355.69,38397.04,10.4,1.0,0.1,5.2,0.0,52.0,10.3,58.0,,,,43.1,25.2,40.0,26.3,15.3
2024-03-18 00:00:00+00:00,16.5,1.5,24.6,14.3,13.9,21.8,18.7,55.0,312.0,47.9,14.66,43465.63,28463.77,12.5,4.0,1.5,3.41,0.0,48.0,8.9,63.0,,,,26.0,13.8,312.0,13.7,6.1
2024-03-19 00:00:00+00:00,16.6,0.0,27.0,13.9,10.8,22.5,18.8,3.0,263.0,45.7,19.17,43575.84,38761.72,8.5,0.0,0.0,4.29,0.0,20.0,6.8,57.0,,,,25.6,14.1,263.0,9.0,4.6
2024-03-20 00:00:00+00:00,19.5,0.0,21.6,16.5,13.1,26.2,22.3,0.0,202.0,39.2,22.35,43686.23,40150.66,9.7,0.0,0.0,5.54,0.0,0.0,4.3,40.0,,,,24.3,13.7,202.0,6.1,4.6
2024-03-21 00:00:00+00:00,20.5,0.0,27.7,16.6,14.8,28.9,25.1,3.0,246.0,46.4,22.0,43796.75,39731.12,11.5,0.0,0.0,6.77,0.0,10.0,4.2,37.0,,,,33.3,19.7,246.0,10.8,6.6
2024-03-22 00:00:00+00:00,16.9,0.0,18.0,14.7,11.2,23.5,21.4,2.0,314.0,28.8,22.6,43907.31,40307.0,9.7,0.0,0.0,4.77,0.0,11.0,6.1,53.0,,,,20.6,10.6,314.0,6.8,4.1
2024-03-23 00:00:00+00:00,17.0,0.0,23.4,14.3,11.5,23.1,19.9,3.0,36.0,42.1,22.73,44017.85,40167.33,9.5,0.0,0.0,5.01,0.0,24.0,4.1,45.0,,,,21.3,11.1,36.0,9.4,5.9
2024-03-24 00:00:00+00:00,15.9,3.1,19.9,13.7,12.2,20.3,18.3,61.0,354.0,37.1,15.99,44128.29,32388.92,11.3,4.0,3.1,3.51,0.0,73.0,7.6,60.0,,,,24.2,12.0,354.0,9.7,5.4
2024-03-25 00:00:00+00:00,16.6,0.0,15.5,14.4,9.8,22.8,20.3,1.0,244.0,32.4,23.22,44238.57,41159.41,7.9,0.0,0.0,4.67,0.0,1.0,4.1,46.0,,,,16.0,8.1,244.0,4.3,4.1
2024-03-26 00:00:00+00:00,20.8,0.0,19.7,17.7,13.8,27.7,25.7,3.0,191.0,34.6,23.01,44348.61,39464.84,9.7,0.0,0.0,5.79,0.0,28.0,2.4,32.0,,,,20.4,11.1,191.0,6.8,3.9
2024-03-27 00:00:00+00:00,24.7,0.0,10.6,21.7,16.2,32.3,29.8,3.0,191.0,24.8,23.19,44458.34,41681.3,13.1,0.0,0.0,6.16,0.0,28.0,-1.1,21.0,,,,14.8,7.4,191.0,6.5,4.8
2024-03-28 00:00:00+00:00,26.4,0.0,30.0,22.5,18.9,33.2,29.6,3.0,233.0,63.0,16.61,44567.69,23831.91,15.3,0.0,0.0,6.76,0.0,95.0,-2.2,17.0,,,,22.0,12.0,233.0,6.5,1.5
2024-03-29 00:00:00+00:00,22.5,0.7,20.2,21.6,16.7,28.3,28.0,53.0,344.0,39.2,21.04,44676.59,39477.0,16.9,3.0,0.7,5.3,0.0,28.0,12.3,55.0,,,,26.5,12.6,344.0,13.0,2.9
2024-03-30 00:00:00+00:00,22.8,0.0,21.4,21.7,15.8,30.8,29.5,3.0,22.0,33.5,22.83,44784.95,38960.15,15.7,0.0,0.0,6.0,0.0,19.0,12.3,59.0,,,,27.0,15.1,22.0,17.6,10.4
2024-03-31 00:00:00+00:00,25.2,0.0,27.1,23.1,17.2,33.3,30.6,3.0,48.0,46.4,23.05,44892.71,41077.44,16.3,0.0,0.0,7.54,0.0,39.0,11.4,48.0,,,,32.7,19.0,48.0,22.0,14.1
2024-04-01 00:00:00+00:00,25.4,0.0,26.1,23.0,18.6,33.8,30.2,3.0,41.0,44.3,23.17,44999.8,42055.32,17.5,0.0,0.0,7.76,0.0,51.0,10.2,44.0,,,,33.3,19.4,41.0,24.1,14.7
2024-04-02 00:00:00+00:00,24.8,0.0,24.4,22.3,16.9,33.7,31.6,0.0,20.0,38.5,23.43,45106.2,42321.47,15.7,0.0,0.0,7.6,0.0,0.0,8.4,39.0,,,,29.2,16.7,20.0,18.0,10.8
2024-04-03 00:00:00+00:00,24.6,0.0,23.8,22.0,15.9,33.0,30.9,0.0,24.0,41.4,23.7,45212.65,42425.91,14.5,0.0,0.0,7.22,0.0,0.0,6.2,35.0,,,,25.0,13.5,24.0,13.3,8.4
2024-04-04 00:00:00+00:00,24.9,0.0,22.2,22.1,15.8,33.2,30.4,0.0,32.0,39.6,24.3,45319.3,42530.4,14.2,0.0,0.0,7.49,0.0,0.0,4.8,32.0,,,,25.5,13.6,32.0,18.0,9.8
2024-04-05 00:00:00+00:00,22.8,0.0,20.9,20.7,15.2,31.4,29.9,3.0,340.0,33.1,23.89,45426.07,42634.87,13.7,0.0,0.0,6.61,0.0,18.0,7.4,41.0,,,,23.1,12.3,340.0,10.1,6.3
2024-04-06 00:00:00+00:00,21.0,0.0,21.6,19.5,15.1,28.6,26.4,2.0,316.0,37.1,23.68,45532.9,41480.17,15.9,0.0,0.0,5.92,0.0,14.0,10.0,56.0,,,,25.1,13.3,316.0,7.2,4.1
2024-04-07 00:00:00+00:00,21.3,0.4,23.2,19.7,16.2,28.1,25.6,51.0,292.0,38.5,23.28,45639.71,41025.53,16.4,4.0,0.4,5.87,0.0,20.0,10.2,54.0,,,,26.1,14.3,292.0,9.0,5.2
2024-04-08 00:00:00+00:00,20.2,0.0,28.7,18.4,14.7,27.2,22.5,3.0,250.0,49.3,17.99,45746.45,29200.15,14.3,0.0,0.0,4.91,0.0,31.0,9.3,55.0,,,,24.9,13.3,250.0,7.6,4.1
2024-04-09 00:00:00+00:00,19.7,0.5,23.7,18.0,14.1,25.6,21.8,51.0,277.0,41.0,21.6,45853.02,40461.51,14.2,3.0,0.5,5.2,0.0,20.0,8.9,54.0,,,,22.8,12.1,277.0,7.2,4.2
2024-04-10 00:00:00+00:00,20.4,0.0,19.2,19.1,14.1,26.3,24.0,3.0,314.0,34.9,19.67,45959.37,42395.69,14.1,0.0,0.0,4.74,0.0,19.0,9.6,54.0,,,,17.9,8.8,314.0,4.3,2.9
2024-04-11 00:00:00+00:00,22.0,0.0,19.5,21.1,14.9,29.2,28.7,2.0,2.0,33.5,23.97,46065.42,42985.94,15.0,0.0,0.0,5.6,0.0,3.0,9.4,50.0,,,,17.7,8.2,2.0,4.3,2.0
2024-04-12 00:00:00+00:00,22.6,0.0,21.3,21.2,15.7,29.4,29.0,0.0,21.0,34.6,24.34,46171.09,43021.16,15.4,0.0,0.0,6.23,0.0,1.0,10.0,49.0,,,,24.1,12.7,21.0,13.0,7.7
2024-04-13 00:00:00+00:00,22.8,0.0,23.9,21.5,16.3,30.5,29.0,3.0,10.0,38.2,23.29,46276.3,37641.4,16.1,0.0,0.0,6.35,0.0,23.0,11.5,54.0,,,,27.8,15.2,10.0,18.0,10.4
2024-04-14 00:00:00+00:00,23.2,0.0,21.8,22.2,16.7,31.2,29.5,3.0,333.0,35.6,23.97,46381.0,41357.96,17.4,0.0,0.0,6.36,0.0,16.0,11.8,55.0,,,,25.7,13.8,333.0,13.3,7.3
2024-04-15 00:00:00+00:00,23.7,0.0,22.0,22.4,17.3,31.6,29.1,3.0,1.0,38.9,23.93,46485.08,39526.91,18.1,0.0,0.0,6.66,0.0,33.0,10.6,52.0,,,,25.1,13.6,1.0,10.1,5.1
2024-04-16 00:00:00+00:00,24.6,0.0,19.8,23.0,16.5,31.7,29.9,3.0,53.0,37.1,24.83,46588.48,42536.79,16.1,0.0,0.0,6.75,0.0,23.0,9.9,45.0,,,,25.2,13.9,53.0,14.0,7.1
2024-04-17 00:00:00+00:00,29.1,0.0,22.9,25.9,19.2,37.4,33.7,0.0,190.0,41.8,25.33,46691.12,43197.57,17.2,0.0,0.0,9.41,0.0,0.0,4.0,25.0,,,,27.8,16.0,190.0,9.7,6.9
2024-04-18 00:00:00+00:00,26.1,0.0,20.3,24.6,20.2,31.4,30.2,0.0,310.0,34.9,25.07,46792.92,43200.0,19.8,0.0,0.0,7.16,0.0,0.0,9.4,37.0,,,,23.4,12.1,310.0,9.0,5.2
2024-04-19 00:00:00+00:00,24.1,0.0,20.0,23.1,17.9,30.8,30.1,0.0,10.0,32.4,25.33,46893.78,43200.0,17.9,0.0,0.0,6.49,0.0,0.0,10.5,47.0,,,,22.2,11.4,10.0,12.2,6.3
2024-04-20 00:00:00+00:00,25.0,0.0,23.1,23.9,16.9,33.9,32.1,1.0,354.0,41.4,25.04,46993.63,43200.0,17.2,0.0,0.0,6.98,0.0,2.0,10.4,46.0,,,,23.6,11.9,354.0,9.0,0.8
2024-04-21 00:00:00+00:00,23.2,0.0,25.9,21.8,16.9,30.3,29.3,1.0,29.0,41.8,25.78,47092.38,43200.0,16.6,0.0,0.0,6.43,0.0,3.0,10.0,50.0,,,,26.5,14.0,29.0,18.0,7.6
2024-04-22 00:00:00+00:00,25.8,0.0,25.1,22.3,17.9,34.5,30.4,3.0,61.0,38.9,25.55,47190.02,43200.0,15.7,0.0,0.0,8.72,0.0,60.0,4.0,33.0,,,,32.8,18.9,61.0,18.4,10.2
2024-04-23 00:00:00+00:00,29.6,0.0,25.1,26.0,21.1,38.9,35.3,3.0,63.0,41.8,24.81,47287.24,43200.0,17.8,0.0,0.0,10.05,0.0,73.0,4.7,24.0,,,,32.7,18.8,63.0,18.7,10.5
2024-04-24 00:00:00+00:00,33.4,0.0,16.4,30.3,22.4,41.9,39.5,3.0,186.0,30.6,26.06,47384.19,43200.0,20.3,0.0,0.0,8.63,0.0,47.0,-0.7,15.0,,,,19.9,10.0,186.0,7.6,4.6
2024-04-25 00:00:00+00:00,29.9,0.0,23.6,27.1,24.5,36.6,34.9,3.0,321.0,40.3,20.11,47480.79,36306.31,21.3,0.0,0.0,7.65,0.0,93.0,4.7,21.0,,,,24.7,13.0,321.0,7.9,3.0
2024-04-26 00:00:00+00:00,25.0,0.0,24.9,22.3,19.3,32.3,29.4,3.0,0.0,44.6,24.59,47576.95,43200.0,17.7,0.0,0.0,7.93,0.0,40.0,9.1,40.0,,,,34.8,19.4,0.0,25.6,13.8
2024-04-27 00:00:00+00:00,23.1,0.0,24.2,21.5,16.2,31.3,29.9,3.0,353.0,40.0,25.24,47672.62,42110.16,15.8,0.0,0.0,6.76,0.0,19.0,10.5,51.0,,,,28.5,15.7,353.0,19.4,11.7
2024-04-28 00:00:00+00:00,23.7,0.0,24.6,22.2,16.5,32.9,30.5,3.0,349.0,38.9,25.48,47767.71,39600.0,17.0,0.0,0.0,6.99,0.0,22.0,9.8,51.0,,,,26.7,14.6,349.0,15.1,8.3
2024-04-29 00:00:00+00:00,23.1,0.0,21.0,21.9,16.0,31.5,30.2,3.0,358.0,34.6,25.75,47862.14,43200.0,16.7,0.0,0.0,6.7,0.0,16.0,11.4,54.0,,,,26.7,14.4,358.0,11.2,5.8
2024-04-30 00:00:00+00:00,23.3,0.0,23.1,22.3,17.0,31.4,30.3,3.0,334.0,38.9,25.92,47955.83,39939.91,17.2,0.0,0.0,6.71,0.0,20.0,12.1,55.0,,,,26.8,14.3,334.0,11.9,7.4
2024-05-01 00:00:00+00:00,24.8,0.0,25.2,24.3,18.0,32.9,32.8,3.0,335.0,40.0,25.84,48048.7,43200.0,18.1,0.0,0.0,6.78,0.0,25.0,12.8,52.0,,,,24.7,12.5,335.0,11.9,5.4
2024-05-02 00:00:00+00:00,24.8,0.0,14.8,24.1,17.7,32.9,31.9,3.0,332.0,30.2,25.74,48140.66,41992.22,18.1,0.0,0.0,6.63,0.0,23.0,11.4,49.0,,,,22.4,11.4,332.0,14.4,6.5
2024-05-03 00:00:00+00:00,26.8,0.0,21.6,25.2,20.4,33.7,31.4,0.0,303.0,39.6,26.7,48231.64,43200.0,19.8,0.0,0.0,7.7,0.0,0.0,8.9,35.0,,,,22.7,12.1,303.0,5.0,1.5
2024-05-04 00:00:00+00:00,24.6,0.0,21.1,23.5,17.3,32.3,30.2,3.0,299.0,38.9,26.7,48321.54,43200.0,17.9,0.0,0.0,7.24,0.0,34.0,9.4,46.0,,,,22.2,11.2,299.0,5.0,2.5
2024-05-05 00:00:00+00:00,22.9,0.0,25.8,20.5,17.8,27.9,24.8,3.0,301.0,45.7,26.84,48410.28,43274.28,16.7,0.0,0.0,7.14,0.0,17.0,7.6,40.0,,,,28.0,15.2,301.0,7.2,4.4
2024-05-06 00:00:00+00:00,22.2,0.0,18.4,20.2,16.9,28.2,24.9,3.0,300.0,34.2,21.62,48497.77,43266.62,16.4,0.0,0.0,5.91,0.0,18.0,9.5,48.0,,,,25.7,14.2,300.0,11.9,7.3
2024-05-07 00:00:00+00:00,22.3,0.0,21.6,21.8,15.5,29.0,29.3,0.0,350.0,36.0,27.1,48583.91,43374.8,15.5,0.0,0.0,5.92,0.0,1.0,9.5,50.0,,,,16.9,7.4,350.0,7.2,1.5
2024-05-08 00:00:00+00:00,24.0,0.0,22.6,21.2,16.5,31.2,27.5,1.0,52.0,36.7,27.98,48668.62,43368.81,15.4,0.0,0.0,7.95,0.0,1.0,4.7,38.0,,,,28.6,15.9,52.0,19.8,12.0
2024-05-09 00:00:00+00:00,27.4,0.0,23.2,24.7,17.2,36.8,34.2,0.0,67.0,35.6,27.37,48751.8,43482.11,15.5,0.0,0.0,7.79,0.0,0.0,2.6,28.0,,,,23.7,12.2,67.0,7.9,5.0
2024-05-10 00:00:00+00:00,30.5,0.0,27.3,27.0,25.8,35.5,33.0,3.0,212.0,47.5,19.72,48833.36,33578.95,20.3,0.0,0.0,8.23,0.0,60.0,2.1,17.0,,,,27.3,13.9,212.0,5.8,4.1
2024-05-11 00:00:00+00:00,26.2,0.0,20.3,24.7,19.7,31.7,30.5,0.0,319.0,33.8,27.13,48913.2,43473.14,18.3,0.0,0.0,7.53,0.0,1.0,9.3,36.0,,,,23.7,12.7,319.0,8.6,3.9
2024-05-12 00:00:00+00:00,24.3,0.0,23.3,23.3,19.3,30.1,28.2,3.0,310.0,41.8,26.25,48991.29,43200.0,19.6,0.0,0.0,7.01,0.0,14.0,12.5,52.0,,,,28.7,15.3,310.0,10.4,4.7
2024-05-13 00:00:00+00:00,22.7,0.0,20.7,21.5,16.4,29.7,27.9,1.0,312.0,36.7,27.03,49068.23,43714.55,16.9,0.0,0.0,6.7,0.0,2.0,10.7,51.0,,,,25.3,13.3,312.0,8.3,5.2
2024-05-14 00:00:00+00:00,23.5,0.0,23.8,21.8,16.5,31.0,29.5,0.0,335.0,42.1,27.28,49144.15,43712.67,16.3,0.0,0.0,7.28,0.0,1.0,8.9,44.0,,,,25.6,13.3,335.0,7.9,4.9
2024-05-15 00:00:00+00:00,24.2,0.0,23.5,22.4,16.3,32.1,29.5,0.0,6.0,40.3,27.36,49218.97,43838.49,16.3,0.0,0.0,7.61,0.0,0.0,8.5,42.0,,,,25.7,13.7,6.0,7.2,4.8
2024-05-16 00:00:00+00:00,26.3,0.0,23.3,24.4,18.0,34.8,32.9,0.0,43.0,41.4,27.26,49292.62,43837.65,18.0,0.0,0.0,8.42,0.0,0.0,9.5,39.0,,,,28.4,15.8,43.0,14.8,8.9
2024-05-17 00:00:00+00:00,29.1,0.0,23.8,26.1,20.3,37.0,34.3,0.0,53.0,40.3,27.45,49365.03,43966.85,18.2,0.0,0.0,9.68,0.0,0.0,6.2,25.0,,,,29.2,16.4,53.0,9.7,6.4
2024-05-18 00:00:00+00:00,32.7,0.0,24.7,30.0,23.1,41.8,39.6,1.0,22.0,40.3,27.53,49436.12,43966.96,20.7,0.0,0.0,9.78,0.0,5.0,4.5,19.0,,,,24.6,12.7,22.0,5.8,1.1
2024-05-19 00:00:00+00:00,32.8,0.0,24.4,30.4,23.9,41.2,40.1,3.0,30.0,38.9,26.25,49505.83,43437.93,22.3,0.0,0.0,9.42,0.0,57.0,5.8,20.0,,,,23.0,12.4,30.0,9.7,5.5
2024-05-20 00:00:00+00:00,34.7,0.0,24.4,31.8,25.4,43.2,40.0,3.0,324.0,43.6,27.51,49574.07,44100.11,23.6,0.0,0.0,10.7,0.0,13.0,5.1,18.0,,,,27.6,14.7,324.0,10.1,5.8
2024-05-21 00:00:00+00:00,33.0,0.0,20.5,31.3,23.8,41.3,40.3,3.0,5.0,32.4,27.61,49640.77,44235.11,22.5,0.0,0.0,9.11,0.0,10.0,7.6,23.0,,,,21.2,10.9,5.0,10.1,6.5
2024-05-22 00:00:00+00:00,33.3,0.0,21.9,31.2,24.6,41.1,40.3,1.0,35.0,34.2,27.63,49705.85,44236.7,23.7,0.0,0.0,9.91,0.0,3.0,8.0,24.0,,,,26.1,13.9,35.0,14.8,6.9
2024-05-23 00:00:00+00:00,33.3,0.0,24.0,31.3,26.1,40.5,39.5,3.0,334.0,41.4,26.84,49769.23,44374.1,25.1,0.0,0.0,9.45,0.0,20.0,7.7,22.0,,,,24.6,12.8,334.0,6.1,3.4
2024-05-24 00:00:00+00:00,27.2,0.0,25.3,26.1,20.7,34.5,33.3,0.0,338.0,42.5,28.38,49830.84,44512.98,22.5,0.0,0.0,8.29,0.0,0.0,10.9,43.0,,,,27.5,14.6,338.0,15.1,7.6
2024-05-25 00:00:00+00:00,26.8,0.0,18.3,25.6,19.6,33.6,32.6,2.0,315.0,33.5,28.25,49890.59,44515.76,20.1,0.0,0.0,7.86,0.0,6.0,10.0,39.0,,,,23.3,12.1,315.0,7.6,4.3
2024-05-26 00:00:00+00:00,29.5,0.0,20.3,28.1,20.4,37.0,36.3,3.0,88.0,29.9,27.14,49948.41,44678.2,19.4,0.0,0.0,6.62,0.0,36.0,5.1,26.0,,,,14.7,5.8,88.0,9.7,0.5
2024-05-27 00:00:00+00:00,30.7,0.0,23.5,28.4,25.1,35.3,34.5,3.0,274.0,37.1,27.45,50004.22,44398.37,23.1,0.0,0.0,9.97,0.0,20.0,9.0,27.0,,,,31.8,17.7,274.0,21.6,11.5
2024-05-28 00:00:00+00:00,26.2,0.0,27.0,25.7,19.6,33.0,33.4,3.0,15.0,51.5,27.57,50057.93,44255.3,20.2,0.0,0.0,7.15,0.0,29.0,12.7,47.0,,,,25.7,12.8,15.0,16.2,7.2
2024-05-29 00:00:00+00:00,26.1,0.0,22.8,25.6,19.6,32.4,31.8,0.0,354.0,41.0,28.36,50109.46,44777.91,20.4,0.0,0.0,7.3,0.0,0.0,12.2,47.0,,,,24.3,12.2,354.0,15.1,8.0
2024-05-30 00:00:00+00:00,26.4,0.0,21.4,25.3,19.5,33.2,32.1,3.0,4.0,41.0,27.95,50158.73,44610.05,20.0,0.0,0.0,7.48,0.0,18.0,9.7,39.0,,,,22.7,11.1,4.0,11.9,5.5
2024-05-31 00:00:00+00:00,28.6,0.0,24.3,26.5,20.4,36.1,34.6,3.0,50.0,38.5,28.33,50205.67,44952.2,19.3,0.0,0.0,9.03,0.0,12.0,7.9,30.0,,,,26.4,14.1,50.0,11.5,4.3
2024-06-01 00:00:00+00:00,32.0,0.0,28.3,29.5,24.3,39.1,37.4,0.0,65.0,45.4,28.4,50250.22,45167.02,22.1,0.0,0.0,9.94,0.0,0.0,6.1,21.0,,,,26.5,14.1,65.0,5.4,1.5
2024-06-02 00:00:00+00:00,31.4,0.0,26.0,28.5,25.2,38.6,37.1,0.0,47.0,43.9,28.73,50292.76,45420.91,22.4,0.0,0.0,10.93,0.0,0.0,7.8,24.0,,,,33.9,19.3,47.0,21.6,12.4
2024-06-03 00:00:00+00:00,30.1,0.0,23.2,28.4,21.0,39.7,37.6,0.0,22.0,38.2,28.86,50333.36,45422.07,21.3,0.0,0.0,9.74,0.0,0.0,10.6,36.0,,,,30.5,17.0,22.0,18.7,10.6
2024-06-04 00:00:00+00:00,31.2,0.0,24.4,30.1,21.4,40.9,40.0,0.0,11.0,39.6,28.78,50371.98,45565.38,22.1,0.0,0.0,9.33,0.0,0.0,10.7,34.0,,,,25.0,13.2,11.0,9.0,5.4
2024-06-05 00:00:00+00:00,32.7,0.0,20.4,32.1,22.5,42.2,41.1,0.0,1.0,34.6,28.95,50408.6,45681.6,24.4,0.0,0.0,9.24,0.0,0.0,11.5,35.0,,,,23.3,11.9,1.0,10.4,5.1
2024-06-06 00:00:00+00:00,34.2,0.0,24.2,32.7,23.8,43.9,42.7,1.0,22.0,40.0,28.88,50443.17,45799.63,23.7,0.0,0.0,10.34,0.0,2.0,9.5,27.0,,,,25.4,13.6,22.0,12.6,7.6
2024-06-07 00:00:00+00:00,34.7,0.0,26.1,34.2,24.5,44.1,43.6,3.0,3.0,41.8,28.9,50475.66,45944.69,26.8,0.0,0.0,9.72,0.0,5.0,11.5,31.0,,,,24.1,12.2,3.0,12.2,5.8
2024-06-08 00:00:00+00:00,32.5,0.0,23.0,32.5,24.6,40.8,40.9,0.0,311.0,38.2,28.49,50506.04,45946.29,25.9,0.0,0.0,9.37,0.0,0.0,14.5,37.0,,,,25.8,13.8,311.0,15.5,6.9
2024-06-09 00:00:00+00:00,29.8,0.0,23.3,29.7,21.9,37.8,35.9,0.0,303.0,42.1,28.98,50534.27,46067.34,25.1,0.0,0.0,8.83,0.0,0.0,14.3,45.0,,,,27.4,14.8,303.0,9.4,4.1
2024-06-10 00:00:00+00:00,30.6,0.0,22.7,31.2,22.3,38.7,38.5,0.0,310.0,38.2,28.84,50560.32,45925.57,25.2,0.0,0.0,8.04,0.0,0.0,14.2,44.0,,,,21.3,10.4,310.0,9.7,4.7
2024-06-11 00:00:00+00:00,31.3,0.0,25.8,31.1,22.8,38.6,38.6,0.0,24.0,48.6,28.99,50584.16,46070.04,24.4,0.0,0.0,8.85,0.0,0.0,13.2,39.0,,,,25.0,12.9,24.0,14.8,8.7
2024-06-12 00:00:00+00:00,32.0,0.0,24.0,30.5,22.6,40.0,38.8,0.0,29.0,40.3,29.13,50605.76,46336.7,22.5,0.0,0.0,10.03,0.0,0.0,10.4,30.0,,,,27.8,15.0,29.0,13.3,6.8
2024-06-13 00:00:00+00:00,33.8,0.0,27.7,32.1,23.9,42.9,39.6,0.0,43.0,49.3,29.32,50625.07,46461.23,24.3,0.0,0.0,11.29,0.0,0.0,11.3,31.0,,,,32.8,18.6,43.0,17.3,10.1
2024-06-14 00:00:00+00:00,36.0,0.0,29.2,34.6,25.5,45.4,43.8,0.0,41.0,47.5,29.05,50642.08,46462.39,26.4,0.0,0.0,11.09,0.0,0.0,10.8,28.0,,,,29.5,16.1,41.0,17.6,8.8
2024-06-15 00:00:00+00:00,35.7,0.0,29.7,35.1,26.3,45.4,44.5,0.0,12.0,47.9,28.7,50656.76,46588.13,28.0,0.0,0.0,10.6,0.0,1.0,13.2,31.0,,,,28.4,15.2,12.0,15.5,8.9
2024-06-16 00:00:00+00:00,33.0,0.0,22.7,32.4,24.6,41.2,41.0,0.0,11.0,37.8,28.91,50669.07,46588.91,26.6,0.0,0.0,9.57,0.0,0.0,12.6,34.0,,,,26.9,14.5,11.0,18.7,9.5
2024-06-17 00:00:00+00:00,30.9,0.0,23.8,30.7,23.3,38.4,38.8,0.0,360.0,37.8,29.54,50678.97,46688.86,24.5,0.0,0.0,8.89,0.0,0.0,13.5,39.0,,,,26.6,13.9,360.0,18.4,8.6
2024-06-18 00:00:00+00:00,31.0,0.0,23.0,31.7,23.5,39.3,39.2,2.0,359.0,37.4,28.91,50686.47,45435.3,26.5,0.0,0.0,8.67,0.0,5.0,15.7,46.0,,,,26.1,13.6,359.0,11.5,6.7
2024-06-19 00:00:00+00:00,31.6,0.0,24.3,32.1,23.3,39.6,40.2,0.0,9.0,43.6,29.13,50691.51,46800.05,25.2,0.0,0.0,8.51,0.0,0.0,14.8,41.0,,,,23.1,11.3,9.0,11.2,5.6
2024-06-20 00:00:00+00:00,32.4,0.0,18.7,32.6,24.0,40.2,39.0,0.0,341.0,34.9,29.4,50694.08,46918.79,26.3,0.0,0.0,8.93,0.0,0.0,13.8,38.0,,,,23.2,11.8,341.0,9.0,5.5
2024-06-21 00:00:00+00:00,33.0,0.0,21.0,33.2,25.9,39.8,38.8,0.0,309.0,39.2,29.01,50694.15,46840.9,28.3,0.0,0.0,9.06,0.0,0.0,14.1,36.0,,,,23.5,11.9,309.0,6.8,4.2
2024-06-22 00:00:00+00:00,32.7,0.0,23.6,32.6,25.2,39.1,38.4,1.0,308.0,40.7,27.28,50691.68,46710.2,27.4,0.0,0.0,8.89,0.0,4.0,13.9,35.0,,,,24.2,12.5,308.0,5.4,0.4
2024-06-23 00:00:00+00:00,33.8,0.0,20.0,33.4,25.4,41.5,40.9,0.0,326.0,37.4,29.09,50686.72,46965.38,26.6,0.0,0.0,9.01,0.0,0.0,11.3,30.0,,,,20.8,10.0,326.0,7.6,0.5
2024-06-24 00:00:00+00:00,35.4,0.0,25.2,34.4,27.2,42.6,43.8,0.0,21.0,45.4,29.06,50679.27,46962.28,27.2,0.0,0.0,9.37,0.0,0.0,9.3,23.0,,,,22.4,10.7,21.0,6.1,0.7
2024-06-25 00:00:00+00:00,33.7,0.0,27.1,33.3,26.3,41.3,41.8,0.0,350.0,45.7,29.14,50669.38,47088.02,26.7,0.0,0.0,9.26,0.0,0.0,12.1,30.0,,,,24.5,11.9,350.0,13.7,4.8
2024-06-26 00:00:00+00:00,31.8,0.0,23.8,32.4,23.3,39.9,40.6,0.0,355.0,37.8,29.49,50657.07,47083.54,26.4,0.0,0.0,8.8,0.0,1.0,15.1,43.0,,,,24.7,12.7,355.0,14.4,7.3
2024-06-27 00:00:00+00:00,32.6,0.0,27.1,33.3,23.2,41.9,42.2,3.0,2.0,45.4,29.16,50642.39,46248.52,26.5,0.0,0.0,8.89,0.0,7.0,15.3,44.0,,,,25.6,13.0,2.0,14.4,7.9
2024-06-28 00:00:00+00:00,33.5,0.0,23.9,33.5,24.0,42.8,42.3,0.0,341.0,40.0,29.3,50625.36,47058.18,26.8,0.0,0.0,9.82,0.0,0.0,14.6,39.0,,,,27.3,14.5,341.0,11.9,5.9
2024-06-29 00:00:00+00:00,31.0,0.0,25.5,32.4,24.7,38.1,38.9,3.0,313.0,40.3,28.93,50606.03,45702.71,27.8,0.0,0.0,8.47,0.0,11.0,17.6,50.0,,,,26.8,14.0,313.0,15.5,8.4
2024-06-30 00:00:00+00:00,30.7,0.0,24.1,32.2,24.5,36.8,38.4,1.0,311.0,38.5,28.54,50584.42,46654.97,26.7,0.0,0.0,7.82,0.0,3.0,17.3,47.0,,,,22.6,10.9,311.0,6.1,3.7
2024-07-01 00:00:00+00:00,31.6,0.0,22.8,32.1,24.4,39.7,39.5,0.0,322.0,38.5,28.98,50560.57,46908.66,27.4,0.0,0.0,9.06,0.0,0.0,15.0,43.0,,,,26.1,13.6,322.0,8.6,4.3
2024-07-02 00:00:00+00:00,30.8,0.0,21.4,31.9,23.2,38.4,39.4,1.0,299.0,33.8,29.06,50534.53,46766.32,26.9,0.0,0.0,8.34,0.0,2.0,15.6,47.0,,,,22.2,11.0,299.0,6.1,4.0
2024-07-03 00:00:00+00:00,31.6,0.0,15.3,32.1,23.2,39.0,39.8,0.0,311.0,25.6,29.5,50506.32,46892.46,25.5,0.0,0.0,7.92,0.0,0.0,12.5,37.0,,,,17.9,8.0,311.0,6.8,1.8
2024-07-04 00:00:00+00:00,34.8,0.0,25.9,34.3,25.8,42.4,43.0,0.0,342.0,41.4,28.98,50476.0,46883.23,25.8,0.0,0.0,8.9,0.0,0.0,11.2,27.0,,,,20.7,10.0,342.0,8.6,1.8
2024-07-05 00:00:00+00:00,32.7,0.0,27.0,33.3,25.7,40.7,41.5,0.0,9.0,44.3,28.72,50443.58,46479.42,28.3,0.0,0.0,9.25,0.0,0.0,16.6,43.0,,,,31.0,16.2,9.0,22.0,7.3
2024-07-06 00:00:00+00:00,30.9,0.0,21.8,32.1,25.3,37.6,39.2,1.0,354.0,36.4,27.98,50409.12,46210.14,27.7,0.0,0.0,8.28,0.0,5.0,17.4,48.0,,,,27.0,14.0,354.0,15.1,9.0
2024-07-07 00:00:00+00:00,31.3,0.0,23.9,32.5,24.0,39.3,40.3,2.0,345.0,38.2,28.44,50372.66,46201.2,27.6,0.0,0.0,8.58,0.0,5.0,17.0,48.0,,,,26.0,13.4,345.0,9.0,4.6
2024-07-08 00:00:00+00:00,31.7,0.0,23.0,33.2,24.1,39.5,40.8,3.0,313.0,37.1,28.34,50334.23,45935.12,28.0,0.0,0.0,8.35,0.0,8.0,17.3,49.0,,,,24.4,12.1,313.0,12.6,5.5
2024-07-09 00:00:00+00:00,32.8,0.0,24.5,34.6,24.8,40.6,42.5,3.0,319.0,43.2,27.56,50293.88,45670.29,28.3,0.0,0.0,8.31,0.0,10.0,18.0,46.0,,,,22.3,11.0,319.0,7.6,3.6
2024-07-10 00:00:00+00:00,33.8,0.0,24.0,35.2,26.1,40.7,41.1,0.0,314.0,39.2,28.71,50251.65,46430.08,29.5,0.0,0.0,8.64,0.0,1.0,16.7,42.0,,,,23.3,11.4,314.0,12.2,3.2
2024-07-11 00:00:00+00:00,36.0,0.0,30.1,36.0,28.2,43.3,43.9,1.0,54.0,50.0,27.82,50207.52,45910.12,29.9,0.0,0.0,9.3,0.0,5.0,13.6,30.0,,,,25.4,12.3,54.0,8.6,1.1
2024-07-12 00:00:00+00:00,36.2,0.0,22.7,35.5,29.0,43.3,42.6,0.0,359.0,42.5,28.89,50161.1,46279.2,28.8,0.0,0.0,9.97,0.0,0.0,11.9,26.0,,,,26.1,13.0,359.0,7.6,1.8
2024-07-13 00:00:00+00:00,33.3,0.0,24.1,33.7,26.0,40.0,39.6,0.0,313.0,41.8,28.7,50112.35,46268.73,29.5,0.0,0.0,9.26,0.0,0.0,14.9,39.0,,,,26.1,13.2,313.0,7.6,4.7
2024-07-14 00:00:00+00:00,32.2,0.0,22.4,32.8,25.4,38.4,38.9,0.0,289.0,37.8,28.32,50061.34,46007.38,27.0,0.0,0.0,8.77,0.0,0.0,15.9,40.0,,,,24.6,13.1,289.0,9.4,4.7
2024-07-15 00:00:00+00:00,32.2,0.0,21.3,33.4,24.9,38.8,39.4,0.0,287.0,33.5,28.48,50008.17,45748.99,28.2,0.0,0.0,8.47,0.0,0.0,16.6,43.0,,,,22.4,11.3,287.0,7.2,3.8
2024-07-16 00:00:00+00:00,32.2,0.0,17.1,32.4,24.2,38.7,38.1,0.0,315.0,37.1,29.17,49952.91,46226.51,26.0,0.0,0.0,8.43,0.0,0.0,12.9,36.0,,,,20.7,10.1,315.0,8.6,3.6
2024-07-17 00:00:00+00:00,32.4,0.0,24.9,33.4,24.6,39.7,39.8,0.0,324.0,41.4,29.09,49895.64,45968.49,27.6,0.0,0.0,8.29,0.0,0.0,14.8,40.0,,,,21.2,9.9,324.0,6.1,3.9
2024-07-18 00:00:00+00:00,32.6,0.0,24.5,34.0,24.9,40.2,41.4,0.0,339.0,41.4,28.95,49836.46,45713.92,27.8,0.0,0.0,8.21,0.0,0.0,16.2,43.0,,,,21.7,10.3,339.0,11.2,5.7
2024-07-19 00:00:00+00:00,32.7,0.0,26.6,33.5,24.2,40.4,41.5,0.0,6.0,43.9,28.95,49775.43,45700.64,26.9,0.0,0.0,8.45,0.0,0.0,15.0,40.0,,,,22.4,10.8,6.0,11.5,6.9
2024-07-20 00:00:00+00:00,33.7,0.0,22.2,34.4,25.5,41.1,42.1,0.0,333.0,40.0,28.7,49712.65,45566.46,26.4,0.0,0.0,8.31,0.0,1.0,14.0,34.0,,,,19.0,8.8,333.0,7.6,2.0
2024-07-21 00:00:00+00:00,34.7,0.0,25.5,35.7,26.5,42.4,42.9,0.0,334.0,41.4,28.51,49648.2,45201.01,29.3,0.0,0.0,9.02,0.0,1.0,15.5,36.0,,,,22.3,10.9,334.0,7.9,4.6
2024-07-22 00:00:00+00:00,34.7,0.0,19.9,35.3,26.4,42.3,42.8,0.0,356.0,31.7,28.43,49582.15,45195.5,29.2,0.0,0.0,9.13,0.0,0.0,14.4,35.0,,,,22.5,11.5,356.0,12.2,7.3
2024-07-23 00:00:00+00:00,33.8,0.0,22.0,34.2,26.2,40.8,40.2,0.0,301.0,40.7,28.32,49514.57,45183.97,28.2,0.0,0.0,9.26,0.0,1.0,15.0,37.0,,,,24.3,12.8,301.0,7.2,4.8
2024-07-24 00:00:00+00:00,33.1,0.0,21.6,34.5,25.1,40.6,40.7,0.0,296.0,33.8,28.35,49445.56,44947.11,29.4,0.0,0.0,8.32,0.0,2.0,16.1,44.0,,,,21.5,10.7,296.0,5.8,3.5
2024-07-25 00:00:00+00:00,35.5,0.0,29.9,34.8,27.4,42.9,41.6,0.0,265.0,67.7,28.34,49375.18,44936.82,28.4,0.0,0.0,10.24,0.0,0.0,12.7,29.0,,,,28.1,14.6,265.0,11.9,4.7
2024-07-26 00:00:00+00:00,32.3,0.0,25.8,33.4,26.3,39.4,39.3,1.0,325.0,44.6,27.96,49303.52,44388.25,30.3,0.0,0.0,9.03,0.0,3.0,17.9,47.0,,,,29.5,15.9,325.0,14.0,8.4
2024-07-27 00:00:00+00:00,31.8,0.0,22.5,33.7,25.2,39.0,41.3,3.0,331.0,36.7,27.67,49230.65,43959.02,28.9,0.0,0.0,8.01,0.0,7.0,18.1,48.0,,,,22.4,11.4,331.0,5.8,3.9
2024-07-28 00:00:00+00:00,32.4,0.0,27.5,34.1,25.0,39.4,40.8,0.0,17.0,45.0,28.0,49156.64,44372.99,28.2,0.0,0.0,8.17,0.0,1.0,17.6,46.0,,,,23.1,11.4,17.0,13.3,5.1
2024-07-29 00:00:00+00:00,32.6,0.0,25.7,33.6,25.5,39.7,41.7,0.0,7.0,42.1,28.13,49081.57,44367.38,28.4,0.0,0.0,8.64,0.0,0.0,16.3,43.0,,,,26.0,12.9,7.0,15.1,6.3
2024-07-30 00:00:00+00:00,31.6,0.0,25.1,32.9,24.2,38.7,39.5,1.0,319.0,39.6,28.21,49005.5,44255.07,27.8,0.0,0.0,7.9,0.0,2.0,16.1,45.0,,,,22.0,10.5,319.0,8.6,4.1
2024-07-31 00:00:00+00:00,32.9,0.0,21.6,33.8,25.6,39.9,39.5,0.0,318.0,34.6,28.34,48928.45,44249.69,28.6,0.0,0.0,8.21,0.0,0.0,14.7,39.0,,,,20.1,9.8,318.0,9.0,3.6
2024-08-01 00:00:00+00:00,33.0,0.0,26.0,34.5,26.1,39.6,39.2,0.0,303.0,40.7,27.86,48849.79,44044.59,29.5,0.0,0.0,8.33,0.0,0.0,16.6,43.0,,,,23.1,11.0,303.0,7.6,3.3
2024-08-02 00:00:00+00:00,32.3,0.0,19.6,33.6,25.0,39.8,40.0,0.0,330.0,33.5,27.84,48769.43,43845.98,29.3,0.0,0.0,8.23,0.0,0.0,16.4,46.0,,,,22.8,11.6,330.0,13.7,5.4
2024-08-03 00:00:00+00:00,32.3,0.0,20.4,32.7,25.8,38.5,38.8,0.0,339.0,35.6,27.82,48687.48,43845.52,27.4,0.0,0.0,8.56,0.0,0.0,14.6,38.0,,,,24.5,12.3,339.0,13.7,5.2
2024-08-04 00:00:00+00:00,31.9,0.0,21.7,32.3,25.1,38.5,37.4,0.0,317.0,40.0,28.25,48604.02,43844.26,28.0,0.0,0.0,8.11,0.0,0.0,13.3,38.0,,,,21.1,9.9,317.0,3.6,0.4
2024-08-05 00:00:00+00:00,31.7,0.0,20.2,31.9,24.0,39.1,38.4,0.0,316.0,38.5,28.3,48519.14,43748.77,26.6,0.0,0.0,8.07,0.0,0.0,12.7,38.0,,,,19.7,9.4,316.0,7.6,4.4
2024-08-06 00:00:00+00:00,32.2,0.0,25.1,33.0,24.6,39.7,39.7,0.0,353.0,43.2,27.91,48432.94,43569.32,26.8,0.0,0.0,8.4,0.0,0.0,15.4,41.0,,,,22.9,11.2,353.0,10.4,4.9
2024-08-07 00:00:00+00:00,32.9,0.0,23.8,34.3,25.4,40.6,41.4,0.0,357.0,37.8,27.34,48345.5,43484.0,29.3,0.0,0.0,8.33,0.0,0.0,16.7,44.0,,,,22.8,11.4,357.0,11.9,5.8
2024-08-08 00:00:00+00:00,32.8,0.0,27.9,33.8,25.0,40.3,41.5,0.0,1.0,46.4,27.43,48256.91,43404.59,27.3,0.0,0.0,7.88,0.0,0.0,15.2,40.0,,,,21.2,9.8,1.0,10.4,2.6
2024-08-09 00:00:00+00:00,32.9,0.0,22.7,34.2,25.2,40.4,41.1,0.0,352.0,39.2,27.26,48167.27,43327.92,29.1,0.0,0.0,8.01,0.0,0.0,16.0,43.0,,,,22.4,10.9,352.0,13.0,5.7
2024-08-10 00:00:00+00:00,33.3,0.0,21.3,33.8,26.1,40.3,39.5,0.0,2.0,34.2,27.02,48076.64,43268.62,28.3,0.0,0.0,8.59,0.0,0.0,15.1,38.0,,,,23.6,12.3,2.0,15.8,7.9
2024-08-11 00:00:00+00:00,32.7,0.0,25.0,33.6,25.0,40.8,41.3,0.0,328.0,40.0,26.71,47985.12,43200.0,27.9,0.0,0.0,8.68,0.0,1.0,16.8,44.0,,,,26.0,13.9,328.0,15.1,8.4
2024-08-12 00:00:00+00:00,31.6,0.0,25.5,32.8,24.2,39.9,39.7,1.0,329.0,41.4,27.16,47892.79,43203.83,28.1,0.0,0.0,7.71,0.0,3.0,15.6,46.0,,,,21.4,10.3,329.0,10.4,4.4
2024-08-13 00:00:00+00:00,32.1,0.0,20.2,32.6,25.6,38.2,38.7,0.0,328.0,42.1,26.61,47799.73,43200.93,27.8,0.0,0.0,8.08,0.0,0.0,15.1,40.0,,,,23.4,11.4,328.0,8.6,5.6
2024-08-14 00:00:00+00:00,32.1,0.0,21.1,33.2,24.8,39.6,40.3,0.0,350.0,35.6,26.49,47706.02,43200.0,27.6,0.0,0.0,8.42,0.0,1.0,17.1,46.0,,,,25.2,13.2,350.0,12.6,7.3
2024-08-15 00:00:00+00:00,32.1,0.0,21.0,32.8,24.2,40.8,39.8,1.0,354.0,34.2,26.68,47611.73,43200.0,27.0,0.0,0.0,8.53,0.0,1.0,15.3,43.0,,,,23.6,12.4,354.0,10.8,6.0
2024-08-16 00:00:00+00:00,31.8,0.0,26.0,33.3,23.6,39.5,40.0,3.0,314.0,42.5,26.25,47516.94,43200.0,27.1,0.0,0.0,8.21,0.0,10.0,17.7,48.0,,,,24.4,12.5,314.0,9.4,5.5
2024-08-17 00:00:00+00:00,32.6,0.0,20.5,34.0,25.6,40.5,40.9,1.0,291.0,34.2,26.26,47421.73,43200.0,29.9,0.0,0.0,8.33,0.0,4.0,17.3,47.0,,,,24.2,12.7,291.0,8.6,4.7
2024-08-18 00:00:00+00:00,31.8,0.0,20.3,33.5,24.6,39.0,40.1,1.0,287.0,35.3,26.51,47326.17,43200.0,29.0,0.0,0.0,7.61,0.0,2.0,17.1,48.0,,,,20.7,10.2,287.0,9.4,5.4
2024-08-19 00:00:00+00:00,32.0,0.0,26.5,33.3,24.3,39.2,39.1,0.0,318.0,41.8,26.58,47230.34,43200.0,27.9,0.0,0.0,7.84,0.0,0.0,16.4,44.0,,,,21.8,10.5,318.0,6.8,2.9
2024-08-20 00:00:00+00:00,31.7,0.0,25.6,32.6,23.7,40.0,40.3,0.0,2.0,41.8,26.55,47134.22,43200.0,26.6,0.0,0.0,7.95,0.0,0.0,15.3,43.0,,,,21.8,10.7,2.0,9.7,5.5
2024-08-21 00:00:00+00:00,32.7,0.0,20.7,32.7,23.7,41.1,40.4,0.0,11.0,36.4,26.07,47037.15,43200.0,25.8,0.0,0.0,8.98,0.0,0.0,14.8,39.0,,,,25.6,13.9,11.0,9.7,3.4
2024-08-22 00:00:00+00:00,32.5,0.0,21.5,33.9,25.3,40.2,40.7,0.0,351.0,35.3,25.89,46939.01,43200.0,29.0,0.0,0.0,8.41,0.0,1.0,17.8,46.0,,,,25.4,13.7,351.0,12.6,7.7
2024-08-23 00:00:00+00:00,32.0,0.0,22.3,34.2,25.9,38.8,41.9,3.0,9.0,39.2,25.64,46839.88,43200.0,28.8,0.0,0.0,7.4,0.0,6.0,18.8,48.0,,,,22.0,10.9,9.0,13.0,3.2
2024-08-24 00:00:00+00:00,31.9,0.0,20.6,33.7,25.3,38.7,40.3,2.0,354.0,32.4,24.6,46739.83,43200.0,28.9,0.0,0.0,7.63,0.0,4.0,18.6,49.0,,,,23.9,12.4,354.0,8.6,5.4
2024-08-25 00:00:00+00:00,32.2,0.0,19.3,33.5,25.6,39.0,40.2,0.0,321.0,32.8,25.55,46638.95,43200.0,28.7,0.0,0.0,7.54,0.0,0.0,16.3,44.0,,,,20.3,9.9,321.0,9.0,2.9
2024-08-26 00:00:00+00:00,33.4,0.0,21.5,34.5,26.1,40.3,39.0,0.0,329.0,36.7,25.68,46537.32,43200.0,30.1,0.0,0.0,8.3,0.0,0.0,16.8,44.0,,,,25.3,13.0,329.0,8.6,2.5
2024-08-27 00:00:00+00:00,33.0,0.0,18.9,34.0,26.3,39.7,38.8,1.0,352.0,35.6,25.51,46435.01,43162.38,30.1,0.0,0.0,8.03,0.0,2.0,16.1,42.0,,,,23.7,12.0,352.0,11.5,3.7
2024-08-28 00:00:00+00:00,30.7,0.0,21.5,31.8,25.6,35.5,34.7,3.0,22.0,39.2,13.78,46332.1,21933.35,28.0,0.0,0.0,5.3,0.0,77.0,17.5,49.0,,,,22.6,12.0,22.0,15.8,7.3
2024-08-29 00:00:00+00:00,31.7,0.0,20.5,32.5,24.7,39.2,38.9,1.0,13.0,32.8,24.93,46228.67,43025.56,27.3,0.0,0.0,8.01,0.0,4.0,16.6,45.0,,,,25.7,13.7,13.0,13.3,8.6
2024-08-30 00:00:00+00:00,31.7,0.0,20.4,32.4,24.7,38.6,38.2,2.0,346.0,37.8,24.75,46124.78,42956.21,27.2,0.0,0.0,7.84,0.0,7.0,15.6,42.0,,,,23.0,11.6,346.0,11.5,4.9
2024-08-31 00:00:00+00:00,31.7,0.0,21.1,31.8,24.6,38.5,38.4,1.0,341.0,36.0,24.78,46020.5,42886.34,26.7,0.0,0.0,7.95,0.0,6.0,13.8,38.0,,,,22.2,11.3,341.0,8.6,3.8
2024-09-01 00:00:00+00:00,31.7,0.0,20.5,32.3,25.7,38.0,37.6,3.0,326.0,38.5,24.59,45915.92,42816.03,27.9,0.0,0.0,7.68,0.0,19.0,15.1,40.0,,,,21.2,10.7,326.0,6.1,2.3
2024-09-02 00:00:00+00:00,32.5,0.0,29.3,33.3,26.2,39.0,40.0,0.0,8.0,50.4,24.27,45811.09,42745.36,28.3,0.0,0.0,7.94,0.0,1.0,16.3,42.0,,,,25.4,12.9,8.0,7.6,2.0
2024-09-03 00:00:00+00:00,32.0,0.0,22.9,32.9,25.8,39.0,38.9,0.0,8.0,37.1,24.38,45706.09,42674.4,29.0,0.0,0.0,8.11,0.0,1.0,17.0,46.0,,,,27.4,14.6,8.0,14.4,8.0
2024-09-04 00:00:00+00:00,30.0,0.0,23.0,31.1,24.2,36.3,36.4,3.0,2.0,36.7,20.18,45600.98,41867.01,27.3,0.0,0.0,6.64,0.0,24.0,17.7,51.0,,,,25.5,13.5,2.0,13.0,8.0
2024-09-05 00:00:00+00:00,30.4,0.0,24.3,31.7,24.7,36.4,37.2,3.0,340.0,39.2,22.66,45495.84,42531.96,26.7,0.0,0.0,7.01,0.0,19.0,17.5,48.0,,,,22.8,11.9,340.0,6.5,3.2
2024-09-06 00:00:00+00:00,30.4,0.0,18.3,32.1,24.3,37.5,38.5,3.0,338.0,33.8,22.23,45390.73,42460.64,27.4,0.0,0.0,6.57,0.0,12.0,18.0,51.0,,,,21.4,10.7,338.0,6.1,3.9
2024-09-07 00:00:00+00:00,30.6,0.0,20.5,32.3,24.1,36.7,38.1,0.0,316.0,33.5,23.91,45285.71,42389.35,27.6,0.0,0.0,6.88,0.0,2.0,17.6,49.0,,,,20.1,9.9,316.0,6.1,0.8
2024-09-08 00:00:00+00:00,31.3,0.0,26.3,33.2,25.0,37.1,39.5,0.0,343.0,45.7,23.42,45180.84,42318.18,29.1,0.0,0.0,6.56,0.0,4.0,17.7,49.0,,,,20.1,9.2,343.0,10.4,3.1
2024-09-09 00:00:00+00:00,30.7,0.0,24.1,32.3,24.5,37.1,38.6,1.0,0.0,41.0,23.77,45076.14,42246.93,28.5,0.0,0.0,6.63,0.0,5.0,17.2,51.0,,,,21.9,10.6,0.0,12.2,3.3
2024-09-10 00:00:00+00:00,31.3,0.0,21.4,31.5,24.0,37.9,39.2,0.0,6.0,36.0,24.12,44970.9,42173.58,25.7,0.0,0.0,6.83,0.0,0.0,12.8,38.0,,,,18.9,8.6,6.0,8.6,0.8
2024-09-11 00:00:00+00:00,34.3,0.0,23.8,33.7,26.6,40.8,40.8,3.0,116.0,37.1,22.95,44864.99,40668.04,26.5,0.0,0.0,7.32,0.0,8.0,11.4,28.0,,,,20.4,9.8,116.0,8.3,1.3
2024-09-12 00:00:00+00:00,34.4,0.0,27.1,34.2,27.9,41.5,42.4,0.0,326.0,50.0,23.4,44758.49,41963.7,27.8,0.0,0.0,7.6,0.0,0.0,12.7,29.0,,,,22.6,10.6,326.0,7.9,2.6
2024-09-13 00:00:00+00:00,30.8,0.0,30.3,32.2,25.9,38.1,39.4,3.0,2.0,49.7,22.75,44651.46,41682.89,27.6,0.0,0.0,7.46,0.0,12.0,19.4,55.0,,,,31.7,17.6,2.0,21.2,13.0
2024-09-14 00:00:00+00:00,29.2,0.0,24.6,29.7,22.7,36.6,36.1,1.0,2.0,42.5,22.86,44543.98,41751.22,25.6,0.0,0.0,7.35,0.0,3.0,16.9,52.0,,,,28.4,15.6,2.0,9.7,5.6
2024-09-15 00:00:00+00:00,30.0,0.1,25.4,31.5,23.7,37.3,37.1,51.0,349.0,42.8,20.89,44436.11,41324.48,27.4,1.0,0.1,6.69,0.0,8.0,18.6,55.0,,,,24.4,13.0,349.0,6.1,3.6
2024-09-16 00:00:00+00:00,29.9,0.0,20.3,31.1,24.2,35.4,35.9,0.0,329.0,36.4,22.42,44327.93,41404.33,27.4,0.0,0.0,6.67,0.0,0.0,17.2,50.0,,,,22.3,11.7,329.0,5.8,3.5
2024-09-17 00:00:00+00:00,29.1,0.0,23.6,29.7,24.0,34.6,34.7,3.0,357.0,39.6,21.65,44219.49,40477.05,26.1,0.0,0.0,6.48,0.0,14.0,15.6,46.0,,,,22.1,11.1,357.0,5.4,2.0
2024-09-18 00:00:00+00:00,28.8,0.0,23.1,28.6,22.2,35.3,34.2,0.0,19.0,39.2,22.95,44110.88,40930.6,24.1,0.0,0.0,7.36,0.0,0.0,14.2,45.0,,,,26.0,13.7,19.0,7.2,4.7
2024-09-19 00:00:00+00:00,30.9,0.0,13.8,31.2,23.4,38.2,38.2,0.0,15.0,28.4,22.22,44002.14,40642.11,24.8,0.0,0.0,6.44,0.0,0.0,13.6,38.0,,,,17.4,8.2,15.0,9.0,2.8
2024-09-20 00:00:00+00:00,33.7,0.0,30.2,32.8,27.7,41.7,39.5,1.0,260.0,50.8,21.97,43893.36,40479.49,27.8,0.0,0.0,9.0,0.0,4.0,13.6,33.0,,,,29.0,16.3,260.0,10.8,5.5
2024-09-21 00:00:00+00:00,29.3,0.0,23.7,30.2,24.3,35.2,36.0,3.0,335.0,43.2,21.11,43784.59,40091.53,26.8,0.0,0.0,6.73,0.0,17.0,17.3,51.0,,,,26.8,14.2,335.0,11.5,6.2
2024-09-22 00:00:00+00:00,27.8,0.0,21.8,28.2,22.8,33.4,33.1,3.0,327.0,38.9,20.11,43675.91,38166.96,24.9,0.0,0.0,6.08,0.0,14.0,15.2,48.0,,,,22.0,11.5,327.0,6.1,3.8
2024-09-23 00:00:00+00:00,27.2,0.0,22.3,27.5,21.8,33.0,33.0,3.0,346.0,37.8,20.58,43567.37,39182.53,23.1,0.0,0.0,5.88,0.0,30.0,14.8,49.0,,,,20.8,10.5,346.0,6.5,4.0
2024-09-24 00:00:00+00:00,27.2,0.0,25.7,27.1,20.5,33.4,33.8,0.0,21.0,40.7,21.95,43459.05,39655.1,21.2,0.0,0.0,6.32,0.0,0.0,14.2,47.0,,,,23.2,12.0,21.0,8.3,5.1
2024-09-25 00:00:00+00:00,27.3,0.0,24.8,27.2,21.3,34.5,34.0,0.0,16.0,40.0,21.5,43351.01,39518.34,22.4,0.0,0.0,6.71,0.0,2.0,15.8,52.0,,,,29.0,16.2,16.0,13.3,7.7
2024-09-26 00:00:00+00:00,27.1,0.0,21.6,27.5,20.6,33.9,34.4,0.0,23.0,34.9,21.59,43243.31,39386.33,22.1,0.0,0.0,6.27,0.0,1.0,16.4,55.0,,,,26.3,14.6,23.0,15.5,9.5
2024-09-27 00:00:00+00:00,27.8,0.0,19.7,28.4,20.5,34.8,35.2,0.0,26.0,31.3,21.52,43136.04,39354.8,22.5,0.0,0.0,6.08,0.0,1.0,15.9,53.0,,,,22.8,11.9,26.0,11.2,6.0
2024-09-28 00:00:00+00:00,28.1,0.0,27.5,28.7,21.0,35.1,35.5,0.0,5.0,42.8,21.51,43029.23,39229.44,23.5,0.0,0.0,5.94,0.0,0.0,14.9,50.0,,,,21.2,10.3,5.0,10.1,4.9
2024-09-29 00:00:00+00:00,27.7,0.0,21.1,28.2,21.1,34.4,34.1,1.0,338.0,33.5,21.13,42922.91,39109.45,23.9,0.0,0.0,6.13,0.0,2.0,15.9,53.0,,,,22.7,12.0,338.0,7.6,4.8
2024-09-30 00:00:00+00:00,27.3,0.0,23.1,28.9,21.7,33.7,34.8,1.0,316.0,38.9,20.79,42816.32,38942.09,24.2,0.0,0.0,5.48,0.0,3.0,17.5,58.0,,,,19.4,9.1,316.0,3.2,0.2
2024-10-01 00:00:00+00:00,26.4,0.0,18.9,27.4,21.6,31.4,31.3,3.0,316.0,34.2,15.09,42709.33,37701.04,24.3,0.0,0.0,4.53,0.0,33.0,16.9,58.0,,,,20.4,10.4,316.0,7.2,4.1
2024-10-02 00:00:00+00:00,26.2,0.0,18.6,26.6,20.7,31.7,31.5,0.0,1.0,29.9,20.79,42602.02,38870.51,22.5,0.0,0.0,5.31,0.0,4.0,14.1,50.0,,,,17.2,8.6,1.0,6.5,4.5
2024-10-03 00:00:00+00:00,25.9,0.0,23.3,25.8,20.5,31.7,31.9,0.0,30.0,37.8,20.53,42494.45,38834.3,21.5,0.0,0.0,5.78,0.0,0.0,14.2,50.0,,,,23.1,12.3,30.0,13.0,7.0
2024-10-04 00:00:00+00:00,25.3,0.0,21.2,25.2,19.1,31.6,31.8,0.0,20.0,34.2,20.53,42386.71,38797.79,20.1,0.0,0.0,5.66,0.0,0.0,14.4,54.0,,,,23.6,12.5,20.0,9.0,5.3
2024-10-05 00:00:00+00:00,25.1,0.0,23.1,25.1,18.5,31.8,32.5,0.0,10.0,37.1,20.46,42278.86,38760.95,19.8,0.0,0.0,5.46,0.0,0.0,14.6,55.0,,,,22.5,11.6,10.0,9.0,5.4
2024-10-06 00:00:00+00:00,25.0,0.0,21.9,25.1,18.2,31.5,31.5,0.0,18.0,36.0,20.54,42170.99,38723.79,19.1,0.0,0.0,5.28,0.0,0.0,13.7,53.0,,,,19.1,9.5,18.0,6.8,4.4
2024-10-07 00:00:00+00:00,26.8,0.0,21.0,27.0,19.3,34.3,33.7,0.0,34.0,35.3,19.94,42063.16,38686.27,21.2,0.0,0.0,6.05,0.0,0.0,15.1,54.0,,,,23.1,12.5,34.0,8.3,5.4
2024-10-08 00:00:00+00:00,28.2,0.0,19.7,28.4,21.3,34.9,34.2,0.0,55.0,33.8,19.78,41955.45,38648.38,23.5,0.0,0.0,6.0,0.0,0.0,15.4,51.0,,,,23.8,13.1,55.0,14.0,6.3
2024-10-09 00:00:00+00:00,28.6,0.0,21.8,27.7,21.8,34.8,34.2,0.0,44.0,40.7,19.81,41847.95,38610.11,20.9,0.0,0.0,6.43,0.0,0.0,12.1,39.0,,,,22.6,12.3,44.0,8.3,6.1
2024-10-10 00:00:00+00:00,26.7,0.0,17.5,27.9,21.0,33.0,33.6,3.0,32.0,29.2,18.75,41740.71,35723.0,23.6,0.0,0.0,5.05,0.0,12.0,17.8,62.0,,,,23.4,12.6,32.0,17.3,8.8
2024-10-11 00:00:00+00:00,26.8,0.0,16.9,27.6,19.8,33.9,33.8,0.0,25.0,26.3,19.29,41633.82,38532.35,22.1,0.0,0.0,5.02,0.0,0.0,15.4,54.0,,,,18.6,9.2,25.0,7.9,4.3
2024-10-12 00:00:00+00:00,27.6,0.0,21.7,28.4,21.7,33.5,34.7,3.0,47.0,36.4,18.94,41527.37,38492.84,23.3,0.0,0.0,5.48,0.0,12.0,17.1,55.0,,,,23.9,13.0,47.0,15.5,8.3
2024-10-13 00:00:00+00:00,28.1,0.0,16.8,28.9,21.0,34.7,34.6,2.0,56.0,30.2,18.87,41421.42,38452.88,23.2,0.0,0.0,5.33,0.0,6.0,16.1,53.0,,,,20.8,10.8,56.0,11.9,4.9
2024-10-14 00:00:00+00:00,27.8,0.0,20.7,29.3,21.9,34.5,36.1,0.0,346.0,36.7,18.38,41316.06,38412.48,25.1,0.0,0.0,5.09,0.0,0.0,17.7,57.0,,,,19.8,9.8,346.0,8.3,3.4
2024-10-15 00:00:00+00:00,26.2,0.0,19.5,26.4,20.7,31.4,32.0,0.0,10.0,33.8,18.55,41211.36,38371.61,22.4,0.0,0.0,4.99,0.0,0.0,14.5,52.0,,,,20.5,10.3,10.0,12.2,3.3
2024-10-16 00:00:00+00:00,25.6,0.0,16.2,25.7,20.1,31.1,31.2,0.0,340.0,29.5,18.33,41107.43,38165.99,20.9,0.0,0.0,4.93,0.0,2.0,13.7,49.0,,,,18.5,9.2,340.0,7.9,4.3
2024-10-17 00:00:00+00:00,25.4,0.0,19.0,26.1,20.2,30.5,30.7,3.0,327.0,30.6,15.99,41004.32,37823.98,22.2,0.0,0.0,4.31,0.0,16.0,15.8,58.0,,,,17.9,9.0,327.0,6.5,3.6
2024-10-18 00:00:00+00:00,25.2,0.0,25.9,25.6,19.3,31.0,31.3,1.0,13.0,42.8,18.01,40902.13,37620.71,21.0,0.0,0.0,4.81,0.0,7.0,14.8,56.0,,,,19.3,9.4,13.0,7.2,2.8
2024-10-19 00:00:00+00:00,24.5,0.0,23.8,23.9,18.7,29.5,29.1,0.0,38.0,37.4,18.14,40800.86,37684.8,19.2,0.0,0.0,5.11,0.0,1.0,13.3,51.0,,,,22.3,12.0,38.0,7.2,4.9
2024-10-20 00:00:00+00:00,24.1,0.0,27.9,22.3,19.5,30.2,27.6,0.0,46.0,47.5,18.09,40699.7,37484.12,18.5,0.0,0.0,5.9,0.0,0.0,13.7,54.0,,,,36.1,21.3,46.0,24.8,15.6
2024-10-21 00:00:00+00:00,24.0,0.0,25.9,22.4,19.2,30.5,28.3,1.0,30.0,44.6,17.18,40598.5,37026.35,18.8,0.0,0.0,5.7,0.0,7.0,13.7,56.0,,,,34.6,20.3,30.0,23.4,14.4
2024-10-22 00:00:00+00:00,23.0,0.0,27.3,20.6,18.3,28.4,24.9,0.0,33.0,46.8,17.7,40497.35,37217.86,17.3,0.0,0.0,5.82,0.0,3.0,11.3,50.0,,,,33.9,19.7,33.0,19.1,11.5
2024-10-23 00:00:00+00:00,22.7,0.0,30.5,19.2,18.4,28.1,24.0,2.0,37.0,53.3,17.85,40396.32,37149.81,16.1,0.0,0.0,6.54,0.0,3.0,8.4,42.0,,,,38.2,22.2,37.0,24.5,14.8
2024-10-24 00:00:00+00:00,22.2,0.0,28.4,18.3,17.0,28.3,22.1,0.0,36.0,49.0,18.22,40295.52,36956.11,15.2,0.0,0.0,6.66,0.0,0.0,4.7,38.0,,,,34.3,20.0,36.0,19.8,11.8
2024-10-25 00:00:00+00:00,22.3,0.0,24.3,19.5,16.5,30.2,25.5,0.0,29.0,42.5,17.88,40195.04,36889.14,15.0,0.0,0.0,5.93,0.0,0.0,7.8,44.0,,,,28.8,16.6,29.0,16.9,10.4
2024-10-26 00:00:00+00:00,22.4,0.0,20.3,20.9,16.2,29.6,27.5,0.0,15.0,32.4,17.46,40094.95,36577.41,15.6,0.0,0.0,5.04,0.0,1.0,11.1,52.0,,,,23.8,13.4,15.0,10.8,6.7
2024-10-27 00:00:00+00:00,23.2,0.0,22.5,21.6,16.4,31.0,27.6,0.0,29.0,37.4,17.45,39995.36,36513.5,16.7,0.0,0.0,5.4,0.0,2.0,11.2,52.0,,,,25.7,14.6,29.0,12.2,7.4
2024-10-28 00:00:00+00:00,23.1,0.0,20.7,21.8,16.5,30.7,28.2,0.0,28.0,35.6,17.25,39896.36,36449.65,17.1,0.0,0.0,5.15,0.0,0.0,12.3,57.0,,,,25.4,14.6,28.0,13.3,8.2
2024-10-29 00:00:00+00:00,22.2,0.0,18.4,21.2,16.2,28.7,26.9,0.0,11.0,32.0,16.91,39798.05,36151.42,16.8,0.0,0.0,4.57,0.0,2.0,12.1,56.0,,,,23.1,12.5,11.0,10.8,6.6
2024-10-30 00:00:00+00:00,21.3,0.0,17.1,20.6,15.6,26.8,25.7,1.0,2.0,31.0,16.63,39700.53,36091.44,15.4,0.0,0.0,3.95,0.0,6.0,11.1,55.0,,,,17.0,8.4,2.0,7.6,3.1
2024-10-31 00:00:00+00:00,21.1,0.0,15.2,20.6,15.4,27.1,25.7,3.0,8.0,25.6,15.29,39603.89,36031.75,15.6,0.0,0.0,3.67,0.0,12.0,11.7,58.0,,,,15.5,7.7,8.0,6.1,1.0
2024-11-01 00:00:00+00:00,21.3,0.0,15.5,21.5,16.8,26.5,26.2,1.0,339.0,29.2,15.08,39508.23,35749.24,17.6,0.0,0.0,3.12,0.0,11.0,13.1,62.0,,,,13.4,5.8,339.0,5.4,2.9
2024-11-02 00:00:00+00:00,21.6,0.0,13.6,21.1,17.0,27.1,25.4,1.0,268.0,26.6,16.09,39413.65,35694.32,17.4,0.0,0.0,3.75,0.0,7.0,11.0,55.0,,,,14.1,6.8,268.0,2.2,0.9
2024-11-03 00:00:00+00:00,22.1,0.0,15.4,20.5,17.3,27.2,25.0,2.0,202.0,29.5,14.67,39320.27,34958.07,15.4,0.0,0.0,3.98,0.0,15.0,9.0,44.0,,,,17.0,9.2,202.0,5.4,3.1
2024-11-04 00:00:00+00:00,21.3,0.7,17.3,20.5,15.9,26.2,25.6,51.0,339.0,29.9,14.33,39228.18,35375.62,15.7,3.0,0.7,3.67,0.0,10.0,11.7,55.0,,,,16.9,9.2,339.0,4.7,2.5
2024-11-05 00:00:00+00:00,21.2,0.0,18.3,20.6,16.4,26.9,25.0,2.0,17.0,29.5,15.34,39137.5,35327.03,16.7,0.0,0.0,3.73,0.0,7.0,11.5,58.0,,,,16.0,8.2,17.0,2.9,1.0
2024-11-06 00:00:00+00:00,21.4,0.0,21.8,20.5,14.9,28.2,26.5,0.0,28.0,34.6,15.44,39048.32,35279.3,15.0,0.0,0.0,4.14,0.0,2.0,12.6,60.0,,,,22.7,12.6,28.0,9.0,5.4
2024-11-07 00:00:00+00:00,22.9,0.0,21.6,22.4,17.5,29.6,27.7,1.0,23.0,37.1,15.02,38960.77,35002.9,18.0,0.0,0.0,4.25,0.0,6.0,15.5,66.0,,,,28.2,16.4,23.0,16.2,9.9
2024-11-08 00:00:00+00:00,23.4,0.0,21.0,23.1,20.0,29.2,27.5,3.0,12.0,33.1,15.06,38874.88,34661.56,20.7,0.0,0.0,4.18,0.0,57.0,15.3,65.0,,,,27.3,15.7,12.0,20.2,12.5
2024-11-09 00:00:00+00:00,21.7,0.0,19.2,21.5,16.2,27.3,26.7,3.0,341.0,34.2,14.94,38789.79,34621.38,16.9,0.0,0.0,3.51,0.0,69.0,13.0,62.0,,,,17.0,8.5,341.0,7.6,3.8
2024-11-10 00:00:00+00:00,20.6,0.0,18.5,19.7,16.5,25.3,22.2,1.0,264.0,32.0,13.89,38705.37,34699.05,17.0,0.0,0.0,3.46,0.0,12.0,11.9,60.0,,,,18.6,10.1,264.0,6.5,4.1
2024-11-11 00:00:00+00:00,20.1,0.0,13.8,19.3,14.3,25.2,24.1,3.0,308.0,24.8,14.71,38621.72,34246.71,14.0,0.0,0.0,3.24,0.0,41.0,10.8,58.0,,,,14.1,7.4,308.0,6.5,3.9
2024-11-12 00:00:00+00:00,20.8,0.0,18.1,20.1,14.7,26.6,24.9,3.0,26.0,36.0,13.92,38538.92,33228.54,14.5,0.0,0.0,3.52,0.0,27.0,12.3,61.0,,,,22.1,10.3,26.0,7.9,4.8
2024-11-13 00:00:00+00:00,21.3,0.0,16.7,20.9,16.0,27.3,25.5,3.0,25.0,42.1,13.24,38457.07,31651.18,16.3,0.0,0.0,3.44,0.0,72.0,13.5,63.0,,,,28.1,10.8,25.0,11.9,5.1
2024-11-14 00:00:00+00:00,21.3,0.0,15.5,20.8,16.1,27.3,25.6,3.0,29.0,38.9,14.25,38376.27,33864.76,16.2,0.0,0.0,3.51,0.0,81.0,13.3,64.0,,,,27.6,10.8,29.0,17.6,7.7
2024-11-15 00:00:00+00:00,21.7,0.0,14.2,21.2,17.1,27.1,25.4,1.0,20.0,36.4,14.53,38296.63,34257.02,18.0,0.0,0.0,3.65,0.0,12.0,12.4,60.0,,,,25.8,9.8,20.0,16.2,6.6
2024-11-16 00:00:00+00:00,21.5,0.0,9.3,21.1,16.1,27.3,26.3,1.0,14.0,21.6,14.6,38218.24,34071.52,16.8,0.0,0.0,3.0,0.0,4.0,10.2,52.0,,,,12.6,3.6,14.0,2.9,0.6
2024-11-17 00:00:00+00:00,21.3,0.0,14.7,19.6,17.0,26.9,25.0,1.0,239.0,38.9,14.57,38141.21,34437.6,15.3,0.0,0.0,3.93,0.0,3.0,8.2,44.0,,,,23.7,9.1,239.0,13.3,5.1
2024-11-18 00:00:00+00:00,19.7,0.0,12.8,18.6,15.4,24.1,22.4,2.0,236.0,33.5,14.16,38065.64,33620.86,14.3,0.0,0.0,3.19,0.0,9.0,9.5,53.0,,,,20.7,7.6,236.0,7.2,3.0
2024-11-19 00:00:00+00:00,20.3,0.0,11.9,19.4,15.5,25.0,23.5,1.0,230.0,30.6,14.24,37991.62,33466.2,14.3,0.0,0.0,3.09,0.0,6.0,9.9,53.0,,,,17.9,6.4,230.0,4.0,0.6
2024-11-20 00:00:00+00:00,20.9,0.0,10.1,20.0,16.3,26.2,24.4,0.0,219.0,27.0,14.22,37919.29,33964.93,15.0,0.0,0.0,3.13,0.0,4.0,9.4,49.0,,,,16.2,5.6,219.0,2.5,0.6
2024-11-21 00:00:00+00:00,21.3,0.0,4.5,20.9,15.1,26.8,25.6,3.0,224.0,17.6,14.08,37848.74,34084.79,15.3,0.0,0.0,2.66,0.0,43.0,9.9,52.0,,,,10.3,2.8,224.0,3.2,0.4
2024-11-22 00:00:00+00:00,23.0,0.0,10.8,21.4,16.9,28.4,26.1,3.0,58.0,29.2,14.17,37780.08,34079.96,16.0,0.0,0.0,3.52,0.0,13.0,6.3,35.0,,,,15.2,5.3,58.0,1.8,0.5
2024-11-23 00:00:00+00:00,22.1,0.0,9.7,21.3,16.4,28.4,26.6,3.0,8.0,24.8,13.8,37713.43,32479.85,16.9,0.0,0.0,3.28,0.0,24.0,9.6,49.0,,,,16.9,5.8,8.0,10.1,3.6
2024-11-24 00:00:00+00:00,18.2,0.6,17.7,16.6,15.7,21.9,19.2,51.0,335.0,42.1,7.0,37648.88,14972.28,13.4,3.0,0.6,2.21,0.0,53.0,9.0,57.0,,,,25.6,9.8,335.0,4.7,0.4
2024-11-25 00:00:00+00:00,16.7,0.0,16.2,14.2,14.6,19.7,16.2,3.0,342.0,41.0,9.09,37586.57,19992.51,12.2,0.0,0.0,2.7,0.0,70.0,5.5,49.0,,,,25.6,9.6,342.0,9.7,2.7
2024-11-26 00:00:00+00:00,16.1,0.0,13.3,13.9,11.9,20.3,16.9,3.0,356.0,35.6,13.09,37526.6,33580.16,11.1,0.0,0.0,2.85,0.0,30.0,5.0,51.0,,,,20.8,7.4,356.0,6.5,2.3
2024-11-27 00:00:00+00:00,16.9,0.0,10.0,15.2,12.0,21.0,18.9,3.0,341.0,27.4,9.87,37469.09,25587.34,10.1,0.0,0.0,2.21,0.0,64.0,6.1,49.0,,,,15.1,5.0,341.0,3.2,0.8
2024-11-28 00:00:00+00:00,18.0,0.0,12.8,17.1,13.8,22.1,20.5,3.0,345.0,31.3,10.13,37414.08,25351.71,13.4,0.0,0.0,2.19,0.0,51.0,9.0,57.0,,,,14.5,4.4,345.0,1.4,0.2
2024-11-29 00:00:00+00:00,18.0,0.0,13.1,17.0,12.9,23.2,21.2,3.0,359.0,31.3,13.28,37360.95,32978.02,12.8,0.0,0.0,2.7,0.0,13.0,9.1,59.0,,,,15.5,5.1,359.0,2.5,0.2
2024-11-30 00:00:00+00:00,18.4,0.0,12.0,17.5,14.1,22.8,20.6,2.0,37.0,34.2,13.38,37309.59,33698.02,14.3,0.0,0.0,2.87,0.0,15.0,10.8,65.0,,,,22.0,8.3,37.0,12.2,5.0
2024-12-01 00:00:00+00:00,17.6,0.0,14.3,16.3,12.9,22.7,20.8,0.0,45.0,37.8,13.68,37260.05,33818.09,11.9,0.0,0.0,2.88,0.0,0.0,9.9,62.0,,,,23.5,9.1,45.0,11.9,5.0
2024-12-02 00:00:00+00:00,17.8,0.0,11.4,16.7,13.3,22.8,20.9,3.0,43.0,32.8,13.59,37212.39,33818.85,12.7,0.0,0.0,2.64,0.0,11.0,9.9,63.0,,,,20.6,7.6,43.0,9.4,0.9
2024-12-03 00:00:00+00:00,17.5,0.0,8.7,16.3,12.3,22.7,20.6,0.0,235.0,26.3,13.53,37166.68,33651.37,11.8,0.0,0.0,2.58,0.0,2.0,7.9,58.0,,,,13.9,4.7,235.0,6.8,2.3
2024-12-04 00:00:00+00:00,17.9,0.0,10.4,16.0,13.2,22.8,20.8,1.0,205.0,29.5,13.4,37122.99,33723.98,10.7,0.0,0.0,3.0,0.0,10.0,6.6,48.0,,,,19.9,7.6,205.0,9.4,2.4
2024-12-05 00:00:00+00:00,18.2,0.0,10.0,17.5,13.6,22.8,21.5,3.0,58.0,24.1,12.71,37081.38,33077.3,13.4,0.0,0.0,2.53,0.0,19.0,9.5,59.0,,,,12.8,4.2,58.0,0.7,0.2
2024-12-06 00:00:00+00:00,18.9,0.0,9.8,18.3,14.3,23.8,23.5,3.0,55.0,22.3,13.08,37041.9,32205.41,14.4,0.0,0.0,2.54,0.0,66.0,10.4,61.0,,,,16.4,5.5,55.0,6.5,1.6
2024-12-07 00:00:00+00:00,18.7,0.0,4.0,18.1,14.4,23.4,22.4,3.0,195.0,16.6,11.43,37004.64,30758.32,13.7,0.0,0.0,2.07,0.0,100.0,9.0,54.0,,,,9.3,2.5,195.0,2.2,0.6
2024-12-08 00:00:00+00:00,18.4,0.0,9.8,16.7,14.2,23.8,21.3,3.0,190.0,24.1,13.28,36969.65,33667.01,12.4,0.0,0.0,2.66,0.0,21.0,5.7,46.0,,,,13.7,4.8,190.0,1.8,0.7
2024-12-09 00:00:00+00:00,18.1,0.0,8.2,16.0,11.6,24.2,21.7,3.0,66.0,21.2,13.41,36936.98,33504.4,9.7,0.0,0.0,2.72,0.0,32.0,3.6,40.0,,,,11.8,3.9,66.0,1.8,0.5
2024-12-10 00:00:00+00:00,18.7,0.0,12.1,17.3,14.1,24.3,22.5,3.0,45.0,29.5,12.67,36906.73,33464.37,12.2,0.0,0.0,3.07,0.0,67.0,9.5,56.0,,,,23.6,9.6,45.0,18.0,7.5
2024-12-11 00:00:00+00:00,18.1,0.0,11.0,17.9,13.8,23.4,22.8,3.0,31.0,30.2,9.21,36878.92,20645.49,14.0,0.0,0.0,2.02,0.0,99.0,13.5,77.0,,,,21.9,8.7,31.0,13.3,6.0
2024-12-12 00:00:00+00:00,18.9,0.0,14.5,18.5,15.4,23.5,22.0,3.0,22.0,37.1,11.26,36853.64,30793.32,15.9,0.0,0.0,2.49,0.0,88.0,12.9,71.0,,,,24.0,9.4,22.0,16.6,7.1
2024-12-13 00:00:00+00:00,17.8,0.0,15.3,16.6,13.8,22.9,20.3,1.0,355.0,38.2,12.7,36830.95,33229.25,14.0,0.0,0.0,2.9,0.0,11.0,10.2,65.0,,,,24.7,9.6,355.0,13.0,4.8
2024-12-14 00:00:00+00:00,17.2,0.0,11.5,15.2,12.8,21.9,19.1,3.0,26.0,32.4,12.93,36810.89,33194.84,11.5,0.0,0.0,2.95,0.0,21.0,6.6,52.0,,,,21.5,8.1,26.0,11.9,4.7
2024-12-15 00:00:00+00:00,16.3,0.0,11.8,14.1,11.5,21.2,18.0,0.0,50.0,32.8,13.24,36793.55,33539.45,9.8,0.0,0.0,2.91,0.0,0.0,6.2,54.0,,,,22.2,8.7,50.0,13.7,6.0
2024-12-16 00:00:00+00:00,16.5,0.0,10.6,14.6,11.1,21.9,20.1,3.0,38.0,25.6,12.99,36778.96,33131.31,9.2,0.0,0.0,2.72,0.0,75.0,7.0,54.0,,,,19.5,7.3,38.0,11.9,5.0
2024-12-17 00:00:00+00:00,17.2,0.0,13.0,15.9,11.7,22.6,20.7,3.0,23.0,32.0,12.38,36767.21,33102.32,10.9,0.0,0.0,2.58,0.0,29.0,9.0,61.0,,,,19.1,7.0,23.0,8.3,3.9
2024-12-18 00:00:00+00:00,17.0,0.0,12.9,15.8,12.1,22.0,20.0,3.0,35.0,33.1,12.56,36758.31,33460.73,11.7,0.0,0.0,2.66,0.0,46.0,9.9,65.0,,,,22.0,8.2,35.0,9.0,3.7
2024-12-19 00:00:00+00:00,16.6,0.0,12.2,15.5,11.7,22.1,20.8,1.0,352.0,32.4,12.82,36752.17,32920.14,11.2,0.0,0.0,2.51,0.0,10.0,9.5,66.0,,,,19.8,6.9,352.0,11.9,2.8
2024-12-20 00:00:00+00:00,16.6,2.2,13.3,15.5,12.5,21.6,19.4,55.0,273.0,36.0,10.6,36748.71,32345.16,11.5,6.0,2.2,2.19,0.0,35.0,9.8,67.0,,,,20.4,7.4,273.0,8.3,1.4
2024-12-21 00:00:00+00:00,16.8,0.0,9.5,15.6,12.4,22.1,19.9,1.0,207.0,24.8,12.83,36747.93,33604.12,11.3,0.0,0.0,2.38,0.0,2.0,8.4,61.0,,,,15.1,5.6,207.0,3.2,0.8
2024-12-22 00:00:00+00:00,16.9,0.0,8.0,15.0,12.2,22.0,19.7,3.0,198.0,19.1,12.46,36749.8,31782.29,10.6,0.0,0.0,2.41,0.0,68.0,4.9,48.0,,,,13.5,4.7,198.0,6.8,2.3
2024-12-23 00:00:00+00:00,16.2,0.0,16.4,13.5,12.1,21.2,17.7,3.0,216.0,41.4,11.97,36754.29,33611.79,9.4,0.0,0.0,2.89,0.0,28.0,3.7,44.0,,,,21.6,8.4,216.0,4.7,1.9
2024-12-24 00:00:00+00:00,15.0,0.0,12.8,12.5,10.5,19.9,16.9,0.0,183.0,35.3,13.11,36761.38,33619.91,7.9,0.0,0.0,2.78,0.0,0.0,4.7,51.0,,,,22.8,9.0,183.0,11.2,4.0
2024-12-25 00:00:00+00:00,15.8,0.0,19.3,12.2,11.6,21.2,16.6,0.0,198.0,48.2,13.05,36771.05,33630.83,8.0,0.0,0.0,3.66,0.0,0.0,1.9,41.0,,,,30.8,12.5,198.0,19.1,6.8
2024-12-26 00:00:00+00:00,13.6,0.0,14.4,9.5,9.3,17.3,12.9,3.0,201.0,38.5,12.08,36783.27,30279.53,5.3,0.0,0.0,3.36,0.0,33.0,-2.6,33.0,,,,27.2,10.9,201.0,16.6,6.9
2024-12-27 00:00:00+00:00,13.2,0.0,19.0,9.3,9.4,17.1,12.3,3.0,208.0,47.9,12.81,36798.0,33294.83,5.8,0.0,0.0,3.22,0.0,16.0,0.3,42.0,,,,31.1,12.5,208.0,8.6,3.4
2024-12-28 00:00:00+00:00,13.7,0.0,17.2,10.6,9.0,18.5,15.4,2.0,193.0,43.9,11.77,36815.23,32301.92,5.7,0.0,0.0,2.7,0.0,16.0,4.9,57.0,,,,30.2,12.3,193.0,20.2,9.2
2024-12-29 00:00:00+00:00,14.5,0.0,16.4,11.9,10.1,19.1,15.6,2.0,207.0,41.4,11.49,36834.93,33277.57,7.3,0.0,0.0,2.67,0.0,15.0,5.8,57.0,,,,27.8,11.2,207.0,15.5,3.8
2024-12-30 00:00:00+00:00,14.1,0.0,14.3,12.1,10.0,18.4,15.2,2.0,242.0,36.4,12.62,36857.05,32980.61,8.3,0.0,0.0,2.41,0.0,9.0,6.1,60.0,,,,19.8,7.5,242.0,6.8,2.8
2024-12-31 00:00:00+00:00,14.4,0.1,14.1,12.5,10.0,19.5,16.4,51.0,287.0,36.7,10.92,36881.58,32679.25,8.4,1.0,0.1,2.26,0.0,22.0,7.1,63.0,,,,21.6,8.2,287.0,12.6,3.7
2025-01-01 00:00:00+00:00,14.9,0.0,10.4,13.6,10.1,20.2,17.9,2.0,36.0,30.2,11.95,36908.48,32585.2,9.1,0.0,0.0,2.3,0.0,24.0,7.5,64.0,,,,14.8,5.2,36.0,2.5,0.9
2025-01-02 00:00:00+00:00,15.6,0.0,14.2,13.1,11.4,20.3,16.7,0.0,58.0,38.2,13.14,36937.72,33815.62,9.7,0.0,0.0,2.97,0.0,0.0,6.1,57.0,,,,26.0,10.6,58.0,19.1,7.4
2025-01-03 00:00:00+00:00,15.7,0.0,15.8,13.2,11.5,20.5,17.6,3.0,58.0,40.7,12.97,36969.26,32794.62,8.9,0.0,0.0,3.05,0.0,31.0,6.3,55.0,,,,27.6,11.3,58.0,21.2,8.9
2025-01-04 00:00:00+00:00,17.1,0.0,12.2,13.9,12.8,22.5,19.0,3.0,57.0,28.4,10.57,37003.07,29638.43,9.7,0.0,0.0,3.29,0.0,91.0,1.7,38.0,,,,23.7,9.7,57.0,18.0,6.5
2025-01-05 00:00:00+00:00,15.8,0.0,13.9,13.0,12.8,20.3,18.1,3.0,223.0,37.4,12.82,37039.13,31837.99,9.5,0.0,0.0,3.09,0.0,41.0,2.4,44.0,,,,23.9,9.3,223.0,7.9,3.5
2025-01-06 00:00:00+00:00,17.2,0.0,15.7,16.3,12.5,22.8,20.5,3.0,356.0,39.6,11.68,37077.39,31972.24,12.4,0.0,0.0,2.54,0.0,27.0,11.2,71.0,,,,23.0,8.7,356.0,8.6,4.2
2025-01-07 00:00:00+00:00,16.6,0.0,11.3,15.7,12.7,21.0,19.1,3.0,41.0,31.7,12.63,37117.86,34013.65,12.8,0.0,0.0,2.45,0.0,47.0,10.0,67.0,,,,18.1,6.6,41.0,5.8,2.2
2025-01-08 00:00:00+00:00,16.5,0.0,12.0,14.1,11.2,22.6,19.6,0.0,49.0,29.2,13.6,37161.01,34061.3,9.4,0.0,0.0,3.07,0.0,0.0,5.1,51.0,,,,21.6,8.5,49.0,14.4,5.5
2025-01-09 00:00:00+00:00,16.6,0.0,10.8,14.5,9.7,23.1,20.5,0.0,121.0,24.8,13.65,37206.88,34111.89,7.9,0.0,0.0,2.58,0.0,0.0,3.8,45.0,,,,13.4,4.2,121.0,4.0,1.3
2025-01-10 00:00:00+00:00,16.1,0.0,12.3,14.1,12.5,20.9,18.3,1.0,239.0,34.2,12.46,37255.35,34165.29,9.6,0.0,0.0,2.64,0.0,11.0,5.8,51.0,,,,19.0,6.9,239.0,3.6,0.4
2025-01-11 00:00:00+00:00,16.1,0.5,10.3,15.3,12.0,20.7,19.0,51.0,251.0,29.5,11.2,37306.35,32750.08,11.2,4.0,0.5,2.11,0.0,31.0,10.3,71.0,,,,17.3,6.3,251.0,6.8,0.9
2025-01-12 00:00:00+00:00,16.9,0.0,7.0,16.1,12.2,21.8,20.6,0.0,187.0,22.3,13.49,37359.75,34280.07,11.6,0.0,0.0,2.35,0.0,0.0,8.7,62.0,,,,11.7,3.7,187.0,2.5,0.4
2025-01-13 00:00:00+00:00,17.9,0.0,8.7,16.5,11.7,24.2,22.5,1.0,56.0,21.6,13.83,37415.46,34341.21,10.8,0.0,0.0,2.71,0.0,3.0,6.0,49.0,,,,10.9,3.4,56.0,2.2,0.7
2025-01-14 00:00:00+00:00,17.4,0.0,3.8,15.8,11.5,24.0,21.8,3.0,320.0,15.5,11.89,37473.39,31479.18,10.0,0.0,0.0,2.13,0.0,88.0,4.3,44.0,,,,8.1,1.8,320.0,1.8,0.0
2025-01-15 00:00:00+00:00,16.9,0.0,6.9,15.9,12.9,22.0,20.4,3.0,29.0,23.4,10.5,37533.42,25508.36,12.2,0.0,0.0,2.14,0.0,100.0,8.8,61.0,,,,14.2,4.9,29.0,6.5,1.3
2025-01-16 00:00:00+00:00,18.0,0.0,15.6,16.7,13.9,22.8,20.9,3.0,44.0,40.0,12.02,37595.46,32628.25,13.4,0.0,0.0,2.85,0.0,91.0,11.2,66.0,,,,28.4,11.8,44.0,10.4,4.8
2025-01-17 00:00:00+00:00,17.5,0.0,14.5,16.2,14.3,21.4,19.2,3.0,39.0,38.5,10.77,37659.42,22314.01,14.0,0.0,0.0,2.54,0.0,96.0,11.6,71.0,,,,30.7,12.4,39.0,24.8,10.3
2025-01-18 00:00:00+00:00,17.1,0.0,13.4,15.4,12.6,21.5,19.1,3.0,39.0,36.4,13.31,37725.2,33490.16,11.6,0.0,0.0,2.98,0.0,99.0,8.9,61.0,,,,26.9,10.5,39.0,18.7,7.2
2025-01-19 00:00:00+00:00,16.2,0.0,10.3,14.9,11.5,20.7,18.9,3.0,44.0,29.9,12.73,37792.68,30955.13,10.4,0.0,0.0,2.4,0.0,96.0,8.1,60.0,,,,17.1,5.8,44.0,4.7,1.2
2025-01-20 00:00:00+00:00,17.1,0.0,7.1,15.6,11.5,22.7,20.9,3.0,39.0,19.4,13.81,37861.79,33424.49,10.3,0.0,0.0,2.69,0.0,95.0,6.9,54.0,,,,14.8,5.0,39.0,8.3,3.3
2025-01-21 00:00:00+00:00,18.4,0.6,10.5,16.1,14.1,23.9,20.8,53.0,24.0,26.6,12.4,37932.43,27916.89,12.2,1.0,0.6,3.24,0.0,90.0,4.7,43.0,,,,19.4,7.5,24.0,7.9,3.6
2025-01-22 00:00:00+00:00,17.4,0.1,10.6,16.7,12.9,22.0,20.8,51.0,358.0,29.2,12.85,38004.5,34983.77,12.8,1.0,0.1,2.56,0.0,35.0,11.0,68.0,,,,20.3,7.1,358.0,5.8,2.1
2025-01-23 00:00:00+00:00,16.7,0.0,13.6,15.8,12.6,21.0,18.7,3.0,316.0,35.6,12.28,38077.92,33569.27,12.8,0.0,0.0,2.53,0.0,22.0,10.0,67.0,,,,18.3,6.2,316.0,2.9,1.1
2025-01-24 00:00:00+00:00,16.5,0.0,10.5,15.6,11.7,21.7,19.7,1.0,352.0,26.3,13.23,38152.58,35144.23,11.4,0.0,0.0,2.58,0.0,13.0,8.6,62.0,,,,13.4,4.4,352.0,1.4,0.2
2025-01-25 00:00:00+00:00,16.8,0.0,10.5,15.6,11.8,21.3,19.9,3.0,70.0,23.8,10.95,38228.4,33373.29,10.7,0.0,0.0,2.14,0.0,49.0,8.0,58.0,,,,13.9,4.7,70.0,4.7,1.7
2025-01-26 00:00:00+00:00,17.0,0.0,10.2,15.5,12.1,22.3,20.3,3.0,268.0,25.6,13.44,38305.3,35204.69,10.9,0.0,0.0,2.78,0.0,19.0,7.1,55.0,,,,16.3,5.5,268.0,6.8,2.6
2025-01-27 00:00:00+00:00,16.5,0.0,12.5,15.3,11.0,21.7,19.5,3.0,30.0,29.5,14.59,38383.26,35234.76,10.6,0.0,0.0,2.82,0.0,36.0,8.1,61.0,,,,16.1,5.3,30.0,6.5,1.7
2025-01-28 00:00:00+00:00,16.9,0.0,14.8,15.0,13.0,21.6,18.6,3.0,34.0,37.4,13.81,38463.09,30525.64,12.2,0.0,0.0,3.2,0.0,47.0,7.9,59.0,,,,25.1,9.5,34.0,13.7,5.3
2025-01-29 00:00:00+00:00,17.2,0.0,13.4,15.0,11.7,23.1,20.5,3.0,26.0,35.3,15.16,38544.9,35300.4,10.0,0.0,0.0,3.45,0.0,11.0,5.9,50.0,,,,23.1,8.6,26.0,12.6,5.0
2025-01-30 00:00:00+00:00,17.5,0.0,15.9,16.3,11.8,24.0,22.6,3.0,17.0,37.4,15.23,38628.59,35335.94,11.0,0.0,0.0,2.94,0.0,9.0,9.2,62.0,,,,21.1,7.3,17.0,5.0,0.8
2025-01-31 00:00:00+00:00,16.9,0.0,13.0,15.2,11.2,22.6,19.5,2.0,4.0,34.6,14.46,38714.01,35373.18,10.7,0.0,0.0,3.15,0.0,9.0,7.4,58.0,,,,21.1,7.3,4.0,7.2,3.1
2025-02-01 00:00:00+00:00,16.6,0.0,11.3,15.1,11.0,22.2,20.0,3.0,37.0,31.7,14.85,38801.06,35412.05,10.0,0.0,0.0,3.05,0.0,57.0,7.8,59.0,,,,19.1,7.1,37.0,8.3,3.2
